{"type":"FeatureCollection","features":[{"type":"Feature","properties":{"name":null,"kind":"coastline"},"geometry":{"type":"LineString","coordinates":[[1.1977,52.01544],[1.21654,52.00632],[1.23057,52.00622],[1.25701,51.99645]]}},{"type":"Feature","properties":{"name":null,"kind":"coastline"},"geometry":{"type":"LineString","coordinates":[[1.26279,51.98817],[1.22896,51.99643],[1.21115,51.99693],[1.20209,52.00516],[1.18786,52.0065],[1.1724,52.01507]]}},{"type":"Feature","properties":{"name":null,"kind":"coastline"},"geometry":{"type":"LineString","coordinates":[[1.16019,51.96718],[1.16354,51.97033],[1.16405,51.96772],[1.17753,51.96486],[1.18594,51.95609],[1.22137,51.95365]]}},{"type":"Feature","properties":{"name":null,"kind":"coastline"},"geometry":{"type":"LineString","coordinates":[[1.28096,51.99118],[1.28309,51.98827],[1.28133,51.98251],[1.28294,51.98445],[1.28726,51.98148],[1.2812,51.98018],[1.28268,51.96607]]}},{"type":"Feature","properties":{"name":null,"kind":"coastline"},"geometry":{"type":"LineString","coordinates":[[1.25701,51.99645],[1.2578,52.00291],[1.26359,51.99649],[1.28096,51.99118]]}},{"type":"Feature","properties":{"name":null,"kind":"coastline"},"geometry":{"type":"LineString","coordinates":[[0.74129,51.44005],[0.73733,51.43125]]}},{"type":"Feature","properties":{"name":"Burntwick Island","kind":"coastline"},"geometry":{"type":"LineString","coordinates":[[0.6878,51.41857],[0.68784,51.42187],[0.6833,51.42296],[0.6666,51.4235],[0.66169,51.41832],[0.66887,51.42001],[0.67154,51.41365],[0.67602,51.41499],[0.67668,51.4195],[0.68413,51.41814],[0.68705,51.41445],[0.6878,51.41857]]}},{"type":"Feature","properties":{"name":null,"kind":"coastline"},"geometry":{"type":"LineString","coordinates":[[0.62337,51.37826],[0.63413,51.38542],[0.63461,51.38897],[0.62231,51.38717],[0.62188,51.38309],[0.61489,51.37856],[0.59664,51.38737],[0.60256,51.38943],[0.59499,51.38666],[0.59054,51.39071],[0.58545,51.39005]]}},{"type":"Feature","properties":{"name":null,"kind":"coastline"},"geometry":{"type":"LineString","coordinates":[[0.64183,51.5214],[0.64183,51.5214]]}},{"type":"Feature","properties":{"name":null,"kind":"coastline"},"geometry":{"type":"LineString","coordinates":[[0.63204,51.52005],[0.63443,51.52138],[0.63204,51.52005]]}},{"type":"Feature","properties":{"name":null,"kind":"coastline"},"geometry":{"type":"LineString","coordinates":[[0.64193,51.51935],[0.64193,51.51935]]}},{"type":"Feature","properties":{"name":null,"kind":"coastline"},"geometry":{"type":"LineString","coordinates":[[0.59256,51.5114],[0.62494,51.51642],[0.62747,51.52122],[0.61668,51.52166],[0.62161,51.52113]]}},{"type":"Feature","properties":{"name":null,"kind":"coastline"},"geometry":{"type":"LineString","coordinates":[[0.62161,51.52113],[0.62178,51.5252],[0.59686,51.53014],[0.59334,51.53419],[0.57309,51.53909]]}},{"type":"Feature","properties":{"name":null,"kind":"coastline"},"geometry":{"type":"LineString","coordinates":[[0.70475,51.63675],[0.71832,51.64296],[0.74237,51.64136],[0.74573,51.64516],[0.76159,51.64265]]}},{"type":"Feature","properties":{"name":null,"kind":"coastline"},"geometry":{"type":"LineString","coordinates":[[0.76159,51.64265],[0.78464,51.63058]]}},{"type":"Feature","properties":{"name":null,"kind":"coastline"},"geometry":{"type":"LineString","coordinates":[[0.96359,51.62422],[0.97001,51.62792],[0.96359,51.62422]]}},{"type":"Feature","properties":{"name":null,"kind":"coastline"},"geometry":{"type":"LineString","coordinates":[[0.78464,51.63058],[0.79588,51.62545],[0.80461,51.62917],[0.80539,51.62675],[0.82533,51.62316],[0.85077,51.62205]]}},{"type":"Feature","properties":{"name":null,"kind":"coastline"},"geometry":{"type":"LineString","coordinates":[[0.85077,51.62205],[0.90259,51.62248],[0.92064,51.62695]]}},{"type":"Feature","properties":{"name":null,"kind":"coastline"},"geometry":{"type":"LineString","coordinates":[[0.92064,51.62695],[0.93758,51.63616],[0.93624,51.65019],[0.94256,51.66136]]}},{"type":"Feature","properties":{"name":null,"kind":"coastline"},"geometry":{"type":"LineString","coordinates":[[0.85897,51.59565],[0.866,51.59861],[0.8651,51.61368],[0.86098,51.61544],[0.86394,51.61498],[0.86336,51.6102],[0.84158,51.61517],[0.84838,51.61614],[0.8366,51.61805],[0.84188,51.61546],[0.82551,51.61524],[0.82244,51.61593],[0.82706,51.61874],[0.81959,51.61921],[0.82083,51.61715],[0.81139,51.62123],[0.78634,51.62327]]}},{"type":"Feature","properties":{"name":null,"kind":"coastline"},"geometry":{"type":"LineString","coordinates":[[0.75915,51.58122],[0.75977,51.58466],[0.75104,51.58633],[0.7554,51.58789],[0.77253,51.58352],[0.78368,51.5879],[0.79889,51.58712]]}},{"type":"Feature","properties":{"name":null,"kind":"coastline"},"geometry":{"type":"LineString","coordinates":[[0.79889,51.58712],[0.81774,51.59721],[0.8155,51.6033],[0.80485,51.6083]]}},{"type":"Feature","properties":{"name":null,"kind":"coastline"},"geometry":{"type":"LineString","coordinates":[[0.75528,51.63281],[0.73487,51.63036],[0.72258,51.63526],[0.70361,51.63375]]}},{"type":"Feature","properties":{"name":"Potton Island","kind":"coastline"},"geometry":{"type":"LineString","coordinates":[[0.83745,51.58514],[0.83631,51.59487],[0.8291,51.59599],[0.81696,51.59336],[0.80806,51.58562],[0.80954,51.57883],[0.81525,51.57709],[0.82307,51.56486],[0.82357,51.56912],[0.83745,51.58514]]}},{"type":"Feature","properties":{"name":null,"kind":"coastline"},"geometry":{"type":"LineString","coordinates":[[0.90484,51.61513],[0.8778,51.61548],[0.87188,51.61197],[0.8683,51.59615],[0.85944,51.59274],[0.83768,51.59271],[0.83993,51.58228],[0.84508,51.58314],[0.84978,51.57796],[0.85784,51.57728],[0.86282,51.57123]]}},{"type":"Feature","properties":{"name":null,"kind":"coastline"},"geometry":{"type":"LineString","coordinates":[[0.95078,51.61035],[0.95907,51.61888],[0.95739,51.62026],[0.90484,51.61513]]}},{"type":"Feature","properties":{"name":null,"kind":"coastline"},"geometry":{"type":"LineString","coordinates":[[0.92454,51.59056],[0.95078,51.61035]]}},{"type":"Feature","properties":{"name":null,"kind":"coastline"},"geometry":{"type":"LineString","coordinates":[[0.89856,51.57616],[0.92454,51.59056]]}},{"type":"Feature","properties":{"name":null,"kind":"coastline"},"geometry":{"type":"LineString","coordinates":[[0.86282,51.57123],[0.85653,51.57661],[0.84767,51.57769],[0.84437,51.58245],[0.8389,51.57872]]}},{"type":"Feature","properties":{"name":null,"kind":"coastline"},"geometry":{"type":"LineString","coordinates":[[0.8389,51.57872],[0.83632,51.58029],[0.8334,51.57657],[0.83877,51.56523]]}},{"type":"Feature","properties":{"name":null,"kind":"coastline"},"geometry":{"type":"LineString","coordinates":[[0.85658,51.5567],[0.86712,51.55959],[0.87905,51.56882]]}},{"type":"Feature","properties":{"name":null,"kind":"coastline"},"geometry":{"type":"LineString","coordinates":[[0.84488,51.54968],[0.84997,51.5527],[0.84901,51.55728],[0.83892,51.56027],[0.82975,51.55837],[0.82857,51.56249],[0.82301,51.56325]]}},{"type":"Feature","properties":{"name":null,"kind":"coastline"},"geometry":{"type":"LineString","coordinates":[[0.82301,51.56325],[0.81762,51.5632],[0.8199,51.56403],[0.81802,51.56941],[0.81265,51.57711],[0.79676,51.576]]}},{"type":"Feature","properties":{"name":null,"kind":"coastline"},"geometry":{"type":"LineString","coordinates":[[0.79676,51.576],[0.79757,51.57291],[0.80999,51.56985],[0.80367,51.56721],[0.8076,51.56761],[0.8024,51.57207],[0.79693,51.56675],[0.78757,51.56719],[0.80073,51.56855],[0.79469,51.57229],[0.79466,51.57666],[0.80671,51.58002],[0.80409,51.58551],[0.78908,51.58472]]}},{"type":"Feature","properties":{"name":null,"kind":"coastline"},"geometry":{"type":"LineString","coordinates":[[0.78908,51.58472],[0.76436,51.58044],[0.76074,51.57678],[0.74808,51.57948],[0.71697,51.57462],[0.72516,51.57688],[0.72213,51.57928],[0.72424,51.57998],[0.75915,51.58122]]}},{"type":"Feature","properties":{"name":null,"kind":"coastline"},"geometry":{"type":"LineString","coordinates":[[0.82409,51.54197],[0.84488,51.54968]]}},{"type":"Feature","properties":{"name":"Cobmarsh Island","kind":"coastline"},"geometry":{"type":"LineString","coordinates":[[0.89744,51.77251],[0.90161,51.77213],[0.89744,51.77251]]}},{"type":"Feature","properties":{"name":null,"kind":"coastline"},"geometry":{"type":"LineString","coordinates":[[0.94765,51.7174],[0.95022,51.72929],[0.94597,51.73346],[0.94887,51.73387],[0.94067,51.74036]]}},{"type":"Feature","properties":{"name":null,"kind":"coastline"},"geometry":{"type":"LineString","coordinates":[[0.94067,51.74036],[0.92581,51.74768]]}},{"type":"Feature","properties":{"name":null,"kind":"coastline"},"geometry":{"type":"LineString","coordinates":[[0.94256,51.66136],[0.94717,51.67613],[0.93157,51.67905],[0.94652,51.67829],[0.948,51.67985],[0.93783,51.68093],[0.94848,51.68094],[0.94708,51.68912]]}},{"type":"Feature","properties":{"name":null,"kind":"coastline"},"geometry":{"type":"LineString","coordinates":[[0.94708,51.68912],[0.9407,51.69797],[0.94305,51.70519]]}},{"type":"Feature","properties":{"name":null,"kind":"coastline"},"geometry":{"type":"LineString","coordinates":[[0.57309,51.53909],[0.56654,51.5411]]}},{"type":"Feature","properties":{"name":null,"kind":"coastline"},"geometry":{"type":"LineString","coordinates":[[0.56654,51.5411],[0.55527,51.54109],[0.56365,51.54155],[0.54484,51.54619]]}},{"type":"Feature","properties":{"name":null,"kind":"coastline"},"geometry":{"type":"LineString","coordinates":[[0.66302,51.39611],[0.65953,51.3944],[0.67039,51.39967],[0.69476,51.39687],[0.6907,51.41234],[0.68346,51.41293],[0.6822,51.40927],[0.67567,51.40923],[0.68189,51.40872],[0.68204,51.40518],[0.67333,51.41061],[0.66811,51.40936],[0.66623,51.40735],[0.67169,51.40164],[0.66302,51.39611]]}},{"type":"Feature","properties":{"name":null,"kind":"coastline"},"geometry":{"type":"LineString","coordinates":[[0.66845,51.39306],[0.67297,51.39047],[0.68152,51.39522],[0.67806,51.39697],[0.66845,51.39306]]}},{"type":"Feature","properties":{"name":"Berth 8&9","kind":"coastline"},"geometry":{"type":"LineString","coordinates":[[1.31333,51.95243],[1.31696,51.94263],[1.31934,51.94315]]}},{"type":"Feature","properties":{"name":"Landguard Quay","kind":"coastline"},"geometry":{"type":"LineString","coordinates":[[1.31934,51.94315],[1.31982,51.94115]]}},{"type":"Feature","properties":{"name":"Bridgemarsh Island","kind":"coastline"},"geometry":{"type":"LineString","coordinates":[[0.73925,51.63439],[0.75071,51.63543],[0.74339,51.635],[0.74848,51.63606],[0.73846,51.63871],[0.74945,51.63767],[0.74955,51.63998],[0.75752,51.64131],[0.74975,51.63652],[0.76092,51.64023],[0.7167,51.64167],[0.71163,51.63773],[0.7241,51.63872],[0.73743,51.63426],[0.72881,51.63974],[0.73681,51.64017],[0.7394,51.63979],[0.73566,51.6376],[0.74064,51.63704],[0.73657,51.63607],[0.73925,51.63439]]}},{"type":"Feature","properties":{"name":null,"kind":"coastline"},"geometry":{"type":"LineString","coordinates":[[0.50522,51.50429],[0.51875,51.51046],[0.53105,51.5085],[0.54117,51.51256],[0.52238,51.51586],[0.51557,51.52594],[0.51755,51.52523],[0.51376,51.52681],[0.51827,51.52611],[0.50806,51.53079]]}},{"type":"Feature","properties":{"name":"Two Tree Island","kind":"coastline"},"geometry":{"type":"LineString","coordinates":[[0.64524,51.53823],[0.60957,51.53479],[0.62638,51.53227],[0.64524,51.53823]]}},{"type":"Feature","properties":{"name":null,"kind":"coastline"},"geometry":{"type":"LineString","coordinates":[[1.24443,51.90026],[1.24914,51.90179]]}},{"type":"Feature","properties":{"name":null,"kind":"coastline"},"geometry":{"type":"LineString","coordinates":[[1.22538,51.90326],[1.22846,51.90334]]}},{"type":"Feature","properties":{"name":null,"kind":"coastline"},"geometry":{"type":"LineString","coordinates":[[1.24914,51.90179],[1.25115,51.90218],[1.24574,51.90037]]}},{"type":"Feature","properties":{"name":null,"kind":"coastline"},"geometry":{"type":"LineString","coordinates":[[1.22846,51.90334],[1.23872,51.90182]]}},{"type":"Feature","properties":{"name":null,"kind":"coastline"},"geometry":{"type":"LineString","coordinates":[[1.24574,51.90037],[1.24371,51.90011],[1.24717,51.89799],[1.2456,51.89669],[1.25392,51.90374]]}},{"type":"Feature","properties":{"name":null,"kind":"coastline"},"geometry":{"type":"LineString","coordinates":[[1.23872,51.90182],[1.24443,51.90026]]}},{"type":"Feature","properties":{"name":null,"kind":"coastline"},"geometry":{"type":"LineString","coordinates":[[1.24029,51.90121],[1.24029,51.90121]]}},{"type":"Feature","properties":{"name":null,"kind":"coastline"},"geometry":{"type":"LineString","coordinates":[[1.24981,51.90046],[1.24981,51.90046]]}},{"type":"Feature","properties":{"name":null,"kind":"coastline"},"geometry":{"type":"LineString","coordinates":[[1.24406,51.90109],[1.24406,51.90109]]}},{"type":"Feature","properties":{"name":null,"kind":"coastline"},"geometry":{"type":"LineString","coordinates":[[1.24973,51.90133],[1.24973,51.90133]]}},{"type":"Feature","properties":{"name":null,"kind":"coastline"},"geometry":{"type":"LineString","coordinates":[[1.24812,51.90059],[1.24812,51.90059]]}},{"type":"Feature","properties":{"name":null,"kind":"coastline"},"geometry":{"type":"LineString","coordinates":[[1.22677,51.90331],[1.22677,51.90331]]}},{"type":"Feature","properties":{"name":null,"kind":"coastline"},"geometry":{"type":"LineString","coordinates":[[1.22765,51.90364],[1.22765,51.90364]]}},{"type":"Feature","properties":{"name":null,"kind":"coastline"},"geometry":{"type":"LineString","coordinates":[[1.22651,51.90335],[1.22651,51.90335]]}},{"type":"Feature","properties":{"name":null,"kind":"coastline"},"geometry":{"type":"LineString","coordinates":[[1.22914,51.90376],[1.22914,51.90376]]}},{"type":"Feature","properties":{"name":null,"kind":"coastline"},"geometry":{"type":"LineString","coordinates":[[1.22967,51.90324],[1.22967,51.90324]]}},{"type":"Feature","properties":{"name":null,"kind":"coastline"},"geometry":{"type":"LineString","coordinates":[[1.22751,51.90372],[1.22751,51.90372]]}},{"type":"Feature","properties":{"name":null,"kind":"coastline"},"geometry":{"type":"LineString","coordinates":[[1.22721,51.90346],[1.22721,51.90346]]}},{"type":"Feature","properties":{"name":null,"kind":"coastline"},"geometry":{"type":"LineString","coordinates":[[1.22888,51.90381],[1.22888,51.90381]]}},{"type":"Feature","properties":{"name":null,"kind":"coastline"},"geometry":{"type":"LineString","coordinates":[[1.22701,51.90361],[1.22701,51.90361]]}},{"type":"Feature","properties":{"name":null,"kind":"coastline"},"geometry":{"type":"LineString","coordinates":[[1.22788,51.90372],[1.22788,51.90372]]}},{"type":"Feature","properties":{"name":null,"kind":"coastline"},"geometry":{"type":"LineString","coordinates":[[1.22996,51.90438],[1.22996,51.90438]]}},{"type":"Feature","properties":{"name":null,"kind":"coastline"},"geometry":{"type":"LineString","coordinates":[[1.22982,51.90444],[1.22982,51.90444]]}},{"type":"Feature","properties":{"name":null,"kind":"coastline"},"geometry":{"type":"LineString","coordinates":[[1.23039,51.90427],[1.23039,51.90427]]}},{"type":"Feature","properties":{"name":null,"kind":"coastline"},"geometry":{"type":"LineString","coordinates":[[1.22959,51.90313],[1.22959,51.90313]]}},{"type":"Feature","properties":{"name":null,"kind":"coastline"},"geometry":{"type":"LineString","coordinates":[[1.23199,51.90309],[1.23199,51.90309]]}},{"type":"Feature","properties":{"name":null,"kind":"coastline"},"geometry":{"type":"LineString","coordinates":[[1.23183,51.90286],[1.23183,51.90286]]}},{"type":"Feature","properties":{"name":null,"kind":"coastline"},"geometry":{"type":"LineString","coordinates":[[1.23105,51.90317],[1.23105,51.90317]]}},{"type":"Feature","properties":{"name":null,"kind":"coastline"},"geometry":{"type":"LineString","coordinates":[[1.23108,51.90376],[1.23108,51.90376]]}},{"type":"Feature","properties":{"name":null,"kind":"coastline"},"geometry":{"type":"LineString","coordinates":[[1.23033,51.90296],[1.23033,51.90296]]}},{"type":"Feature","properties":{"name":null,"kind":"coastline"},"geometry":{"type":"LineString","coordinates":[[1.23109,51.90365],[1.23109,51.90365]]}},{"type":"Feature","properties":{"name":null,"kind":"coastline"},"geometry":{"type":"LineString","coordinates":[[1.23164,51.90264],[1.23164,51.90264]]}},{"type":"Feature","properties":{"name":null,"kind":"coastline"},"geometry":{"type":"LineString","coordinates":[[1.22903,51.9031],[1.22903,51.9031]]}},{"type":"Feature","properties":{"name":null,"kind":"coastline"},"geometry":{"type":"LineString","coordinates":[[1.23114,51.90289],[1.23114,51.90289]]}},{"type":"Feature","properties":{"name":null,"kind":"coastline"},"geometry":{"type":"LineString","coordinates":[[1.22935,51.90301],[1.22935,51.90301]]}},{"type":"Feature","properties":{"name":null,"kind":"coastline"},"geometry":{"type":"LineString","coordinates":[[1.23157,51.90249],[1.23157,51.90249]]}},{"type":"Feature","properties":{"name":null,"kind":"coastline"},"geometry":{"type":"LineString","coordinates":[[1.23167,51.90302],[1.23167,51.90302]]}},{"type":"Feature","properties":{"name":null,"kind":"coastline"},"geometry":{"type":"LineString","coordinates":[[1.23114,51.90332],[1.23114,51.90332]]}},{"type":"Feature","properties":{"name":null,"kind":"coastline"},"geometry":{"type":"LineString","coordinates":[[1.2303,51.9029],[1.2303,51.9029]]}},{"type":"Feature","properties":{"name":null,"kind":"coastline"},"geometry":{"type":"LineString","coordinates":[[1.23135,51.90353],[1.23135,51.90353]]}},{"type":"Feature","properties":{"name":null,"kind":"coastline"},"geometry":{"type":"LineString","coordinates":[[1.23092,51.90393],[1.23092,51.90393]]}},{"type":"Feature","properties":{"name":null,"kind":"coastline"},"geometry":{"type":"LineString","coordinates":[[1.23127,51.90365],[1.23127,51.90365]]}},{"type":"Feature","properties":{"name":null,"kind":"coastline"},"geometry":{"type":"LineString","coordinates":[[1.23053,51.90279],[1.23053,51.90279]]}},{"type":"Feature","properties":{"name":null,"kind":"coastline"},"geometry":{"type":"LineString","coordinates":[[1.22918,51.90298],[1.22918,51.90298]]}},{"type":"Feature","properties":{"name":null,"kind":"coastline"},"geometry":{"type":"LineString","coordinates":[[1.23136,51.90305],[1.23136,51.90305]]}},{"type":"Feature","properties":{"name":null,"kind":"coastline"},"geometry":{"type":"LineString","coordinates":[[1.22986,51.90308],[1.22986,51.90308]]}},{"type":"Feature","properties":{"name":null,"kind":"coastline"},"geometry":{"type":"LineString","coordinates":[[1.23176,51.90287],[1.23176,51.90287]]}},{"type":"Feature","properties":{"name":null,"kind":"coastline"},"geometry":{"type":"LineString","coordinates":[[1.23113,51.90338],[1.23113,51.90338]]}},{"type":"Feature","properties":{"name":null,"kind":"coastline"},"geometry":{"type":"LineString","coordinates":[[1.23088,51.90374],[1.23088,51.90374]]}},{"type":"Feature","properties":{"name":null,"kind":"coastline"},"geometry":{"type":"LineString","coordinates":[[1.23133,51.90372],[1.23133,51.90372]]}},{"type":"Feature","properties":{"name":null,"kind":"coastline"},"geometry":{"type":"LineString","coordinates":[[1.23155,51.90261],[1.23155,51.90261]]}},{"type":"Feature","properties":{"name":null,"kind":"coastline"},"geometry":{"type":"LineString","coordinates":[[1.22865,51.90285],[1.22865,51.90285]]}},{"type":"Feature","properties":{"name":null,"kind":"coastline"},"geometry":{"type":"LineString","coordinates":[[1.23093,51.90292],[1.23093,51.90292]]}},{"type":"Feature","properties":{"name":null,"kind":"coastline"},"geometry":{"type":"LineString","coordinates":[[1.2323,51.90369],[1.2323,51.90369]]}},{"type":"Feature","properties":{"name":null,"kind":"coastline"},"geometry":{"type":"LineString","coordinates":[[1.23094,51.90417],[1.23094,51.90417]]}},{"type":"Feature","properties":{"name":null,"kind":"coastline"},"geometry":{"type":"LineString","coordinates":[[1.23361,51.90371],[1.23361,51.90371]]}},{"type":"Feature","properties":{"name":null,"kind":"coastline"},"geometry":{"type":"LineString","coordinates":[[1.2321,51.90381],[1.2321,51.90381]]}},{"type":"Feature","properties":{"name":null,"kind":"coastline"},"geometry":{"type":"LineString","coordinates":[[1.23339,51.90371],[1.23339,51.90371]]}},{"type":"Feature","properties":{"name":null,"kind":"coastline"},"geometry":{"type":"LineString","coordinates":[[1.23246,51.90401],[1.23246,51.90401]]}},{"type":"Feature","properties":{"name":null,"kind":"coastline"},"geometry":{"type":"LineString","coordinates":[[1.23156,51.90404],[1.23156,51.90404]]}},{"type":"Feature","properties":{"name":null,"kind":"coastline"},"geometry":{"type":"LineString","coordinates":[[1.23223,51.90362],[1.23223,51.90362]]}},{"type":"Feature","properties":{"name":null,"kind":"coastline"},"geometry":{"type":"LineString","coordinates":[[1.234,51.90368],[1.234,51.90368]]}},{"type":"Feature","properties":{"name":null,"kind":"coastline"},"geometry":{"type":"LineString","coordinates":[[1.23151,51.90409],[1.23151,51.90409]]}},{"type":"Feature","properties":{"name":null,"kind":"coastline"},"geometry":{"type":"LineString","coordinates":[[1.23291,51.90343],[1.23291,51.90343]]}},{"type":"Feature","properties":{"name":null,"kind":"coastline"},"geometry":{"type":"LineString","coordinates":[[1.23311,51.90367],[1.23311,51.90367]]}},{"type":"Feature","properties":{"name":null,"kind":"coastline"},"geometry":{"type":"LineString","coordinates":[[1.23142,51.90397],[1.23142,51.90397]]}},{"type":"Feature","properties":{"name":null,"kind":"coastline"},"geometry":{"type":"LineString","coordinates":[[1.23307,51.90385],[1.23307,51.90385]]}},{"type":"Feature","properties":{"name":null,"kind":"coastline"},"geometry":{"type":"LineString","coordinates":[[1.23335,51.9032],[1.23335,51.9032]]}},{"type":"Feature","properties":{"name":null,"kind":"coastline"},"geometry":{"type":"LineString","coordinates":[[1.23133,51.904],[1.23133,51.904]]}},{"type":"Feature","properties":{"name":null,"kind":"coastline"},"geometry":{"type":"LineString","coordinates":[[1.23105,51.90414],[1.23105,51.90414]]}},{"type":"Feature","properties":{"name":null,"kind":"coastline"},"geometry":{"type":"LineString","coordinates":[[1.24197,51.89912],[1.24197,51.89912]]}},{"type":"Feature","properties":{"name":null,"kind":"coastline"},"geometry":{"type":"LineString","coordinates":[[1.24168,51.90078],[1.23899,51.89965]]}},{"type":"Feature","properties":{"name":null,"kind":"coastline"},"geometry":{"type":"LineString","coordinates":[[1.23899,51.89965],[1.23978,51.89662],[1.24262,51.89775]]}},{"type":"Feature","properties":{"name":null,"kind":"coastline"},"geometry":{"type":"LineString","coordinates":[[1.24028,51.90008],[1.24028,51.90008]]}},{"type":"Feature","properties":{"name":null,"kind":"coastline"},"geometry":{"type":"LineString","coordinates":[[1.23988,51.90079],[1.23988,51.90079]]}},{"type":"Feature","properties":{"name":null,"kind":"coastline"},"geometry":{"type":"LineString","coordinates":[[1.24162,51.89735],[1.24162,51.89735]]}},{"type":"Feature","properties":{"name":null,"kind":"coastline"},"geometry":{"type":"LineString","coordinates":[[1.24368,51.89691],[1.24368,51.89691]]}},{"type":"Feature","properties":{"name":null,"kind":"coastline"},"geometry":{"type":"LineString","coordinates":[[1.24262,51.89775],[1.24168,51.90078]]}},{"type":"Feature","properties":{"name":null,"kind":"coastline"},"geometry":{"type":"LineString","coordinates":[[1.23782,51.89964],[1.23782,51.89964]]}},{"type":"Feature","properties":{"name":null,"kind":"coastline"},"geometry":{"type":"LineString","coordinates":[[1.23824,51.90047],[1.23824,51.90047]]}},{"type":"Feature","properties":{"name":null,"kind":"coastline"},"geometry":{"type":"LineString","coordinates":[[1.23912,51.90051],[1.23912,51.90051]]}},{"type":"Feature","properties":{"name":null,"kind":"coastline"},"geometry":{"type":"LineString","coordinates":[[1.23879,51.90138],[1.23879,51.90138]]}},{"type":"Feature","properties":{"name":null,"kind":"coastline"},"geometry":{"type":"LineString","coordinates":[[1.23886,51.90102],[1.23886,51.90102]]}},{"type":"Feature","properties":{"name":null,"kind":"coastline"},"geometry":{"type":"LineString","coordinates":[[1.23979,51.90091],[1.23979,51.90091]]}},{"type":"Feature","properties":{"name":null,"kind":"coastline"},"geometry":{"type":"LineString","coordinates":[[1.23873,51.90145],[1.23873,51.90145]]}},{"type":"Feature","properties":{"name":null,"kind":"coastline"},"geometry":{"type":"LineString","coordinates":[[1.23871,51.90197],[1.23871,51.90197]]}},{"type":"Feature","properties":{"name":null,"kind":"coastline"},"geometry":{"type":"LineString","coordinates":[[1.2399,51.90123],[1.23606,51.9013],[1.2399,51.90123]]}},{"type":"Feature","properties":{"name":null,"kind":"coastline"},"geometry":{"type":"LineString","coordinates":[[1.23931,51.90042],[1.23931,51.90042]]}},{"type":"Feature","properties":{"name":null,"kind":"coastline"},"geometry":{"type":"LineString","coordinates":[[1.23958,51.90045],[1.23958,51.90045]]}},{"type":"Feature","properties":{"name":null,"kind":"coastline"},"geometry":{"type":"LineString","coordinates":[[1.2348,51.90274],[1.2348,51.90274]]}},{"type":"Feature","properties":{"name":null,"kind":"coastline"},"geometry":{"type":"LineString","coordinates":[[1.23509,51.90296],[1.23509,51.90296]]}},{"type":"Feature","properties":{"name":null,"kind":"coastline"},"geometry":{"type":"LineString","coordinates":[[1.23465,51.90276],[1.23465,51.90276]]}},{"type":"Feature","properties":{"name":null,"kind":"coastline"},"geometry":{"type":"LineString","coordinates":[[1.23538,51.90247],[1.23538,51.90247]]}},{"type":"Feature","properties":{"name":null,"kind":"coastline"},"geometry":{"type":"LineString","coordinates":[[1.23467,51.90278],[1.23467,51.90278]]}},{"type":"Feature","properties":{"name":null,"kind":"coastline"},"geometry":{"type":"LineString","coordinates":[[1.23519,51.90299],[1.23519,51.90299]]}},{"type":"Feature","properties":{"name":null,"kind":"coastline"},"geometry":{"type":"LineString","coordinates":[[1.23506,51.90198],[1.23506,51.90198]]}},{"type":"Feature","properties":{"name":null,"kind":"coastline"},"geometry":{"type":"LineString","coordinates":[[1.23447,51.90274],[1.23447,51.90274]]}},{"type":"Feature","properties":{"name":null,"kind":"coastline"},"geometry":{"type":"LineString","coordinates":[[1.23466,51.90327],[1.23466,51.90327]]}},{"type":"Feature","properties":{"name":null,"kind":"coastline"},"geometry":{"type":"LineString","coordinates":[[1.23624,51.90217],[1.23624,51.90217]]}},{"type":"Feature","properties":{"name":null,"kind":"coastline"},"geometry":{"type":"LineString","coordinates":[[1.23498,51.90327],[1.23498,51.90327]]}},{"type":"Feature","properties":{"name":null,"kind":"coastline"},"geometry":{"type":"LineString","coordinates":[[1.2377,51.90245],[1.2377,51.90245]]}},{"type":"Feature","properties":{"name":null,"kind":"coastline"},"geometry":{"type":"LineString","coordinates":[[1.2343,51.90327],[1.2343,51.90327]]}},{"type":"Feature","properties":{"name":null,"kind":"coastline"},"geometry":{"type":"LineString","coordinates":[[1.23515,51.90323],[1.23515,51.90323]]}},{"type":"Feature","properties":{"name":null,"kind":"coastline"},"geometry":{"type":"LineString","coordinates":[[1.23438,51.90351],[1.23438,51.90351]]}},{"type":"Feature","properties":{"name":null,"kind":"coastline"},"geometry":{"type":"LineString","coordinates":[[1.23689,51.90163],[1.23689,51.90163]]}},{"type":"Feature","properties":{"name":null,"kind":"coastline"},"geometry":{"type":"LineString","coordinates":[[1.23531,51.90339],[1.23531,51.90339]]}},{"type":"Feature","properties":{"name":null,"kind":"coastline"},"geometry":{"type":"LineString","coordinates":[[1.23488,51.9035],[1.23488,51.9035]]}},{"type":"Feature","properties":{"name":null,"kind":"coastline"},"geometry":{"type":"LineString","coordinates":[[1.23646,51.90238],[1.23646,51.90238]]}},{"type":"Feature","properties":{"name":null,"kind":"coastline"},"geometry":{"type":"LineString","coordinates":[[1.23496,51.90338],[1.23496,51.90338]]}},{"type":"Feature","properties":{"name":null,"kind":"coastline"},"geometry":{"type":"LineString","coordinates":[[1.23691,51.90171],[1.23691,51.90171]]}},{"type":"Feature","properties":{"name":null,"kind":"coastline"},"geometry":{"type":"LineString","coordinates":[[1.23427,51.90333],[1.23427,51.90333]]}},{"type":"Feature","properties":{"name":null,"kind":"coastline"},"geometry":{"type":"LineString","coordinates":[[1.23816,51.90261],[1.23816,51.90261]]}},{"type":"Feature","properties":{"name":null,"kind":"coastline"},"geometry":{"type":"LineString","coordinates":[[1.23536,51.90299],[1.23536,51.90299]]}},{"type":"Feature","properties":{"name":null,"kind":"coastline"},"geometry":{"type":"LineString","coordinates":[[1.23443,51.90368],[1.23443,51.90368]]}},{"type":"Feature","properties":{"name":null,"kind":"coastline"},"geometry":{"type":"LineString","coordinates":[[1.23796,51.90214],[1.23796,51.90214]]}},{"type":"Feature","properties":{"name":null,"kind":"coastline"},"geometry":{"type":"LineString","coordinates":[[1.23532,51.90313],[1.23532,51.90313]]}},{"type":"Feature","properties":{"name":null,"kind":"coastline"},"geometry":{"type":"LineString","coordinates":[[1.23626,51.9029],[1.23626,51.9029]]}},{"type":"Feature","properties":{"name":null,"kind":"coastline"},"geometry":{"type":"LineString","coordinates":[[1.2358,51.90317],[1.2358,51.90317]]}},{"type":"Feature","properties":{"name":null,"kind":"coastline"},"geometry":{"type":"LineString","coordinates":[[1.23313,51.90223],[1.23313,51.90223]]}},{"type":"Feature","properties":{"name":null,"kind":"coastline"},"geometry":{"type":"LineString","coordinates":[[1.24682,51.89782],[1.24682,51.89782]]}},{"type":"Feature","properties":{"name":null,"kind":"coastline"},"geometry":{"type":"LineString","coordinates":[[1.2122,51.89716],[1.21566,51.89822]]}},{"type":"Feature","properties":{"name":null,"kind":"coastline"},"geometry":{"type":"LineString","coordinates":[[1.22898,51.90238],[1.22898,51.90238]]}},{"type":"Feature","properties":{"name":null,"kind":"coastline"},"geometry":{"type":"LineString","coordinates":[[1.23157,51.90151],[1.23157,51.90151]]}},{"type":"Feature","properties":{"name":null,"kind":"coastline"},"geometry":{"type":"LineString","coordinates":[[1.23049,51.90196],[1.23049,51.90196]]}},{"type":"Feature","properties":{"name":null,"kind":"coastline"},"geometry":{"type":"LineString","coordinates":[[1.22919,51.90273],[1.22919,51.90273]]}},{"type":"Feature","properties":{"name":null,"kind":"coastline"},"geometry":{"type":"LineString","coordinates":[[1.22837,51.90199],[1.22837,51.90199]]}},{"type":"Feature","properties":{"name":null,"kind":"coastline"},"geometry":{"type":"LineString","coordinates":[[1.23226,51.90037],[1.23226,51.90037]]}},{"type":"Feature","properties":{"name":null,"kind":"coastline"},"geometry":{"type":"LineString","coordinates":[[1.22787,51.90055],[1.22787,51.90055]]}},{"type":"Feature","properties":{"name":null,"kind":"coastline"},"geometry":{"type":"LineString","coordinates":[[1.23103,51.90215],[1.23103,51.90215]]}},{"type":"Feature","properties":{"name":null,"kind":"coastline"},"geometry":{"type":"LineString","coordinates":[[1.23059,51.90206],[1.23059,51.90206]]}},{"type":"Feature","properties":{"name":null,"kind":"coastline"},"geometry":{"type":"LineString","coordinates":[[1.22888,51.90213],[1.22888,51.90213]]}},{"type":"Feature","properties":{"name":null,"kind":"coastline"},"geometry":{"type":"LineString","coordinates":[[1.22888,51.90207],[1.22888,51.90207]]}},{"type":"Feature","properties":{"name":null,"kind":"coastline"},"geometry":{"type":"LineString","coordinates":[[1.23064,51.90235],[1.23064,51.90235]]}},{"type":"Feature","properties":{"name":null,"kind":"coastline"},"geometry":{"type":"LineString","coordinates":[[1.22935,51.90246],[1.22935,51.90246]]}},{"type":"Feature","properties":{"name":null,"kind":"coastline"},"geometry":{"type":"LineString","coordinates":[[1.23244,51.90173],[1.23244,51.90173]]}},{"type":"Feature","properties":{"name":null,"kind":"coastline"},"geometry":{"type":"LineString","coordinates":[[1.22665,51.90264],[1.22665,51.90264]]}},{"type":"Feature","properties":{"name":null,"kind":"coastline"},"geometry":{"type":"LineString","coordinates":[[1.22951,51.90207],[1.22951,51.90207]]}},{"type":"Feature","properties":{"name":null,"kind":"coastline"},"geometry":{"type":"LineString","coordinates":[[1.23312,51.90068],[1.23312,51.90068]]}},{"type":"Feature","properties":{"name":null,"kind":"coastline"},"geometry":{"type":"LineString","coordinates":[[1.22958,51.90123],[1.22958,51.90123]]}},{"type":"Feature","properties":{"name":null,"kind":"coastline"},"geometry":{"type":"LineString","coordinates":[[1.22793,51.90257],[1.22793,51.90257]]}},{"type":"Feature","properties":{"name":null,"kind":"coastline"},"geometry":{"type":"LineString","coordinates":[[1.23208,51.90054],[1.23208,51.90054]]}},{"type":"Feature","properties":{"name":null,"kind":"coastline"},"geometry":{"type":"LineString","coordinates":[[1.22837,51.90224],[1.22837,51.90224]]}},{"type":"Feature","properties":{"name":null,"kind":"coastline"},"geometry":{"type":"LineString","coordinates":[[1.23163,51.90146],[1.23163,51.90146]]}},{"type":"Feature","properties":{"name":null,"kind":"coastline"},"geometry":{"type":"LineString","coordinates":[[1.22909,51.90107],[1.22909,51.90107]]}},{"type":"Feature","properties":{"name":null,"kind":"coastline"},"geometry":{"type":"LineString","coordinates":[[1.23216,51.90071],[1.23216,51.90071]]}},{"type":"Feature","properties":{"name":null,"kind":"coastline"},"geometry":{"type":"LineString","coordinates":[[1.23207,51.90075],[1.23207,51.90075]]}},{"type":"Feature","properties":{"name":null,"kind":"coastline"},"geometry":{"type":"LineString","coordinates":[[1.23209,51.90061],[1.23209,51.90061]]}},{"type":"Feature","properties":{"name":null,"kind":"coastline"},"geometry":{"type":"LineString","coordinates":[[1.23071,51.90171],[1.23071,51.90171]]}},{"type":"Feature","properties":{"name":null,"kind":"coastline"},"geometry":{"type":"LineString","coordinates":[[1.23429,51.8992],[1.23429,51.8992]]}},{"type":"Feature","properties":{"name":null,"kind":"coastline"},"geometry":{"type":"LineString","coordinates":[[1.23019,51.9],[1.23019,51.9]]}},{"type":"Feature","properties":{"name":null,"kind":"coastline"},"geometry":{"type":"LineString","coordinates":[[1.23343,51.89927],[1.23343,51.89927]]}},{"type":"Feature","properties":{"name":null,"kind":"coastline"},"geometry":{"type":"LineString","coordinates":[[1.23407,51.8994],[1.23407,51.8994]]}},{"type":"Feature","properties":{"name":null,"kind":"coastline"},"geometry":{"type":"LineString","coordinates":[[1.22897,51.89975],[1.22897,51.89975]]}},{"type":"Feature","properties":{"name":null,"kind":"coastline"},"geometry":{"type":"LineString","coordinates":[[1.22914,51.89869],[1.23106,51.89933],[1.22914,51.89869]]}},{"type":"Feature","properties":{"name":null,"kind":"coastline"},"geometry":{"type":"LineString","coordinates":[[1.23342,51.89981],[1.23342,51.89981]]}},{"type":"Feature","properties":{"name":null,"kind":"coastline"},"geometry":{"type":"LineString","coordinates":[[1.23443,51.89918],[1.23443,51.89918]]}},{"type":"Feature","properties":{"name":null,"kind":"coastline"},"geometry":{"type":"LineString","coordinates":[[1.23377,51.89937],[1.23377,51.89937]]}},{"type":"Feature","properties":{"name":null,"kind":"coastline"},"geometry":{"type":"LineString","coordinates":[[1.22976,51.90003],[1.22976,51.90003]]}},{"type":"Feature","properties":{"name":null,"kind":"coastline"},"geometry":{"type":"LineString","coordinates":[[1.23322,51.89948],[1.23322,51.89948]]}},{"type":"Feature","properties":{"name":null,"kind":"coastline"},"geometry":{"type":"LineString","coordinates":[[1.23401,51.89931],[1.23401,51.89931]]}},{"type":"Feature","properties":{"name":null,"kind":"coastline"},"geometry":{"type":"LineString","coordinates":[[1.23,51.89997],[1.23,51.89997]]}},{"type":"Feature","properties":{"name":null,"kind":"coastline"},"geometry":{"type":"LineString","coordinates":[[1.23165,51.89988],[1.23165,51.89988]]}},{"type":"Feature","properties":{"name":null,"kind":"coastline"},"geometry":{"type":"LineString","coordinates":[[1.23245,51.89944],[1.23245,51.89944]]}},{"type":"Feature","properties":{"name":null,"kind":"coastline"},"geometry":{"type":"LineString","coordinates":[[1.23425,51.90031],[1.23225,51.90032],[1.23425,51.90031]]}},{"type":"Feature","properties":{"name":null,"kind":"coastline"},"geometry":{"type":"LineString","coordinates":[[1.23337,51.89956],[1.23337,51.89956]]}},{"type":"Feature","properties":{"name":null,"kind":"coastline"},"geometry":{"type":"LineString","coordinates":[[1.23399,51.8995],[1.23399,51.8995]]}},{"type":"Feature","properties":{"name":null,"kind":"coastline"},"geometry":{"type":"LineString","coordinates":[[1.23405,51.89938],[1.23405,51.89938]]}},{"type":"Feature","properties":{"name":null,"kind":"coastline"},"geometry":{"type":"LineString","coordinates":[[1.23372,51.89932],[1.23372,51.89932]]}},{"type":"Feature","properties":{"name":null,"kind":"coastline"},"geometry":{"type":"LineString","coordinates":[[1.23364,51.89962],[1.23364,51.89962]]}},{"type":"Feature","properties":{"name":null,"kind":"coastline"},"geometry":{"type":"LineString","coordinates":[[1.22915,51.89985],[1.22915,51.89985]]}},{"type":"Feature","properties":{"name":null,"kind":"coastline"},"geometry":{"type":"LineString","coordinates":[[1.23,51.89867],[1.23,51.89867]]}},{"type":"Feature","properties":{"name":null,"kind":"coastline"},"geometry":{"type":"LineString","coordinates":[[1.23118,51.89976],[1.23118,51.89976]]}},{"type":"Feature","properties":{"name":null,"kind":"coastline"},"geometry":{"type":"LineString","coordinates":[[1.23352,51.89915],[1.23352,51.89915]]}},{"type":"Feature","properties":{"name":null,"kind":"coastline"},"geometry":{"type":"LineString","coordinates":[[1.23456,51.89908],[1.23456,51.89908]]}},{"type":"Feature","properties":{"name":null,"kind":"coastline"},"geometry":{"type":"LineString","coordinates":[[1.23274,51.89905],[1.23274,51.89905]]}},{"type":"Feature","properties":{"name":null,"kind":"coastline"},"geometry":{"type":"LineString","coordinates":[[1.23353,51.89894],[1.23353,51.89894]]}},{"type":"Feature","properties":{"name":null,"kind":"coastline"},"geometry":{"type":"LineString","coordinates":[[1.23239,51.89932],[1.23239,51.89932]]}},{"type":"Feature","properties":{"name":null,"kind":"coastline"},"geometry":{"type":"LineString","coordinates":[[1.23526,51.89919],[1.23526,51.89919]]}},{"type":"Feature","properties":{"name":null,"kind":"coastline"},"geometry":{"type":"LineString","coordinates":[[1.23355,51.899],[1.23355,51.899]]}},{"type":"Feature","properties":{"name":null,"kind":"coastline"},"geometry":{"type":"LineString","coordinates":[[1.23187,51.89937],[1.23187,51.89937]]}},{"type":"Feature","properties":{"name":null,"kind":"coastline"},"geometry":{"type":"LineString","coordinates":[[1.23322,51.89882],[1.23322,51.89882]]}},{"type":"Feature","properties":{"name":null,"kind":"coastline"},"geometry":{"type":"LineString","coordinates":[[1.2356,51.89931],[1.2356,51.89931]]}},{"type":"Feature","properties":{"name":null,"kind":"coastline"},"geometry":{"type":"LineString","coordinates":[[1.23315,51.89899],[1.23315,51.89899]]}},{"type":"Feature","properties":{"name":null,"kind":"coastline"},"geometry":{"type":"LineString","coordinates":[[1.235,51.8991],[1.235,51.8991]]}},{"type":"Feature","properties":{"name":null,"kind":"coastline"},"geometry":{"type":"LineString","coordinates":[[1.23263,51.89904],[1.23263,51.89904]]}},{"type":"Feature","properties":{"name":null,"kind":"coastline"},"geometry":{"type":"LineString","coordinates":[[1.23334,51.89882],[1.23334,51.89882]]}},{"type":"Feature","properties":{"name":null,"kind":"coastline"},"geometry":{"type":"LineString","coordinates":[[1.23277,51.89918],[1.23277,51.89918]]}},{"type":"Feature","properties":{"name":null,"kind":"coastline"},"geometry":{"type":"LineString","coordinates":[[1.23144,51.8987],[1.23144,51.8987]]}},{"type":"Feature","properties":{"name":null,"kind":"coastline"},"geometry":{"type":"LineString","coordinates":[[1.23082,51.89877],[1.23082,51.89877]]}},{"type":"Feature","properties":{"name":null,"kind":"coastline"},"geometry":{"type":"LineString","coordinates":[[1.23027,51.89629],[1.23027,51.89629]]}},{"type":"Feature","properties":{"name":null,"kind":"coastline"},"geometry":{"type":"LineString","coordinates":[[1.23211,51.89684],[1.23211,51.89684]]}},{"type":"Feature","properties":{"name":null,"kind":"coastline"},"geometry":{"type":"LineString","coordinates":[[1.23031,51.89776],[1.23275,51.89666],[1.23031,51.89776]]}},{"type":"Feature","properties":{"name":null,"kind":"coastline"},"geometry":{"type":"LineString","coordinates":[[1.23325,51.8968],[1.23325,51.8968]]}},{"type":"Feature","properties":{"name":null,"kind":"coastline"},"geometry":{"type":"LineString","coordinates":[[1.22966,51.89736],[1.22966,51.89736]]}},{"type":"Feature","properties":{"name":null,"kind":"coastline"},"geometry":{"type":"LineString","coordinates":[[1.23075,51.89535],[1.23075,51.89535]]}},{"type":"Feature","properties":{"name":null,"kind":"coastline"},"geometry":{"type":"LineString","coordinates":[[1.23036,51.8975],[1.23036,51.8975]]}},{"type":"Feature","properties":{"name":null,"kind":"coastline"},"geometry":{"type":"LineString","coordinates":[[1.23216,51.89696],[1.23216,51.89696]]}},{"type":"Feature","properties":{"name":null,"kind":"coastline"},"geometry":{"type":"LineString","coordinates":[[1.2362,51.89772],[1.23772,51.89642],[1.2362,51.89772]]}},{"type":"Feature","properties":{"name":null,"kind":"coastline"},"geometry":{"type":"LineString","coordinates":[[1.23467,51.8979],[1.23467,51.8979]]}},{"type":"Feature","properties":{"name":null,"kind":"coastline"},"geometry":{"type":"LineString","coordinates":[[1.23617,51.89667],[1.23446,51.89771],[1.23617,51.89667]]}},{"type":"Feature","properties":{"name":null,"kind":"coastline"},"geometry":{"type":"LineString","coordinates":[[1.23526,51.898],[1.23526,51.898]]}},{"type":"Feature","properties":{"name":null,"kind":"coastline"},"geometry":{"type":"LineString","coordinates":[[1.23391,51.8979],[1.23391,51.8979]]}},{"type":"Feature","properties":{"name":null,"kind":"coastline"},"geometry":{"type":"LineString","coordinates":[[1.23494,51.89861],[1.23494,51.89861]]}},{"type":"Feature","properties":{"name":null,"kind":"coastline"},"geometry":{"type":"LineString","coordinates":[[1.2347,51.89781],[1.2347,51.89781]]}},{"type":"Feature","properties":{"name":null,"kind":"coastline"},"geometry":{"type":"LineString","coordinates":[[1.236,51.89789],[1.236,51.89789]]}},{"type":"Feature","properties":{"name":null,"kind":"coastline"},"geometry":{"type":"LineString","coordinates":[[1.23479,51.89802],[1.23479,51.89802]]}},{"type":"Feature","properties":{"name":null,"kind":"coastline"},"geometry":{"type":"LineString","coordinates":[[1.23582,51.89814],[1.23582,51.89814]]}},{"type":"Feature","properties":{"name":null,"kind":"coastline"},"geometry":{"type":"LineString","coordinates":[[1.23645,51.898],[1.23645,51.898]]}},{"type":"Feature","properties":{"name":null,"kind":"coastline"},"geometry":{"type":"LineString","coordinates":[[1.23413,51.89777],[1.23413,51.89777]]}},{"type":"Feature","properties":{"name":null,"kind":"coastline"},"geometry":{"type":"LineString","coordinates":[[1.23643,51.89815],[1.23643,51.89815]]}},{"type":"Feature","properties":{"name":null,"kind":"coastline"},"geometry":{"type":"LineString","coordinates":[[1.23458,51.89804],[1.23458,51.89804]]}},{"type":"Feature","properties":{"name":null,"kind":"coastline"},"geometry":{"type":"LineString","coordinates":[[1.23558,51.89821],[1.23558,51.89821]]}},{"type":"Feature","properties":{"name":null,"kind":"coastline"},"geometry":{"type":"LineString","coordinates":[[1.23619,51.898],[1.23619,51.898]]}},{"type":"Feature","properties":{"name":null,"kind":"coastline"},"geometry":{"type":"LineString","coordinates":[[1.23439,51.89837],[1.23439,51.89837]]}},{"type":"Feature","properties":{"name":null,"kind":"coastline"},"geometry":{"type":"LineString","coordinates":[[1.23486,51.89793],[1.23486,51.89793]]}},{"type":"Feature","properties":{"name":null,"kind":"coastline"},"geometry":{"type":"LineString","coordinates":[[1.2361,51.89823],[1.2361,51.89823]]}},{"type":"Feature","properties":{"name":null,"kind":"coastline"},"geometry":{"type":"LineString","coordinates":[[1.23696,51.89801],[1.23696,51.89801]]}},{"type":"Feature","properties":{"name":null,"kind":"coastline"},"geometry":{"type":"LineString","coordinates":[[1.23522,51.89793],[1.23522,51.89793]]}},{"type":"Feature","properties":{"name":null,"kind":"coastline"},"geometry":{"type":"LineString","coordinates":[[1.2319,51.89893],[1.23384,51.89839],[1.2319,51.89893]]}},{"type":"Feature","properties":{"name":null,"kind":"coastline"},"geometry":{"type":"LineString","coordinates":[[1.22654,51.89923],[1.22654,51.89923]]}},{"type":"Feature","properties":{"name":null,"kind":"coastline"},"geometry":{"type":"LineString","coordinates":[[1.21713,51.89898],[1.21713,51.89898]]}},{"type":"Feature","properties":{"name":null,"kind":"coastline"},"geometry":{"type":"LineString","coordinates":[[1.22615,51.89917],[1.22615,51.89917]]}},{"type":"Feature","properties":{"name":null,"kind":"coastline"},"geometry":{"type":"LineString","coordinates":[[1.22298,51.89843],[1.22298,51.89843]]}},{"type":"Feature","properties":{"name":null,"kind":"coastline"},"geometry":{"type":"LineString","coordinates":[[1.21927,51.89791],[1.21927,51.89791]]}},{"type":"Feature","properties":{"name":null,"kind":"coastline"},"geometry":{"type":"LineString","coordinates":[[1.22702,51.8962],[1.22702,51.8962]]}},{"type":"Feature","properties":{"name":null,"kind":"coastline"},"geometry":{"type":"LineString","coordinates":[[1.22648,51.90013],[1.22648,51.90013]]}},{"type":"Feature","properties":{"name":null,"kind":"coastline"},"geometry":{"type":"LineString","coordinates":[[1.22658,51.89824],[1.22658,51.89824]]}},{"type":"Feature","properties":{"name":null,"kind":"coastline"},"geometry":{"type":"LineString","coordinates":[[1.2183,51.89819],[1.2183,51.89819]]}},{"type":"Feature","properties":{"name":null,"kind":"coastline"},"geometry":{"type":"LineString","coordinates":[[1.2202,51.898],[1.2202,51.898]]}},{"type":"Feature","properties":{"name":null,"kind":"coastline"},"geometry":{"type":"LineString","coordinates":[[1.21698,51.89874],[1.21698,51.89874]]}},{"type":"Feature","properties":{"name":null,"kind":"coastline"},"geometry":{"type":"LineString","coordinates":[[1.22573,51.90013],[1.22573,51.90013]]}},{"type":"Feature","properties":{"name":null,"kind":"coastline"},"geometry":{"type":"LineString","coordinates":[[1.21729,51.89842],[1.21729,51.89842]]}},{"type":"Feature","properties":{"name":null,"kind":"coastline"},"geometry":{"type":"LineString","coordinates":[[1.22703,51.8967],[1.22703,51.8967]]}},{"type":"Feature","properties":{"name":null,"kind":"coastline"},"geometry":{"type":"LineString","coordinates":[[1.229,51.89692],[1.22739,51.89818],[1.229,51.89692]]}},{"type":"Feature","properties":{"name":null,"kind":"coastline"},"geometry":{"type":"LineString","coordinates":[[1.22815,51.89867],[1.22815,51.89867]]}},{"type":"Feature","properties":{"name":null,"kind":"coastline"},"geometry":{"type":"LineString","coordinates":[[1.21684,51.89899],[1.21684,51.89899]]}},{"type":"Feature","properties":{"name":null,"kind":"coastline"},"geometry":{"type":"LineString","coordinates":[[1.226,51.90053],[1.226,51.90053]]}},{"type":"Feature","properties":{"name":null,"kind":"coastline"},"geometry":{"type":"LineString","coordinates":[[1.22667,51.899],[1.22667,51.899]]}},{"type":"Feature","properties":{"name":null,"kind":"coastline"},"geometry":{"type":"LineString","coordinates":[[1.22351,51.89824],[1.22351,51.89824]]}},{"type":"Feature","properties":{"name":null,"kind":"coastline"},"geometry":{"type":"LineString","coordinates":[[1.2266,51.89961],[1.2266,51.89961]]}},{"type":"Feature","properties":{"name":null,"kind":"coastline"},"geometry":{"type":"LineString","coordinates":[[1.22232,51.89843],[1.22232,51.89843]]}},{"type":"Feature","properties":{"name":null,"kind":"coastline"},"geometry":{"type":"LineString","coordinates":[[1.22665,51.89837],[1.22665,51.89837]]}},{"type":"Feature","properties":{"name":null,"kind":"coastline"},"geometry":{"type":"LineString","coordinates":[[1.22155,51.8974],[1.21952,51.89784],[1.22155,51.8974]]}},{"type":"Feature","properties":{"name":null,"kind":"coastline"},"geometry":{"type":"LineString","coordinates":[[1.22048,51.89839],[1.22048,51.89839]]}},{"type":"Feature","properties":{"name":null,"kind":"coastline"},"geometry":{"type":"LineString","coordinates":[[1.22636,51.8966],[1.22636,51.8966]]}},{"type":"Feature","properties":{"name":null,"kind":"coastline"},"geometry":{"type":"LineString","coordinates":[[1.22692,51.89868],[1.22692,51.89868]]}},{"type":"Feature","properties":{"name":null,"kind":"coastline"},"geometry":{"type":"LineString","coordinates":[[1.21713,51.89869],[1.21713,51.89869]]}},{"type":"Feature","properties":{"name":null,"kind":"coastline"},"geometry":{"type":"LineString","coordinates":[[1.22837,51.89903],[1.22837,51.89903]]}},{"type":"Feature","properties":{"name":null,"kind":"coastline"},"geometry":{"type":"LineString","coordinates":[[1.22137,51.89808],[1.22137,51.89808]]}},{"type":"Feature","properties":{"name":null,"kind":"coastline"},"geometry":{"type":"LineString","coordinates":[[1.22488,51.89796],[1.22488,51.89796]]}},{"type":"Feature","properties":{"name":null,"kind":"coastline"},"geometry":{"type":"LineString","coordinates":[[1.21781,51.89813],[1.21781,51.89813]]}},{"type":"Feature","properties":{"name":null,"kind":"coastline"},"geometry":{"type":"LineString","coordinates":[[1.22134,51.8981],[1.22134,51.8981]]}},{"type":"Feature","properties":{"name":null,"kind":"coastline"},"geometry":{"type":"LineString","coordinates":[[1.24132,51.88772],[1.23838,51.89039],[1.24132,51.88772]]}},{"type":"Feature","properties":{"name":null,"kind":"coastline"},"geometry":{"type":"LineString","coordinates":[[1.23612,51.88813],[1.23612,51.88813]]}},{"type":"Feature","properties":{"name":null,"kind":"coastline"},"geometry":{"type":"LineString","coordinates":[[1.24254,51.88663],[1.23573,51.88793],[1.24254,51.88663]]}},{"type":"Feature","properties":{"name":null,"kind":"coastline"},"geometry":{"type":"LineString","coordinates":[[1.23113,51.89506],[1.2352,51.89366],[1.23113,51.89506]]}},{"type":"Feature","properties":{"name":null,"kind":"coastline"},"geometry":{"type":"LineString","coordinates":[[1.24259,51.88681],[1.24259,51.88681]]}},{"type":"Feature","properties":{"name":null,"kind":"coastline"},"geometry":{"type":"LineString","coordinates":[[1.23829,51.88714],[1.23829,51.88714]]}},{"type":"Feature","properties":{"name":null,"kind":"coastline"},"geometry":{"type":"LineString","coordinates":[[1.23797,51.88656],[1.23594,51.8868],[1.24021,51.88642],[1.23797,51.88656]]}},{"type":"Feature","properties":{"name":null,"kind":"coastline"},"geometry":{"type":"LineString","coordinates":[[1.23047,51.88927],[1.23047,51.88927]]}},{"type":"Feature","properties":{"name":null,"kind":"coastline"},"geometry":{"type":"LineString","coordinates":[[1.23722,51.88992],[1.23408,51.89013],[1.23916,51.8879],[1.23722,51.88992]]}},{"type":"Feature","properties":{"name":null,"kind":"coastline"},"geometry":{"type":"LineString","coordinates":[[1.23345,51.88898],[1.23138,51.88889],[1.23455,51.887],[1.23345,51.88898]]}},{"type":"Feature","properties":{"name":null,"kind":"coastline"},"geometry":{"type":"LineString","coordinates":[[1.23121,51.88778],[1.23121,51.88778]]}},{"type":"Feature","properties":{"name":null,"kind":"coastline"},"geometry":{"type":"LineString","coordinates":[[1.23047,51.88903],[1.23047,51.88903]]}},{"type":"Feature","properties":{"name":null,"kind":"coastline"},"geometry":{"type":"LineString","coordinates":[[1.23228,51.89125],[1.23228,51.89125]]}},{"type":"Feature","properties":{"name":null,"kind":"coastline"},"geometry":{"type":"LineString","coordinates":[[1.23425,51.89261],[1.23425,51.89261]]}},{"type":"Feature","properties":{"name":null,"kind":"coastline"},"geometry":{"type":"LineString","coordinates":[[1.23253,51.88701],[1.23253,51.88701]]}},{"type":"Feature","properties":{"name":null,"kind":"coastline"},"geometry":{"type":"LineString","coordinates":[[1.23371,51.89325],[1.23371,51.89325]]}},{"type":"Feature","properties":{"name":null,"kind":"coastline"},"geometry":{"type":"LineString","coordinates":[[1.23256,51.89223],[1.23256,51.89223]]}},{"type":"Feature","properties":{"name":null,"kind":"coastline"},"geometry":{"type":"LineString","coordinates":[[1.23234,51.89408],[1.23234,51.89408]]}},{"type":"Feature","properties":{"name":null,"kind":"coastline"},"geometry":{"type":"LineString","coordinates":[[1.23097,51.88972],[1.23097,51.88972]]}},{"type":"Feature","properties":{"name":null,"kind":"coastline"},"geometry":{"type":"LineString","coordinates":[[1.23491,51.88876],[1.23491,51.88876]]}},{"type":"Feature","properties":{"name":null,"kind":"coastline"},"geometry":{"type":"LineString","coordinates":[[1.23072,51.8891],[1.23072,51.8891]]}},{"type":"Feature","properties":{"name":null,"kind":"coastline"},"geometry":{"type":"LineString","coordinates":[[1.23154,51.89024],[1.23524,51.89239],[1.23154,51.89024]]}},{"type":"Feature","properties":{"name":null,"kind":"coastline"},"geometry":{"type":"LineString","coordinates":[[1.23386,51.88675],[1.23386,51.88675]]}},{"type":"Feature","properties":{"name":null,"kind":"coastline"},"geometry":{"type":"LineString","coordinates":[[1.23053,51.88934],[1.23053,51.88934]]}},{"type":"Feature","properties":{"name":null,"kind":"coastline"},"geometry":{"type":"LineString","coordinates":[[1.23185,51.88728],[1.23185,51.88728]]}},{"type":"Feature","properties":{"name":null,"kind":"coastline"},"geometry":{"type":"LineString","coordinates":[[1.23023,51.8889],[1.23023,51.8889]]}},{"type":"Feature","properties":{"name":null,"kind":"coastline"},"geometry":{"type":"LineString","coordinates":[[1.23413,51.8926],[1.23608,51.89163],[1.23413,51.8926]]}},{"type":"Feature","properties":{"name":null,"kind":"coastline"},"geometry":{"type":"LineString","coordinates":[[1.23295,51.88676],[1.23295,51.88676]]}},{"type":"Feature","properties":{"name":null,"kind":"coastline"},"geometry":{"type":"LineString","coordinates":[[1.23781,51.89325],[1.2375,51.89545],[1.23781,51.89325]]}},{"type":"Feature","properties":{"name":null,"kind":"coastline"},"geometry":{"type":"LineString","coordinates":[[1.24362,51.8952],[1.24366,51.893],[1.24362,51.8952]]}},{"type":"Feature","properties":{"name":null,"kind":"coastline"},"geometry":{"type":"LineString","coordinates":[[1.23663,51.89359],[1.23611,51.89555],[1.23663,51.89359]]}},{"type":"Feature","properties":{"name":null,"kind":"coastline"},"geometry":{"type":"LineString","coordinates":[[1.23181,51.89511],[1.23181,51.89511]]}},{"type":"Feature","properties":{"name":null,"kind":"coastline"},"geometry":{"type":"LineString","coordinates":[[1.23667,51.89357],[1.23682,51.89562],[1.23667,51.89357]]}},{"type":"Feature","properties":{"name":null,"kind":"coastline"},"geometry":{"type":"LineString","coordinates":[[1.24057,51.89523],[1.24057,51.89523]]}},{"type":"Feature","properties":{"name":null,"kind":"coastline"},"geometry":{"type":"LineString","coordinates":[[1.23967,51.89182],[1.23764,51.89166],[1.23967,51.89182]]}},{"type":"Feature","properties":{"name":null,"kind":"coastline"},"geometry":{"type":"LineString","coordinates":[[1.24037,51.89436],[1.24037,51.89436]]}},{"type":"Feature","properties":{"name":null,"kind":"coastline"},"geometry":{"type":"LineString","coordinates":[[1.24313,51.89465],[1.24313,51.89465]]}},{"type":"Feature","properties":{"name":null,"kind":"coastline"},"geometry":{"type":"LineString","coordinates":[[1.23897,51.89533],[1.23808,51.89343],[1.23897,51.89533]]}},{"type":"Feature","properties":{"name":null,"kind":"coastline"},"geometry":{"type":"LineString","coordinates":[[1.24124,51.89374],[1.24124,51.89374]]}},{"type":"Feature","properties":{"name":null,"kind":"coastline"},"geometry":{"type":"LineString","coordinates":[[1.2425,51.89491],[1.2425,51.89491]]}},{"type":"Feature","properties":{"name":null,"kind":"coastline"},"geometry":{"type":"LineString","coordinates":[[1.24058,51.89496],[1.24058,51.89496]]}},{"type":"Feature","properties":{"name":null,"kind":"coastline"},"geometry":{"type":"LineString","coordinates":[[1.23949,51.89504],[1.23949,51.89504]]}},{"type":"Feature","properties":{"name":null,"kind":"coastline"},"geometry":{"type":"LineString","coordinates":[[1.23925,51.89523],[1.23925,51.89523]]}},{"type":"Feature","properties":{"name":null,"kind":"coastline"},"geometry":{"type":"LineString","coordinates":[[1.23826,51.89595],[1.2342,51.89667],[1.24025,51.89556],[1.23826,51.89595]]}},{"type":"Feature","properties":{"name":null,"kind":"coastline"},"geometry":{"type":"LineString","coordinates":[[1.23753,51.89314],[1.23708,51.89586],[1.23753,51.89314]]}},{"type":"Feature","properties":{"name":null,"kind":"coastline"},"geometry":{"type":"LineString","coordinates":[[1.24169,51.89525],[1.24169,51.89525]]}},{"type":"Feature","properties":{"name":null,"kind":"coastline"},"geometry":{"type":"LineString","coordinates":[[1.24108,51.89567],[1.24108,51.89567]]}},{"type":"Feature","properties":{"name":null,"kind":"coastline"},"geometry":{"type":"LineString","coordinates":[[1.24059,51.89464],[1.24059,51.89464]]}},{"type":"Feature","properties":{"name":null,"kind":"coastline"},"geometry":{"type":"LineString","coordinates":[[1.23924,51.89272],[1.23924,51.89272]]}},{"type":"Feature","properties":{"name":null,"kind":"coastline"},"geometry":{"type":"LineString","coordinates":[[1.23466,51.89649],[1.23193,51.89661],[1.23458,51.89381],[1.23466,51.89649]]}},{"type":"Feature","properties":{"name":null,"kind":"coastline"},"geometry":{"type":"LineString","coordinates":[[1.24058,51.89175],[1.24238,51.89083],[1.24058,51.89175]]}},{"type":"Feature","properties":{"name":null,"kind":"coastline"},"geometry":{"type":"LineString","coordinates":[[1.24178,51.88947],[1.24178,51.88947]]}},{"type":"Feature","properties":{"name":null,"kind":"coastline"},"geometry":{"type":"LineString","coordinates":[[1.2394,51.89123],[1.2394,51.89123]]}},{"type":"Feature","properties":{"name":null,"kind":"coastline"},"geometry":{"type":"LineString","coordinates":[[1.23846,51.891],[1.23846,51.891]]}},{"type":"Feature","properties":{"name":null,"kind":"coastline"},"geometry":{"type":"LineString","coordinates":[[1.24447,51.8924],[1.24447,51.8924]]}},{"type":"Feature","properties":{"name":null,"kind":"coastline"},"geometry":{"type":"LineString","coordinates":[[1.23911,51.89033],[1.23911,51.89033]]}},{"type":"Feature","properties":{"name":null,"kind":"coastline"},"geometry":{"type":"LineString","coordinates":[[1.24228,51.89254],[1.24228,51.89254]]}},{"type":"Feature","properties":{"name":null,"kind":"coastline"},"geometry":{"type":"LineString","coordinates":[[1.2397,51.89015],[1.24211,51.89072],[1.2397,51.89015]]}},{"type":"Feature","properties":{"name":null,"kind":"coastline"},"geometry":{"type":"LineString","coordinates":[[1.24283,51.89181],[1.24283,51.89181]]}},{"type":"Feature","properties":{"name":null,"kind":"coastline"},"geometry":{"type":"LineString","coordinates":[[1.24278,51.88813],[1.24278,51.88813]]}},{"type":"Feature","properties":{"name":null,"kind":"coastline"},"geometry":{"type":"LineString","coordinates":[[1.23886,51.89071],[1.23886,51.89071]]}},{"type":"Feature","properties":{"name":null,"kind":"coastline"},"geometry":{"type":"LineString","coordinates":[[1.24426,51.88915],[1.24544,51.89231],[1.24152,51.88925],[1.24426,51.88915]]}},{"type":"Feature","properties":{"name":null,"kind":"coastline"},"geometry":{"type":"LineString","coordinates":[[1.23766,51.89143],[1.23682,51.89334],[1.24107,51.88905],[1.23766,51.89143]]}},{"type":"Feature","properties":{"name":null,"kind":"coastline"},"geometry":{"type":"LineString","coordinates":[[1.23926,51.89015],[1.23926,51.89015]]}},{"type":"Feature","properties":{"name":null,"kind":"coastline"},"geometry":{"type":"LineString","coordinates":[[1.24529,51.88852],[1.24529,51.88852]]}},{"type":"Feature","properties":{"name":null,"kind":"coastline"},"geometry":{"type":"LineString","coordinates":[[1.23969,51.88996],[1.23969,51.88996]]}},{"type":"Feature","properties":{"name":null,"kind":"coastline"},"geometry":{"type":"LineString","coordinates":[[1.24117,51.89371],[1.23934,51.89272],[1.2434,51.89264],[1.24117,51.89371]]}},{"type":"Feature","properties":{"name":null,"kind":"coastline"},"geometry":{"type":"LineString","coordinates":[[1.21566,51.89822],[1.22538,51.90326]]}},{"type":"Feature","properties":{"name":null,"kind":"coastline"},"geometry":{"type":"LineString","coordinates":[[1.2019,51.88035],[1.20002,51.88399],[1.20498,51.88583]]}},{"type":"Feature","properties":{"name":null,"kind":"coastline"},"geometry":{"type":"LineString","coordinates":[[1.21264,51.89719],[1.21264,51.89719]]}},{"type":"Feature","properties":{"name":null,"kind":"coastline"},"geometry":{"type":"LineString","coordinates":[[1.21666,51.89771],[1.21666,51.89771]]}},{"type":"Feature","properties":{"name":null,"kind":"coastline"},"geometry":{"type":"LineString","coordinates":[[1.21564,51.8976],[1.21564,51.8976]]}},{"type":"Feature","properties":{"name":null,"kind":"coastline"},"geometry":{"type":"LineString","coordinates":[[1.2155,51.8976],[1.2155,51.8976]]}},{"type":"Feature","properties":{"name":null,"kind":"coastline"},"geometry":{"type":"LineString","coordinates":[[1.19462,51.87472],[1.21086,51.87916],[1.2019,51.88035]]}},{"type":"Feature","properties":{"name":null,"kind":"coastline"},"geometry":{"type":"LineString","coordinates":[[1.21613,51.8972],[1.21613,51.8972]]}},{"type":"Feature","properties":{"name":null,"kind":"coastline"},"geometry":{"type":"LineString","coordinates":[[1.21539,51.89707],[1.21539,51.89707]]}},{"type":"Feature","properties":{"name":null,"kind":"coastline"},"geometry":{"type":"LineString","coordinates":[[1.20498,51.88583],[1.22577,51.88968],[1.23045,51.89326],[1.2122,51.89716]]}},{"type":"Feature","properties":{"name":null,"kind":"coastline"},"geometry":{"type":"LineString","coordinates":[[1.22187,51.88823],[1.22187,51.88823]]}},{"type":"Feature","properties":{"name":null,"kind":"coastline"},"geometry":{"type":"LineString","coordinates":[[1.22822,51.89488],[1.22822,51.89488]]}},{"type":"Feature","properties":{"name":null,"kind":"coastline"},"geometry":{"type":"LineString","coordinates":[[1.21929,51.88158],[1.21689,51.88205],[1.21929,51.88158]]}},{"type":"Feature","properties":{"name":null,"kind":"coastline"},"geometry":{"type":"LineString","coordinates":[[1.21836,51.89701],[1.21836,51.89701]]}},{"type":"Feature","properties":{"name":null,"kind":"coastline"},"geometry":{"type":"LineString","coordinates":[[1.2128,51.88187],[1.2128,51.88187]]}},{"type":"Feature","properties":{"name":null,"kind":"coastline"},"geometry":{"type":"LineString","coordinates":[[1.22821,51.8851],[1.22821,51.8851]]}},{"type":"Feature","properties":{"name":null,"kind":"coastline"},"geometry":{"type":"LineString","coordinates":[[1.22236,51.89645],[1.22236,51.89645]]}},{"type":"Feature","properties":{"name":null,"kind":"coastline"},"geometry":{"type":"LineString","coordinates":[[1.22143,51.89662],[1.22143,51.89662]]}},{"type":"Feature","properties":{"name":null,"kind":"coastline"},"geometry":{"type":"LineString","coordinates":[[1.21289,51.88858],[1.21289,51.88858]]}},{"type":"Feature","properties":{"name":null,"kind":"coastline"},"geometry":{"type":"LineString","coordinates":[[1.22106,51.88823],[1.22106,51.88823]]}},{"type":"Feature","properties":{"name":null,"kind":"coastline"},"geometry":{"type":"LineString","coordinates":[[1.22927,51.88515],[1.22927,51.88515]]}},{"type":"Feature","properties":{"name":null,"kind":"coastline"},"geometry":{"type":"LineString","coordinates":[[1.22633,51.8882],[1.22633,51.8882]]}},{"type":"Feature","properties":{"name":null,"kind":"coastline"},"geometry":{"type":"LineString","coordinates":[[1.22379,51.89619],[1.22379,51.89619]]}},{"type":"Feature","properties":{"name":null,"kind":"coastline"},"geometry":{"type":"LineString","coordinates":[[1.22667,51.89537],[1.22667,51.89537]]}},{"type":"Feature","properties":{"name":null,"kind":"coastline"},"geometry":{"type":"LineString","coordinates":[[1.22781,51.88523],[1.22781,51.88523]]}},{"type":"Feature","properties":{"name":null,"kind":"coastline"},"geometry":{"type":"LineString","coordinates":[[1.21265,51.88212],[1.21265,51.88212]]}},{"type":"Feature","properties":{"name":null,"kind":"coastline"},"geometry":{"type":"LineString","coordinates":[[1.2288,51.88584],[1.2288,51.88584]]}},{"type":"Feature","properties":{"name":null,"kind":"coastline"},"geometry":{"type":"LineString","coordinates":[[1.22843,51.89466],[1.22843,51.89466]]}},{"type":"Feature","properties":{"name":null,"kind":"coastline"},"geometry":{"type":"LineString","coordinates":[[1.22751,51.88677],[1.22751,51.88677]]}},{"type":"Feature","properties":{"name":null,"kind":"coastline"},"geometry":{"type":"LineString","coordinates":[[1.22388,51.88424],[1.22388,51.88424]]}},{"type":"Feature","properties":{"name":null,"kind":"coastline"},"geometry":{"type":"LineString","coordinates":[[1.22838,51.88502],[1.22838,51.88502]]}},{"type":"Feature","properties":{"name":null,"kind":"coastline"},"geometry":{"type":"LineString","coordinates":[[1.21649,51.88815],[1.21649,51.88815]]}},{"type":"Feature","properties":{"name":null,"kind":"coastline"},"geometry":{"type":"LineString","coordinates":[[1.22035,51.89693],[1.22035,51.89693]]}},{"type":"Feature","properties":{"name":null,"kind":"coastline"},"geometry":{"type":"LineString","coordinates":[[1.22342,51.88766],[1.22342,51.88766]]}},{"type":"Feature","properties":{"name":null,"kind":"coastline"},"geometry":{"type":"LineString","coordinates":[[1.22961,51.88565],[1.22961,51.88565]]}},{"type":"Feature","properties":{"name":null,"kind":"coastline"},"geometry":{"type":"LineString","coordinates":[[1.22168,51.88281],[1.21975,51.88227],[1.22168,51.88281]]}},{"type":"Feature","properties":{"name":null,"kind":"coastline"},"geometry":{"type":"LineString","coordinates":[[1.22788,51.88514],[1.22788,51.88514]]}},{"type":"Feature","properties":{"name":null,"kind":"coastline"},"geometry":{"type":"LineString","coordinates":[[1.22467,51.88864],[1.22467,51.88864]]}},{"type":"Feature","properties":{"name":null,"kind":"coastline"},"geometry":{"type":"LineString","coordinates":[[1.22888,51.89452],[1.22888,51.89452]]}},{"type":"Feature","properties":{"name":null,"kind":"coastline"},"geometry":{"type":"LineString","coordinates":[[1.228,51.88701],[1.228,51.88701]]}},{"type":"Feature","properties":{"name":null,"kind":"coastline"},"geometry":{"type":"LineString","coordinates":[[1.22969,51.89213],[1.22969,51.89213]]}},{"type":"Feature","properties":{"name":null,"kind":"coastline"},"geometry":{"type":"LineString","coordinates":[[1.21246,51.88167],[1.21246,51.88167]]}},{"type":"Feature","properties":{"name":null,"kind":"coastline"},"geometry":{"type":"LineString","coordinates":[[1.22884,51.89153],[1.22884,51.89153]]}},{"type":"Feature","properties":{"name":null,"kind":"coastline"},"geometry":{"type":"LineString","coordinates":[[1.22204,51.88368],[1.22204,51.88368]]}},{"type":"Feature","properties":{"name":null,"kind":"coastline"},"geometry":{"type":"LineString","coordinates":[[1.2231,51.88831],[1.2231,51.88831]]}},{"type":"Feature","properties":{"name":null,"kind":"coastline"},"geometry":{"type":"LineString","coordinates":[[1.2278,51.88824],[1.22578,51.88849],[1.22962,51.88571],[1.22436,51.88426],[1.22841,51.88476],[1.2278,51.88824]]}},{"type":"Feature","properties":{"name":null,"kind":"coastline"},"geometry":{"type":"LineString","coordinates":[[1.23011,51.8932],[1.23011,51.8932]]}},{"type":"Feature","properties":{"name":null,"kind":"coastline"},"geometry":{"type":"LineString","coordinates":[[1.21204,51.88154],[1.21016,51.88236],[1.21204,51.88154]]}},{"type":"Feature","properties":{"name":null,"kind":"coastline"},"geometry":{"type":"LineString","coordinates":[[1.22514,51.88815],[1.22514,51.88815]]}},{"type":"Feature","properties":{"name":null,"kind":"coastline"},"geometry":{"type":"LineString","coordinates":[[1.21994,51.88819],[1.21994,51.88819]]}},{"type":"Feature","properties":{"name":null,"kind":"coastline"},"geometry":{"type":"LineString","coordinates":[[1.22585,51.88807],[1.22585,51.88807]]}},{"type":"Feature","properties":{"name":null,"kind":"coastline"},"geometry":{"type":"LineString","coordinates":[[1.2269,51.8953],[1.2269,51.8953]]}},{"type":"Feature","properties":{"name":null,"kind":"coastline"},"geometry":{"type":"LineString","coordinates":[[1.22916,51.88576],[1.22916,51.88576]]}},{"type":"Feature","properties":{"name":null,"kind":"coastline"},"geometry":{"type":"LineString","coordinates":[[1.21543,51.88189],[1.21357,51.88098],[1.21543,51.88189]]}},{"type":"Feature","properties":{"name":null,"kind":"coastline"},"geometry":{"type":"LineString","coordinates":[[1.22486,51.88788],[1.22486,51.88788]]}},{"type":"Feature","properties":{"name":null,"kind":"coastline"},"geometry":{"type":"LineString","coordinates":[[1.22892,51.88507],[1.22892,51.88507]]}},{"type":"Feature","properties":{"name":null,"kind":"coastline"},"geometry":{"type":"LineString","coordinates":[[1.22819,51.8944],[1.22819,51.8944]]}},{"type":"Feature","properties":{"name":null,"kind":"coastline"},"geometry":{"type":"LineString","coordinates":[[1.22992,51.8941],[1.22992,51.8941]]}},{"type":"Feature","properties":{"name":null,"kind":"coastline"},"geometry":{"type":"LineString","coordinates":[[1.22549,51.88802],[1.22549,51.88802]]}},{"type":"Feature","properties":{"name":null,"kind":"coastline"},"geometry":{"type":"LineString","coordinates":[[1.21854,51.89702],[1.21854,51.89702]]}},{"type":"Feature","properties":{"name":null,"kind":"coastline"},"geometry":{"type":"LineString","coordinates":[[1.22783,51.89503],[1.22783,51.89503]]}},{"type":"Feature","properties":{"name":null,"kind":"coastline"},"geometry":{"type":"LineString","coordinates":[[1.22909,51.88581],[1.22909,51.88581]]}},{"type":"Feature","properties":{"name":null,"kind":"coastline"},"geometry":{"type":"LineString","coordinates":[[1.22842,51.89079],[1.22842,51.89079]]}},{"type":"Feature","properties":{"name":null,"kind":"coastline"},"geometry":{"type":"LineString","coordinates":[[1.22776,51.88659],[1.22776,51.88659]]}},{"type":"Feature","properties":{"name":null,"kind":"coastline"},"geometry":{"type":"LineString","coordinates":[[1.2295,51.89447],[1.2295,51.89447]]}},{"type":"Feature","properties":{"name":null,"kind":"coastline"},"geometry":{"type":"LineString","coordinates":[[1.22751,51.88709],[1.22751,51.88709]]}},{"type":"Feature","properties":{"name":null,"kind":"coastline"},"geometry":{"type":"LineString","coordinates":[[1.22925,51.88526],[1.22925,51.88526]]}},{"type":"Feature","properties":{"name":null,"kind":"coastline"},"geometry":{"type":"LineString","coordinates":[[1.2297,51.89433],[1.2297,51.89433]]}},{"type":"Feature","properties":{"name":null,"kind":"coastline"},"geometry":{"type":"LineString","coordinates":[[1.2052,51.88305],[1.2052,51.88305]]}},{"type":"Feature","properties":{"name":null,"kind":"coastline"},"geometry":{"type":"LineString","coordinates":[[1.20405,51.88275],[1.20405,51.88275]]}},{"type":"Feature","properties":{"name":null,"kind":"coastline"},"geometry":{"type":"LineString","coordinates":[[1.20272,51.88339],[1.20272,51.88339]]}},{"type":"Feature","properties":{"name":null,"kind":"coastline"},"geometry":{"type":"LineString","coordinates":[[1.20409,51.88309],[1.20409,51.88309]]}},{"type":"Feature","properties":{"name":null,"kind":"coastline"},"geometry":{"type":"LineString","coordinates":[[1.20444,51.88322],[1.20444,51.88322]]}},{"type":"Feature","properties":{"name":null,"kind":"coastline"},"geometry":{"type":"LineString","coordinates":[[1.20508,51.88238],[1.20508,51.88238]]}},{"type":"Feature","properties":{"name":null,"kind":"coastline"},"geometry":{"type":"LineString","coordinates":[[1.20383,51.88357],[1.20383,51.88357]]}},{"type":"Feature","properties":{"name":null,"kind":"coastline"},"geometry":{"type":"LineString","coordinates":[[1.20921,51.88224],[1.20921,51.88224]]}},{"type":"Feature","properties":{"name":null,"kind":"coastline"},"geometry":{"type":"LineString","coordinates":[[1.20564,51.88307],[1.20564,51.88307]]}},{"type":"Feature","properties":{"name":null,"kind":"coastline"},"geometry":{"type":"LineString","coordinates":[[1.20462,51.8835],[1.20462,51.8835]]}},{"type":"Feature","properties":{"name":null,"kind":"coastline"},"geometry":{"type":"LineString","coordinates":[[1.20784,51.88177],[1.20784,51.88177]]}},{"type":"Feature","properties":{"name":null,"kind":"coastline"},"geometry":{"type":"LineString","coordinates":[[1.20639,51.88363],[1.20639,51.88363]]}},{"type":"Feature","properties":{"name":null,"kind":"coastline"},"geometry":{"type":"LineString","coordinates":[[1.20551,51.87889],[1.20551,51.87889]]}},{"type":"Feature","properties":{"name":null,"kind":"coastline"},"geometry":{"type":"LineString","coordinates":[[1.20862,51.88093],[1.20862,51.88093]]}},{"type":"Feature","properties":{"name":null,"kind":"coastline"},"geometry":{"type":"LineString","coordinates":[[1.20423,51.87954],[1.20423,51.87954]]}},{"type":"Feature","properties":{"name":null,"kind":"coastline"},"geometry":{"type":"LineString","coordinates":[[1.20857,51.88087],[1.20857,51.88087]]}},{"type":"Feature","properties":{"name":null,"kind":"coastline"},"geometry":{"type":"LineString","coordinates":[[1.20755,51.88035],[1.20755,51.88035]]}},{"type":"Feature","properties":{"name":null,"kind":"coastline"},"geometry":{"type":"LineString","coordinates":[[1.20414,51.87877],[1.20414,51.87877]]}},{"type":"Feature","properties":{"name":null,"kind":"coastline"},"geometry":{"type":"LineString","coordinates":[[1.20593,51.88473],[1.20593,51.88473]]}},{"type":"Feature","properties":{"name":null,"kind":"coastline"},"geometry":{"type":"LineString","coordinates":[[1.20785,51.88072],[1.20785,51.88072]]}},{"type":"Feature","properties":{"name":null,"kind":"coastline"},"geometry":{"type":"LineString","coordinates":[[1.20615,51.88103],[1.20615,51.88103]]}},{"type":"Feature","properties":{"name":null,"kind":"coastline"},"geometry":{"type":"LineString","coordinates":[[1.20624,51.88174],[1.20624,51.88174]]}},{"type":"Feature","properties":{"name":null,"kind":"coastline"},"geometry":{"type":"LineString","coordinates":[[1.20218,51.87979],[1.20218,51.87979]]}},{"type":"Feature","properties":{"name":null,"kind":"coastline"},"geometry":{"type":"LineString","coordinates":[[1.20721,51.88093],[1.20721,51.88093]]}},{"type":"Feature","properties":{"name":null,"kind":"coastline"},"geometry":{"type":"LineString","coordinates":[[1.20501,51.87963],[1.20501,51.87963]]}},{"type":"Feature","properties":{"name":null,"kind":"coastline"},"geometry":{"type":"LineString","coordinates":[[1.20487,51.88492],[1.20487,51.88492]]}},{"type":"Feature","properties":{"name":null,"kind":"coastline"},"geometry":{"type":"LineString","coordinates":[[1.20656,51.87916],[1.20656,51.87916]]}},{"type":"Feature","properties":{"name":null,"kind":"coastline"},"geometry":{"type":"LineString","coordinates":[[1.20657,51.87964],[1.20657,51.87964]]}},{"type":"Feature","properties":{"name":null,"kind":"coastline"},"geometry":{"type":"LineString","coordinates":[[1.20613,51.87981],[1.20613,51.87981]]}},{"type":"Feature","properties":{"name":null,"kind":"coastline"},"geometry":{"type":"LineString","coordinates":[[1.20555,51.88],[1.20555,51.88]]}},{"type":"Feature","properties":{"name":null,"kind":"coastline"},"geometry":{"type":"LineString","coordinates":[[1.20628,51.88508],[1.20628,51.88508]]}},{"type":"Feature","properties":{"name":null,"kind":"coastline"},"geometry":{"type":"LineString","coordinates":[[1.20796,51.88103],[1.20796,51.88103]]}},{"type":"Feature","properties":{"name":null,"kind":"coastline"},"geometry":{"type":"LineString","coordinates":[[1.2073,51.87943],[1.2073,51.87943]]}},{"type":"Feature","properties":{"name":null,"kind":"coastline"},"geometry":{"type":"LineString","coordinates":[[1.20483,51.87939],[1.20483,51.87939]]}},{"type":"Feature","properties":{"name":null,"kind":"coastline"},"geometry":{"type":"LineString","coordinates":[[1.2049,51.87912],[1.2049,51.87912]]}},{"type":"Feature","properties":{"name":null,"kind":"coastline"},"geometry":{"type":"LineString","coordinates":[[1.20406,51.87983],[1.20406,51.87983]]}},{"type":"Feature","properties":{"name":null,"kind":"coastline"},"geometry":{"type":"LineString","coordinates":[[1.20344,51.87857],[1.20344,51.87857]]}},{"type":"Feature","properties":{"name":null,"kind":"coastline"},"geometry":{"type":"LineString","coordinates":[[1.2061,51.8848],[1.2061,51.8848]]}},{"type":"Feature","properties":{"name":null,"kind":"coastline"},"geometry":{"type":"LineString","coordinates":[[1.20381,51.87925],[1.20381,51.87925]]}},{"type":"Feature","properties":{"name":null,"kind":"coastline"},"geometry":{"type":"LineString","coordinates":[[1.20482,51.87902],[1.20482,51.87902]]}},{"type":"Feature","properties":{"name":null,"kind":"coastline"},"geometry":{"type":"LineString","coordinates":[[1.20648,51.88172],[1.20648,51.88172]]}},{"type":"Feature","properties":{"name":null,"kind":"coastline"},"geometry":{"type":"LineString","coordinates":[[1.206,51.88031],[1.206,51.88031]]}},{"type":"Feature","properties":{"name":null,"kind":"coastline"},"geometry":{"type":"LineString","coordinates":[[1.20452,51.87961],[1.20452,51.87961]]}},{"type":"Feature","properties":{"name":null,"kind":"coastline"},"geometry":{"type":"LineString","coordinates":[[1.20525,51.87947],[1.20525,51.87947]]}},{"type":"Feature","properties":{"name":null,"kind":"coastline"},"geometry":{"type":"LineString","coordinates":[[1.20862,51.88073],[1.20862,51.88073]]}},{"type":"Feature","properties":{"name":null,"kind":"coastline"},"geometry":{"type":"LineString","coordinates":[[1.20558,51.88498],[1.20558,51.88498]]}},{"type":"Feature","properties":{"name":null,"kind":"coastline"},"geometry":{"type":"LineString","coordinates":[[1.19997,51.88206],[1.19997,51.88206]]}},{"type":"Feature","properties":{"name":null,"kind":"coastline"},"geometry":{"type":"LineString","coordinates":[[1.20672,51.87959],[1.20672,51.87959]]}},{"type":"Feature","properties":{"name":null,"kind":"coastline"},"geometry":{"type":"LineString","coordinates":[[1.20537,51.87928],[1.20537,51.87928]]}},{"type":"Feature","properties":{"name":null,"kind":"coastline"},"geometry":{"type":"LineString","coordinates":[[1.20535,51.88011],[1.20535,51.88011]]}},{"type":"Feature","properties":{"name":null,"kind":"coastline"},"geometry":{"type":"LineString","coordinates":[[1.20627,51.87894],[1.20627,51.87894]]}},{"type":"Feature","properties":{"name":null,"kind":"coastline"},"geometry":{"type":"LineString","coordinates":[[1.20401,51.88003],[1.20401,51.88003]]}},{"type":"Feature","properties":{"name":null,"kind":"coastline"},"geometry":{"type":"LineString","coordinates":[[1.20745,51.87946],[1.20745,51.87946]]}},{"type":"Feature","properties":{"name":null,"kind":"coastline"},"geometry":{"type":"LineString","coordinates":[[1.20631,51.87981],[1.20631,51.87981]]}},{"type":"Feature","properties":{"name":null,"kind":"coastline"},"geometry":{"type":"LineString","coordinates":[[1.20568,51.88001],[1.20568,51.88001]]}},{"type":"Feature","properties":{"name":null,"kind":"coastline"},"geometry":{"type":"LineString","coordinates":[[1.20558,51.88533],[1.20558,51.88533]]}},{"type":"Feature","properties":{"name":null,"kind":"coastline"},"geometry":{"type":"LineString","coordinates":[[1.20927,51.88092],[1.20927,51.88092]]}},{"type":"Feature","properties":{"name":null,"kind":"coastline"},"geometry":{"type":"LineString","coordinates":[[1.20659,51.88062],[1.20659,51.88062]]}},{"type":"Feature","properties":{"name":null,"kind":"coastline"},"geometry":{"type":"LineString","coordinates":[[1.20617,51.88513],[1.20617,51.88513]]}},{"type":"Feature","properties":{"name":null,"kind":"coastline"},"geometry":{"type":"LineString","coordinates":[[1.20193,51.88001],[1.20193,51.88001]]}},{"type":"Feature","properties":{"name":null,"kind":"coastline"},"geometry":{"type":"LineString","coordinates":[[1.20693,51.8794],[1.20693,51.8794]]}},{"type":"Feature","properties":{"name":null,"kind":"coastline"},"geometry":{"type":"LineString","coordinates":[[1.2044,51.87935],[1.2044,51.87935]]}},{"type":"Feature","properties":{"name":null,"kind":"coastline"},"geometry":{"type":"LineString","coordinates":[[1.20985,51.88009],[1.20985,51.88009]]}},{"type":"Feature","properties":{"name":null,"kind":"coastline"},"geometry":{"type":"LineString","coordinates":[[1.20911,51.87717],[1.20911,51.87717]]}},{"type":"Feature","properties":{"name":null,"kind":"coastline"},"geometry":{"type":"LineString","coordinates":[[1.20891,51.87715],[1.20891,51.87715]]}},{"type":"Feature","properties":{"name":null,"kind":"coastline"},"geometry":{"type":"LineString","coordinates":[[1.20623,51.8756],[1.20623,51.8756]]}},{"type":"Feature","properties":{"name":null,"kind":"coastline"},"geometry":{"type":"LineString","coordinates":[[1.21087,51.87809],[1.21087,51.87809]]}},{"type":"Feature","properties":{"name":null,"kind":"coastline"},"geometry":{"type":"LineString","coordinates":[[1.20707,51.87552],[1.20707,51.87552]]}},{"type":"Feature","properties":{"name":null,"kind":"coastline"},"geometry":{"type":"LineString","coordinates":[[1.20447,51.87651],[1.20447,51.87651]]}},{"type":"Feature","properties":{"name":null,"kind":"coastline"},"geometry":{"type":"LineString","coordinates":[[1.21001,51.87636],[1.21001,51.87636]]}},{"type":"Feature","properties":{"name":null,"kind":"coastline"},"geometry":{"type":"LineString","coordinates":[[1.20291,51.87748],[1.20291,51.87748]]}},{"type":"Feature","properties":{"name":null,"kind":"coastline"},"geometry":{"type":"LineString","coordinates":[[1.2096,51.87604],[1.2096,51.87604]]}},{"type":"Feature","properties":{"name":null,"kind":"coastline"},"geometry":{"type":"LineString","coordinates":[[1.2058,51.87574],[1.2058,51.87574]]}},{"type":"Feature","properties":{"name":null,"kind":"coastline"},"geometry":{"type":"LineString","coordinates":[[1.21055,51.877],[1.21055,51.877]]}},{"type":"Feature","properties":{"name":null,"kind":"coastline"},"geometry":{"type":"LineString","coordinates":[[1.2084,51.87656],[1.2084,51.87656]]}},{"type":"Feature","properties":{"name":null,"kind":"coastline"},"geometry":{"type":"LineString","coordinates":[[1.20829,51.8797],[1.20829,51.8797]]}},{"type":"Feature","properties":{"name":null,"kind":"coastline"},"geometry":{"type":"LineString","coordinates":[[1.20778,51.87891],[1.20778,51.87891]]}},{"type":"Feature","properties":{"name":null,"kind":"coastline"},"geometry":{"type":"LineString","coordinates":[[1.20547,51.8754],[1.20547,51.8754]]}},{"type":"Feature","properties":{"name":null,"kind":"coastline"},"geometry":{"type":"LineString","coordinates":[[1.20406,51.8782],[1.20406,51.8782]]}},{"type":"Feature","properties":{"name":null,"kind":"coastline"},"geometry":{"type":"LineString","coordinates":[[1.21032,51.878],[1.21032,51.878]]}},{"type":"Feature","properties":{"name":null,"kind":"coastline"},"geometry":{"type":"LineString","coordinates":[[1.20622,51.87665],[1.20622,51.87665]]}},{"type":"Feature","properties":{"name":null,"kind":"coastline"},"geometry":{"type":"LineString","coordinates":[[1.20273,51.87684],[1.20273,51.87684]]}},{"type":"Feature","properties":{"name":null,"kind":"coastline"},"geometry":{"type":"LineString","coordinates":[[1.21045,51.87682],[1.21045,51.87682]]}},{"type":"Feature","properties":{"name":null,"kind":"coastline"},"geometry":{"type":"LineString","coordinates":[[1.20309,51.87823],[1.20309,51.87823]]}},{"type":"Feature","properties":{"name":null,"kind":"coastline"},"geometry":{"type":"LineString","coordinates":[[1.21214,51.87822],[1.21214,51.87822]]}},{"type":"Feature","properties":{"name":null,"kind":"coastline"},"geometry":{"type":"LineString","coordinates":[[1.20819,51.8768],[1.20819,51.8768]]}},{"type":"Feature","properties":{"name":null,"kind":"coastline"},"geometry":{"type":"LineString","coordinates":[[1.20925,51.88049],[1.20925,51.88049]]}},{"type":"Feature","properties":{"name":null,"kind":"coastline"},"geometry":{"type":"LineString","coordinates":[[1.21034,51.87698],[1.21034,51.87698]]}},{"type":"Feature","properties":{"name":null,"kind":"coastline"},"geometry":{"type":"LineString","coordinates":[[1.20393,51.87774],[1.20393,51.87774]]}},{"type":"Feature","properties":{"name":null,"kind":"coastline"},"geometry":{"type":"LineString","coordinates":[[1.21072,51.87708],[1.21072,51.87708]]}},{"type":"Feature","properties":{"name":null,"kind":"coastline"},"geometry":{"type":"LineString","coordinates":[[1.20871,51.87801],[1.20871,51.87801]]}},{"type":"Feature","properties":{"name":null,"kind":"coastline"},"geometry":{"type":"LineString","coordinates":[[1.21103,51.87707],[1.21103,51.87707]]}},{"type":"Feature","properties":{"name":null,"kind":"coastline"},"geometry":{"type":"LineString","coordinates":[[1.20466,51.87645],[1.20466,51.87645]]}},{"type":"Feature","properties":{"name":null,"kind":"coastline"},"geometry":{"type":"LineString","coordinates":[[1.21048,51.87658],[1.21048,51.87658]]}},{"type":"Feature","properties":{"name":null,"kind":"coastline"},"geometry":{"type":"LineString","coordinates":[[1.20459,51.87571],[1.20459,51.87571]]}},{"type":"Feature","properties":{"name":null,"kind":"coastline"},"geometry":{"type":"LineString","coordinates":[[1.20369,51.87772],[1.20369,51.87772]]}},{"type":"Feature","properties":{"name":null,"kind":"coastline"},"geometry":{"type":"LineString","coordinates":[[1.21096,51.87741],[1.21096,51.87741]]}},{"type":"Feature","properties":{"name":null,"kind":"coastline"},"geometry":{"type":"LineString","coordinates":[[1.20863,51.87785],[1.20863,51.87785]]}},{"type":"Feature","properties":{"name":null,"kind":"coastline"},"geometry":{"type":"LineString","coordinates":[[1.21019,51.87803],[1.21019,51.87803]]}},{"type":"Feature","properties":{"name":null,"kind":"coastline"},"geometry":{"type":"LineString","coordinates":[[1.21171,51.87726],[1.21171,51.87726]]}},{"type":"Feature","properties":{"name":null,"kind":"coastline"},"geometry":{"type":"LineString","coordinates":[[1.20777,51.87875],[1.20777,51.87875]]}},{"type":"Feature","properties":{"name":null,"kind":"coastline"},"geometry":{"type":"LineString","coordinates":[[1.21029,51.88064],[1.21029,51.88064]]}},{"type":"Feature","properties":{"name":null,"kind":"coastline"},"geometry":{"type":"LineString","coordinates":[[1.2042,51.87643],[1.2042,51.87643]]}},{"type":"Feature","properties":{"name":null,"kind":"coastline"},"geometry":{"type":"LineString","coordinates":[[1.21137,51.87826],[1.21137,51.87826]]}},{"type":"Feature","properties":{"name":null,"kind":"coastline"},"geometry":{"type":"LineString","coordinates":[[1.20793,51.87674],[1.20793,51.87674]]}},{"type":"Feature","properties":{"name":null,"kind":"coastline"},"geometry":{"type":"LineString","coordinates":[[1.21013,51.87794],[1.21013,51.87794]]}},{"type":"Feature","properties":{"name":null,"kind":"coastline"},"geometry":{"type":"LineString","coordinates":[[1.20848,51.87587],[1.20848,51.87587]]}},{"type":"Feature","properties":{"name":null,"kind":"coastline"},"geometry":{"type":"LineString","coordinates":[[1.21061,51.87679],[1.21061,51.87679]]}},{"type":"Feature","properties":{"name":null,"kind":"coastline"},"geometry":{"type":"LineString","coordinates":[[1.21048,51.88076],[1.21048,51.88076]]}},{"type":"Feature","properties":{"name":null,"kind":"coastline"},"geometry":{"type":"LineString","coordinates":[[1.21189,51.87793],[1.21189,51.87793]]}},{"type":"Feature","properties":{"name":null,"kind":"coastline"},"geometry":{"type":"LineString","coordinates":[[1.20213,51.87726],[1.20213,51.87726]]}},{"type":"Feature","properties":{"name":null,"kind":"coastline"},"geometry":{"type":"LineString","coordinates":[[1.20496,51.87499],[1.20496,51.87499]]}},{"type":"Feature","properties":{"name":null,"kind":"coastline"},"geometry":{"type":"LineString","coordinates":[[1.20588,51.87546],[1.20588,51.87546]]}},{"type":"Feature","properties":{"name":null,"kind":"coastline"},"geometry":{"type":"LineString","coordinates":[[1.20554,51.87852],[1.20554,51.87852]]}},{"type":"Feature","properties":{"name":null,"kind":"coastline"},"geometry":{"type":"LineString","coordinates":[[1.20936,51.8801],[1.20936,51.8801]]}},{"type":"Feature","properties":{"name":null,"kind":"coastline"},"geometry":{"type":"LineString","coordinates":[[1.19861,51.87729],[1.19861,51.87729]]}},{"type":"Feature","properties":{"name":null,"kind":"coastline"},"geometry":{"type":"LineString","coordinates":[[1.20772,51.87648],[1.20772,51.87648]]}},{"type":"Feature","properties":{"name":null,"kind":"coastline"},"geometry":{"type":"LineString","coordinates":[[1.20514,51.87656],[1.20514,51.87656]]}},{"type":"Feature","properties":{"name":null,"kind":"coastline"},"geometry":{"type":"LineString","coordinates":[[1.20905,51.88014],[1.20905,51.88014]]}},{"type":"Feature","properties":{"name":null,"kind":"coastline"},"geometry":{"type":"LineString","coordinates":[[1.20817,51.87594],[1.20817,51.87594]]}},{"type":"Feature","properties":{"name":null,"kind":"coastline"},"geometry":{"type":"LineString","coordinates":[[1.20552,51.8766],[1.20552,51.8766]]}},{"type":"Feature","properties":{"name":null,"kind":"coastline"},"geometry":{"type":"LineString","coordinates":[[1.20898,51.87749],[1.20898,51.87749]]}},{"type":"Feature","properties":{"name":null,"kind":"coastline"},"geometry":{"type":"LineString","coordinates":[[1.20748,51.87653],[1.20748,51.87653]]}},{"type":"Feature","properties":{"name":null,"kind":"coastline"},"geometry":{"type":"LineString","coordinates":[[1.20937,51.87591],[1.20937,51.87591]]}},{"type":"Feature","properties":{"name":null,"kind":"coastline"},"geometry":{"type":"LineString","coordinates":[[1.20875,51.87567],[1.20875,51.87567]]}},{"type":"Feature","properties":{"name":null,"kind":"coastline"},"geometry":{"type":"LineString","coordinates":[[1.20445,51.87501],[1.20445,51.87501]]}},{"type":"Feature","properties":{"name":null,"kind":"coastline"},"geometry":{"type":"LineString","coordinates":[[1.20691,51.87782],[1.20691,51.87782]]}},{"type":"Feature","properties":{"name":null,"kind":"coastline"},"geometry":{"type":"LineString","coordinates":[[1.20624,51.87595],[1.20624,51.87595]]}},{"type":"Feature","properties":{"name":null,"kind":"coastline"},"geometry":{"type":"LineString","coordinates":[[1.20766,51.87669],[1.20766,51.87669]]}},{"type":"Feature","properties":{"name":null,"kind":"coastline"},"geometry":{"type":"LineString","coordinates":[[1.20415,51.87474],[1.20415,51.87474]]}},{"type":"Feature","properties":{"name":null,"kind":"coastline"},"geometry":{"type":"LineString","coordinates":[[1.19993,51.87765],[1.19993,51.87765]]}},{"type":"Feature","properties":{"name":null,"kind":"coastline"},"geometry":{"type":"LineString","coordinates":[[1.20478,51.87844],[1.20478,51.87844]]}},{"type":"Feature","properties":{"name":null,"kind":"coastline"},"geometry":{"type":"LineString","coordinates":[[1.2063,51.87777],[1.2063,51.87777]]}},{"type":"Feature","properties":{"name":null,"kind":"coastline"},"geometry":{"type":"LineString","coordinates":[[1.2069,51.87876],[1.2069,51.87876]]}},{"type":"Feature","properties":{"name":null,"kind":"coastline"},"geometry":{"type":"LineString","coordinates":[[1.20417,51.8761],[1.20417,51.8761]]}},{"type":"Feature","properties":{"name":null,"kind":"coastline"},"geometry":{"type":"LineString","coordinates":[[1.19999,51.8775],[1.19999,51.8775]]}},{"type":"Feature","properties":{"name":null,"kind":"coastline"},"geometry":{"type":"LineString","coordinates":[[1.20276,51.87583],[1.20276,51.87583]]}},{"type":"Feature","properties":{"name":null,"kind":"coastline"},"geometry":{"type":"LineString","coordinates":[[1.21319,51.87897],[1.21319,51.87897]]}},{"type":"Feature","properties":{"name":null,"kind":"coastline"},"geometry":{"type":"LineString","coordinates":[[1.20914,51.87725],[1.20914,51.87725]]}},{"type":"Feature","properties":{"name":null,"kind":"coastline"},"geometry":{"type":"LineString","coordinates":[[1.21283,51.87845],[1.21283,51.87845]]}},{"type":"Feature","properties":{"name":null,"kind":"coastline"},"geometry":{"type":"LineString","coordinates":[[1.2088,51.87696],[1.2088,51.87696]]}},{"type":"Feature","properties":{"name":null,"kind":"coastline"},"geometry":{"type":"LineString","coordinates":[[1.20593,51.87545],[1.20593,51.87545]]}},{"type":"Feature","properties":{"name":null,"kind":"coastline"},"geometry":{"type":"LineString","coordinates":[[1.21104,51.87644],[1.21104,51.87644]]}},{"type":"Feature","properties":{"name":null,"kind":"coastline"},"geometry":{"type":"LineString","coordinates":[[1.20525,51.87661],[1.20525,51.87661]]}},{"type":"Feature","properties":{"name":null,"kind":"coastline"},"geometry":{"type":"LineString","coordinates":[[1.20999,51.87615],[1.20999,51.87615]]}},{"type":"Feature","properties":{"name":null,"kind":"coastline"},"geometry":{"type":"LineString","coordinates":[[1.20887,51.87932],[1.20887,51.87932]]}},{"type":"Feature","properties":{"name":null,"kind":"coastline"},"geometry":{"type":"LineString","coordinates":[[1.20536,51.87567],[1.20536,51.87567]]}},{"type":"Feature","properties":{"name":null,"kind":"coastline"},"geometry":{"type":"LineString","coordinates":[[1.21089,51.87846],[1.21089,51.87846]]}},{"type":"Feature","properties":{"name":null,"kind":"coastline"},"geometry":{"type":"LineString","coordinates":[[1.20404,51.8751],[1.20404,51.8751]]}},{"type":"Feature","properties":{"name":null,"kind":"coastline"},"geometry":{"type":"LineString","coordinates":[[1.20755,51.87739],[1.20755,51.87739]]}},{"type":"Feature","properties":{"name":null,"kind":"coastline"},"geometry":{"type":"LineString","coordinates":[[1.20827,51.87553],[1.20827,51.87553]]}},{"type":"Feature","properties":{"name":null,"kind":"coastline"},"geometry":{"type":"LineString","coordinates":[[1.20715,51.87694],[1.20715,51.87694]]}},{"type":"Feature","properties":{"name":null,"kind":"coastline"},"geometry":{"type":"LineString","coordinates":[[1.20644,51.87754],[1.20644,51.87754]]}},{"type":"Feature","properties":{"name":null,"kind":"coastline"},"geometry":{"type":"LineString","coordinates":[[1.20534,51.87562],[1.20534,51.87562]]}},{"type":"Feature","properties":{"name":null,"kind":"coastline"},"geometry":{"type":"LineString","coordinates":[[1.20844,51.87954],[1.20844,51.87954]]}},{"type":"Feature","properties":{"name":null,"kind":"coastline"},"geometry":{"type":"LineString","coordinates":[[1.20937,51.87745],[1.20937,51.87745]]}},{"type":"Feature","properties":{"name":null,"kind":"coastline"},"geometry":{"type":"LineString","coordinates":[[1.20533,51.87493],[1.20533,51.87493]]}},{"type":"Feature","properties":{"name":null,"kind":"coastline"},"geometry":{"type":"LineString","coordinates":[[1.20759,51.87668],[1.20759,51.87668]]}},{"type":"Feature","properties":{"name":null,"kind":"coastline"},"geometry":{"type":"LineString","coordinates":[[1.20433,51.87822],[1.20433,51.87822]]}},{"type":"Feature","properties":{"name":null,"kind":"coastline"},"geometry":{"type":"LineString","coordinates":[[1.20909,51.87638],[1.20909,51.87638]]}},{"type":"Feature","properties":{"name":null,"kind":"coastline"},"geometry":{"type":"LineString","coordinates":[[1.20902,51.87709],[1.20902,51.87709]]}},{"type":"Feature","properties":{"name":null,"kind":"coastline"},"geometry":{"type":"LineString","coordinates":[[1.20307,51.8767],[1.20307,51.8767]]}},{"type":"Feature","properties":{"name":null,"kind":"coastline"},"geometry":{"type":"LineString","coordinates":[[1.20314,51.87832],[1.20314,51.87832]]}},{"type":"Feature","properties":{"name":null,"kind":"coastline"},"geometry":{"type":"LineString","coordinates":[[1.20638,51.87531],[1.20638,51.87531]]}},{"type":"Feature","properties":{"name":null,"kind":"coastline"},"geometry":{"type":"LineString","coordinates":[[1.20159,51.87746],[1.20159,51.87746]]}},{"type":"Feature","properties":{"name":null,"kind":"coastline"},"geometry":{"type":"LineString","coordinates":[[1.21213,51.878],[1.21213,51.878]]}},{"type":"Feature","properties":{"name":null,"kind":"coastline"},"geometry":{"type":"LineString","coordinates":[[1.20835,51.87674],[1.20835,51.87674]]}},{"type":"Feature","properties":{"name":null,"kind":"coastline"},"geometry":{"type":"LineString","coordinates":[[1.20999,51.88064],[1.20999,51.88064]]}},{"type":"Feature","properties":{"name":null,"kind":"coastline"},"geometry":{"type":"LineString","coordinates":[[1.20868,51.87736],[1.20868,51.87736]]}},{"type":"Feature","properties":{"name":null,"kind":"coastline"},"geometry":{"type":"LineString","coordinates":[[1.2108,51.87677],[1.2108,51.87677]]}},{"type":"Feature","properties":{"name":null,"kind":"coastline"},"geometry":{"type":"LineString","coordinates":[[1.2081,51.87715],[1.2081,51.87715]]}},{"type":"Feature","properties":{"name":null,"kind":"coastline"},"geometry":{"type":"LineString","coordinates":[[1.20989,51.87728],[1.20989,51.87728]]}},{"type":"Feature","properties":{"name":null,"kind":"coastline"},"geometry":{"type":"LineString","coordinates":[[1.21107,51.87677],[1.21107,51.87677]]}},{"type":"Feature","properties":{"name":null,"kind":"coastline"},"geometry":{"type":"LineString","coordinates":[[1.20408,51.87678],[1.20408,51.87678]]}},{"type":"Feature","properties":{"name":null,"kind":"coastline"},"geometry":{"type":"LineString","coordinates":[[1.21027,51.87644],[1.21027,51.87644]]}},{"type":"Feature","properties":{"name":null,"kind":"coastline"},"geometry":{"type":"LineString","coordinates":[[1.20469,51.87559],[1.20469,51.87559]]}},{"type":"Feature","properties":{"name":null,"kind":"coastline"},"geometry":{"type":"LineString","coordinates":[[1.20346,51.87765],[1.20346,51.87765]]}},{"type":"Feature","properties":{"name":null,"kind":"coastline"},"geometry":{"type":"LineString","coordinates":[[1.21079,51.87692],[1.21079,51.87692]]}},{"type":"Feature","properties":{"name":null,"kind":"coastline"},"geometry":{"type":"LineString","coordinates":[[1.20816,51.8788],[1.20816,51.8788]]}},{"type":"Feature","properties":{"name":null,"kind":"coastline"},"geometry":{"type":"LineString","coordinates":[[1.20532,51.87586],[1.20331,51.87588],[1.20532,51.87586]]}},{"type":"Feature","properties":{"name":null,"kind":"coastline"},"geometry":{"type":"LineString","coordinates":[[1.20107,51.8764],[1.20107,51.8764]]}},{"type":"Feature","properties":{"name":null,"kind":"coastline"},"geometry":{"type":"LineString","coordinates":[[1.21019,51.8779],[1.21019,51.8779]]}},{"type":"Feature","properties":{"name":null,"kind":"coastline"},"geometry":{"type":"LineString","coordinates":[[1.2103,51.87675],[1.2103,51.87675]]}},{"type":"Feature","properties":{"name":null,"kind":"coastline"},"geometry":{"type":"LineString","coordinates":[[1.21093,51.88046],[1.21093,51.88046]]}},{"type":"Feature","properties":{"name":null,"kind":"coastline"},"geometry":{"type":"LineString","coordinates":[[1.21155,51.87783],[1.21155,51.87783]]}},{"type":"Feature","properties":{"name":null,"kind":"coastline"},"geometry":{"type":"LineString","coordinates":[[1.20505,51.87518],[1.20505,51.87518]]}},{"type":"Feature","properties":{"name":null,"kind":"coastline"},"geometry":{"type":"LineString","coordinates":[[1.21043,51.87766],[1.21043,51.87766]]}},{"type":"Feature","properties":{"name":null,"kind":"coastline"},"geometry":{"type":"LineString","coordinates":[[1.21068,51.87736],[1.21068,51.87736]]}},{"type":"Feature","properties":{"name":null,"kind":"coastline"},"geometry":{"type":"LineString","coordinates":[[1.20801,51.87676],[1.20801,51.87676]]}},{"type":"Feature","properties":{"name":null,"kind":"coastline"},"geometry":{"type":"LineString","coordinates":[[1.20515,51.8764],[1.20515,51.8764]]}},{"type":"Feature","properties":{"name":null,"kind":"coastline"},"geometry":{"type":"LineString","coordinates":[[1.20919,51.88041],[1.20919,51.88041]]}},{"type":"Feature","properties":{"name":null,"kind":"coastline"},"geometry":{"type":"LineString","coordinates":[[1.20539,51.87652],[1.20539,51.87652]]}},{"type":"Feature","properties":{"name":null,"kind":"coastline"},"geometry":{"type":"LineString","coordinates":[[1.20996,51.87753],[1.20996,51.87753]]}},{"type":"Feature","properties":{"name":null,"kind":"coastline"},"geometry":{"type":"LineString","coordinates":[[1.20759,51.87655],[1.20759,51.87655]]}},{"type":"Feature","properties":{"name":null,"kind":"coastline"},"geometry":{"type":"LineString","coordinates":[[1.20864,51.87608],[1.20864,51.87608]]}},{"type":"Feature","properties":{"name":null,"kind":"coastline"},"geometry":{"type":"LineString","coordinates":[[1.20477,51.8764],[1.20477,51.8764]]}},{"type":"Feature","properties":{"name":null,"kind":"coastline"},"geometry":{"type":"LineString","coordinates":[[1.20223,51.87582],[1.20223,51.87582]]}},{"type":"Feature","properties":{"name":null,"kind":"coastline"},"geometry":{"type":"LineString","coordinates":[[1.20501,51.87702],[1.20501,51.87702]]}},{"type":"Feature","properties":{"name":null,"kind":"coastline"},"geometry":{"type":"LineString","coordinates":[[1.21129,51.87718],[1.21129,51.87718]]}},{"type":"Feature","properties":{"name":null,"kind":"coastline"},"geometry":{"type":"LineString","coordinates":[[1.20442,51.87568],[1.20442,51.87568]]}},{"type":"Feature","properties":{"name":null,"kind":"coastline"},"geometry":{"type":"LineString","coordinates":[[1.20718,51.87639],[1.20718,51.87639]]}},{"type":"Feature","properties":{"name":null,"kind":"coastline"},"geometry":{"type":"LineString","coordinates":[[1.20536,51.87853],[1.20536,51.87853]]}},{"type":"Feature","properties":{"name":null,"kind":"coastline"},"geometry":{"type":"LineString","coordinates":[[1.21167,51.87859],[1.21167,51.87859]]}},{"type":"Feature","properties":{"name":null,"kind":"coastline"},"geometry":{"type":"LineString","coordinates":[[1.20613,51.87798],[1.20613,51.87798]]}},{"type":"Feature","properties":{"name":null,"kind":"coastline"},"geometry":{"type":"LineString","coordinates":[[1.21021,51.87801],[1.21021,51.87801]]}},{"type":"Feature","properties":{"name":null,"kind":"coastline"},"geometry":{"type":"LineString","coordinates":[[1.21146,51.87715],[1.21146,51.87715]]}},{"type":"Feature","properties":{"name":null,"kind":"coastline"},"geometry":{"type":"LineString","coordinates":[[1.20729,51.87864],[1.20729,51.87864]]}},{"type":"Feature","properties":{"name":null,"kind":"coastline"},"geometry":{"type":"LineString","coordinates":[[1.20405,51.87642],[1.20405,51.87642]]}},{"type":"Feature","properties":{"name":null,"kind":"coastline"},"geometry":{"type":"LineString","coordinates":[[1.20512,51.87487],[1.20512,51.87487]]}},{"type":"Feature","properties":{"name":null,"kind":"coastline"},"geometry":{"type":"LineString","coordinates":[[1.19982,51.87735],[1.19982,51.87735]]}},{"type":"Feature","properties":{"name":null,"kind":"coastline"},"geometry":{"type":"LineString","coordinates":[[1.21119,51.87774],[1.21119,51.87774]]}},{"type":"Feature","properties":{"name":null,"kind":"coastline"},"geometry":{"type":"LineString","coordinates":[[1.20914,51.87704],[1.20914,51.87704]]}},{"type":"Feature","properties":{"name":null,"kind":"coastline"},"geometry":{"type":"LineString","coordinates":[[1.21269,51.87826],[1.21269,51.87826]]}},{"type":"Feature","properties":{"name":null,"kind":"coastline"},"geometry":{"type":"LineString","coordinates":[[1.21134,51.87807],[1.21134,51.87807]]}},{"type":"Feature","properties":{"name":null,"kind":"coastline"},"geometry":{"type":"LineString","coordinates":[[1.20498,51.8749],[1.20498,51.8749]]}},{"type":"Feature","properties":{"name":null,"kind":"coastline"},"geometry":{"type":"LineString","coordinates":[[1.20592,51.8755],[1.20592,51.8755]]}},{"type":"Feature","properties":{"name":null,"kind":"coastline"},"geometry":{"type":"LineString","coordinates":[[1.21119,51.87751],[1.21119,51.87751]]}},{"type":"Feature","properties":{"name":null,"kind":"coastline"},"geometry":{"type":"LineString","coordinates":[[1.20942,51.88005],[1.20942,51.88005]]}},{"type":"Feature","properties":{"name":null,"kind":"coastline"},"geometry":{"type":"LineString","coordinates":[[1.20319,51.8748],[1.20319,51.8748]]}},{"type":"Feature","properties":{"name":null,"kind":"coastline"},"geometry":{"type":"LineString","coordinates":[[1.20195,51.87601],[1.20195,51.87601]]}},{"type":"Feature","properties":{"name":null,"kind":"coastline"},"geometry":{"type":"LineString","coordinates":[[1.20521,51.87652],[1.20521,51.87652]]}},{"type":"Feature","properties":{"name":null,"kind":"coastline"},"geometry":{"type":"LineString","coordinates":[[1.209,51.88004],[1.209,51.88004]]}},{"type":"Feature","properties":{"name":null,"kind":"coastline"},"geometry":{"type":"LineString","coordinates":[[1.20945,51.87936],[1.20945,51.87936]]}},{"type":"Feature","properties":{"name":null,"kind":"coastline"},"geometry":{"type":"LineString","coordinates":[[1.20933,51.87724],[1.20933,51.87724]]}},{"type":"Feature","properties":{"name":null,"kind":"coastline"},"geometry":{"type":"LineString","coordinates":[[1.19849,51.87604],[1.19849,51.87604]]}},{"type":"Feature","properties":{"name":null,"kind":"coastline"},"geometry":{"type":"LineString","coordinates":[[1.19915,51.87604],[1.19915,51.87604]]}},{"type":"Feature","properties":{"name":null,"kind":"coastline"},"geometry":{"type":"LineString","coordinates":[[1.20055,51.87754],[1.20055,51.87754]]}},{"type":"Feature","properties":{"name":null,"kind":"coastline"},"geometry":{"type":"LineString","coordinates":[[1.20736,51.87639],[1.20736,51.87639]]}},{"type":"Feature","properties":{"name":null,"kind":"coastline"},"geometry":{"type":"LineString","coordinates":[[1.20906,51.87578],[1.20906,51.87578]]}},{"type":"Feature","properties":{"name":null,"kind":"coastline"},"geometry":{"type":"LineString","coordinates":[[1.20883,51.87557],[1.20883,51.87557]]}},{"type":"Feature","properties":{"name":null,"kind":"coastline"},"geometry":{"type":"LineString","coordinates":[[1.20415,51.87499],[1.20415,51.87499]]}},{"type":"Feature","properties":{"name":null,"kind":"coastline"},"geometry":{"type":"LineString","coordinates":[[1.20487,51.87536],[1.20487,51.87536]]}},{"type":"Feature","properties":{"name":null,"kind":"coastline"},"geometry":{"type":"LineString","coordinates":[[1.1988,51.87617],[1.1988,51.87617]]}},{"type":"Feature","properties":{"name":null,"kind":"coastline"},"geometry":{"type":"LineString","coordinates":[[1.20625,51.87765],[1.20625,51.87765]]}},{"type":"Feature","properties":{"name":null,"kind":"coastline"},"geometry":{"type":"LineString","coordinates":[[1.20886,51.88001],[1.20886,51.88001]]}},{"type":"Feature","properties":{"name":null,"kind":"coastline"},"geometry":{"type":"LineString","coordinates":[[1.20345,51.87621],[1.20345,51.87621]]}},{"type":"Feature","properties":{"name":null,"kind":"coastline"},"geometry":{"type":"LineString","coordinates":[[1.20857,51.87934],[1.20857,51.87934]]}},{"type":"Feature","properties":{"name":null,"kind":"coastline"},"geometry":{"type":"LineString","coordinates":[[1.20937,51.87719],[1.20937,51.87719]]}},{"type":"Feature","properties":{"name":null,"kind":"coastline"},"geometry":{"type":"LineString","coordinates":[[1.20303,51.87534],[1.20303,51.87534]]}},{"type":"Feature","properties":{"name":null,"kind":"coastline"},"geometry":{"type":"LineString","coordinates":[[1.20388,51.87609],[1.20388,51.87609]]}},{"type":"Feature","properties":{"name":null,"kind":"coastline"},"geometry":{"type":"LineString","coordinates":[[1.20338,51.87827],[1.20338,51.87827]]}},{"type":"Feature","properties":{"name":null,"kind":"coastline"},"geometry":{"type":"LineString","coordinates":[[1.20621,51.87526],[1.20621,51.87526]]}},{"type":"Feature","properties":{"name":null,"kind":"coastline"},"geometry":{"type":"LineString","coordinates":[[1.20695,51.87534],[1.20695,51.87534]]}},{"type":"Feature","properties":{"name":null,"kind":"coastline"},"geometry":{"type":"LineString","coordinates":[[1.21619,51.86895],[1.2096,51.86724]]}},{"type":"Feature","properties":{"name":null,"kind":"coastline"},"geometry":{"type":"LineString","coordinates":[[1.20879,51.86802],[1.20674,51.86795]]}},{"type":"Feature","properties":{"name":null,"kind":"coastline"},"geometry":{"type":"LineString","coordinates":[[1.1996,51.86689],[1.20156,51.87008],[1.19434,51.87079]]}},{"type":"Feature","properties":{"name":null,"kind":"coastline"},"geometry":{"type":"LineString","coordinates":[[1.21738,51.86909],[1.21619,51.86895]]}},{"type":"Feature","properties":{"name":null,"kind":"coastline"},"geometry":{"type":"LineString","coordinates":[[1.22193,51.87063],[1.21738,51.86909]]}},{"type":"Feature","properties":{"name":null,"kind":"coastline"},"geometry":{"type":"LineString","coordinates":[[1.2096,51.86724],[1.21132,51.86836],[1.20879,51.86802]]}},{"type":"Feature","properties":{"name":null,"kind":"coastline"},"geometry":{"type":"LineString","coordinates":[[1.20674,51.86795],[1.1996,51.86689]]}},{"type":"Feature","properties":{"name":null,"kind":"coastline"},"geometry":{"type":"LineString","coordinates":[[1.21655,51.86986],[1.21655,51.86986]]}},{"type":"Feature","properties":{"name":null,"kind":"coastline"},"geometry":{"type":"LineString","coordinates":[[1.19972,51.86707],[1.19972,51.86707]]}},{"type":"Feature","properties":{"name":null,"kind":"coastline"},"geometry":{"type":"LineString","coordinates":[[1.21699,51.86983],[1.21699,51.86983]]}},{"type":"Feature","properties":{"name":null,"kind":"coastline"},"geometry":{"type":"LineString","coordinates":[[1.21801,51.8704],[1.21801,51.8704]]}},{"type":"Feature","properties":{"name":null,"kind":"coastline"},"geometry":{"type":"LineString","coordinates":[[1.21702,51.87044],[1.21702,51.87044]]}},{"type":"Feature","properties":{"name":null,"kind":"coastline"},"geometry":{"type":"LineString","coordinates":[[1.20848,51.8687],[1.20848,51.8687]]}},{"type":"Feature","properties":{"name":null,"kind":"coastline"},"geometry":{"type":"LineString","coordinates":[[1.21687,51.87086],[1.21687,51.87086]]}},{"type":"Feature","properties":{"name":null,"kind":"coastline"},"geometry":{"type":"LineString","coordinates":[[1.21934,51.86991],[1.21934,51.86991]]}},{"type":"Feature","properties":{"name":null,"kind":"coastline"},"geometry":{"type":"LineString","coordinates":[[1.19935,51.86744],[1.19935,51.86744]]}},{"type":"Feature","properties":{"name":null,"kind":"coastline"},"geometry":{"type":"LineString","coordinates":[[1.21803,51.86972],[1.21803,51.86972]]}},{"type":"Feature","properties":{"name":null,"kind":"coastline"},"geometry":{"type":"LineString","coordinates":[[1.21927,51.87086],[1.21927,51.87086]]}},{"type":"Feature","properties":{"name":null,"kind":"coastline"},"geometry":{"type":"LineString","coordinates":[[1.21697,51.8709],[1.21697,51.8709]]}},{"type":"Feature","properties":{"name":null,"kind":"coastline"},"geometry":{"type":"LineString","coordinates":[[1.2092,51.86877],[1.2092,51.86877]]}},{"type":"Feature","properties":{"name":null,"kind":"coastline"},"geometry":{"type":"LineString","coordinates":[[1.20824,51.86852],[1.20824,51.86852]]}},{"type":"Feature","properties":{"name":null,"kind":"coastline"},"geometry":{"type":"LineString","coordinates":[[1.21766,51.86998],[1.21766,51.86998]]}},{"type":"Feature","properties":{"name":null,"kind":"coastline"},"geometry":{"type":"LineString","coordinates":[[1.21809,51.87002],[1.21809,51.87002]]}},{"type":"Feature","properties":{"name":null,"kind":"coastline"},"geometry":{"type":"LineString","coordinates":[[1.21533,51.86997],[1.21533,51.86997]]}},{"type":"Feature","properties":{"name":null,"kind":"coastline"},"geometry":{"type":"LineString","coordinates":[[1.22038,51.86992],[1.22038,51.86992]]}},{"type":"Feature","properties":{"name":null,"kind":"coastline"},"geometry":{"type":"LineString","coordinates":[[1.21871,51.86996],[1.21871,51.86996]]}},{"type":"Feature","properties":{"name":null,"kind":"coastline"},"geometry":{"type":"LineString","coordinates":[[1.20866,51.86856],[1.20866,51.86856]]}},{"type":"Feature","properties":{"name":null,"kind":"coastline"},"geometry":{"type":"LineString","coordinates":[[1.21726,51.87005],[1.21726,51.87005]]}},{"type":"Feature","properties":{"name":null,"kind":"coastline"},"geometry":{"type":"LineString","coordinates":[[1.21742,51.87003],[1.21742,51.87003]]}},{"type":"Feature","properties":{"name":null,"kind":"coastline"},"geometry":{"type":"LineString","coordinates":[[1.20393,51.86817],[1.20393,51.86817]]}},{"type":"Feature","properties":{"name":null,"kind":"coastline"},"geometry":{"type":"LineString","coordinates":[[1.21727,51.86967],[1.21727,51.86967]]}},{"type":"Feature","properties":{"name":null,"kind":"coastline"},"geometry":{"type":"LineString","coordinates":[[1.20649,51.86816],[1.20649,51.86816]]}},{"type":"Feature","properties":{"name":null,"kind":"coastline"},"geometry":{"type":"LineString","coordinates":[[1.19697,51.87141],[1.19697,51.87141]]}},{"type":"Feature","properties":{"name":null,"kind":"coastline"},"geometry":{"type":"LineString","coordinates":[[1.2166,51.87017],[1.2166,51.87017]]}},{"type":"Feature","properties":{"name":null,"kind":"coastline"},"geometry":{"type":"LineString","coordinates":[[1.21715,51.86978],[1.21715,51.86978]]}},{"type":"Feature","properties":{"name":null,"kind":"coastline"},"geometry":{"type":"LineString","coordinates":[[1.21183,51.86826],[1.21183,51.86826]]}},{"type":"Feature","properties":{"name":null,"kind":"coastline"},"geometry":{"type":"LineString","coordinates":[[1.21479,51.869],[1.21479,51.869]]}},{"type":"Feature","properties":{"name":null,"kind":"coastline"},"geometry":{"type":"LineString","coordinates":[[1.21631,51.87117],[1.21631,51.87117]]}},{"type":"Feature","properties":{"name":null,"kind":"coastline"},"geometry":{"type":"LineString","coordinates":[[1.21766,51.8713],[1.21766,51.8713]]}},{"type":"Feature","properties":{"name":null,"kind":"coastline"},"geometry":{"type":"LineString","coordinates":[[1.22114,51.87045],[1.22114,51.87045]]}},{"type":"Feature","properties":{"name":null,"kind":"coastline"},"geometry":{"type":"LineString","coordinates":[[1.21733,51.87135],[1.21733,51.87135]]}},{"type":"Feature","properties":{"name":null,"kind":"coastline"},"geometry":{"type":"LineString","coordinates":[[1.21806,51.87062],[1.21806,51.87062]]}},{"type":"Feature","properties":{"name":null,"kind":"coastline"},"geometry":{"type":"LineString","coordinates":[[1.20815,51.86911],[1.20815,51.86911]]}},{"type":"Feature","properties":{"name":null,"kind":"coastline"},"geometry":{"type":"LineString","coordinates":[[1.22004,51.86988],[1.22004,51.86988]]}},{"type":"Feature","properties":{"name":null,"kind":"coastline"},"geometry":{"type":"LineString","coordinates":[[1.22017,51.87062],[1.22017,51.87062]]}},{"type":"Feature","properties":{"name":null,"kind":"coastline"},"geometry":{"type":"LineString","coordinates":[[1.19923,51.8673],[1.19923,51.8673]]}},{"type":"Feature","properties":{"name":null,"kind":"coastline"},"geometry":{"type":"LineString","coordinates":[[1.21804,51.86997],[1.21804,51.86997]]}},{"type":"Feature","properties":{"name":null,"kind":"coastline"},"geometry":{"type":"LineString","coordinates":[[1.21776,51.87072],[1.21776,51.87072]]}},{"type":"Feature","properties":{"name":null,"kind":"coastline"},"geometry":{"type":"LineString","coordinates":[[1.21735,51.87095],[1.21735,51.87095]]}},{"type":"Feature","properties":{"name":null,"kind":"coastline"},"geometry":{"type":"LineString","coordinates":[[1.2179,51.87001],[1.2179,51.87001]]}},{"type":"Feature","properties":{"name":null,"kind":"coastline"},"geometry":{"type":"LineString","coordinates":[[1.20713,51.86881],[1.20713,51.86881]]}},{"type":"Feature","properties":{"name":null,"kind":"coastline"},"geometry":{"type":"LineString","coordinates":[[1.21724,51.86986],[1.21724,51.86986]]}},{"type":"Feature","properties":{"name":null,"kind":"coastline"},"geometry":{"type":"LineString","coordinates":[[1.21851,51.87122],[1.21851,51.87122]]}},{"type":"Feature","properties":{"name":null,"kind":"coastline"},"geometry":{"type":"LineString","coordinates":[[1.21859,51.87027],[1.21859,51.87027]]}},{"type":"Feature","properties":{"name":null,"kind":"coastline"},"geometry":{"type":"LineString","coordinates":[[1.20903,51.86883],[1.20903,51.86883]]}},{"type":"Feature","properties":{"name":null,"kind":"coastline"},"geometry":{"type":"LineString","coordinates":[[1.21869,51.86986],[1.21869,51.86986]]}},{"type":"Feature","properties":{"name":null,"kind":"coastline"},"geometry":{"type":"LineString","coordinates":[[1.2168,51.87026],[1.2168,51.87026]]}},{"type":"Feature","properties":{"name":null,"kind":"coastline"},"geometry":{"type":"LineString","coordinates":[[1.21749,51.86997],[1.21749,51.86997]]}},{"type":"Feature","properties":{"name":null,"kind":"coastline"},"geometry":{"type":"LineString","coordinates":[[1.20492,51.86793],[1.20492,51.86793]]}},{"type":"Feature","properties":{"name":null,"kind":"coastline"},"geometry":{"type":"LineString","coordinates":[[1.21903,51.86987],[1.21903,51.86987]]}},{"type":"Feature","properties":{"name":null,"kind":"coastline"},"geometry":{"type":"LineString","coordinates":[[1.21978,51.87078],[1.21978,51.87078]]}},{"type":"Feature","properties":{"name":null,"kind":"coastline"},"geometry":{"type":"LineString","coordinates":[[1.21751,51.87134],[1.21751,51.87134]]}},{"type":"Feature","properties":{"name":null,"kind":"coastline"},"geometry":{"type":"LineString","coordinates":[[1.21828,51.87083],[1.21828,51.87083]]}},{"type":"Feature","properties":{"name":null,"kind":"coastline"},"geometry":{"type":"LineString","coordinates":[[1.21456,51.86887],[1.21456,51.86887]]}},{"type":"Feature","properties":{"name":null,"kind":"coastline"},"geometry":{"type":"LineString","coordinates":[[1.19817,51.87127],[1.19817,51.87127]]}},{"type":"Feature","properties":{"name":null,"kind":"coastline"},"geometry":{"type":"LineString","coordinates":[[1.21862,51.86994],[1.21862,51.86994]]}},{"type":"Feature","properties":{"name":null,"kind":"coastline"},"geometry":{"type":"LineString","coordinates":[[1.21691,51.86993],[1.21691,51.86993]]}},{"type":"Feature","properties":{"name":null,"kind":"coastline"},"geometry":{"type":"LineString","coordinates":[[1.20382,51.86783],[1.20382,51.86783]]}},{"type":"Feature","properties":{"name":null,"kind":"coastline"},"geometry":{"type":"LineString","coordinates":[[1.20813,51.86902],[1.20813,51.86902]]}},{"type":"Feature","properties":{"name":null,"kind":"coastline"},"geometry":{"type":"LineString","coordinates":[[1.21979,51.86991],[1.21979,51.86991]]}},{"type":"Feature","properties":{"name":null,"kind":"coastline"},"geometry":{"type":"LineString","coordinates":[[1.21944,51.87],[1.21944,51.87]]}},{"type":"Feature","properties":{"name":null,"kind":"coastline"},"geometry":{"type":"LineString","coordinates":[[1.21785,51.87033],[1.21785,51.87033]]}},{"type":"Feature","properties":{"name":null,"kind":"coastline"},"geometry":{"type":"LineString","coordinates":[[1.20468,51.86863],[1.20468,51.86863]]}},{"type":"Feature","properties":{"name":null,"kind":"coastline"},"geometry":{"type":"LineString","coordinates":[[1.22023,51.87055],[1.22023,51.87055]]}},{"type":"Feature","properties":{"name":null,"kind":"coastline"},"geometry":{"type":"LineString","coordinates":[[1.21806,51.87015],[1.21806,51.87015]]}},{"type":"Feature","properties":{"name":null,"kind":"coastline"},"geometry":{"type":"LineString","coordinates":[[1.19476,51.87082],[1.19476,51.87082]]}},{"type":"Feature","properties":{"name":null,"kind":"coastline"},"geometry":{"type":"LineString","coordinates":[[1.21763,51.86991],[1.21763,51.86991]]}},{"type":"Feature","properties":{"name":null,"kind":"coastline"},"geometry":{"type":"LineString","coordinates":[[1.2074,51.86902],[1.2074,51.86902]]}},{"type":"Feature","properties":{"name":null,"kind":"coastline"},"geometry":{"type":"LineString","coordinates":[[1.21707,51.87042],[1.21707,51.87042]]}},{"type":"Feature","properties":{"name":null,"kind":"coastline"},"geometry":{"type":"LineString","coordinates":[[1.21854,51.86999],[1.21854,51.86999]]}},{"type":"Feature","properties":{"name":null,"kind":"coastline"},"geometry":{"type":"LineString","coordinates":[[1.21789,51.87102],[1.21789,51.87102]]}},{"type":"Feature","properties":{"name":null,"kind":"coastline"},"geometry":{"type":"LineString","coordinates":[[1.21772,51.86989],[1.21772,51.86989]]}},{"type":"Feature","properties":{"name":null,"kind":"coastline"},"geometry":{"type":"LineString","coordinates":[[1.21414,51.86801],[1.21414,51.86801]]}},{"type":"Feature","properties":{"name":null,"kind":"coastline"},"geometry":{"type":"LineString","coordinates":[[1.21711,51.86962],[1.21711,51.86962]]}},{"type":"Feature","properties":{"name":null,"kind":"coastline"},"geometry":{"type":"LineString","coordinates":[[1.21827,51.87021],[1.21827,51.87021]]}},{"type":"Feature","properties":{"name":null,"kind":"coastline"},"geometry":{"type":"LineString","coordinates":[[1.21123,51.86888],[1.21123,51.86888]]}},{"type":"Feature","properties":{"name":null,"kind":"coastline"},"geometry":{"type":"LineString","coordinates":[[1.21856,51.86978],[1.21856,51.86978]]}},{"type":"Feature","properties":{"name":null,"kind":"coastline"},"geometry":{"type":"LineString","coordinates":[[1.21194,51.86817],[1.21194,51.86817]]}},{"type":"Feature","properties":{"name":null,"kind":"coastline"},"geometry":{"type":"LineString","coordinates":[[1.21851,51.87071],[1.21851,51.87071]]}},{"type":"Feature","properties":{"name":null,"kind":"coastline"},"geometry":{"type":"LineString","coordinates":[[1.21098,51.86858],[1.21098,51.86858]]}},{"type":"Feature","properties":{"name":null,"kind":"coastline"},"geometry":{"type":"LineString","coordinates":[[1.21798,51.87047],[1.21798,51.87047]]}},{"type":"Feature","properties":{"name":null,"kind":"coastline"},"geometry":{"type":"LineString","coordinates":[[1.21041,51.86851],[1.21041,51.86851]]}},{"type":"Feature","properties":{"name":null,"kind":"coastline"},"geometry":{"type":"LineString","coordinates":[[1.20716,51.86845],[1.20716,51.86845]]}},{"type":"Feature","properties":{"name":null,"kind":"coastline"},"geometry":{"type":"LineString","coordinates":[[1.20813,51.86837],[1.20813,51.86837]]}},{"type":"Feature","properties":{"name":null,"kind":"coastline"},"geometry":{"type":"LineString","coordinates":[[1.21657,51.87138],[1.21657,51.87138]]}},{"type":"Feature","properties":{"name":null,"kind":"coastline"},"geometry":{"type":"LineString","coordinates":[[1.21954,51.87022],[1.21954,51.87022]]}},{"type":"Feature","properties":{"name":null,"kind":"coastline"},"geometry":{"type":"LineString","coordinates":[[1.2195,51.86988],[1.2195,51.86988]]}},{"type":"Feature","properties":{"name":null,"kind":"coastline"},"geometry":{"type":"LineString","coordinates":[[1.19934,51.86738],[1.19934,51.86738]]}},{"type":"Feature","properties":{"name":null,"kind":"coastline"},"geometry":{"type":"LineString","coordinates":[[1.21482,51.86942],[1.21482,51.86942]]}},{"type":"Feature","properties":{"name":null,"kind":"coastline"},"geometry":{"type":"LineString","coordinates":[[1.21776,51.87024],[1.21776,51.87024]]}},{"type":"Feature","properties":{"name":null,"kind":"coastline"},"geometry":{"type":"LineString","coordinates":[[1.2172,51.87088],[1.2172,51.87088]]}},{"type":"Feature","properties":{"name":null,"kind":"coastline"},"geometry":{"type":"LineString","coordinates":[[1.21813,51.87028],[1.21813,51.87028]]}},{"type":"Feature","properties":{"name":null,"kind":"coastline"},"geometry":{"type":"LineString","coordinates":[[1.20848,51.86862],[1.20848,51.86862]]}},{"type":"Feature","properties":{"name":null,"kind":"coastline"},"geometry":{"type":"LineString","coordinates":[[1.21883,51.87018],[1.21883,51.87018]]}},{"type":"Feature","properties":{"name":null,"kind":"coastline"},"geometry":{"type":"LineString","coordinates":[[1.2182,51.86998],[1.2182,51.86998]]}},{"type":"Feature","properties":{"name":null,"kind":"coastline"},"geometry":{"type":"LineString","coordinates":[[1.2169,51.87017],[1.2169,51.87017]]}},{"type":"Feature","properties":{"name":null,"kind":"coastline"},"geometry":{"type":"LineString","coordinates":[[1.20894,51.86874],[1.20894,51.86874]]}},{"type":"Feature","properties":{"name":null,"kind":"coastline"},"geometry":{"type":"LineString","coordinates":[[1.21731,51.87017],[1.21731,51.87017]]}},{"type":"Feature","properties":{"name":null,"kind":"coastline"},"geometry":{"type":"LineString","coordinates":[[1.20832,51.86893],[1.20832,51.86893]]}},{"type":"Feature","properties":{"name":null,"kind":"coastline"},"geometry":{"type":"LineString","coordinates":[[1.21729,51.86977],[1.21729,51.86977]]}},{"type":"Feature","properties":{"name":null,"kind":"coastline"},"geometry":{"type":"LineString","coordinates":[[1.21756,51.87001],[1.21756,51.87001]]}},{"type":"Feature","properties":{"name":null,"kind":"coastline"},"geometry":{"type":"LineString","coordinates":[[1.21993,51.87066],[1.21993,51.87066]]}},{"type":"Feature","properties":{"name":null,"kind":"coastline"},"geometry":{"type":"LineString","coordinates":[[1.21717,51.86965],[1.21717,51.86965]]}},{"type":"Feature","properties":{"name":null,"kind":"coastline"},"geometry":{"type":"LineString","coordinates":[[1.19779,51.87134],[1.19779,51.87134]]}},{"type":"Feature","properties":{"name":null,"kind":"coastline"},"geometry":{"type":"LineString","coordinates":[[1.21873,51.86987],[1.21873,51.86987]]}},{"type":"Feature","properties":{"name":null,"kind":"coastline"},"geometry":{"type":"LineString","coordinates":[[1.21739,51.86962],[1.21739,51.86962]]}},{"type":"Feature","properties":{"name":null,"kind":"coastline"},"geometry":{"type":"LineString","coordinates":[[1.21578,51.87041],[1.21578,51.87041]]}},{"type":"Feature","properties":{"name":null,"kind":"coastline"},"geometry":{"type":"LineString","coordinates":[[1.21682,51.87131],[1.21682,51.87131]]}},{"type":"Feature","properties":{"name":null,"kind":"coastline"},"geometry":{"type":"LineString","coordinates":[[1.21544,51.86905],[1.21544,51.86905]]}},{"type":"Feature","properties":{"name":null,"kind":"coastline"},"geometry":{"type":"LineString","coordinates":[[1.20829,51.86867],[1.20829,51.86867]]}},{"type":"Feature","properties":{"name":null,"kind":"coastline"},"geometry":{"type":"LineString","coordinates":[[1.21822,51.86974],[1.21822,51.86974]]}},{"type":"Feature","properties":{"name":null,"kind":"coastline"},"geometry":{"type":"LineString","coordinates":[[1.21093,51.86705],[1.21093,51.86705]]}},{"type":"Feature","properties":{"name":null,"kind":"coastline"},"geometry":{"type":"LineString","coordinates":[[1.21574,51.87083],[1.21574,51.87083]]}},{"type":"Feature","properties":{"name":null,"kind":"coastline"},"geometry":{"type":"LineString","coordinates":[[1.21785,51.87082],[1.21785,51.87082]]}},{"type":"Feature","properties":{"name":null,"kind":"coastline"},"geometry":{"type":"LineString","coordinates":[[1.2173,51.87089],[1.2173,51.87089]]}},{"type":"Feature","properties":{"name":null,"kind":"coastline"},"geometry":{"type":"LineString","coordinates":[[1.21794,51.86988],[1.21794,51.86988]]}},{"type":"Feature","properties":{"name":null,"kind":"coastline"},"geometry":{"type":"LineString","coordinates":[[1.21411,51.86808],[1.21411,51.86808]]}},{"type":"Feature","properties":{"name":null,"kind":"coastline"},"geometry":{"type":"LineString","coordinates":[[1.20934,51.86832],[1.20934,51.86832]]}},{"type":"Feature","properties":{"name":null,"kind":"coastline"},"geometry":{"type":"LineString","coordinates":[[1.21881,51.87016],[1.21881,51.87016]]}},{"type":"Feature","properties":{"name":null,"kind":"coastline"},"geometry":{"type":"LineString","coordinates":[[1.20918,51.86884],[1.20918,51.86884]]}},{"type":"Feature","properties":{"name":null,"kind":"coastline"},"geometry":{"type":"LineString","coordinates":[[1.21716,51.87007],[1.21716,51.87007]]}},{"type":"Feature","properties":{"name":null,"kind":"coastline"},"geometry":{"type":"LineString","coordinates":[[1.21683,51.87021],[1.21683,51.87021]]}},{"type":"Feature","properties":{"name":null,"kind":"coastline"},"geometry":{"type":"LineString","coordinates":[[1.21742,51.86984],[1.21742,51.86984]]}},{"type":"Feature","properties":{"name":null,"kind":"coastline"},"geometry":{"type":"LineString","coordinates":[[1.21931,51.87099],[1.21931,51.87099]]}},{"type":"Feature","properties":{"name":null,"kind":"coastline"},"geometry":{"type":"LineString","coordinates":[[1.19884,51.87131],[1.19884,51.87131]]}},{"type":"Feature","properties":{"name":null,"kind":"coastline"},"geometry":{"type":"LineString","coordinates":[[1.21849,51.8699],[1.21849,51.8699]]}},{"type":"Feature","properties":{"name":null,"kind":"coastline"},"geometry":{"type":"LineString","coordinates":[[1.21662,51.87032],[1.21662,51.87032]]}},{"type":"Feature","properties":{"name":null,"kind":"coastline"},"geometry":{"type":"LineString","coordinates":[[1.21493,51.86897],[1.21493,51.86897]]}},{"type":"Feature","properties":{"name":null,"kind":"coastline"},"geometry":{"type":"LineString","coordinates":[[1.20814,51.86886],[1.20814,51.86886]]}},{"type":"Feature","properties":{"name":null,"kind":"coastline"},"geometry":{"type":"LineString","coordinates":[[1.21888,51.8701],[1.21888,51.8701]]}},{"type":"Feature","properties":{"name":null,"kind":"coastline"},"geometry":{"type":"LineString","coordinates":[[1.21704,51.87137],[1.21704,51.87137]]}},{"type":"Feature","properties":{"name":null,"kind":"coastline"},"geometry":{"type":"LineString","coordinates":[[1.21996,51.87004],[1.21996,51.87004]]}},{"type":"Feature","properties":{"name":null,"kind":"coastline"},"geometry":{"type":"LineString","coordinates":[[1.21446,51.86892],[1.21446,51.86892]]}},{"type":"Feature","properties":{"name":null,"kind":"coastline"},"geometry":{"type":"LineString","coordinates":[[1.21774,51.87019],[1.21774,51.87019]]}},{"type":"Feature","properties":{"name":null,"kind":"coastline"},"geometry":{"type":"LineString","coordinates":[[1.2183,51.87042],[1.2183,51.87042]]}},{"type":"Feature","properties":{"name":null,"kind":"coastline"},"geometry":{"type":"LineString","coordinates":[[1.20835,51.86912],[1.20835,51.86912]]}},{"type":"Feature","properties":{"name":null,"kind":"coastline"},"geometry":{"type":"LineString","coordinates":[[1.21658,51.87038],[1.21658,51.87038]]}},{"type":"Feature","properties":{"name":null,"kind":"coastline"},"geometry":{"type":"LineString","coordinates":[[1.19442,51.87104],[1.19442,51.87104]]}},{"type":"Feature","properties":{"name":null,"kind":"coastline"},"geometry":{"type":"LineString","coordinates":[[1.21913,51.87037],[1.21913,51.87037]]}},{"type":"Feature","properties":{"name":null,"kind":"coastline"},"geometry":{"type":"LineString","coordinates":[[1.21802,51.8698],[1.21802,51.8698]]}},{"type":"Feature","properties":{"name":null,"kind":"coastline"},"geometry":{"type":"LineString","coordinates":[[1.2068,51.86892],[1.2068,51.86892]]}},{"type":"Feature","properties":{"name":null,"kind":"coastline"},"geometry":{"type":"LineString","coordinates":[[1.21695,51.87027],[1.21695,51.87027]]}},{"type":"Feature","properties":{"name":null,"kind":"coastline"},"geometry":{"type":"LineString","coordinates":[[1.20868,51.86894],[1.20868,51.86894]]}},{"type":"Feature","properties":{"name":null,"kind":"coastline"},"geometry":{"type":"LineString","coordinates":[[1.20491,51.86902],[1.20491,51.86902]]}},{"type":"Feature","properties":{"name":null,"kind":"coastline"},"geometry":{"type":"LineString","coordinates":[[1.21782,51.87006],[1.21782,51.87006]]}},{"type":"Feature","properties":{"name":null,"kind":"coastline"},"geometry":{"type":"LineString","coordinates":[[1.20696,51.86864],[1.20696,51.86864]]}},{"type":"Feature","properties":{"name":null,"kind":"coastline"},"geometry":{"type":"LineString","coordinates":[[1.21417,51.86838],[1.21417,51.86838]]}},{"type":"Feature","properties":{"name":null,"kind":"coastline"},"geometry":{"type":"LineString","coordinates":[[1.20764,51.86891],[1.20764,51.86891]]}},{"type":"Feature","properties":{"name":null,"kind":"coastline"},"geometry":{"type":"LineString","coordinates":[[1.21731,51.86999],[1.21731,51.86999]]}},{"type":"Feature","properties":{"name":null,"kind":"coastline"},"geometry":{"type":"LineString","coordinates":[[1.21778,51.86975],[1.21778,51.86975]]}},{"type":"Feature","properties":{"name":null,"kind":"coastline"},"geometry":{"type":"LineString","coordinates":[[1.21534,51.87015],[1.21534,51.87015]]}},{"type":"Feature","properties":{"name":null,"kind":"coastline"},"geometry":{"type":"LineString","coordinates":[[1.21919,51.87096],[1.21919,51.87096]]}},{"type":"Feature","properties":{"name":null,"kind":"coastline"},"geometry":{"type":"LineString","coordinates":[[1.21877,51.87007],[1.21877,51.87007]]}},{"type":"Feature","properties":{"name":null,"kind":"coastline"},"geometry":{"type":"LineString","coordinates":[[1.21863,51.8699],[1.21863,51.8699]]}},{"type":"Feature","properties":{"name":null,"kind":"coastline"},"geometry":{"type":"LineString","coordinates":[[1.21928,51.8701],[1.21928,51.8701]]}},{"type":"Feature","properties":{"name":null,"kind":"coastline"},"geometry":{"type":"LineString","coordinates":[[1.21705,51.86964],[1.21705,51.86964]]}},{"type":"Feature","properties":{"name":null,"kind":"coastline"},"geometry":{"type":"LineString","coordinates":[[1.21445,51.86913],[1.21445,51.86913]]}},{"type":"Feature","properties":{"name":null,"kind":"coastline"},"geometry":{"type":"LineString","coordinates":[[1.21125,51.868],[1.21125,51.868]]}},{"type":"Feature","properties":{"name":null,"kind":"coastline"},"geometry":{"type":"LineString","coordinates":[[1.21673,51.86991],[1.21673,51.86991]]}},{"type":"Feature","properties":{"name":null,"kind":"coastline"},"geometry":{"type":"LineString","coordinates":[[1.21477,51.8689],[1.21477,51.8689]]}},{"type":"Feature","properties":{"name":null,"kind":"coastline"},"geometry":{"type":"LineString","coordinates":[[1.21074,51.86851],[1.21074,51.86851]]}},{"type":"Feature","properties":{"name":null,"kind":"coastline"},"geometry":{"type":"LineString","coordinates":[[1.21995,51.87008],[1.21995,51.87008]]}},{"type":"Feature","properties":{"name":null,"kind":"coastline"},"geometry":{"type":"LineString","coordinates":[[1.2149,51.8695],[1.2149,51.8695]]}},{"type":"Feature","properties":{"name":null,"kind":"coastline"},"geometry":{"type":"LineString","coordinates":[[1.21797,51.87015],[1.21797,51.87015]]}},{"type":"Feature","properties":{"name":null,"kind":"coastline"},"geometry":{"type":"LineString","coordinates":[[1.20435,51.86895],[1.20435,51.86895]]}},{"type":"Feature","properties":{"name":null,"kind":"coastline"},"geometry":{"type":"LineString","coordinates":[[1.21801,51.87033],[1.21801,51.87033]]}},{"type":"Feature","properties":{"name":null,"kind":"coastline"},"geometry":{"type":"LineString","coordinates":[[1.21451,51.86839],[1.21451,51.86839]]}},{"type":"Feature","properties":{"name":null,"kind":"coastline"},"geometry":{"type":"LineString","coordinates":[[1.21805,51.87017],[1.21805,51.87017]]}},{"type":"Feature","properties":{"name":null,"kind":"coastline"},"geometry":{"type":"LineString","coordinates":[[1.21773,51.86975],[1.21773,51.86975]]}},{"type":"Feature","properties":{"name":null,"kind":"coastline"},"geometry":{"type":"LineString","coordinates":[[1.19928,51.87135],[1.19928,51.87135]]}},{"type":"Feature","properties":{"name":null,"kind":"coastline"},"geometry":{"type":"LineString","coordinates":[[1.21697,51.87016],[1.21697,51.87016]]}},{"type":"Feature","properties":{"name":null,"kind":"coastline"},"geometry":{"type":"LineString","coordinates":[[1.21843,51.87002],[1.21843,51.87002]]}},{"type":"Feature","properties":{"name":null,"kind":"coastline"},"geometry":{"type":"LineString","coordinates":[[1.21712,51.87015],[1.21712,51.87015]]}},{"type":"Feature","properties":{"name":null,"kind":"coastline"},"geometry":{"type":"LineString","coordinates":[[1.22029,51.87086],[1.22029,51.87086]]}},{"type":"Feature","properties":{"name":null,"kind":"coastline"},"geometry":{"type":"LineString","coordinates":[[1.21861,51.87139],[1.21861,51.87139]]}},{"type":"Feature","properties":{"name":null,"kind":"coastline"},"geometry":{"type":"LineString","coordinates":[[1.21721,51.86955],[1.21721,51.86955]]}},{"type":"Feature","properties":{"name":null,"kind":"coastline"},"geometry":{"type":"LineString","coordinates":[[1.21674,51.86958],[1.21674,51.86958]]}},{"type":"Feature","properties":{"name":null,"kind":"coastline"},"geometry":{"type":"LineString","coordinates":[[1.21842,51.86979],[1.21842,51.86979]]}},{"type":"Feature","properties":{"name":null,"kind":"coastline"},"geometry":{"type":"LineString","coordinates":[[1.2162,51.87027],[1.2162,51.87027]]}},{"type":"Feature","properties":{"name":null,"kind":"coastline"},"geometry":{"type":"LineString","coordinates":[[1.2174,51.86976],[1.2174,51.86976]]}},{"type":"Feature","properties":{"name":null,"kind":"coastline"},"geometry":{"type":"LineString","coordinates":[[1.21148,51.86812],[1.21148,51.86812]]}},{"type":"Feature","properties":{"name":null,"kind":"coastline"},"geometry":{"type":"LineString","coordinates":[[1.21838,51.87084],[1.21838,51.87084]]}},{"type":"Feature","properties":{"name":null,"kind":"coastline"},"geometry":{"type":"LineString","coordinates":[[1.2109,51.86848],[1.2109,51.86848]]}},{"type":"Feature","properties":{"name":null,"kind":"coastline"},"geometry":{"type":"LineString","coordinates":[[1.2191,51.86996],[1.2191,51.86996]]}},{"type":"Feature","properties":{"name":null,"kind":"coastline"},"geometry":{"type":"LineString","coordinates":[[1.2169,51.87125],[1.2169,51.87125]]}},{"type":"Feature","properties":{"name":null,"kind":"coastline"},"geometry":{"type":"LineString","coordinates":[[1.20655,51.86802],[1.20655,51.86802]]}},{"type":"Feature","properties":{"name":null,"kind":"coastline"},"geometry":{"type":"LineString","coordinates":[[1.21463,51.86901],[1.21463,51.86901]]}},{"type":"Feature","properties":{"name":null,"kind":"coastline"},"geometry":{"type":"LineString","coordinates":[[1.20733,51.87378],[1.20733,51.87378]]}},{"type":"Feature","properties":{"name":null,"kind":"coastline"},"geometry":{"type":"LineString","coordinates":[[1.20712,51.87459],[1.20712,51.87459]]}},{"type":"Feature","properties":{"name":null,"kind":"coastline"},"geometry":{"type":"LineString","coordinates":[[1.20691,51.87338],[1.20691,51.87338]]}},{"type":"Feature","properties":{"name":null,"kind":"coastline"},"geometry":{"type":"LineString","coordinates":[[1.20512,51.8739],[1.20512,51.8739]]}},{"type":"Feature","properties":{"name":null,"kind":"coastline"},"geometry":{"type":"LineString","coordinates":[[1.20717,51.87428],[1.20717,51.87428]]}},{"type":"Feature","properties":{"name":null,"kind":"coastline"},"geometry":{"type":"LineString","coordinates":[[1.20708,51.8737],[1.20708,51.8737]]}},{"type":"Feature","properties":{"name":null,"kind":"coastline"},"geometry":{"type":"LineString","coordinates":[[1.20836,51.87416],[1.20836,51.87416]]}},{"type":"Feature","properties":{"name":null,"kind":"coastline"},"geometry":{"type":"LineString","coordinates":[[1.20729,51.87294],[1.20729,51.87294]]}},{"type":"Feature","properties":{"name":null,"kind":"coastline"},"geometry":{"type":"LineString","coordinates":[[1.20784,51.87372],[1.20784,51.87372]]}},{"type":"Feature","properties":{"name":null,"kind":"coastline"},"geometry":{"type":"LineString","coordinates":[[1.20403,51.87353],[1.20403,51.87353]]}},{"type":"Feature","properties":{"name":null,"kind":"coastline"},"geometry":{"type":"LineString","coordinates":[[1.20783,51.87409],[1.20783,51.87409]]}},{"type":"Feature","properties":{"name":null,"kind":"coastline"},"geometry":{"type":"LineString","coordinates":[[1.20711,51.87299],[1.20711,51.87299]]}},{"type":"Feature","properties":{"name":null,"kind":"coastline"},"geometry":{"type":"LineString","coordinates":[[1.20633,51.87351],[1.20633,51.87351]]}},{"type":"Feature","properties":{"name":null,"kind":"coastline"},"geometry":{"type":"LineString","coordinates":[[1.20691,51.87405],[1.20691,51.87405]]}},{"type":"Feature","properties":{"name":null,"kind":"coastline"},"geometry":{"type":"LineString","coordinates":[[1.20556,51.87396],[1.20556,51.87396]]}},{"type":"Feature","properties":{"name":null,"kind":"coastline"},"geometry":{"type":"LineString","coordinates":[[1.20782,51.8743],[1.20782,51.8743]]}},{"type":"Feature","properties":{"name":null,"kind":"coastline"},"geometry":{"type":"LineString","coordinates":[[1.20905,51.87429],[1.20905,51.87429]]}},{"type":"Feature","properties":{"name":null,"kind":"coastline"},"geometry":{"type":"LineString","coordinates":[[1.20734,51.87467],[1.20734,51.87467]]}},{"type":"Feature","properties":{"name":null,"kind":"coastline"},"geometry":{"type":"LineString","coordinates":[[1.20745,51.87469],[1.20745,51.87469]]}},{"type":"Feature","properties":{"name":null,"kind":"coastline"},"geometry":{"type":"LineString","coordinates":[[1.20644,51.87431],[1.20644,51.87431]]}},{"type":"Feature","properties":{"name":null,"kind":"coastline"},"geometry":{"type":"LineString","coordinates":[[1.21027,51.87423],[1.21027,51.87423]]}},{"type":"Feature","properties":{"name":null,"kind":"coastline"},"geometry":{"type":"LineString","coordinates":[[1.2086,51.87428],[1.2086,51.87428]]}},{"type":"Feature","properties":{"name":null,"kind":"coastline"},"geometry":{"type":"LineString","coordinates":[[1.20488,51.87374],[1.20488,51.87374]]}},{"type":"Feature","properties":{"name":null,"kind":"coastline"},"geometry":{"type":"LineString","coordinates":[[1.20576,51.87395],[1.20576,51.87395]]}},{"type":"Feature","properties":{"name":null,"kind":"coastline"},"geometry":{"type":"LineString","coordinates":[[1.2033,51.87395],[1.2033,51.87395]]}},{"type":"Feature","properties":{"name":null,"kind":"coastline"},"geometry":{"type":"LineString","coordinates":[[1.20814,51.87451],[1.20814,51.87451]]}},{"type":"Feature","properties":{"name":null,"kind":"coastline"},"geometry":{"type":"LineString","coordinates":[[1.20569,51.8737],[1.20569,51.8737]]}},{"type":"Feature","properties":{"name":null,"kind":"coastline"},"geometry":{"type":"LineString","coordinates":[[1.20769,51.87377],[1.20769,51.87377]]}},{"type":"Feature","properties":{"name":null,"kind":"coastline"},"geometry":{"type":"LineString","coordinates":[[1.20596,51.87408],[1.20596,51.87408]]}},{"type":"Feature","properties":{"name":null,"kind":"coastline"},"geometry":{"type":"LineString","coordinates":[[1.21077,51.8741],[1.21077,51.8741]]}},{"type":"Feature","properties":{"name":null,"kind":"coastline"},"geometry":{"type":"LineString","coordinates":[[1.20854,51.87423],[1.20854,51.87423]]}},{"type":"Feature","properties":{"name":null,"kind":"coastline"},"geometry":{"type":"LineString","coordinates":[[1.2033,51.87414],[1.2033,51.87414]]}},{"type":"Feature","properties":{"name":null,"kind":"coastline"},"geometry":{"type":"LineString","coordinates":[[1.20806,51.87402],[1.20806,51.87402]]}},{"type":"Feature","properties":{"name":null,"kind":"coastline"},"geometry":{"type":"LineString","coordinates":[[1.20668,51.874],[1.20668,51.874]]}},{"type":"Feature","properties":{"name":null,"kind":"coastline"},"geometry":{"type":"LineString","coordinates":[[1.20965,51.87366],[1.20965,51.87366]]}},{"type":"Feature","properties":{"name":null,"kind":"coastline"},"geometry":{"type":"LineString","coordinates":[[1.20833,51.87407],[1.20833,51.87407]]}},{"type":"Feature","properties":{"name":null,"kind":"coastline"},"geometry":{"type":"LineString","coordinates":[[1.20689,51.87382],[1.20689,51.87382]]}},{"type":"Feature","properties":{"name":null,"kind":"coastline"},"geometry":{"type":"LineString","coordinates":[[1.2064,51.87407],[1.2064,51.87407]]}},{"type":"Feature","properties":{"name":null,"kind":"coastline"},"geometry":{"type":"LineString","coordinates":[[1.20431,51.87391],[1.20431,51.87391]]}},{"type":"Feature","properties":{"name":null,"kind":"coastline"},"geometry":{"type":"LineString","coordinates":[[1.20775,51.87481],[1.20775,51.87481]]}},{"type":"Feature","properties":{"name":null,"kind":"coastline"},"geometry":{"type":"LineString","coordinates":[[1.20667,51.87332],[1.20667,51.87332]]}},{"type":"Feature","properties":{"name":null,"kind":"coastline"},"geometry":{"type":"LineString","coordinates":[[1.20541,51.87394],[1.20541,51.87394]]}},{"type":"Feature","properties":{"name":null,"kind":"coastline"},"geometry":{"type":"LineString","coordinates":[[1.20756,51.87442],[1.20756,51.87442]]}},{"type":"Feature","properties":{"name":null,"kind":"coastline"},"geometry":{"type":"LineString","coordinates":[[1.20982,51.87354],[1.20982,51.87354]]}},{"type":"Feature","properties":{"name":null,"kind":"coastline"},"geometry":{"type":"LineString","coordinates":[[1.20765,51.87407],[1.20765,51.87407]]}},{"type":"Feature","properties":{"name":null,"kind":"coastline"},"geometry":{"type":"LineString","coordinates":[[1.20739,51.87472],[1.20739,51.87472]]}},{"type":"Feature","properties":{"name":null,"kind":"coastline"},"geometry":{"type":"LineString","coordinates":[[1.20514,51.87335],[1.20514,51.87335]]}},{"type":"Feature","properties":{"name":null,"kind":"coastline"},"geometry":{"type":"LineString","coordinates":[[1.20452,51.87321],[1.20452,51.87321]]}},{"type":"Feature","properties":{"name":null,"kind":"coastline"},"geometry":{"type":"LineString","coordinates":[[1.2047,51.87385],[1.2047,51.87385]]}},{"type":"Feature","properties":{"name":null,"kind":"coastline"},"geometry":{"type":"LineString","coordinates":[[1.20599,51.87361],[1.20599,51.87361]]}},{"type":"Feature","properties":{"name":null,"kind":"coastline"},"geometry":{"type":"LineString","coordinates":[[1.20831,51.87459],[1.20831,51.87459]]}},{"type":"Feature","properties":{"name":null,"kind":"coastline"},"geometry":{"type":"LineString","coordinates":[[1.20416,51.87122],[1.20416,51.87122]]}},{"type":"Feature","properties":{"name":null,"kind":"coastline"},"geometry":{"type":"LineString","coordinates":[[1.20219,51.87054],[1.20219,51.87054]]}},{"type":"Feature","properties":{"name":null,"kind":"coastline"},"geometry":{"type":"LineString","coordinates":[[1.22451,51.8805],[1.2212,51.87324],[1.2133,51.87577],[1.21214,51.87334]]}},{"type":"Feature","properties":{"name":null,"kind":"coastline"},"geometry":{"type":"LineString","coordinates":[[1.19918,51.86753],[1.19918,51.86753]]}},{"type":"Feature","properties":{"name":null,"kind":"coastline"},"geometry":{"type":"LineString","coordinates":[[1.20318,51.8692],[1.20318,51.8692]]}},{"type":"Feature","properties":{"name":null,"kind":"coastline"},"geometry":{"type":"LineString","coordinates":[[1.2019,51.86894],[1.2019,51.86894]]}},{"type":"Feature","properties":{"name":null,"kind":"coastline"},"geometry":{"type":"LineString","coordinates":[[1.20247,51.87142],[1.20247,51.87142]]}},{"type":"Feature","properties":{"name":null,"kind":"coastline"},"geometry":{"type":"LineString","coordinates":[[1.20628,51.87049],[1.20628,51.87049]]}},{"type":"Feature","properties":{"name":null,"kind":"coastline"},"geometry":{"type":"LineString","coordinates":[[1.20352,51.8698],[1.20352,51.8698]]}},{"type":"Feature","properties":{"name":null,"kind":"coastline"},"geometry":{"type":"LineString","coordinates":[[1.20687,51.86992],[1.20687,51.86992]]}},{"type":"Feature","properties":{"name":null,"kind":"coastline"},"geometry":{"type":"LineString","coordinates":[[1.20479,51.86997],[1.20479,51.86997]]}},{"type":"Feature","properties":{"name":null,"kind":"coastline"},"geometry":{"type":"LineString","coordinates":[[1.20487,51.872],[1.20487,51.872]]}},{"type":"Feature","properties":{"name":null,"kind":"coastline"},"geometry":{"type":"LineString","coordinates":[[1.21688,51.87814],[1.22107,51.87939],[1.21688,51.87814]]}},{"type":"Feature","properties":{"name":null,"kind":"coastline"},"geometry":{"type":"LineString","coordinates":[[1.21214,51.87334],[1.20716,51.87045]]}},{"type":"Feature","properties":{"name":null,"kind":"coastline"},"geometry":{"type":"LineString","coordinates":[[1.20525,51.87],[1.20525,51.87]]}},{"type":"Feature","properties":{"name":null,"kind":"coastline"},"geometry":{"type":"LineString","coordinates":[[1.20332,51.87012],[1.20332,51.87012]]}},{"type":"Feature","properties":{"name":null,"kind":"coastline"},"geometry":{"type":"LineString","coordinates":[[1.20416,51.87115],[1.20416,51.87115]]}},{"type":"Feature","properties":{"name":null,"kind":"coastline"},"geometry":{"type":"LineString","coordinates":[[1.20203,51.87066],[1.20203,51.87066]]}},{"type":"Feature","properties":{"name":null,"kind":"coastline"},"geometry":{"type":"LineString","coordinates":[[1.20097,51.86787],[1.20097,51.86787]]}},{"type":"Feature","properties":{"name":null,"kind":"coastline"},"geometry":{"type":"LineString","coordinates":[[1.20301,51.8698],[1.20301,51.8698]]}},{"type":"Feature","properties":{"name":null,"kind":"coastline"},"geometry":{"type":"LineString","coordinates":[[1.206,51.87006],[1.206,51.87006]]}},{"type":"Feature","properties":{"name":null,"kind":"coastline"},"geometry":{"type":"LineString","coordinates":[[1.20654,51.87002],[1.20654,51.87002]]}},{"type":"Feature","properties":{"name":null,"kind":"coastline"},"geometry":{"type":"LineString","coordinates":[[1.19965,51.86794],[1.19965,51.86794]]}},{"type":"Feature","properties":{"name":null,"kind":"coastline"},"geometry":{"type":"LineString","coordinates":[[1.20554,51.87024],[1.20554,51.87024]]}},{"type":"Feature","properties":{"name":null,"kind":"coastline"},"geometry":{"type":"LineString","coordinates":[[1.20386,51.87139],[1.20386,51.87139]]}},{"type":"Feature","properties":{"name":null,"kind":"coastline"},"geometry":{"type":"LineString","coordinates":[[1.20319,51.86948],[1.20319,51.86948]]}},{"type":"Feature","properties":{"name":null,"kind":"coastline"},"geometry":{"type":"LineString","coordinates":[[1.20415,51.86963],[1.20415,51.86963]]}},{"type":"Feature","properties":{"name":null,"kind":"coastline"},"geometry":{"type":"LineString","coordinates":[[1.20087,51.86915],[1.20087,51.86915]]}},{"type":"Feature","properties":{"name":null,"kind":"coastline"},"geometry":{"type":"LineString","coordinates":[[1.20388,51.87038],[1.20388,51.87038]]}},{"type":"Feature","properties":{"name":null,"kind":"coastline"},"geometry":{"type":"LineString","coordinates":[[1.20331,51.86908],[1.20331,51.86908]]}},{"type":"Feature","properties":{"name":null,"kind":"coastline"},"geometry":{"type":"LineString","coordinates":[[1.20475,51.87013],[1.20475,51.87013]]}},{"type":"Feature","properties":{"name":null,"kind":"coastline"},"geometry":{"type":"LineString","coordinates":[[1.20543,51.87178],[1.20543,51.87178]]}},{"type":"Feature","properties":{"name":null,"kind":"coastline"},"geometry":{"type":"LineString","coordinates":[[1.20436,51.87097],[1.20079,51.86947],[1.20436,51.87097]]}},{"type":"Feature","properties":{"name":null,"kind":"coastline"},"geometry":{"type":"LineString","coordinates":[[1.20454,51.86991],[1.20454,51.86991]]}},{"type":"Feature","properties":{"name":null,"kind":"coastline"},"geometry":{"type":"LineString","coordinates":[[1.2045,51.87073],[1.2045,51.87073]]}},{"type":"Feature","properties":{"name":null,"kind":"coastline"},"geometry":{"type":"LineString","coordinates":[[1.20543,51.87069],[1.20543,51.87069]]}},{"type":"Feature","properties":{"name":null,"kind":"coastline"},"geometry":{"type":"LineString","coordinates":[[1.20041,51.86831],[1.20041,51.86831]]}},{"type":"Feature","properties":{"name":null,"kind":"coastline"},"geometry":{"type":"LineString","coordinates":[[1.20444,51.87226],[1.20444,51.87226]]}},{"type":"Feature","properties":{"name":null,"kind":"coastline"},"geometry":{"type":"LineString","coordinates":[[1.20364,51.8701],[1.20364,51.8701]]}},{"type":"Feature","properties":{"name":null,"kind":"coastline"},"geometry":{"type":"LineString","coordinates":[[1.20368,51.86914],[1.20368,51.86914]]}},{"type":"Feature","properties":{"name":null,"kind":"coastline"},"geometry":{"type":"LineString","coordinates":[[1.20326,51.8708],[1.20326,51.8708]]}},{"type":"Feature","properties":{"name":null,"kind":"coastline"},"geometry":{"type":"LineString","coordinates":[[1.2035,51.86991],[1.2035,51.86991]]}},{"type":"Feature","properties":{"name":null,"kind":"coastline"},"geometry":{"type":"LineString","coordinates":[[1.20512,51.87017],[1.20512,51.87017]]}},{"type":"Feature","properties":{"name":null,"kind":"coastline"},"geometry":{"type":"LineString","coordinates":[[1.20335,51.87165],[1.20335,51.87165]]}},{"type":"Feature","properties":{"name":null,"kind":"coastline"},"geometry":{"type":"LineString","coordinates":[[1.2022,51.86849],[1.2022,51.86849]]}},{"type":"Feature","properties":{"name":null,"kind":"coastline"},"geometry":{"type":"LineString","coordinates":[[1.21138,51.8708],[1.22132,51.87211],[1.22451,51.8805]]}},{"type":"Feature","properties":{"name":null,"kind":"coastline"},"geometry":{"type":"LineString","coordinates":[[1.20506,51.87004],[1.20506,51.87004]]}},{"type":"Feature","properties":{"name":null,"kind":"coastline"},"geometry":{"type":"LineString","coordinates":[[1.20432,51.87145],[1.20432,51.87145]]}},{"type":"Feature","properties":{"name":null,"kind":"coastline"},"geometry":{"type":"LineString","coordinates":[[1.20628,51.87026],[1.20628,51.87026]]}},{"type":"Feature","properties":{"name":null,"kind":"coastline"},"geometry":{"type":"LineString","coordinates":[[1.2036,51.86982],[1.2036,51.86982]]}},{"type":"Feature","properties":{"name":null,"kind":"coastline"},"geometry":{"type":"LineString","coordinates":[[1.20104,51.8687],[1.19897,51.8683],[1.20104,51.8687]]}},{"type":"Feature","properties":{"name":null,"kind":"coastline"},"geometry":{"type":"LineString","coordinates":[[1.22114,51.87582],[1.22265,51.87733],[1.21652,51.87672],[1.22114,51.87582]]}},{"type":"Feature","properties":{"name":null,"kind":"coastline"},"geometry":{"type":"LineString","coordinates":[[1.20324,51.87152],[1.20111,51.87172],[1.20324,51.87152]]}},{"type":"Feature","properties":{"name":null,"kind":"coastline"},"geometry":{"type":"LineString","coordinates":[[1.20416,51.86981],[1.20416,51.86981]]}},{"type":"Feature","properties":{"name":null,"kind":"coastline"},"geometry":{"type":"LineString","coordinates":[[1.21267,51.86824],[1.21267,51.86824]]}},{"type":"Feature","properties":{"name":null,"kind":"coastline"},"geometry":{"type":"LineString","coordinates":[[1.22222,51.8755],[1.22222,51.8755]]}},{"type":"Feature","properties":{"name":null,"kind":"coastline"},"geometry":{"type":"LineString","coordinates":[[1.2208,51.87189],[1.2208,51.87189]]}},{"type":"Feature","properties":{"name":null,"kind":"coastline"},"geometry":{"type":"LineString","coordinates":[[1.21325,51.86841],[1.21325,51.86841]]}},{"type":"Feature","properties":{"name":null,"kind":"coastline"},"geometry":{"type":"LineString","coordinates":[[1.20782,51.86994],[1.20782,51.86994]]}},{"type":"Feature","properties":{"name":null,"kind":"coastline"},"geometry":{"type":"LineString","coordinates":[[1.22176,51.87358],[1.22176,51.87358]]}},{"type":"Feature","properties":{"name":null,"kind":"coastline"},"geometry":{"type":"LineString","coordinates":[[1.22234,51.87469],[1.22234,51.87469]]}},{"type":"Feature","properties":{"name":null,"kind":"coastline"},"geometry":{"type":"LineString","coordinates":[[1.20767,51.87058],[1.20767,51.87058]]}},{"type":"Feature","properties":{"name":null,"kind":"coastline"},"geometry":{"type":"LineString","coordinates":[[1.22119,51.87525],[1.22119,51.87525]]}},{"type":"Feature","properties":{"name":null,"kind":"coastline"},"geometry":{"type":"LineString","coordinates":[[1.20705,51.86989],[1.20705,51.86989]]}},{"type":"Feature","properties":{"name":null,"kind":"coastline"},"geometry":{"type":"LineString","coordinates":[[1.21854,51.87916],[1.21854,51.87916]]}},{"type":"Feature","properties":{"name":null,"kind":"coastline"},"geometry":{"type":"LineString","coordinates":[[1.22055,51.87528],[1.22055,51.87528]]}},{"type":"Feature","properties":{"name":null,"kind":"coastline"},"geometry":{"type":"LineString","coordinates":[[1.21235,51.86826],[1.21235,51.86826]]}},{"type":"Feature","properties":{"name":null,"kind":"coastline"},"geometry":{"type":"LineString","coordinates":[[1.20882,51.87037],[1.20882,51.87037]]}},{"type":"Feature","properties":{"name":null,"kind":"coastline"},"geometry":{"type":"LineString","coordinates":[[1.22169,51.87556],[1.22169,51.87556]]}},{"type":"Feature","properties":{"name":null,"kind":"coastline"},"geometry":{"type":"LineString","coordinates":[[1.22164,51.87324],[1.22164,51.87324]]}},{"type":"Feature","properties":{"name":null,"kind":"coastline"},"geometry":{"type":"LineString","coordinates":[[1.21669,51.87853],[1.21669,51.87853]]}},{"type":"Feature","properties":{"name":null,"kind":"coastline"},"geometry":{"type":"LineString","coordinates":[[1.2216,51.87223],[1.2216,51.87223]]}},{"type":"Feature","properties":{"name":null,"kind":"coastline"},"geometry":{"type":"LineString","coordinates":[[1.22235,51.87445],[1.22235,51.87445]]}},{"type":"Feature","properties":{"name":null,"kind":"coastline"},"geometry":{"type":"LineString","coordinates":[[1.22022,51.87506],[1.22022,51.87506]]}},{"type":"Feature","properties":{"name":null,"kind":"coastline"},"geometry":{"type":"LineString","coordinates":[[1.22184,51.87379],[1.22184,51.87379]]}},{"type":"Feature","properties":{"name":null,"kind":"coastline"},"geometry":{"type":"LineString","coordinates":[[1.21831,51.8752],[1.21831,51.8752]]}},{"type":"Feature","properties":{"name":null,"kind":"coastline"},"geometry":{"type":"LineString","coordinates":[[1.21312,51.86822],[1.21312,51.86822]]}},{"type":"Feature","properties":{"name":null,"kind":"coastline"},"geometry":{"type":"LineString","coordinates":[[1.21707,51.8789],[1.21707,51.8789]]}},{"type":"Feature","properties":{"name":null,"kind":"coastline"},"geometry":{"type":"LineString","coordinates":[[1.22127,51.87194],[1.22127,51.87194]]}},{"type":"Feature","properties":{"name":null,"kind":"coastline"},"geometry":{"type":"LineString","coordinates":[[1.21254,51.87103],[1.21254,51.87103]]}},{"type":"Feature","properties":{"name":null,"kind":"coastline"},"geometry":{"type":"LineString","coordinates":[[1.21338,51.86848],[1.21338,51.86848]]}},{"type":"Feature","properties":{"name":null,"kind":"coastline"},"geometry":{"type":"LineString","coordinates":[[1.22262,51.87589],[1.22262,51.87589]]}},{"type":"Feature","properties":{"name":null,"kind":"coastline"},"geometry":{"type":"LineString","coordinates":[[1.22251,51.87475],[1.22251,51.87475]]}},{"type":"Feature","properties":{"name":null,"kind":"coastline"},"geometry":{"type":"LineString","coordinates":[[1.22342,51.87514],[1.22342,51.87514]]}},{"type":"Feature","properties":{"name":null,"kind":"coastline"},"geometry":{"type":"LineString","coordinates":[[1.21317,51.87063],[1.21317,51.87063]]}},{"type":"Feature","properties":{"name":null,"kind":"coastline"},"geometry":{"type":"LineString","coordinates":[[1.21608,51.8781],[1.21608,51.8781]]}},{"type":"Feature","properties":{"name":null,"kind":"coastline"},"geometry":{"type":"LineString","coordinates":[[1.22148,51.87197],[1.22148,51.87197]]}},{"type":"Feature","properties":{"name":null,"kind":"coastline"},"geometry":{"type":"LineString","coordinates":[[1.21443,51.87137],[1.21443,51.87137]]}},{"type":"Feature","properties":{"name":null,"kind":"coastline"},"geometry":{"type":"LineString","coordinates":[[1.21885,51.87514],[1.21885,51.87514]]}},{"type":"Feature","properties":{"name":null,"kind":"coastline"},"geometry":{"type":"LineString","coordinates":[[1.21319,51.86807],[1.21319,51.86807]]}},{"type":"Feature","properties":{"name":null,"kind":"coastline"},"geometry":{"type":"LineString","coordinates":[[1.20913,51.87023],[1.20913,51.87023]]}},{"type":"Feature","properties":{"name":null,"kind":"coastline"},"geometry":{"type":"LineString","coordinates":[[1.22163,51.8757],[1.22163,51.8757]]}},{"type":"Feature","properties":{"name":null,"kind":"coastline"},"geometry":{"type":"LineString","coordinates":[[1.22049,51.87187],[1.22049,51.87187]]}},{"type":"Feature","properties":{"name":null,"kind":"coastline"},"geometry":{"type":"LineString","coordinates":[[1.22168,51.87329],[1.22168,51.87329]]}},{"type":"Feature","properties":{"name":null,"kind":"coastline"},"geometry":{"type":"LineString","coordinates":[[1.22243,51.87462],[1.22243,51.87462]]}},{"type":"Feature","properties":{"name":null,"kind":"coastline"},"geometry":{"type":"LineString","coordinates":[[1.21686,51.8739],[1.21686,51.8739]]}},{"type":"Feature","properties":{"name":null,"kind":"coastline"},"geometry":{"type":"LineString","coordinates":[[1.22179,51.87513],[1.22179,51.87513]]}},{"type":"Feature","properties":{"name":null,"kind":"coastline"},"geometry":{"type":"LineString","coordinates":[[1.21227,51.87059],[1.21227,51.87059]]}},{"type":"Feature","properties":{"name":null,"kind":"coastline"},"geometry":{"type":"LineString","coordinates":[[1.21245,51.86802],[1.21245,51.86802]]}},{"type":"Feature","properties":{"name":null,"kind":"coastline"},"geometry":{"type":"LineString","coordinates":[[1.20764,51.87079],[1.20764,51.87079]]}},{"type":"Feature","properties":{"name":null,"kind":"coastline"},"geometry":{"type":"LineString","coordinates":[[1.21381,51.87092],[1.21381,51.87092]]}},{"type":"Feature","properties":{"name":null,"kind":"coastline"},"geometry":{"type":"LineString","coordinates":[[1.22129,51.87556],[1.22129,51.87556]]}},{"type":"Feature","properties":{"name":null,"kind":"coastline"},"geometry":{"type":"LineString","coordinates":[[1.20708,51.86964],[1.20708,51.86964]]}},{"type":"Feature","properties":{"name":null,"kind":"coastline"},"geometry":{"type":"LineString","coordinates":[[1.22185,51.87586],[1.22185,51.87586]]}},{"type":"Feature","properties":{"name":null,"kind":"coastline"},"geometry":{"type":"LineString","coordinates":[[1.22098,51.87513],[1.22098,51.87513]]}},{"type":"Feature","properties":{"name":null,"kind":"coastline"},"geometry":{"type":"LineString","coordinates":[[1.21291,51.8704],[1.21291,51.8704]]}},{"type":"Feature","properties":{"name":null,"kind":"coastline"},"geometry":{"type":"LineString","coordinates":[[1.21866,51.87516],[1.21866,51.87516]]}},{"type":"Feature","properties":{"name":null,"kind":"coastline"},"geometry":{"type":"LineString","coordinates":[[1.21547,51.87291],[1.21547,51.87291]]}},{"type":"Feature","properties":{"name":null,"kind":"coastline"},"geometry":{"type":"LineString","coordinates":[[1.20704,51.87007],[1.20704,51.87007]]}},{"type":"Feature","properties":{"name":null,"kind":"coastline"},"geometry":{"type":"LineString","coordinates":[[1.21307,51.86799],[1.21307,51.86799]]}},{"type":"Feature","properties":{"name":null,"kind":"coastline"},"geometry":{"type":"LineString","coordinates":[[1.21861,51.87927],[1.21861,51.87927]]}},{"type":"Feature","properties":{"name":null,"kind":"coastline"},"geometry":{"type":"LineString","coordinates":[[1.21242,51.87071],[1.21242,51.87071]]}},{"type":"Feature","properties":{"name":null,"kind":"coastline"},"geometry":{"type":"LineString","coordinates":[[1.21245,51.8683],[1.21245,51.8683]]}},{"type":"Feature","properties":{"name":null,"kind":"coastline"},"geometry":{"type":"LineString","coordinates":[[1.21782,51.87522],[1.21782,51.87522]]}},{"type":"Feature","properties":{"name":null,"kind":"coastline"},"geometry":{"type":"LineString","coordinates":[[1.21372,51.87066],[1.21372,51.87066]]}},{"type":"Feature","properties":{"name":null,"kind":"coastline"},"geometry":{"type":"LineString","coordinates":[[1.21707,51.87856],[1.21707,51.87856]]}},{"type":"Feature","properties":{"name":null,"kind":"coastline"},"geometry":{"type":"LineString","coordinates":[[1.2132,51.87095],[1.2132,51.87095]]}},{"type":"Feature","properties":{"name":null,"kind":"coastline"},"geometry":{"type":"LineString","coordinates":[[1.2118,51.8707],[1.2118,51.8707]]}},{"type":"Feature","properties":{"name":null,"kind":"coastline"},"geometry":{"type":"LineString","coordinates":[[1.21374,51.8679],[1.21374,51.8679]]}},{"type":"Feature","properties":{"name":null,"kind":"coastline"},"geometry":{"type":"LineString","coordinates":[[1.20821,51.86925],[1.20821,51.86925]]}},{"type":"Feature","properties":{"name":null,"kind":"coastline"},"geometry":{"type":"LineString","coordinates":[[1.2176,51.87885],[1.2176,51.87885]]}},{"type":"Feature","properties":{"name":null,"kind":"coastline"},"geometry":{"type":"LineString","coordinates":[[1.22147,51.87169],[1.22147,51.87169]]}},{"type":"Feature","properties":{"name":null,"kind":"coastline"},"geometry":{"type":"LineString","coordinates":[[1.21307,51.86847],[1.21307,51.86847]]}},{"type":"Feature","properties":{"name":null,"kind":"coastline"},"geometry":{"type":"LineString","coordinates":[[1.22245,51.87622],[1.22245,51.87622]]}},{"type":"Feature","properties":{"name":null,"kind":"coastline"},"geometry":{"type":"LineString","coordinates":[[1.22263,51.87496],[1.22263,51.87496]]}},{"type":"Feature","properties":{"name":null,"kind":"coastline"},"geometry":{"type":"LineString","coordinates":[[1.2129,51.87063],[1.2129,51.87063]]}},{"type":"Feature","properties":{"name":null,"kind":"coastline"},"geometry":{"type":"LineString","coordinates":[[1.21653,51.87839],[1.21653,51.87839]]}},{"type":"Feature","properties":{"name":null,"kind":"coastline"},"geometry":{"type":"LineString","coordinates":[[1.22159,51.8719],[1.22159,51.8719]]}},{"type":"Feature","properties":{"name":null,"kind":"coastline"},"geometry":{"type":"LineString","coordinates":[[1.21209,51.86788],[1.21209,51.86788]]}},{"type":"Feature","properties":{"name":null,"kind":"coastline"},"geometry":{"type":"LineString","coordinates":[[1.21565,51.87266],[1.21565,51.87266]]}},{"type":"Feature","properties":{"name":null,"kind":"coastline"},"geometry":{"type":"LineString","coordinates":[[1.21326,51.87062],[1.21326,51.87062]]}},{"type":"Feature","properties":{"name":null,"kind":"coastline"},"geometry":{"type":"LineString","coordinates":[[1.2109,51.86939],[1.2109,51.86939]]}},{"type":"Feature","properties":{"name":null,"kind":"coastline"},"geometry":{"type":"LineString","coordinates":[[1.21053,51.86987],[1.21053,51.86987]]}},{"type":"Feature","properties":{"name":null,"kind":"coastline"},"geometry":{"type":"LineString","coordinates":[[1.21239,51.87009],[1.21239,51.87009]]}},{"type":"Feature","properties":{"name":null,"kind":"coastline"},"geometry":{"type":"LineString","coordinates":[[1.21288,51.86948],[1.21288,51.86948]]}},{"type":"Feature","properties":{"name":null,"kind":"coastline"},"geometry":{"type":"LineString","coordinates":[[1.21251,51.86906],[1.21251,51.86906]]}},{"type":"Feature","properties":{"name":null,"kind":"coastline"},"geometry":{"type":"LineString","coordinates":[[1.21274,51.86966],[1.21274,51.86966]]}},{"type":"Feature","properties":{"name":null,"kind":"coastline"},"geometry":{"type":"LineString","coordinates":[[1.21246,51.86998],[1.21246,51.86998]]}},{"type":"Feature","properties":{"name":null,"kind":"coastline"},"geometry":{"type":"LineString","coordinates":[[1.21264,51.8691],[1.21264,51.8691]]}},{"type":"Feature","properties":{"name":null,"kind":"coastline"},"geometry":{"type":"LineString","coordinates":[[1.21067,51.87048],[1.21067,51.87048]]}},{"type":"Feature","properties":{"name":null,"kind":"coastline"},"geometry":{"type":"LineString","coordinates":[[1.21203,51.86894],[1.21203,51.86894]]}},{"type":"Feature","properties":{"name":null,"kind":"coastline"},"geometry":{"type":"LineString","coordinates":[[1.21253,51.86981],[1.21253,51.86981]]}},{"type":"Feature","properties":{"name":null,"kind":"coastline"},"geometry":{"type":"LineString","coordinates":[[1.21131,51.87068],[1.21131,51.87068]]}},{"type":"Feature","properties":{"name":null,"kind":"coastline"},"geometry":{"type":"LineString","coordinates":[[1.21109,51.86979],[1.21109,51.86979]]}},{"type":"Feature","properties":{"name":null,"kind":"coastline"},"geometry":{"type":"LineString","coordinates":[[1.21176,51.87024],[1.21176,51.87024]]}},{"type":"Feature","properties":{"name":null,"kind":"coastline"},"geometry":{"type":"LineString","coordinates":[[1.21319,51.86944],[1.21319,51.86944]]}},{"type":"Feature","properties":{"name":null,"kind":"coastline"},"geometry":{"type":"LineString","coordinates":[[1.21231,51.86985],[1.21231,51.86985]]}},{"type":"Feature","properties":{"name":null,"kind":"coastline"},"geometry":{"type":"LineString","coordinates":[[1.21301,51.86903],[1.21301,51.86903]]}},{"type":"Feature","properties":{"name":null,"kind":"coastline"},"geometry":{"type":"LineString","coordinates":[[1.2103,51.86904],[1.2103,51.86904]]}},{"type":"Feature","properties":{"name":null,"kind":"coastline"},"geometry":{"type":"LineString","coordinates":[[1.21203,51.86882],[1.21203,51.86882]]}},{"type":"Feature","properties":{"name":null,"kind":"coastline"},"geometry":{"type":"LineString","coordinates":[[1.21306,51.86906],[1.21306,51.86906]]}},{"type":"Feature","properties":{"name":null,"kind":"coastline"},"geometry":{"type":"LineString","coordinates":[[1.21027,51.87032],[1.21027,51.87032]]}},{"type":"Feature","properties":{"name":null,"kind":"coastline"},"geometry":{"type":"LineString","coordinates":[[1.21091,51.86998],[1.21091,51.86998]]}},{"type":"Feature","properties":{"name":null,"kind":"coastline"},"geometry":{"type":"LineString","coordinates":[[1.21223,51.87],[1.21223,51.87]]}},{"type":"Feature","properties":{"name":null,"kind":"coastline"},"geometry":{"type":"LineString","coordinates":[[1.21298,51.86932],[1.21298,51.86932]]}},{"type":"Feature","properties":{"name":null,"kind":"coastline"},"geometry":{"type":"LineString","coordinates":[[1.21124,51.87331],[1.21124,51.87331]]}},{"type":"Feature","properties":{"name":null,"kind":"coastline"},"geometry":{"type":"LineString","coordinates":[[1.21234,51.86893],[1.21234,51.86893]]}},{"type":"Feature","properties":{"name":null,"kind":"coastline"},"geometry":{"type":"LineString","coordinates":[[1.21245,51.86909],[1.21245,51.86909]]}},{"type":"Feature","properties":{"name":null,"kind":"coastline"},"geometry":{"type":"LineString","coordinates":[[1.21071,51.86942],[1.21071,51.86942]]}},{"type":"Feature","properties":{"name":null,"kind":"coastline"},"geometry":{"type":"LineString","coordinates":[[1.21247,51.87006],[1.21247,51.87006]]}},{"type":"Feature","properties":{"name":null,"kind":"coastline"},"geometry":{"type":"LineString","coordinates":[[1.21253,51.86933],[1.21253,51.86933]]}},{"type":"Feature","properties":{"name":null,"kind":"coastline"},"geometry":{"type":"LineString","coordinates":[[1.21085,51.87058],[1.21085,51.87058]]}},{"type":"Feature","properties":{"name":null,"kind":"coastline"},"geometry":{"type":"LineString","coordinates":[[1.21247,51.86885],[1.21247,51.86885]]}},{"type":"Feature","properties":{"name":null,"kind":"coastline"},"geometry":{"type":"LineString","coordinates":[[1.21083,51.86927],[1.21083,51.86927]]}},{"type":"Feature","properties":{"name":null,"kind":"coastline"},"geometry":{"type":"LineString","coordinates":[[1.21102,51.87061],[1.21102,51.87061]]}},{"type":"Feature","properties":{"name":null,"kind":"coastline"},"geometry":{"type":"LineString","coordinates":[[1.20976,51.87045],[1.20976,51.87045]]}},{"type":"Feature","properties":{"name":null,"kind":"coastline"},"geometry":{"type":"LineString","coordinates":[[1.21258,51.8699],[1.21258,51.8699]]}},{"type":"Feature","properties":{"name":null,"kind":"coastline"},"geometry":{"type":"LineString","coordinates":[[1.21056,51.86943],[1.21056,51.86943]]}},{"type":"Feature","properties":{"name":null,"kind":"coastline"},"geometry":{"type":"LineString","coordinates":[[1.21193,51.86866],[1.21193,51.86866]]}},{"type":"Feature","properties":{"name":null,"kind":"coastline"},"geometry":{"type":"LineString","coordinates":[[1.21026,51.87038],[1.21026,51.87038]]}},{"type":"Feature","properties":{"name":null,"kind":"coastline"},"geometry":{"type":"LineString","coordinates":[[1.20964,51.86904],[1.20964,51.86904]]}},{"type":"Feature","properties":{"name":null,"kind":"coastline"},"geometry":{"type":"LineString","coordinates":[[1.21125,51.86963],[1.21125,51.86963]]}},{"type":"Feature","properties":{"name":null,"kind":"coastline"},"geometry":{"type":"LineString","coordinates":[[1.21116,51.8699],[1.21116,51.8699]]}},{"type":"Feature","properties":{"name":null,"kind":"coastline"},"geometry":{"type":"LineString","coordinates":[[1.21323,51.86952],[1.21323,51.86952]]}},{"type":"Feature","properties":{"name":null,"kind":"coastline"},"geometry":{"type":"LineString","coordinates":[[1.20716,51.87045],[1.21138,51.8708]]}},{"type":"Feature","properties":{"name":null,"kind":"coastline"},"geometry":{"type":"LineString","coordinates":[[1.22621,51.86582],[1.22621,51.86582]]}},{"type":"Feature","properties":{"name":null,"kind":"coastline"},"geometry":{"type":"LineString","coordinates":[[1.22917,51.86824],[1.22645,51.87103]]}},{"type":"Feature","properties":{"name":null,"kind":"coastline"},"geometry":{"type":"LineString","coordinates":[[1.23017,51.87136],[1.23017,51.87136]]}},{"type":"Feature","properties":{"name":null,"kind":"coastline"},"geometry":{"type":"LineString","coordinates":[[1.22924,51.86739],[1.22924,51.86739]]}},{"type":"Feature","properties":{"name":null,"kind":"coastline"},"geometry":{"type":"LineString","coordinates":[[1.2301,51.87154],[1.2301,51.87154]]}},{"type":"Feature","properties":{"name":null,"kind":"coastline"},"geometry":{"type":"LineString","coordinates":[[1.22654,51.86661],[1.22654,51.86661]]}},{"type":"Feature","properties":{"name":null,"kind":"coastline"},"geometry":{"type":"LineString","coordinates":[[1.22715,51.87189],[1.22715,51.87189]]}},{"type":"Feature","properties":{"name":null,"kind":"coastline"},"geometry":{"type":"LineString","coordinates":[[1.22929,51.85892],[1.22929,51.85892]]}},{"type":"Feature","properties":{"name":null,"kind":"coastline"},"geometry":{"type":"LineString","coordinates":[[1.23206,51.86224],[1.23206,51.86224]]}},{"type":"Feature","properties":{"name":null,"kind":"coastline"},"geometry":{"type":"LineString","coordinates":[[1.2296,51.87022],[1.2296,51.87022]]}},{"type":"Feature","properties":{"name":null,"kind":"coastline"},"geometry":{"type":"LineString","coordinates":[[1.22875,51.87131],[1.22875,51.87131]]}},{"type":"Feature","properties":{"name":null,"kind":"coastline"},"geometry":{"type":"LineString","coordinates":[[1.22971,51.85973],[1.22971,51.85973]]}},{"type":"Feature","properties":{"name":null,"kind":"coastline"},"geometry":{"type":"LineString","coordinates":[[1.22634,51.86639],[1.22634,51.86639]]}},{"type":"Feature","properties":{"name":null,"kind":"coastline"},"geometry":{"type":"LineString","coordinates":[[1.22868,51.87139],[1.22868,51.87139]]}},{"type":"Feature","properties":{"name":null,"kind":"coastline"},"geometry":{"type":"LineString","coordinates":[[1.23033,51.87033],[1.23033,51.87033]]}},{"type":"Feature","properties":{"name":null,"kind":"coastline"},"geometry":{"type":"LineString","coordinates":[[1.22879,51.86778],[1.22879,51.86778]]}},{"type":"Feature","properties":{"name":null,"kind":"coastline"},"geometry":{"type":"LineString","coordinates":[[1.23093,51.86339],[1.23093,51.86339]]}},{"type":"Feature","properties":{"name":null,"kind":"coastline"},"geometry":{"type":"LineString","coordinates":[[1.22902,51.8671],[1.22902,51.8671]]}},{"type":"Feature","properties":{"name":null,"kind":"coastline"},"geometry":{"type":"LineString","coordinates":[[1.2289,51.86594],[1.2289,51.86594]]}},{"type":"Feature","properties":{"name":null,"kind":"coastline"},"geometry":{"type":"LineString","coordinates":[[1.22994,51.8707],[1.22994,51.8707]]}},{"type":"Feature","properties":{"name":null,"kind":"coastline"},"geometry":{"type":"LineString","coordinates":[[1.23144,51.86143],[1.23144,51.86143]]}},{"type":"Feature","properties":{"name":null,"kind":"coastline"},"geometry":{"type":"LineString","coordinates":[[1.22778,51.87165],[1.22778,51.87165]]}},{"type":"Feature","properties":{"name":null,"kind":"coastline"},"geometry":{"type":"LineString","coordinates":[[1.22646,51.86735],[1.22646,51.86735]]}},{"type":"Feature","properties":{"name":null,"kind":"coastline"},"geometry":{"type":"LineString","coordinates":[[1.22962,51.86758],[1.22962,51.86758]]}},{"type":"Feature","properties":{"name":null,"kind":"coastline"},"geometry":{"type":"LineString","coordinates":[[1.23157,51.86203],[1.23157,51.86203]]}},{"type":"Feature","properties":{"name":null,"kind":"coastline"},"geometry":{"type":"LineString","coordinates":[[1.23076,51.86244],[1.23076,51.86244]]}},{"type":"Feature","properties":{"name":null,"kind":"coastline"},"geometry":{"type":"LineString","coordinates":[[1.2266,51.87206],[1.2266,51.87206]]}},{"type":"Feature","properties":{"name":null,"kind":"coastline"},"geometry":{"type":"LineString","coordinates":[[1.23103,51.86364],[1.23103,51.86364]]}},{"type":"Feature","properties":{"name":null,"kind":"coastline"},"geometry":{"type":"LineString","coordinates":[[1.22645,51.86577],[1.22645,51.86577]]}},{"type":"Feature","properties":{"name":null,"kind":"coastline"},"geometry":{"type":"LineString","coordinates":[[1.23111,51.86338],[1.23111,51.86338]]}},{"type":"Feature","properties":{"name":null,"kind":"coastline"},"geometry":{"type":"LineString","coordinates":[[1.22839,51.86982],[1.22839,51.86982]]}},{"type":"Feature","properties":{"name":null,"kind":"coastline"},"geometry":{"type":"LineString","coordinates":[[1.22947,51.866],[1.22947,51.866]]}},{"type":"Feature","properties":{"name":null,"kind":"coastline"},"geometry":{"type":"LineString","coordinates":[[1.23046,51.87059],[1.23046,51.87059]]}},{"type":"Feature","properties":{"name":null,"kind":"coastline"},"geometry":{"type":"LineString","coordinates":[[1.22711,51.87149],[1.22711,51.87149]]}},{"type":"Feature","properties":{"name":null,"kind":"coastline"},"geometry":{"type":"LineString","coordinates":[[1.22955,51.87264],[1.22955,51.87264]]}},{"type":"Feature","properties":{"name":null,"kind":"coastline"},"geometry":{"type":"LineString","coordinates":[[1.22622,51.86712],[1.22622,51.86712]]}},{"type":"Feature","properties":{"name":null,"kind":"coastline"},"geometry":{"type":"LineString","coordinates":[[1.23024,51.85959],[1.23024,51.85959]]}},{"type":"Feature","properties":{"name":null,"kind":"coastline"},"geometry":{"type":"LineString","coordinates":[[1.23177,51.86239],[1.23177,51.86239]]}},{"type":"Feature","properties":{"name":null,"kind":"coastline"},"geometry":{"type":"LineString","coordinates":[[1.22898,51.85889],[1.22898,51.85889]]}},{"type":"Feature","properties":{"name":null,"kind":"coastline"},"geometry":{"type":"LineString","coordinates":[[1.23102,51.86165],[1.23102,51.86165]]}},{"type":"Feature","properties":{"name":null,"kind":"coastline"},"geometry":{"type":"LineString","coordinates":[[1.23017,51.86963],[1.23017,51.86963]]}},{"type":"Feature","properties":{"name":null,"kind":"coastline"},"geometry":{"type":"LineString","coordinates":[[1.23199,51.86326],[1.23199,51.86326]]}},{"type":"Feature","properties":{"name":null,"kind":"coastline"},"geometry":{"type":"LineString","coordinates":[[1.22912,51.86641],[1.22912,51.86641]]}},{"type":"Feature","properties":{"name":null,"kind":"coastline"},"geometry":{"type":"LineString","coordinates":[[1.22786,51.86889],[1.22786,51.86889]]}},{"type":"Feature","properties":{"name":null,"kind":"coastline"},"geometry":{"type":"LineString","coordinates":[[1.23086,51.86346],[1.23086,51.86346]]}},{"type":"Feature","properties":{"name":null,"kind":"coastline"},"geometry":{"type":"LineString","coordinates":[[1.22779,51.86602],[1.22779,51.86602]]}},{"type":"Feature","properties":{"name":null,"kind":"coastline"},"geometry":{"type":"LineString","coordinates":[[1.22922,51.86558],[1.22922,51.86558]]}},{"type":"Feature","properties":{"name":null,"kind":"coastline"},"geometry":{"type":"LineString","coordinates":[[1.22785,51.86665],[1.22785,51.86665]]}},{"type":"Feature","properties":{"name":null,"kind":"coastline"},"geometry":{"type":"LineString","coordinates":[[1.23114,51.86335],[1.23114,51.86335]]}},{"type":"Feature","properties":{"name":null,"kind":"coastline"},"geometry":{"type":"LineString","coordinates":[[1.23111,51.86161],[1.23111,51.86161]]}},{"type":"Feature","properties":{"name":null,"kind":"coastline"},"geometry":{"type":"LineString","coordinates":[[1.22807,51.85881],[1.23031,51.86197]]}},{"type":"Feature","properties":{"name":null,"kind":"coastline"},"geometry":{"type":"LineString","coordinates":[[1.22651,51.86747],[1.22651,51.86747]]}},{"type":"Feature","properties":{"name":null,"kind":"coastline"},"geometry":{"type":"LineString","coordinates":[[1.22617,51.86691],[1.22617,51.86691]]}},{"type":"Feature","properties":{"name":null,"kind":"coastline"},"geometry":{"type":"LineString","coordinates":[[1.22718,51.87114],[1.22718,51.87114]]}},{"type":"Feature","properties":{"name":null,"kind":"coastline"},"geometry":{"type":"LineString","coordinates":[[1.22521,51.87152],[1.22521,51.87152]]}},{"type":"Feature","properties":{"name":null,"kind":"coastline"},"geometry":{"type":"LineString","coordinates":[[1.22875,51.86969],[1.22875,51.86969]]}},{"type":"Feature","properties":{"name":null,"kind":"coastline"},"geometry":{"type":"LineString","coordinates":[[1.22654,51.872],[1.22654,51.872]]}},{"type":"Feature","properties":{"name":null,"kind":"coastline"},"geometry":{"type":"LineString","coordinates":[[1.23164,51.86255],[1.23164,51.86255]]}},{"type":"Feature","properties":{"name":null,"kind":"coastline"},"geometry":{"type":"LineString","coordinates":[[1.23063,51.86959],[1.23063,51.86959]]}},{"type":"Feature","properties":{"name":null,"kind":"coastline"},"geometry":{"type":"LineString","coordinates":[[1.22924,51.85955],[1.22924,51.85955]]}},{"type":"Feature","properties":{"name":null,"kind":"coastline"},"geometry":{"type":"LineString","coordinates":[[1.22256,51.87112],[1.22256,51.87112]]}},{"type":"Feature","properties":{"name":null,"kind":"coastline"},"geometry":{"type":"LineString","coordinates":[[1.22762,51.86665],[1.22762,51.86665]]}},{"type":"Feature","properties":{"name":null,"kind":"coastline"},"geometry":{"type":"LineString","coordinates":[[1.23107,51.86336],[1.23107,51.86336]]}},{"type":"Feature","properties":{"name":null,"kind":"coastline"},"geometry":{"type":"LineString","coordinates":[[1.22826,51.86561],[1.22826,51.86561]]}},{"type":"Feature","properties":{"name":null,"kind":"coastline"},"geometry":{"type":"LineString","coordinates":[[1.23223,51.86334],[1.23223,51.86334]]}},{"type":"Feature","properties":{"name":null,"kind":"coastline"},"geometry":{"type":"LineString","coordinates":[[1.22838,51.86976],[1.22838,51.86976]]}},{"type":"Feature","properties":{"name":null,"kind":"coastline"},"geometry":{"type":"LineString","coordinates":[[1.22966,51.86569],[1.22966,51.86569]]}},{"type":"Feature","properties":{"name":null,"kind":"coastline"},"geometry":{"type":"LineString","coordinates":[[1.23033,51.87092],[1.23033,51.87092]]}},{"type":"Feature","properties":{"name":null,"kind":"coastline"},"geometry":{"type":"LineString","coordinates":[[1.22836,51.8718],[1.22836,51.8718]]}},{"type":"Feature","properties":{"name":null,"kind":"coastline"},"geometry":{"type":"LineString","coordinates":[[1.23188,51.86329],[1.23188,51.86329]]}},{"type":"Feature","properties":{"name":null,"kind":"coastline"},"geometry":{"type":"LineString","coordinates":[[1.22896,51.8648],[1.2258,51.86714],[1.22917,51.86824]]}},{"type":"Feature","properties":{"name":null,"kind":"coastline"},"geometry":{"type":"LineString","coordinates":[[1.22631,51.86721],[1.22631,51.86721]]}},{"type":"Feature","properties":{"name":null,"kind":"coastline"},"geometry":{"type":"LineString","coordinates":[[1.23072,51.87153],[1.23072,51.87153]]}},{"type":"Feature","properties":{"name":null,"kind":"coastline"},"geometry":{"type":"LineString","coordinates":[[1.23034,51.87152],[1.23034,51.87152]]}},{"type":"Feature","properties":{"name":null,"kind":"coastline"},"geometry":{"type":"LineString","coordinates":[[1.23158,51.86175],[1.23158,51.86175]]}},{"type":"Feature","properties":{"name":null,"kind":"coastline"},"geometry":{"type":"LineString","coordinates":[[1.23117,51.8623],[1.23117,51.8623]]}},{"type":"Feature","properties":{"name":null,"kind":"coastline"},"geometry":{"type":"LineString","coordinates":[[1.22551,51.87155],[1.22551,51.87155]]}},{"type":"Feature","properties":{"name":null,"kind":"coastline"},"geometry":{"type":"LineString","coordinates":[[1.23009,51.86994],[1.23009,51.86994]]}},{"type":"Feature","properties":{"name":null,"kind":"coastline"},"geometry":{"type":"LineString","coordinates":[[1.22728,51.87208],[1.22728,51.87208]]}},{"type":"Feature","properties":{"name":null,"kind":"coastline"},"geometry":{"type":"LineString","coordinates":[[1.23158,51.86298],[1.23158,51.86298]]}},{"type":"Feature","properties":{"name":null,"kind":"coastline"},"geometry":{"type":"LineString","coordinates":[[1.22963,51.86653],[1.22963,51.86653]]}},{"type":"Feature","properties":{"name":null,"kind":"coastline"},"geometry":{"type":"LineString","coordinates":[[1.23078,51.86973],[1.23078,51.86973]]}},{"type":"Feature","properties":{"name":null,"kind":"coastline"},"geometry":{"type":"LineString","coordinates":[[1.22682,51.8665],[1.22682,51.8665]]}},{"type":"Feature","properties":{"name":null,"kind":"coastline"},"geometry":{"type":"LineString","coordinates":[[1.22808,51.8663],[1.22808,51.8663]]}},{"type":"Feature","properties":{"name":null,"kind":"coastline"},"geometry":{"type":"LineString","coordinates":[[1.22842,51.87161],[1.22842,51.87161]]}},{"type":"Feature","properties":{"name":null,"kind":"coastline"},"geometry":{"type":"LineString","coordinates":[[1.23001,51.87035],[1.23001,51.87035]]}},{"type":"Feature","properties":{"name":null,"kind":"coastline"},"geometry":{"type":"LineString","coordinates":[[1.22845,51.86653],[1.22845,51.86653]]}},{"type":"Feature","properties":{"name":null,"kind":"coastline"},"geometry":{"type":"LineString","coordinates":[[1.22834,51.86807],[1.22834,51.86807]]}},{"type":"Feature","properties":{"name":null,"kind":"coastline"},"geometry":{"type":"LineString","coordinates":[[1.23135,51.8633],[1.23135,51.8633]]}},{"type":"Feature","properties":{"name":null,"kind":"coastline"},"geometry":{"type":"LineString","coordinates":[[1.22901,51.86992],[1.22901,51.86992]]}},{"type":"Feature","properties":{"name":null,"kind":"coastline"},"geometry":{"type":"LineString","coordinates":[[1.22884,51.86557],[1.22884,51.86557]]}},{"type":"Feature","properties":{"name":null,"kind":"coastline"},"geometry":{"type":"LineString","coordinates":[[1.22612,51.86672],[1.22612,51.86672]]}},{"type":"Feature","properties":{"name":null,"kind":"coastline"},"geometry":{"type":"LineString","coordinates":[[1.23245,51.86213],[1.23245,51.86213]]}},{"type":"Feature","properties":{"name":null,"kind":"coastline"},"geometry":{"type":"LineString","coordinates":[[1.22594,51.87156],[1.22594,51.87156]]}},{"type":"Feature","properties":{"name":null,"kind":"coastline"},"geometry":{"type":"LineString","coordinates":[[1.22645,51.87103],[1.22847,51.87118],[1.22193,51.87063]]}},{"type":"Feature","properties":{"name":null,"kind":"coastline"},"geometry":{"type":"LineString","coordinates":[[1.22946,51.86765],[1.22946,51.86765]]}},{"type":"Feature","properties":{"name":null,"kind":"coastline"},"geometry":{"type":"LineString","coordinates":[[1.22904,51.85867],[1.22904,51.85867]]}},{"type":"Feature","properties":{"name":null,"kind":"coastline"},"geometry":{"type":"LineString","coordinates":[[1.23121,51.86221],[1.23121,51.86221]]}},{"type":"Feature","properties":{"name":null,"kind":"coastline"},"geometry":{"type":"LineString","coordinates":[[1.23071,51.86959],[1.23071,51.86959]]}},{"type":"Feature","properties":{"name":null,"kind":"coastline"},"geometry":{"type":"LineString","coordinates":[[1.22237,51.87106],[1.22237,51.87106]]}},{"type":"Feature","properties":{"name":null,"kind":"coastline"},"geometry":{"type":"LineString","coordinates":[[1.22771,51.86664],[1.22771,51.86664]]}},{"type":"Feature","properties":{"name":null,"kind":"coastline"},"geometry":{"type":"LineString","coordinates":[[1.23105,51.87039],[1.23105,51.87039]]}},{"type":"Feature","properties":{"name":null,"kind":"coastline"},"geometry":{"type":"LineString","coordinates":[[1.22683,51.8721],[1.22683,51.8721]]}},{"type":"Feature","properties":{"name":null,"kind":"coastline"},"geometry":{"type":"LineString","coordinates":[[1.23169,51.86237],[1.23,51.86119],[1.23169,51.86237]]}},{"type":"Feature","properties":{"name":null,"kind":"coastline"},"geometry":{"type":"LineString","coordinates":[[1.22622,51.86637],[1.22622,51.86637]]}},{"type":"Feature","properties":{"name":null,"kind":"coastline"},"geometry":{"type":"LineString","coordinates":[[1.22739,51.86577],[1.22739,51.86577]]}},{"type":"Feature","properties":{"name":null,"kind":"coastline"},"geometry":{"type":"LineString","coordinates":[[1.23171,51.87169],[1.23266,51.86991],[1.23171,51.87169]]}},{"type":"Feature","properties":{"name":null,"kind":"coastline"},"geometry":{"type":"LineString","coordinates":[[1.22939,51.8656],[1.22939,51.8656]]}},{"type":"Feature","properties":{"name":null,"kind":"coastline"},"geometry":{"type":"LineString","coordinates":[[1.22586,51.86558],[1.22586,51.86558]]}},{"type":"Feature","properties":{"name":null,"kind":"coastline"},"geometry":{"type":"LineString","coordinates":[[1.23055,51.87027],[1.23055,51.87027]]}},{"type":"Feature","properties":{"name":null,"kind":"coastline"},"geometry":{"type":"LineString","coordinates":[[1.22819,51.86654],[1.22819,51.86654]]}},{"type":"Feature","properties":{"name":null,"kind":"coastline"},"geometry":{"type":"LineString","coordinates":[[1.23153,51.86341],[1.23153,51.86341]]}},{"type":"Feature","properties":{"name":null,"kind":"coastline"},"geometry":{"type":"LineString","coordinates":[[1.22929,51.86679],[1.22929,51.86679]]}},{"type":"Feature","properties":{"name":null,"kind":"coastline"},"geometry":{"type":"LineString","coordinates":[[1.23031,51.86197],[1.23213,51.86287],[1.22896,51.8648]]}},{"type":"Feature","properties":{"name":null,"kind":"coastline"},"geometry":{"type":"LineString","coordinates":[[1.22901,51.86599],[1.22901,51.86599]]}},{"type":"Feature","properties":{"name":null,"kind":"coastline"},"geometry":{"type":"LineString","coordinates":[[1.22503,51.87157],[1.22503,51.87157]]}},{"type":"Feature","properties":{"name":null,"kind":"coastline"},"geometry":{"type":"LineString","coordinates":[[1.23081,51.87014],[1.23081,51.87014]]}},{"type":"Feature","properties":{"name":null,"kind":"coastline"},"geometry":{"type":"LineString","coordinates":[[1.22717,51.87149],[1.22717,51.87149]]}},{"type":"Feature","properties":{"name":null,"kind":"coastline"},"geometry":{"type":"LineString","coordinates":[[1.23189,51.86212],[1.23189,51.86212]]}},{"type":"Feature","properties":{"name":null,"kind":"coastline"},"geometry":{"type":"LineString","coordinates":[[1.23009,51.86881],[1.23009,51.86881]]}},{"type":"Feature","properties":{"name":null,"kind":"coastline"},"geometry":{"type":"LineString","coordinates":[[1.23058,51.86974],[1.23058,51.86974]]}},{"type":"Feature","properties":{"name":null,"kind":"coastline"},"geometry":{"type":"LineString","coordinates":[[1.22801,51.87223],[1.22801,51.87223]]}},{"type":"Feature","properties":{"name":null,"kind":"coastline"},"geometry":{"type":"LineString","coordinates":[[1.22985,51.87108],[1.22985,51.87108]]}},{"type":"Feature","properties":{"name":null,"kind":"coastline"},"geometry":{"type":"LineString","coordinates":[[1.22289,51.87114],[1.22289,51.87114]]}},{"type":"Feature","properties":{"name":null,"kind":"coastline"},"geometry":{"type":"LineString","coordinates":[[1.22721,51.86657],[1.22721,51.86657]]}},{"type":"Feature","properties":{"name":null,"kind":"coastline"},"geometry":{"type":"LineString","coordinates":[[1.22988,51.86992],[1.22988,51.86992]]}},{"type":"Feature","properties":{"name":null,"kind":"coastline"},"geometry":{"type":"LineString","coordinates":[[1.22757,51.86718],[1.22757,51.86718]]}},{"type":"Feature","properties":{"name":null,"kind":"coastline"},"geometry":{"type":"LineString","coordinates":[[1.23208,51.8634],[1.23208,51.8634]]}},{"type":"Feature","properties":{"name":null,"kind":"coastline"},"geometry":{"type":"LineString","coordinates":[[1.23075,51.86336],[1.23075,51.86336]]}},{"type":"Feature","properties":{"name":null,"kind":"coastline"},"geometry":{"type":"LineString","coordinates":[[1.22938,51.86839],[1.22938,51.86839]]}},{"type":"Feature","properties":{"name":null,"kind":"coastline"},"geometry":{"type":"LineString","coordinates":[[1.22906,51.86578],[1.22906,51.86578]]}},{"type":"Feature","properties":{"name":null,"kind":"coastline"},"geometry":{"type":"LineString","coordinates":[[1.22352,51.87312],[1.22352,51.87312]]}},{"type":"Feature","properties":{"name":null,"kind":"coastline"},"geometry":{"type":"LineString","coordinates":[[1.2237,51.87297],[1.22573,51.87307],[1.2237,51.87297]]}},{"type":"Feature","properties":{"name":null,"kind":"coastline"},"geometry":{"type":"LineString","coordinates":[[1.26731,51.85291],[1.26493,51.85594],[1.26895,51.8609]]}},{"type":"Feature","properties":{"name":null,"kind":"coastline"},"geometry":{"type":"LineString","coordinates":[[1.2703,51.85238],[1.27024,51.85241]]}},{"type":"Feature","properties":{"name":null,"kind":"coastline"},"geometry":{"type":"LineString","coordinates":[[1.23317,51.85662],[1.22807,51.8588]]}},{"type":"Feature","properties":{"name":null,"kind":"coastline"},"geometry":{"type":"LineString","coordinates":[[1.26776,51.88145],[1.27108,51.88153],[1.26773,51.88098]]}},{"type":"Feature","properties":{"name":null,"kind":"coastline"},"geometry":{"type":"LineString","coordinates":[[1.25113,51.85794],[1.25187,51.8598],[1.24809,51.85903],[1.25011,51.86126],[1.24331,51.85922]]}},{"type":"Feature","properties":{"name":null,"kind":"coastline"},"geometry":{"type":"LineString","coordinates":[[1.26895,51.8609],[1.26695,51.8607],[1.27177,51.8617],[1.26952,51.86348]]}},{"type":"Feature","properties":{"name":null,"kind":"coastline"},"geometry":{"type":"LineString","coordinates":[[1.27588,51.87881],[1.27985,51.87771],[1.27837,51.87635]]}},{"type":"Feature","properties":{"name":null,"kind":"coastline"},"geometry":{"type":"LineString","coordinates":[[1.22807,51.8588],[1.22807,51.85881]]}},{"type":"Feature","properties":{"name":null,"kind":"coastline"},"geometry":{"type":"LineString","coordinates":[[1.26773,51.88098],[1.26997,51.87726]]}},{"type":"Feature","properties":{"name":null,"kind":"coastline"},"geometry":{"type":"LineString","coordinates":[[1.27024,51.85241],[1.26734,51.8529]]}},{"type":"Feature","properties":{"name":null,"kind":"coastline"},"geometry":{"type":"LineString","coordinates":[[1.27837,51.87635],[1.28441,51.87565],[1.27569,51.87608]]}},{"type":"Feature","properties":{"name":null,"kind":"coastline"},"geometry":{"type":"LineString","coordinates":[[1.24331,51.85922],[1.23543,51.86129],[1.23318,51.85662]]}},{"type":"Feature","properties":{"name":null,"kind":"coastline"},"geometry":{"type":"LineString","coordinates":[[1.27564,51.84956],[1.28978,51.86335]]}},{"type":"Feature","properties":{"name":null,"kind":"coastline"},"geometry":{"type":"LineString","coordinates":[[1.26952,51.86348],[1.25908,51.86385]]}},{"type":"Feature","properties":{"name":null,"kind":"coastline"},"geometry":{"type":"LineString","coordinates":[[1.26734,51.8529],[1.26731,51.85291]]}},{"type":"Feature","properties":{"name":null,"kind":"coastline"},"geometry":{"type":"LineString","coordinates":[[1.26997,51.87726],[1.27255,51.87978]]}},{"type":"Feature","properties":{"name":null,"kind":"coastline"},"geometry":{"type":"LineString","coordinates":[[1.23318,51.85662],[1.23317,51.85662]]}},{"type":"Feature","properties":{"name":null,"kind":"coastline"},"geometry":{"type":"LineString","coordinates":[[1.26458,51.88463],[1.26676,51.8849],[1.26318,51.88306],[1.2714,51.88215],[1.26776,51.88145]]}},{"type":"Feature","properties":{"name":null,"kind":"coastline"},"geometry":{"type":"LineString","coordinates":[[1.27569,51.87608],[1.26786,51.87714],[1.27353,51.86206],[1.27028,51.85664],[1.27501,51.85491],[1.26899,51.85503],[1.2703,51.85238]]}},{"type":"Feature","properties":{"name":null,"kind":"coastline"},"geometry":{"type":"LineString","coordinates":[[1.27255,51.87978],[1.27588,51.87881]]}},{"type":"Feature","properties":{"name":null,"kind":"coastline"},"geometry":{"type":"LineString","coordinates":[[1.25908,51.86385],[1.25345,51.86366],[1.25381,51.85818],[1.24889,51.8578],[1.25113,51.85794]]}},{"type":"Feature","properties":{"name":null,"kind":"coastline"},"geometry":{"type":"LineString","coordinates":[[1.27506,51.87853],[1.27506,51.87853]]}},{"type":"Feature","properties":{"name":null,"kind":"coastline"},"geometry":{"type":"LineString","coordinates":[[1.26975,51.87746],[1.26975,51.87746]]}},{"type":"Feature","properties":{"name":null,"kind":"coastline"},"geometry":{"type":"LineString","coordinates":[[1.27422,51.87848],[1.27422,51.87848]]}},{"type":"Feature","properties":{"name":null,"kind":"coastline"},"geometry":{"type":"LineString","coordinates":[[1.27424,51.87885],[1.27424,51.87885]]}},{"type":"Feature","properties":{"name":null,"kind":"coastline"},"geometry":{"type":"LineString","coordinates":[[1.27368,51.88032],[1.27368,51.88032]]}},{"type":"Feature","properties":{"name":null,"kind":"coastline"},"geometry":{"type":"LineString","coordinates":[[1.27549,51.87786],[1.27549,51.87786]]}},{"type":"Feature","properties":{"name":null,"kind":"coastline"},"geometry":{"type":"LineString","coordinates":[[1.2728,51.87819],[1.2728,51.87819]]}},{"type":"Feature","properties":{"name":null,"kind":"coastline"},"geometry":{"type":"LineString","coordinates":[[1.27411,51.88024],[1.27411,51.88024]]}},{"type":"Feature","properties":{"name":null,"kind":"coastline"},"geometry":{"type":"LineString","coordinates":[[1.27314,51.8783],[1.27314,51.8783]]}},{"type":"Feature","properties":{"name":null,"kind":"coastline"},"geometry":{"type":"LineString","coordinates":[[1.27476,51.87848],[1.27476,51.87848]]}},{"type":"Feature","properties":{"name":null,"kind":"coastline"},"geometry":{"type":"LineString","coordinates":[[1.27406,51.8787],[1.27406,51.8787]]}},{"type":"Feature","properties":{"name":null,"kind":"coastline"},"geometry":{"type":"LineString","coordinates":[[1.27223,51.87744],[1.27425,51.8773],[1.27223,51.87744]]}},{"type":"Feature","properties":{"name":null,"kind":"coastline"},"geometry":{"type":"LineString","coordinates":[[1.27195,51.87727],[1.27195,51.87727]]}},{"type":"Feature","properties":{"name":null,"kind":"coastline"},"geometry":{"type":"LineString","coordinates":[[1.27485,51.87794],[1.27485,51.87794]]}},{"type":"Feature","properties":{"name":null,"kind":"coastline"},"geometry":{"type":"LineString","coordinates":[[1.27429,51.87837],[1.27429,51.87837]]}},{"type":"Feature","properties":{"name":null,"kind":"coastline"},"geometry":{"type":"LineString","coordinates":[[1.27379,51.87604],[1.27379,51.87604]]}},{"type":"Feature","properties":{"name":null,"kind":"coastline"},"geometry":{"type":"LineString","coordinates":[[1.28065,51.87646],[1.28065,51.87646]]}},{"type":"Feature","properties":{"name":null,"kind":"coastline"},"geometry":{"type":"LineString","coordinates":[[1.28376,51.87554],[1.28376,51.87554]]}},{"type":"Feature","properties":{"name":null,"kind":"coastline"},"geometry":{"type":"LineString","coordinates":[[1.28349,51.87539],[1.28349,51.87539]]}},{"type":"Feature","properties":{"name":null,"kind":"coastline"},"geometry":{"type":"LineString","coordinates":[[1.27658,51.87788],[1.27658,51.87788]]}},{"type":"Feature","properties":{"name":null,"kind":"coastline"},"geometry":{"type":"LineString","coordinates":[[1.2751,51.8759],[1.2751,51.8759]]}},{"type":"Feature","properties":{"name":null,"kind":"coastline"},"geometry":{"type":"LineString","coordinates":[[1.27678,51.87749],[1.27678,51.87749]]}},{"type":"Feature","properties":{"name":null,"kind":"coastline"},"geometry":{"type":"LineString","coordinates":[[1.27798,51.87764],[1.27798,51.87764]]}},{"type":"Feature","properties":{"name":null,"kind":"coastline"},"geometry":{"type":"LineString","coordinates":[[1.28078,51.87708],[1.28078,51.87708]]}},{"type":"Feature","properties":{"name":null,"kind":"coastline"},"geometry":{"type":"LineString","coordinates":[[1.28497,51.8755],[1.28497,51.8755]]}},{"type":"Feature","properties":{"name":null,"kind":"coastline"},"geometry":{"type":"LineString","coordinates":[[1.28184,51.87692],[1.28184,51.87692]]}},{"type":"Feature","properties":{"name":null,"kind":"coastline"},"geometry":{"type":"LineString","coordinates":[[1.27887,51.87579],[1.27887,51.87579]]}},{"type":"Feature","properties":{"name":null,"kind":"coastline"},"geometry":{"type":"LineString","coordinates":[[1.27665,51.87796],[1.27665,51.87796]]}},{"type":"Feature","properties":{"name":null,"kind":"coastline"},"geometry":{"type":"LineString","coordinates":[[1.27,51.87606],[1.27,51.87606]]}},{"type":"Feature","properties":{"name":null,"kind":"coastline"},"geometry":{"type":"LineString","coordinates":[[1.2826,51.87539],[1.2826,51.87539]]}},{"type":"Feature","properties":{"name":null,"kind":"coastline"},"geometry":{"type":"LineString","coordinates":[[1.28168,51.8758],[1.28168,51.8758]]}},{"type":"Feature","properties":{"name":null,"kind":"coastline"},"geometry":{"type":"LineString","coordinates":[[1.27389,51.87611],[1.27389,51.87611]]}},{"type":"Feature","properties":{"name":null,"kind":"coastline"},"geometry":{"type":"LineString","coordinates":[[1.28365,51.87543],[1.28365,51.87543]]}},{"type":"Feature","properties":{"name":null,"kind":"coastline"},"geometry":{"type":"LineString","coordinates":[[1.27442,51.87591],[1.27442,51.87591]]}},{"type":"Feature","properties":{"name":null,"kind":"coastline"},"geometry":{"type":"LineString","coordinates":[[1.28173,51.87661],[1.28173,51.87661]]}},{"type":"Feature","properties":{"name":null,"kind":"coastline"},"geometry":{"type":"LineString","coordinates":[[1.28466,51.87554],[1.28466,51.87554]]}},{"type":"Feature","properties":{"name":null,"kind":"coastline"},"geometry":{"type":"LineString","coordinates":[[1.28302,51.87694],[1.28302,51.87694]]}},{"type":"Feature","properties":{"name":null,"kind":"coastline"},"geometry":{"type":"LineString","coordinates":[[1.27612,51.87612],[1.27612,51.87612]]}},{"type":"Feature","properties":{"name":null,"kind":"coastline"},"geometry":{"type":"LineString","coordinates":[[1.27577,51.8762],[1.27577,51.8762]]}},{"type":"Feature","properties":{"name":null,"kind":"coastline"},"geometry":{"type":"LineString","coordinates":[[1.28548,51.87568],[1.28548,51.87568]]}},{"type":"Feature","properties":{"name":null,"kind":"coastline"},"geometry":{"type":"LineString","coordinates":[[1.28002,51.87585],[1.28002,51.87585]]}},{"type":"Feature","properties":{"name":null,"kind":"coastline"},"geometry":{"type":"LineString","coordinates":[[1.2754,51.87683],[1.27948,51.8775],[1.2754,51.87683]]}},{"type":"Feature","properties":{"name":null,"kind":"coastline"},"geometry":{"type":"LineString","coordinates":[[1.27774,51.87824],[1.27774,51.87824]]}},{"type":"Feature","properties":{"name":null,"kind":"coastline"},"geometry":{"type":"LineString","coordinates":[[1.27019,51.87599],[1.27234,51.87569],[1.27019,51.87599]]}},{"type":"Feature","properties":{"name":null,"kind":"coastline"},"geometry":{"type":"LineString","coordinates":[[1.28267,51.87543],[1.28267,51.87543]]}},{"type":"Feature","properties":{"name":null,"kind":"coastline"},"geometry":{"type":"LineString","coordinates":[[1.26417,51.86239],[1.26417,51.86239]]}},{"type":"Feature","properties":{"name":null,"kind":"coastline"},"geometry":{"type":"LineString","coordinates":[[1.26931,51.86022],[1.26931,51.86022]]}},{"type":"Feature","properties":{"name":null,"kind":"coastline"},"geometry":{"type":"LineString","coordinates":[[1.26409,51.86218],[1.26409,51.86218]]}},{"type":"Feature","properties":{"name":null,"kind":"coastline"},"geometry":{"type":"LineString","coordinates":[[1.26352,51.86216],[1.26352,51.86216]]}},{"type":"Feature","properties":{"name":null,"kind":"coastline"},"geometry":{"type":"LineString","coordinates":[[1.26967,51.86234],[1.26967,51.86234]]}},{"type":"Feature","properties":{"name":null,"kind":"coastline"},"geometry":{"type":"LineString","coordinates":[[1.26993,51.86189],[1.26993,51.86189]]}},{"type":"Feature","properties":{"name":null,"kind":"coastline"},"geometry":{"type":"LineString","coordinates":[[1.26904,51.8565],[1.26904,51.8565]]}},{"type":"Feature","properties":{"name":null,"kind":"coastline"},"geometry":{"type":"LineString","coordinates":[[1.26642,51.8545],[1.26642,51.8545]]}},{"type":"Feature","properties":{"name":null,"kind":"coastline"},"geometry":{"type":"LineString","coordinates":[[1.2674,51.85596],[1.2674,51.85596]]}},{"type":"Feature","properties":{"name":null,"kind":"coastline"},"geometry":{"type":"LineString","coordinates":[[1.26993,51.86203],[1.26993,51.86203]]}},{"type":"Feature","properties":{"name":null,"kind":"coastline"},"geometry":{"type":"LineString","coordinates":[[1.26764,51.85477],[1.26764,51.85477]]}},{"type":"Feature","properties":{"name":null,"kind":"coastline"},"geometry":{"type":"LineString","coordinates":[[1.26576,51.85428],[1.26576,51.85428]]}},{"type":"Feature","properties":{"name":null,"kind":"coastline"},"geometry":{"type":"LineString","coordinates":[[1.26728,51.85631],[1.26728,51.85631]]}},{"type":"Feature","properties":{"name":null,"kind":"coastline"},"geometry":{"type":"LineString","coordinates":[[1.26252,51.86222],[1.26252,51.86222]]}},{"type":"Feature","properties":{"name":null,"kind":"coastline"},"geometry":{"type":"LineString","coordinates":[[1.267,51.85546],[1.267,51.85546]]}},{"type":"Feature","properties":{"name":null,"kind":"coastline"},"geometry":{"type":"LineString","coordinates":[[1.26948,51.86047],[1.26948,51.86047]]}},{"type":"Feature","properties":{"name":null,"kind":"coastline"},"geometry":{"type":"LineString","coordinates":[[1.26825,51.85672],[1.26825,51.85672]]}},{"type":"Feature","properties":{"name":null,"kind":"coastline"},"geometry":{"type":"LineString","coordinates":[[1.26702,51.85648],[1.26702,51.85648]]}},{"type":"Feature","properties":{"name":null,"kind":"coastline"},"geometry":{"type":"LineString","coordinates":[[1.26607,51.85434],[1.26607,51.85434]]}},{"type":"Feature","properties":{"name":null,"kind":"coastline"},"geometry":{"type":"LineString","coordinates":[[1.26964,51.86265],[1.26964,51.86265]]}},{"type":"Feature","properties":{"name":null,"kind":"coastline"},"geometry":{"type":"LineString","coordinates":[[1.26782,51.86245],[1.26782,51.86245]]}},{"type":"Feature","properties":{"name":null,"kind":"coastline"},"geometry":{"type":"LineString","coordinates":[[1.27029,51.8618],[1.27029,51.8618]]}},{"type":"Feature","properties":{"name":null,"kind":"coastline"},"geometry":{"type":"LineString","coordinates":[[1.26773,51.86156],[1.26975,51.8614],[1.26773,51.86156]]}},{"type":"Feature","properties":{"name":null,"kind":"coastline"},"geometry":{"type":"LineString","coordinates":[[1.26302,51.86225],[1.26302,51.86225]]}},{"type":"Feature","properties":{"name":null,"kind":"coastline"},"geometry":{"type":"LineString","coordinates":[[1.26874,51.86102],[1.26874,51.86102]]}},{"type":"Feature","properties":{"name":null,"kind":"coastline"},"geometry":{"type":"LineString","coordinates":[[1.26538,51.86233],[1.26538,51.86233]]}},{"type":"Feature","properties":{"name":null,"kind":"coastline"},"geometry":{"type":"LineString","coordinates":[[1.26903,51.85671],[1.26903,51.85671]]}},{"type":"Feature","properties":{"name":null,"kind":"coastline"},"geometry":{"type":"LineString","coordinates":[[1.26702,51.85457],[1.26702,51.85457]]}},{"type":"Feature","properties":{"name":null,"kind":"coastline"},"geometry":{"type":"LineString","coordinates":[[1.26991,51.86192],[1.26991,51.86192]]}},{"type":"Feature","properties":{"name":null,"kind":"coastline"},"geometry":{"type":"LineString","coordinates":[[1.26466,51.86225],[1.26466,51.86225]]}},{"type":"Feature","properties":{"name":null,"kind":"coastline"},"geometry":{"type":"LineString","coordinates":[[1.26657,51.85548],[1.26657,51.85548]]}},{"type":"Feature","properties":{"name":null,"kind":"coastline"},"geometry":{"type":"LineString","coordinates":[[1.26693,51.85679],[1.26693,51.85679]]}},{"type":"Feature","properties":{"name":null,"kind":"coastline"},"geometry":{"type":"LineString","coordinates":[[1.26809,51.85691],[1.26809,51.85691]]}},{"type":"Feature","properties":{"name":null,"kind":"coastline"},"geometry":{"type":"LineString","coordinates":[[1.27026,51.86005],[1.27026,51.86005]]}},{"type":"Feature","properties":{"name":null,"kind":"coastline"},"geometry":{"type":"LineString","coordinates":[[1.26628,51.85589],[1.26628,51.85589]]}},{"type":"Feature","properties":{"name":null,"kind":"coastline"},"geometry":{"type":"LineString","coordinates":[[1.26583,51.85475],[1.26583,51.85475]]}},{"type":"Feature","properties":{"name":null,"kind":"coastline"},"geometry":{"type":"LineString","coordinates":[[1.26616,51.85414],[1.26616,51.85414]]}},{"type":"Feature","properties":{"name":null,"kind":"coastline"},"geometry":{"type":"LineString","coordinates":[[1.26778,51.85601],[1.26778,51.85601]]}},{"type":"Feature","properties":{"name":null,"kind":"coastline"},"geometry":{"type":"LineString","coordinates":[[1.26609,51.85529],[1.26609,51.85529]]}},{"type":"Feature","properties":{"name":null,"kind":"coastline"},"geometry":{"type":"LineString","coordinates":[[1.26938,51.8594],[1.26754,51.86024],[1.26938,51.8594]]}},{"type":"Feature","properties":{"name":null,"kind":"coastline"},"geometry":{"type":"LineString","coordinates":[[1.23096,51.859],[1.23096,51.859]]}},{"type":"Feature","properties":{"name":null,"kind":"coastline"},"geometry":{"type":"LineString","coordinates":[[1.23053,51.85903],[1.23053,51.85903]]}},{"type":"Feature","properties":{"name":null,"kind":"coastline"},"geometry":{"type":"LineString","coordinates":[[1.23208,51.85803],[1.23208,51.85803]]}},{"type":"Feature","properties":{"name":null,"kind":"coastline"},"geometry":{"type":"LineString","coordinates":[[1.23017,51.85922],[1.23017,51.85922]]}},{"type":"Feature","properties":{"name":null,"kind":"coastline"},"geometry":{"type":"LineString","coordinates":[[1.22976,51.85928],[1.22976,51.85928]]}},{"type":"Feature","properties":{"name":null,"kind":"coastline"},"geometry":{"type":"LineString","coordinates":[[1.23191,51.85808],[1.23191,51.85808]]}},{"type":"Feature","properties":{"name":null,"kind":"coastline"},"geometry":{"type":"LineString","coordinates":[[1.23412,51.86034],[1.23412,51.86034]]}},{"type":"Feature","properties":{"name":null,"kind":"coastline"},"geometry":{"type":"LineString","coordinates":[[1.24851,51.85897],[1.24851,51.85897]]}},{"type":"Feature","properties":{"name":null,"kind":"coastline"},"geometry":{"type":"LineString","coordinates":[[1.25204,51.85741],[1.25204,51.85741]]}},{"type":"Feature","properties":{"name":null,"kind":"coastline"},"geometry":{"type":"LineString","coordinates":[[1.2348,51.85905],[1.23322,51.85776],[1.2348,51.85905]]}},{"type":"Feature","properties":{"name":null,"kind":"coastline"},"geometry":{"type":"LineString","coordinates":[[1.23504,51.86045],[1.23504,51.86045]]}},{"type":"Feature","properties":{"name":null,"kind":"coastline"},"geometry":{"type":"LineString","coordinates":[[1.23503,51.86031],[1.23503,51.86031]]}},{"type":"Feature","properties":{"name":null,"kind":"coastline"},"geometry":{"type":"LineString","coordinates":[[1.23465,51.86023],[1.23465,51.86023]]}},{"type":"Feature","properties":{"name":null,"kind":"coastline"},"geometry":{"type":"LineString","coordinates":[[1.23406,51.86023],[1.23406,51.86023]]}},{"type":"Feature","properties":{"name":null,"kind":"coastline"},"geometry":{"type":"LineString","coordinates":[[1.235,51.86143],[1.235,51.86143]]}},{"type":"Feature","properties":{"name":null,"kind":"coastline"},"geometry":{"type":"LineString","coordinates":[[1.23647,51.86182],[1.23647,51.86182]]}},{"type":"Feature","properties":{"name":null,"kind":"coastline"},"geometry":{"type":"LineString","coordinates":[[1.23376,51.85869],[1.23376,51.85869]]}},{"type":"Feature","properties":{"name":null,"kind":"coastline"},"geometry":{"type":"LineString","coordinates":[[1.23394,51.8596],[1.23394,51.8596]]}},{"type":"Feature","properties":{"name":null,"kind":"coastline"},"geometry":{"type":"LineString","coordinates":[[1.24907,51.85907],[1.24907,51.85907]]}},{"type":"Feature","properties":{"name":null,"kind":"coastline"},"geometry":{"type":"LineString","coordinates":[[1.23731,51.86195],[1.23731,51.86195]]}},{"type":"Feature","properties":{"name":null,"kind":"coastline"},"geometry":{"type":"LineString","coordinates":[[1.23609,51.86212],[1.23609,51.86212]]}},{"type":"Feature","properties":{"name":null,"kind":"coastline"},"geometry":{"type":"LineString","coordinates":[[1.23429,51.86021],[1.23429,51.86021]]}},{"type":"Feature","properties":{"name":null,"kind":"coastline"},"geometry":{"type":"LineString","coordinates":[[1.23737,51.86176],[1.23737,51.86176]]}},{"type":"Feature","properties":{"name":null,"kind":"coastline"},"geometry":{"type":"LineString","coordinates":[[1.23449,51.85994],[1.23449,51.85994]]}},{"type":"Feature","properties":{"name":null,"kind":"coastline"},"geometry":{"type":"LineString","coordinates":[[1.23349,51.8601],[1.23349,51.8601]]}},{"type":"Feature","properties":{"name":null,"kind":"coastline"},"geometry":{"type":"LineString","coordinates":[[1.2347,51.8599],[1.2347,51.8599]]}},{"type":"Feature","properties":{"name":null,"kind":"coastline"},"geometry":{"type":"LineString","coordinates":[[1.23379,51.85962],[1.23379,51.85962]]}},{"type":"Feature","properties":{"name":null,"kind":"coastline"},"geometry":{"type":"LineString","coordinates":[[1.23492,51.85979],[1.23492,51.85979]]}},{"type":"Feature","properties":{"name":null,"kind":"coastline"},"geometry":{"type":"LineString","coordinates":[[1.23375,51.85892],[1.23375,51.85892]]}},{"type":"Feature","properties":{"name":null,"kind":"coastline"},"geometry":{"type":"LineString","coordinates":[[1.23498,51.86097],[1.23498,51.86097]]}},{"type":"Feature","properties":{"name":null,"kind":"coastline"},"geometry":{"type":"LineString","coordinates":[[1.23548,51.86231],[1.23548,51.86231]]}},{"type":"Feature","properties":{"name":null,"kind":"coastline"},"geometry":{"type":"LineString","coordinates":[[1.23342,51.86016],[1.23342,51.86016]]}},{"type":"Feature","properties":{"name":null,"kind":"coastline"},"geometry":{"type":"LineString","coordinates":[[1.23648,51.86208],[1.23648,51.86208]]}},{"type":"Feature","properties":{"name":null,"kind":"coastline"},"geometry":{"type":"LineString","coordinates":[[1.23727,51.86173],[1.23727,51.86173]]}},{"type":"Feature","properties":{"name":null,"kind":"coastline"},"geometry":{"type":"LineString","coordinates":[[1.23779,51.86159],[1.23779,51.86159]]}},{"type":"Feature","properties":{"name":null,"kind":"coastline"},"geometry":{"type":"LineString","coordinates":[[1.23421,51.86074],[1.23421,51.86074]]}},{"type":"Feature","properties":{"name":null,"kind":"coastline"},"geometry":{"type":"LineString","coordinates":[[1.23461,51.85947],[1.23461,51.85947]]}},{"type":"Feature","properties":{"name":null,"kind":"coastline"},"geometry":{"type":"LineString","coordinates":[[1.23412,51.86024],[1.23412,51.86024]]}},{"type":"Feature","properties":{"name":null,"kind":"coastline"},"geometry":{"type":"LineString","coordinates":[[1.24886,51.85858],[1.24886,51.85858]]}},{"type":"Feature","properties":{"name":null,"kind":"coastline"},"geometry":{"type":"LineString","coordinates":[[1.23512,51.85987],[1.23512,51.85987]]}},{"type":"Feature","properties":{"name":null,"kind":"coastline"},"geometry":{"type":"LineString","coordinates":[[1.25093,51.8592],[1.25093,51.8592]]}},{"type":"Feature","properties":{"name":null,"kind":"coastline"},"geometry":{"type":"LineString","coordinates":[[1.23472,51.86027],[1.23472,51.86027]]}},{"type":"Feature","properties":{"name":null,"kind":"coastline"},"geometry":{"type":"LineString","coordinates":[[1.23629,51.86165],[1.23629,51.86165]]}},{"type":"Feature","properties":{"name":null,"kind":"coastline"},"geometry":{"type":"LineString","coordinates":[[1.23695,51.86171],[1.23695,51.86171]]}},{"type":"Feature","properties":{"name":null,"kind":"coastline"},"geometry":{"type":"LineString","coordinates":[[1.23555,51.86225],[1.23555,51.86225]]}},{"type":"Feature","properties":{"name":null,"kind":"coastline"},"geometry":{"type":"LineString","coordinates":[[1.23385,51.85863],[1.23385,51.85863]]}},{"type":"Feature","properties":{"name":null,"kind":"coastline"},"geometry":{"type":"LineString","coordinates":[[1.23491,51.86002],[1.23491,51.86002]]}},{"type":"Feature","properties":{"name":null,"kind":"coastline"},"geometry":{"type":"LineString","coordinates":[[1.23487,51.85964],[1.23487,51.85964]]}},{"type":"Feature","properties":{"name":null,"kind":"coastline"},"geometry":{"type":"LineString","coordinates":[[1.23747,51.86163],[1.23747,51.86163]]}},{"type":"Feature","properties":{"name":null,"kind":"coastline"},"geometry":{"type":"LineString","coordinates":[[1.23564,51.86154],[1.23564,51.86154]]}},{"type":"Feature","properties":{"name":null,"kind":"coastline"},"geometry":{"type":"LineString","coordinates":[[1.2509,51.85723],[1.2509,51.85723]]}},{"type":"Feature","properties":{"name":null,"kind":"coastline"},"geometry":{"type":"LineString","coordinates":[[1.23459,51.86035],[1.23459,51.86035]]}},{"type":"Feature","properties":{"name":null,"kind":"coastline"},"geometry":{"type":"LineString","coordinates":[[1.23503,51.85997],[1.23503,51.85997]]}},{"type":"Feature","properties":{"name":null,"kind":"coastline"},"geometry":{"type":"LineString","coordinates":[[1.23387,51.85906],[1.23387,51.85906]]}},{"type":"Feature","properties":{"name":null,"kind":"coastline"},"geometry":{"type":"LineString","coordinates":[[1.23541,51.86236],[1.23541,51.86236]]}},{"type":"Feature","properties":{"name":null,"kind":"coastline"},"geometry":{"type":"LineString","coordinates":[[1.23454,51.86022],[1.23454,51.86022]]}},{"type":"Feature","properties":{"name":null,"kind":"coastline"},"geometry":{"type":"LineString","coordinates":[[1.23481,51.85913],[1.23481,51.85913]]}},{"type":"Feature","properties":{"name":null,"kind":"coastline"},"geometry":{"type":"LineString","coordinates":[[1.2414,51.88181],[1.2408,51.87992]]}},{"type":"Feature","properties":{"name":null,"kind":"coastline"},"geometry":{"type":"LineString","coordinates":[[1.23477,51.87129],[1.23477,51.87129]]}},{"type":"Feature","properties":{"name":null,"kind":"coastline"},"geometry":{"type":"LineString","coordinates":[[1.22963,51.87438],[1.22963,51.87438]]}},{"type":"Feature","properties":{"name":null,"kind":"coastline"},"geometry":{"type":"LineString","coordinates":[[1.23115,51.87944],[1.22675,51.87765]]}},{"type":"Feature","properties":{"name":null,"kind":"coastline"},"geometry":{"type":"LineString","coordinates":[[1.22766,51.87463],[1.22766,51.87463]]}},{"type":"Feature","properties":{"name":null,"kind":"coastline"},"geometry":{"type":"LineString","coordinates":[[1.23087,51.87352],[1.23087,51.87352]]}},{"type":"Feature","properties":{"name":null,"kind":"coastline"},"geometry":{"type":"LineString","coordinates":[[1.22924,51.8748],[1.22924,51.8748]]}},{"type":"Feature","properties":{"name":null,"kind":"coastline"},"geometry":{"type":"LineString","coordinates":[[1.22825,51.87498],[1.22825,51.87498]]}},{"type":"Feature","properties":{"name":null,"kind":"coastline"},"geometry":{"type":"LineString","coordinates":[[1.2408,51.87992],[1.23403,51.88072]]}},{"type":"Feature","properties":{"name":null,"kind":"coastline"},"geometry":{"type":"LineString","coordinates":[[1.23876,51.86975],[1.23876,51.86975]]}},{"type":"Feature","properties":{"name":null,"kind":"coastline"},"geometry":{"type":"LineString","coordinates":[[1.24472,51.86947],[1.25149,51.87725],[1.25801,51.87694]]}},{"type":"Feature","properties":{"name":null,"kind":"coastline"},"geometry":{"type":"LineString","coordinates":[[1.23834,51.86991],[1.23834,51.86991]]}},{"type":"Feature","properties":{"name":null,"kind":"coastline"},"geometry":{"type":"LineString","coordinates":[[1.22762,51.87391],[1.22762,51.87391]]}},{"type":"Feature","properties":{"name":null,"kind":"coastline"},"geometry":{"type":"LineString","coordinates":[[1.22641,51.87473],[1.22641,51.87473]]}},{"type":"Feature","properties":{"name":null,"kind":"coastline"},"geometry":{"type":"LineString","coordinates":[[1.22675,51.87765],[1.23805,51.87015]]}},{"type":"Feature","properties":{"name":null,"kind":"coastline"},"geometry":{"type":"LineString","coordinates":[[1.22946,51.87471],[1.22946,51.87471]]}},{"type":"Feature","properties":{"name":null,"kind":"coastline"},"geometry":{"type":"LineString","coordinates":[[1.25801,51.87694],[1.25807,51.88357],[1.24942,51.88232]]}},{"type":"Feature","properties":{"name":null,"kind":"coastline"},"geometry":{"type":"LineString","coordinates":[[1.22714,51.87426],[1.22714,51.87426]]}},{"type":"Feature","properties":{"name":null,"kind":"coastline"},"geometry":{"type":"LineString","coordinates":[[1.23169,51.87307],[1.23169,51.87307]]}},{"type":"Feature","properties":{"name":null,"kind":"coastline"},"geometry":{"type":"LineString","coordinates":[[1.22902,51.87367],[1.22902,51.87367]]}},{"type":"Feature","properties":{"name":null,"kind":"coastline"},"geometry":{"type":"LineString","coordinates":[[1.23403,51.88072],[1.23589,51.88155],[1.23234,51.88181]]}},{"type":"Feature","properties":{"name":null,"kind":"coastline"},"geometry":{"type":"LineString","coordinates":[[1.22844,51.87513],[1.22844,51.87513]]}},{"type":"Feature","properties":{"name":null,"kind":"coastline"},"geometry":{"type":"LineString","coordinates":[[1.23322,51.87182],[1.23322,51.87182]]}},{"type":"Feature","properties":{"name":null,"kind":"coastline"},"geometry":{"type":"LineString","coordinates":[[1.24238,51.87725],[1.2414,51.88181]]}},{"type":"Feature","properties":{"name":null,"kind":"coastline"},"geometry":{"type":"LineString","coordinates":[[1.2349,51.87175],[1.2349,51.87175]]}},{"type":"Feature","properties":{"name":null,"kind":"coastline"},"geometry":{"type":"LineString","coordinates":[[1.22857,51.87487],[1.22857,51.87487]]}},{"type":"Feature","properties":{"name":null,"kind":"coastline"},"geometry":{"type":"LineString","coordinates":[[1.23805,51.87015],[1.23811,51.87012]]}},{"type":"Feature","properties":{"name":null,"kind":"coastline"},"geometry":{"type":"LineString","coordinates":[[1.23445,51.87078],[1.23445,51.87078]]}},{"type":"Feature","properties":{"name":null,"kind":"coastline"},"geometry":{"type":"LineString","coordinates":[[1.22749,51.87447],[1.22749,51.87447]]}},{"type":"Feature","properties":{"name":null,"kind":"coastline"},"geometry":{"type":"LineString","coordinates":[[1.23215,51.87318],[1.23215,51.87318]]}},{"type":"Feature","properties":{"name":null,"kind":"coastline"},"geometry":{"type":"LineString","coordinates":[[1.22956,51.87477],[1.22956,51.87477]]}},{"type":"Feature","properties":{"name":null,"kind":"coastline"},"geometry":{"type":"LineString","coordinates":[[1.22593,51.87526],[1.22593,51.87526]]}},{"type":"Feature","properties":{"name":null,"kind":"coastline"},"geometry":{"type":"LineString","coordinates":[[1.23234,51.88181],[1.23115,51.87944]]}},{"type":"Feature","properties":{"name":null,"kind":"coastline"},"geometry":{"type":"LineString","coordinates":[[1.22859,51.875],[1.22859,51.875]]}},{"type":"Feature","properties":{"name":null,"kind":"coastline"},"geometry":{"type":"LineString","coordinates":[[1.22819,51.87515],[1.22819,51.87515]]}},{"type":"Feature","properties":{"name":null,"kind":"coastline"},"geometry":{"type":"LineString","coordinates":[[1.23485,51.87176],[1.23485,51.87176]]}},{"type":"Feature","properties":{"name":null,"kind":"coastline"},"geometry":{"type":"LineString","coordinates":[[1.23645,51.87058],[1.23645,51.87058]]}},{"type":"Feature","properties":{"name":null,"kind":"coastline"},"geometry":{"type":"LineString","coordinates":[[1.24942,51.88232],[1.24238,51.87725]]}},{"type":"Feature","properties":{"name":null,"kind":"coastline"},"geometry":{"type":"LineString","coordinates":[[1.23366,51.87325],[1.23366,51.87325]]}},{"type":"Feature","properties":{"name":null,"kind":"coastline"},"geometry":{"type":"LineString","coordinates":[[1.22936,51.8737],[1.22936,51.8737]]}},{"type":"Feature","properties":{"name":null,"kind":"coastline"},"geometry":{"type":"LineString","coordinates":[[1.23811,51.87012],[1.24472,51.86947]]}},{"type":"Feature","properties":{"name":null,"kind":"coastline"},"geometry":{"type":"LineString","coordinates":[[1.22745,51.87445],[1.22745,51.87445]]}},{"type":"Feature","properties":{"name":null,"kind":"coastline"},"geometry":{"type":"LineString","coordinates":[[1.23212,51.87352],[1.23212,51.87352]]}},{"type":"Feature","properties":{"name":null,"kind":"coastline"},"geometry":{"type":"LineString","coordinates":[[1.2306,51.87998],[1.2306,51.87998]]}},{"type":"Feature","properties":{"name":null,"kind":"coastline"},"geometry":{"type":"LineString","coordinates":[[1.22891,51.88033],[1.22891,51.88033]]}},{"type":"Feature","properties":{"name":null,"kind":"coastline"},"geometry":{"type":"LineString","coordinates":[[1.23,51.87982],[1.23,51.87982]]}},{"type":"Feature","properties":{"name":null,"kind":"coastline"},"geometry":{"type":"LineString","coordinates":[[1.22893,51.87998],[1.22893,51.87998]]}},{"type":"Feature","properties":{"name":null,"kind":"coastline"},"geometry":{"type":"LineString","coordinates":[[1.22908,51.88053],[1.22908,51.88053]]}},{"type":"Feature","properties":{"name":null,"kind":"coastline"},"geometry":{"type":"LineString","coordinates":[[1.2303,51.87987],[1.2303,51.87987]]}},{"type":"Feature","properties":{"name":null,"kind":"coastline"},"geometry":{"type":"LineString","coordinates":[[1.23004,51.88068],[1.23004,51.88068]]}},{"type":"Feature","properties":{"name":null,"kind":"coastline"},"geometry":{"type":"LineString","coordinates":[[1.23047,51.87996],[1.23047,51.87996]]}},{"type":"Feature","properties":{"name":null,"kind":"coastline"},"geometry":{"type":"LineString","coordinates":[[1.22961,51.87954],[1.22961,51.87954]]}},{"type":"Feature","properties":{"name":null,"kind":"coastline"},"geometry":{"type":"LineString","coordinates":[[1.24148,51.87766],[1.24148,51.87766]]}},{"type":"Feature","properties":{"name":null,"kind":"coastline"},"geometry":{"type":"LineString","coordinates":[[1.22981,51.88078],[1.22981,51.88078]]}},{"type":"Feature","properties":{"name":null,"kind":"coastline"},"geometry":{"type":"LineString","coordinates":[[1.24039,51.87925],[1.23921,51.88125],[1.24039,51.87925]]}},{"type":"Feature","properties":{"name":null,"kind":"coastline"},"geometry":{"type":"LineString","coordinates":[[1.2408,51.87835],[1.2408,51.87835]]}},{"type":"Feature","properties":{"name":null,"kind":"coastline"},"geometry":{"type":"LineString","coordinates":[[1.24062,51.8801],[1.24062,51.8801]]}},{"type":"Feature","properties":{"name":null,"kind":"coastline"},"geometry":{"type":"LineString","coordinates":[[1.24134,51.87916],[1.24134,51.87916]]}},{"type":"Feature","properties":{"name":null,"kind":"coastline"},"geometry":{"type":"LineString","coordinates":[[1.23616,51.88153],[1.23616,51.88153]]}},{"type":"Feature","properties":{"name":null,"kind":"coastline"},"geometry":{"type":"LineString","coordinates":[[1.24232,51.88024],[1.24232,51.88024]]}},{"type":"Feature","properties":{"name":null,"kind":"coastline"},"geometry":{"type":"LineString","coordinates":[[1.24205,51.87907],[1.24205,51.87907]]}},{"type":"Feature","properties":{"name":null,"kind":"coastline"},"geometry":{"type":"LineString","coordinates":[[1.23614,51.8814],[1.23607,51.8808]]}},{"type":"Feature","properties":{"name":null,"kind":"coastline"},"geometry":{"type":"LineString","coordinates":[[1.23494,51.8812],[1.23494,51.8812]]}},{"type":"Feature","properties":{"name":null,"kind":"coastline"},"geometry":{"type":"LineString","coordinates":[[1.23937,51.87793],[1.23937,51.87793]]}},{"type":"Feature","properties":{"name":null,"kind":"coastline"},"geometry":{"type":"LineString","coordinates":[[1.2304,51.88019],[1.2304,51.88019]]}},{"type":"Feature","properties":{"name":null,"kind":"coastline"},"geometry":{"type":"LineString","coordinates":[[1.24192,51.88123],[1.24192,51.88123]]}},{"type":"Feature","properties":{"name":null,"kind":"coastline"},"geometry":{"type":"LineString","coordinates":[[1.23124,51.88139],[1.23124,51.88139]]}},{"type":"Feature","properties":{"name":null,"kind":"coastline"},"geometry":{"type":"LineString","coordinates":[[1.23546,51.88083],[1.23546,51.88083]]}},{"type":"Feature","properties":{"name":null,"kind":"coastline"},"geometry":{"type":"LineString","coordinates":[[1.24208,51.88058],[1.24208,51.88058]]}},{"type":"Feature","properties":{"name":null,"kind":"coastline"},"geometry":{"type":"LineString","coordinates":[[1.24207,51.87857],[1.24207,51.87857]]}},{"type":"Feature","properties":{"name":null,"kind":"coastline"},"geometry":{"type":"LineString","coordinates":[[1.24088,51.88033],[1.24088,51.88033]]}},{"type":"Feature","properties":{"name":null,"kind":"coastline"},"geometry":{"type":"LineString","coordinates":[[1.24167,51.87774],[1.24167,51.87774]]}},{"type":"Feature","properties":{"name":null,"kind":"coastline"},"geometry":{"type":"LineString","coordinates":[[1.23046,51.88011],[1.23046,51.88011]]}},{"type":"Feature","properties":{"name":null,"kind":"coastline"},"geometry":{"type":"LineString","coordinates":[[1.24072,51.8782],[1.24072,51.8782]]}},{"type":"Feature","properties":{"name":null,"kind":"coastline"},"geometry":{"type":"LineString","coordinates":[[1.24051,51.88022],[1.24051,51.88022]]}},{"type":"Feature","properties":{"name":null,"kind":"coastline"},"geometry":{"type":"LineString","coordinates":[[1.23649,51.88156],[1.23649,51.88156]]}},{"type":"Feature","properties":{"name":null,"kind":"coastline"},"geometry":{"type":"LineString","coordinates":[[1.2419,51.88011],[1.2419,51.88011]]}},{"type":"Feature","properties":{"name":null,"kind":"coastline"},"geometry":{"type":"LineString","coordinates":[[1.24305,51.88132],[1.24305,51.88132]]}},{"type":"Feature","properties":{"name":null,"kind":"coastline"},"geometry":{"type":"LineString","coordinates":[[1.2413,51.88038],[1.2413,51.88038]]}},{"type":"Feature","properties":{"name":null,"kind":"coastline"},"geometry":{"type":"LineString","coordinates":[[1.2404,51.87802],[1.2404,51.87802]]}},{"type":"Feature","properties":{"name":null,"kind":"coastline"},"geometry":{"type":"LineString","coordinates":[[1.24038,51.87746],[1.24038,51.87746]]}},{"type":"Feature","properties":{"name":null,"kind":"coastline"},"geometry":{"type":"LineString","coordinates":[[1.24162,51.8807],[1.24162,51.8807]]}},{"type":"Feature","properties":{"name":null,"kind":"coastline"},"geometry":{"type":"LineString","coordinates":[[1.24304,51.88166],[1.24304,51.88166]]}},{"type":"Feature","properties":{"name":null,"kind":"coastline"},"geometry":{"type":"LineString","coordinates":[[1.2418,51.88069],[1.2418,51.88069]]}},{"type":"Feature","properties":{"name":null,"kind":"coastline"},"geometry":{"type":"LineString","coordinates":[[1.24036,51.87814],[1.24036,51.87814]]}},{"type":"Feature","properties":{"name":null,"kind":"coastline"},"geometry":{"type":"LineString","coordinates":[[1.24189,51.87767],[1.24189,51.87767]]}},{"type":"Feature","properties":{"name":null,"kind":"coastline"},"geometry":{"type":"LineString","coordinates":[[1.24212,51.87897],[1.24212,51.87897]]}},{"type":"Feature","properties":{"name":null,"kind":"coastline"},"geometry":{"type":"LineString","coordinates":[[1.2304,51.88028],[1.2304,51.88028]]}},{"type":"Feature","properties":{"name":null,"kind":"coastline"},"geometry":{"type":"LineString","coordinates":[[1.24029,51.87879],[1.24029,51.87879]]}},{"type":"Feature","properties":{"name":null,"kind":"coastline"},"geometry":{"type":"LineString","coordinates":[[1.23409,51.88207],[1.23409,51.88207]]}},{"type":"Feature","properties":{"name":null,"kind":"coastline"},"geometry":{"type":"LineString","coordinates":[[1.2414,51.88059],[1.2414,51.88059]]}},{"type":"Feature","properties":{"name":null,"kind":"coastline"},"geometry":{"type":"LineString","coordinates":[[1.24184,51.88074],[1.24184,51.88074]]}},{"type":"Feature","properties":{"name":null,"kind":"coastline"},"geometry":{"type":"LineString","coordinates":[[1.24336,51.88151],[1.24336,51.88151]]}},{"type":"Feature","properties":{"name":null,"kind":"coastline"},"geometry":{"type":"LineString","coordinates":[[1.2418,51.87783],[1.2418,51.87783]]}},{"type":"Feature","properties":{"name":null,"kind":"coastline"},"geometry":{"type":"LineString","coordinates":[[1.2393,51.88022],[1.2393,51.88022]]}},{"type":"Feature","properties":{"name":null,"kind":"coastline"},"geometry":{"type":"LineString","coordinates":[[1.24039,51.87859],[1.24039,51.87859]]}},{"type":"Feature","properties":{"name":null,"kind":"coastline"},"geometry":{"type":"LineString","coordinates":[[1.2301,51.88053],[1.2301,51.88053]]}},{"type":"Feature","properties":{"name":null,"kind":"coastline"},"geometry":{"type":"LineString","coordinates":[[1.24059,51.88028],[1.24059,51.88028]]}},{"type":"Feature","properties":{"name":null,"kind":"coastline"},"geometry":{"type":"LineString","coordinates":[[1.24236,51.88041],[1.24236,51.88041]]}},{"type":"Feature","properties":{"name":null,"kind":"coastline"},"geometry":{"type":"LineString","coordinates":[[1.2355,51.88173],[1.2355,51.88173]]}},{"type":"Feature","properties":{"name":null,"kind":"coastline"},"geometry":{"type":"LineString","coordinates":[[1.24175,51.87763],[1.24175,51.87763]]}},{"type":"Feature","properties":{"name":null,"kind":"coastline"},"geometry":{"type":"LineString","coordinates":[[1.23751,51.87974],[1.23751,51.87974]]}},{"type":"Feature","properties":{"name":null,"kind":"coastline"},"geometry":{"type":"LineString","coordinates":[[1.24073,51.87835],[1.24073,51.87835]]}},{"type":"Feature","properties":{"name":null,"kind":"coastline"},"geometry":{"type":"LineString","coordinates":[[1.24028,51.88011],[1.24028,51.88011]]}},{"type":"Feature","properties":{"name":null,"kind":"coastline"},"geometry":{"type":"LineString","coordinates":[[1.24205,51.88022],[1.24205,51.88022]]}},{"type":"Feature","properties":{"name":null,"kind":"coastline"},"geometry":{"type":"LineString","coordinates":[[1.24079,51.88056],[1.24079,51.88056]]}},{"type":"Feature","properties":{"name":null,"kind":"coastline"},"geometry":{"type":"LineString","coordinates":[[1.23339,51.87973],[1.23339,51.87973]]}},{"type":"Feature","properties":{"name":null,"kind":"coastline"},"geometry":{"type":"LineString","coordinates":[[1.24194,51.87954],[1.24194,51.87954]]}},{"type":"Feature","properties":{"name":null,"kind":"coastline"},"geometry":{"type":"LineString","coordinates":[[1.23525,51.88133],[1.23525,51.88133]]}},{"type":"Feature","properties":{"name":null,"kind":"coastline"},"geometry":{"type":"LineString","coordinates":[[1.24184,51.87921],[1.24184,51.87921]]}},{"type":"Feature","properties":{"name":null,"kind":"coastline"},"geometry":{"type":"LineString","coordinates":[[1.23965,51.87787],[1.23965,51.87787]]}},{"type":"Feature","properties":{"name":null,"kind":"coastline"},"geometry":{"type":"LineString","coordinates":[[1.24237,51.87906],[1.24237,51.87906]]}},{"type":"Feature","properties":{"name":null,"kind":"coastline"},"geometry":{"type":"LineString","coordinates":[[1.24217,51.88078],[1.24217,51.88078]]}},{"type":"Feature","properties":{"name":null,"kind":"coastline"},"geometry":{"type":"LineString","coordinates":[[1.22964,51.88083],[1.22964,51.88083]]}},{"type":"Feature","properties":{"name":null,"kind":"coastline"},"geometry":{"type":"LineString","coordinates":[[1.24135,51.87776],[1.24135,51.87776]]}},{"type":"Feature","properties":{"name":null,"kind":"coastline"},"geometry":{"type":"LineString","coordinates":[[1.24226,51.88077],[1.24226,51.88077]]}},{"type":"Feature","properties":{"name":null,"kind":"coastline"},"geometry":{"type":"LineString","coordinates":[[1.24088,51.88028],[1.24088,51.88028]]}},{"type":"Feature","properties":{"name":null,"kind":"coastline"},"geometry":{"type":"LineString","coordinates":[[1.23658,51.88185],[1.23658,51.88185]]}},{"type":"Feature","properties":{"name":null,"kind":"coastline"},"geometry":{"type":"LineString","coordinates":[[1.24189,51.87905],[1.24189,51.87905]]}},{"type":"Feature","properties":{"name":null,"kind":"coastline"},"geometry":{"type":"LineString","coordinates":[[1.23607,51.8808],[1.23411,51.88039],[1.23792,51.8803],[1.23614,51.8814]]}},{"type":"Feature","properties":{"name":null,"kind":"coastline"},"geometry":{"type":"LineString","coordinates":[[1.24042,51.87997],[1.24042,51.87997]]}},{"type":"Feature","properties":{"name":null,"kind":"coastline"},"geometry":{"type":"LineString","coordinates":[[1.24153,51.88108],[1.24153,51.88108]]}},{"type":"Feature","properties":{"name":null,"kind":"coastline"},"geometry":{"type":"LineString","coordinates":[[1.24073,51.88046],[1.24073,51.88046]]}},{"type":"Feature","properties":{"name":null,"kind":"coastline"},"geometry":{"type":"LineString","coordinates":[[1.2418,51.87951],[1.2418,51.87951]]}},{"type":"Feature","properties":{"name":null,"kind":"coastline"},"geometry":{"type":"LineString","coordinates":[[1.23875,51.87853],[1.23875,51.87853]]}},{"type":"Feature","properties":{"name":null,"kind":"coastline"},"geometry":{"type":"LineString","coordinates":[[1.24316,51.88154],[1.24316,51.88154]]}},{"type":"Feature","properties":{"name":null,"kind":"coastline"},"geometry":{"type":"LineString","coordinates":[[1.23129,51.88135],[1.23129,51.88135]]}},{"type":"Feature","properties":{"name":null,"kind":"coastline"},"geometry":{"type":"LineString","coordinates":[[1.24003,51.87771],[1.24003,51.87771]]}},{"type":"Feature","properties":{"name":null,"kind":"coastline"},"geometry":{"type":"LineString","coordinates":[[1.24175,51.88078],[1.24175,51.88078]]}},{"type":"Feature","properties":{"name":null,"kind":"coastline"},"geometry":{"type":"LineString","coordinates":[[1.23761,51.87983],[1.23761,51.87983]]}},{"type":"Feature","properties":{"name":null,"kind":"coastline"},"geometry":{"type":"LineString","coordinates":[[1.23727,51.88037],[1.23727,51.88037]]}},{"type":"Feature","properties":{"name":null,"kind":"coastline"},"geometry":{"type":"LineString","coordinates":[[1.24437,51.87956],[1.24437,51.87956]]}},{"type":"Feature","properties":{"name":null,"kind":"coastline"},"geometry":{"type":"LineString","coordinates":[[1.24475,51.87895],[1.24475,51.87895]]}},{"type":"Feature","properties":{"name":null,"kind":"coastline"},"geometry":{"type":"LineString","coordinates":[[1.24594,51.87852],[1.24594,51.87852]]}},{"type":"Feature","properties":{"name":null,"kind":"coastline"},"geometry":{"type":"LineString","coordinates":[[1.24323,51.87988],[1.24323,51.87988]]}},{"type":"Feature","properties":{"name":null,"kind":"coastline"},"geometry":{"type":"LineString","coordinates":[[1.2447,51.87813],[1.2447,51.87813]]}},{"type":"Feature","properties":{"name":null,"kind":"coastline"},"geometry":{"type":"LineString","coordinates":[[1.2455,51.87873],[1.2455,51.87873]]}},{"type":"Feature","properties":{"name":null,"kind":"coastline"},"geometry":{"type":"LineString","coordinates":[[1.24473,51.87996],[1.24473,51.87996]]}},{"type":"Feature","properties":{"name":null,"kind":"coastline"},"geometry":{"type":"LineString","coordinates":[[1.24563,51.87941],[1.24563,51.87941]]}},{"type":"Feature","properties":{"name":null,"kind":"coastline"},"geometry":{"type":"LineString","coordinates":[[1.24471,51.87822],[1.24471,51.87822]]}},{"type":"Feature","properties":{"name":null,"kind":"coastline"},"geometry":{"type":"LineString","coordinates":[[1.24414,51.88014],[1.24414,51.88014]]}},{"type":"Feature","properties":{"name":null,"kind":"coastline"},"geometry":{"type":"LineString","coordinates":[[1.24385,51.87952],[1.24385,51.87952]]}},{"type":"Feature","properties":{"name":null,"kind":"coastline"},"geometry":{"type":"LineString","coordinates":[[1.24491,51.87891],[1.24491,51.87891]]}},{"type":"Feature","properties":{"name":null,"kind":"coastline"},"geometry":{"type":"LineString","coordinates":[[1.24531,51.87799],[1.24531,51.87799]]}},{"type":"Feature","properties":{"name":null,"kind":"coastline"},"geometry":{"type":"LineString","coordinates":[[1.24385,51.88096],[1.24385,51.88096]]}},{"type":"Feature","properties":{"name":null,"kind":"coastline"},"geometry":{"type":"LineString","coordinates":[[1.24574,51.87844],[1.24574,51.87844]]}},{"type":"Feature","properties":{"name":null,"kind":"coastline"},"geometry":{"type":"LineString","coordinates":[[1.24476,51.87815],[1.24476,51.87815]]}},{"type":"Feature","properties":{"name":null,"kind":"coastline"},"geometry":{"type":"LineString","coordinates":[[1.24418,51.87868],[1.24418,51.87868]]}},{"type":"Feature","properties":{"name":null,"kind":"coastline"},"geometry":{"type":"LineString","coordinates":[[1.24356,51.87791],[1.24356,51.87791]]}},{"type":"Feature","properties":{"name":null,"kind":"coastline"},"geometry":{"type":"LineString","coordinates":[[1.24326,51.87843],[1.24326,51.87843]]}},{"type":"Feature","properties":{"name":null,"kind":"coastline"},"geometry":{"type":"LineString","coordinates":[[1.24336,51.87956],[1.24336,51.87956]]}},{"type":"Feature","properties":{"name":null,"kind":"coastline"},"geometry":{"type":"LineString","coordinates":[[1.24535,51.87841],[1.24535,51.87841]]}},{"type":"Feature","properties":{"name":null,"kind":"coastline"},"geometry":{"type":"LineString","coordinates":[[1.24656,51.87855],[1.24656,51.87855]]}},{"type":"Feature","properties":{"name":null,"kind":"coastline"},"geometry":{"type":"LineString","coordinates":[[1.244,51.87928],[1.244,51.87928]]}},{"type":"Feature","properties":{"name":null,"kind":"coastline"},"geometry":{"type":"LineString","coordinates":[[1.24316,51.87997],[1.24316,51.87997]]}},{"type":"Feature","properties":{"name":null,"kind":"coastline"},"geometry":{"type":"LineString","coordinates":[[1.24415,51.87812],[1.24415,51.87812]]}},{"type":"Feature","properties":{"name":null,"kind":"coastline"},"geometry":{"type":"LineString","coordinates":[[1.24499,51.8781],[1.24499,51.8781]]}},{"type":"Feature","properties":{"name":null,"kind":"coastline"},"geometry":{"type":"LineString","coordinates":[[1.24191,51.87805],[1.24191,51.87805]]}},{"type":"Feature","properties":{"name":null,"kind":"coastline"},"geometry":{"type":"LineString","coordinates":[[1.2453,51.87829],[1.2453,51.87829]]}},{"type":"Feature","properties":{"name":null,"kind":"coastline"},"geometry":{"type":"LineString","coordinates":[[1.24498,51.87978],[1.24498,51.87978]]}},{"type":"Feature","properties":{"name":null,"kind":"coastline"},"geometry":{"type":"LineString","coordinates":[[1.24284,51.8776],[1.24284,51.8776]]}},{"type":"Feature","properties":{"name":null,"kind":"coastline"},"geometry":{"type":"LineString","coordinates":[[1.24242,51.8784],[1.24242,51.8784]]}},{"type":"Feature","properties":{"name":null,"kind":"coastline"},"geometry":{"type":"LineString","coordinates":[[1.24425,51.87829],[1.24425,51.87829]]}},{"type":"Feature","properties":{"name":null,"kind":"coastline"},"geometry":{"type":"LineString","coordinates":[[1.24422,51.8787],[1.24422,51.8787]]}},{"type":"Feature","properties":{"name":null,"kind":"coastline"},"geometry":{"type":"LineString","coordinates":[[1.24692,51.87968],[1.24692,51.87968]]}},{"type":"Feature","properties":{"name":null,"kind":"coastline"},"geometry":{"type":"LineString","coordinates":[[1.24332,51.87975],[1.24332,51.87975]]}},{"type":"Feature","properties":{"name":null,"kind":"coastline"},"geometry":{"type":"LineString","coordinates":[[1.24515,51.87867],[1.24515,51.87867]]}},{"type":"Feature","properties":{"name":null,"kind":"coastline"},"geometry":{"type":"LineString","coordinates":[[1.24533,51.87994],[1.24533,51.87994]]}},{"type":"Feature","properties":{"name":null,"kind":"coastline"},"geometry":{"type":"LineString","coordinates":[[1.24525,51.87842],[1.24525,51.87842]]}},{"type":"Feature","properties":{"name":null,"kind":"coastline"},"geometry":{"type":"LineString","coordinates":[[1.2428,51.87775],[1.2428,51.87775]]}},{"type":"Feature","properties":{"name":null,"kind":"coastline"},"geometry":{"type":"LineString","coordinates":[[1.24451,51.87983],[1.24451,51.87983]]}},{"type":"Feature","properties":{"name":null,"kind":"coastline"},"geometry":{"type":"LineString","coordinates":[[1.24346,51.87752],[1.24346,51.87752]]}},{"type":"Feature","properties":{"name":null,"kind":"coastline"},"geometry":{"type":"LineString","coordinates":[[1.244,51.87905],[1.244,51.87905]]}},{"type":"Feature","properties":{"name":null,"kind":"coastline"},"geometry":{"type":"LineString","coordinates":[[1.2457,51.87931],[1.2457,51.87931]]}},{"type":"Feature","properties":{"name":null,"kind":"coastline"},"geometry":{"type":"LineString","coordinates":[[1.243,51.87984],[1.243,51.87984]]}},{"type":"Feature","properties":{"name":null,"kind":"coastline"},"geometry":{"type":"LineString","coordinates":[[1.24416,51.87816],[1.24416,51.87816]]}},{"type":"Feature","properties":{"name":null,"kind":"coastline"},"geometry":{"type":"LineString","coordinates":[[1.24396,51.88006],[1.24396,51.88006]]}},{"type":"Feature","properties":{"name":null,"kind":"coastline"},"geometry":{"type":"LineString","coordinates":[[1.24415,51.8797],[1.24415,51.8797]]}},{"type":"Feature","properties":{"name":null,"kind":"coastline"},"geometry":{"type":"LineString","coordinates":[[1.24232,51.87769],[1.24232,51.87769]]}},{"type":"Feature","properties":{"name":null,"kind":"coastline"},"geometry":{"type":"LineString","coordinates":[[1.24327,51.88029],[1.24327,51.88029]]}},{"type":"Feature","properties":{"name":null,"kind":"coastline"},"geometry":{"type":"LineString","coordinates":[[1.24652,51.87953],[1.24652,51.87953]]}},{"type":"Feature","properties":{"name":null,"kind":"coastline"},"geometry":{"type":"LineString","coordinates":[[1.24556,51.87822],[1.24556,51.87822]]}},{"type":"Feature","properties":{"name":null,"kind":"coastline"},"geometry":{"type":"LineString","coordinates":[[1.24552,51.87852],[1.24552,51.87852]]}},{"type":"Feature","properties":{"name":null,"kind":"coastline"},"geometry":{"type":"LineString","coordinates":[[1.24465,51.87949],[1.24465,51.87949]]}},{"type":"Feature","properties":{"name":null,"kind":"coastline"},"geometry":{"type":"LineString","coordinates":[[1.24419,51.88002],[1.24419,51.88002]]}},{"type":"Feature","properties":{"name":null,"kind":"coastline"},"geometry":{"type":"LineString","coordinates":[[1.24448,51.87924],[1.24448,51.87924]]}},{"type":"Feature","properties":{"name":null,"kind":"coastline"},"geometry":{"type":"LineString","coordinates":[[1.24418,51.87969],[1.24418,51.87969]]}},{"type":"Feature","properties":{"name":null,"kind":"coastline"},"geometry":{"type":"LineString","coordinates":[[1.24379,51.87751],[1.24379,51.87751]]}},{"type":"Feature","properties":{"name":null,"kind":"coastline"},"geometry":{"type":"LineString","coordinates":[[1.24432,51.87905],[1.24432,51.87905]]}},{"type":"Feature","properties":{"name":null,"kind":"coastline"},"geometry":{"type":"LineString","coordinates":[[1.24391,51.87828],[1.24391,51.87828]]}},{"type":"Feature","properties":{"name":null,"kind":"coastline"},"geometry":{"type":"LineString","coordinates":[[1.24326,51.87959],[1.24326,51.87959]]}},{"type":"Feature","properties":{"name":null,"kind":"coastline"},"geometry":{"type":"LineString","coordinates":[[1.24462,51.87799],[1.24462,51.87799]]}},{"type":"Feature","properties":{"name":null,"kind":"coastline"},"geometry":{"type":"LineString","coordinates":[[1.24534,51.87878],[1.24534,51.87878]]}},{"type":"Feature","properties":{"name":null,"kind":"coastline"},"geometry":{"type":"LineString","coordinates":[[1.24406,51.87851],[1.24406,51.87851]]}},{"type":"Feature","properties":{"name":null,"kind":"coastline"},"geometry":{"type":"LineString","coordinates":[[1.24326,51.88025],[1.24326,51.88025]]}},{"type":"Feature","properties":{"name":null,"kind":"coastline"},"geometry":{"type":"LineString","coordinates":[[1.24605,51.87942],[1.24605,51.87942]]}},{"type":"Feature","properties":{"name":null,"kind":"coastline"},"geometry":{"type":"LineString","coordinates":[[1.24429,51.88006],[1.24429,51.88006]]}},{"type":"Feature","properties":{"name":null,"kind":"coastline"},"geometry":{"type":"LineString","coordinates":[[1.24301,51.8777],[1.24301,51.8777]]}},{"type":"Feature","properties":{"name":null,"kind":"coastline"},"geometry":{"type":"LineString","coordinates":[[1.24213,51.87797],[1.24213,51.87797]]}},{"type":"Feature","properties":{"name":null,"kind":"coastline"},"geometry":{"type":"LineString","coordinates":[[1.24495,51.879],[1.24495,51.879]]}},{"type":"Feature","properties":{"name":null,"kind":"coastline"},"geometry":{"type":"LineString","coordinates":[[1.24641,51.87945],[1.24641,51.87945]]}},{"type":"Feature","properties":{"name":null,"kind":"coastline"},"geometry":{"type":"LineString","coordinates":[[1.24532,51.87816],[1.24532,51.87816]]}},{"type":"Feature","properties":{"name":null,"kind":"coastline"},"geometry":{"type":"LineString","coordinates":[[1.24555,51.87846],[1.24555,51.87846]]}},{"type":"Feature","properties":{"name":null,"kind":"coastline"},"geometry":{"type":"LineString","coordinates":[[1.24327,51.87752],[1.24327,51.87752]]}},{"type":"Feature","properties":{"name":null,"kind":"coastline"},"geometry":{"type":"LineString","coordinates":[[1.24587,51.87996],[1.24587,51.87996]]}},{"type":"Feature","properties":{"name":null,"kind":"coastline"},"geometry":{"type":"LineString","coordinates":[[1.24687,51.8806],[1.24687,51.8806]]}},{"type":"Feature","properties":{"name":null,"kind":"coastline"},"geometry":{"type":"LineString","coordinates":[[1.24552,51.88078],[1.24552,51.88078]]}},{"type":"Feature","properties":{"name":null,"kind":"coastline"},"geometry":{"type":"LineString","coordinates":[[1.24749,51.88042],[1.24749,51.88042]]}},{"type":"Feature","properties":{"name":null,"kind":"coastline"},"geometry":{"type":"LineString","coordinates":[[1.24645,51.88132],[1.24645,51.88132]]}},{"type":"Feature","properties":{"name":null,"kind":"coastline"},"geometry":{"type":"LineString","coordinates":[[1.24567,51.88087],[1.24567,51.88087]]}},{"type":"Feature","properties":{"name":null,"kind":"coastline"},"geometry":{"type":"LineString","coordinates":[[1.24537,51.88099],[1.24537,51.88099]]}},{"type":"Feature","properties":{"name":null,"kind":"coastline"},"geometry":{"type":"LineString","coordinates":[[1.24762,51.88033],[1.24762,51.88033]]}},{"type":"Feature","properties":{"name":null,"kind":"coastline"},"geometry":{"type":"LineString","coordinates":[[1.24593,51.88042],[1.24593,51.88042]]}},{"type":"Feature","properties":{"name":null,"kind":"coastline"},"geometry":{"type":"LineString","coordinates":[[1.24775,51.88084],[1.24775,51.88084]]}},{"type":"Feature","properties":{"name":null,"kind":"coastline"},"geometry":{"type":"LineString","coordinates":[[1.24664,51.88031],[1.24664,51.88031]]}},{"type":"Feature","properties":{"name":null,"kind":"coastline"},"geometry":{"type":"LineString","coordinates":[[1.24735,51.88033],[1.24735,51.88033]]}},{"type":"Feature","properties":{"name":null,"kind":"coastline"},"geometry":{"type":"LineString","coordinates":[[1.24694,51.88094],[1.24694,51.88094]]}},{"type":"Feature","properties":{"name":null,"kind":"coastline"},"geometry":{"type":"LineString","coordinates":[[1.24703,51.88027],[1.24703,51.88027]]}},{"type":"Feature","properties":{"name":null,"kind":"coastline"},"geometry":{"type":"LineString","coordinates":[[1.2458,51.88113],[1.2458,51.88113]]}},{"type":"Feature","properties":{"name":null,"kind":"coastline"},"geometry":{"type":"LineString","coordinates":[[1.24559,51.8807],[1.24559,51.8807]]}},{"type":"Feature","properties":{"name":null,"kind":"coastline"},"geometry":{"type":"LineString","coordinates":[[1.24526,51.88089],[1.24526,51.88089]]}},{"type":"Feature","properties":{"name":null,"kind":"coastline"},"geometry":{"type":"LineString","coordinates":[[1.24719,51.88084],[1.24719,51.88084]]}},{"type":"Feature","properties":{"name":null,"kind":"coastline"},"geometry":{"type":"LineString","coordinates":[[1.24589,51.88109],[1.24589,51.88109]]}},{"type":"Feature","properties":{"name":null,"kind":"coastline"},"geometry":{"type":"LineString","coordinates":[[1.2473,51.88036],[1.2473,51.88036]]}},{"type":"Feature","properties":{"name":null,"kind":"coastline"},"geometry":{"type":"LineString","coordinates":[[1.24622,51.8805],[1.24622,51.8805]]}},{"type":"Feature","properties":{"name":null,"kind":"coastline"},"geometry":{"type":"LineString","coordinates":[[1.24546,51.88103],[1.24546,51.88103]]}},{"type":"Feature","properties":{"name":null,"kind":"coastline"},"geometry":{"type":"LineString","coordinates":[[1.24531,51.88119],[1.24531,51.88119]]}},{"type":"Feature","properties":{"name":null,"kind":"coastline"},"geometry":{"type":"LineString","coordinates":[[1.24765,51.88126],[1.24765,51.88126]]}},{"type":"Feature","properties":{"name":null,"kind":"coastline"},"geometry":{"type":"LineString","coordinates":[[1.24753,51.88107],[1.24753,51.88107]]}},{"type":"Feature","properties":{"name":null,"kind":"coastline"},"geometry":{"type":"LineString","coordinates":[[1.24602,51.8811],[1.24602,51.8811]]}},{"type":"Feature","properties":{"name":null,"kind":"coastline"},"geometry":{"type":"LineString","coordinates":[[1.2466,51.88065],[1.2466,51.88065]]}},{"type":"Feature","properties":{"name":null,"kind":"coastline"},"geometry":{"type":"LineString","coordinates":[[1.24786,51.88002],[1.24786,51.88002]]}},{"type":"Feature","properties":{"name":null,"kind":"coastline"},"geometry":{"type":"LineString","coordinates":[[1.24555,51.88084],[1.24555,51.88084]]}},{"type":"Feature","properties":{"name":null,"kind":"coastline"},"geometry":{"type":"LineString","coordinates":[[1.24634,51.8805],[1.24634,51.8805]]}},{"type":"Feature","properties":{"name":null,"kind":"coastline"},"geometry":{"type":"LineString","coordinates":[[1.25319,51.87732],[1.25319,51.87732]]}},{"type":"Feature","properties":{"name":null,"kind":"coastline"},"geometry":{"type":"LineString","coordinates":[[1.25118,51.8769],[1.25118,51.8769]]}},{"type":"Feature","properties":{"name":null,"kind":"coastline"},"geometry":{"type":"LineString","coordinates":[[1.25153,51.87635],[1.25153,51.87635]]}},{"type":"Feature","properties":{"name":null,"kind":"coastline"},"geometry":{"type":"LineString","coordinates":[[1.25065,51.87522],[1.24867,51.87482],[1.25065,51.87522]]}},{"type":"Feature","properties":{"name":null,"kind":"coastline"},"geometry":{"type":"LineString","coordinates":[[1.25558,51.8768],[1.25558,51.8768]]}},{"type":"Feature","properties":{"name":null,"kind":"coastline"},"geometry":{"type":"LineString","coordinates":[[1.25756,51.87661],[1.25756,51.87661]]}},{"type":"Feature","properties":{"name":null,"kind":"coastline"},"geometry":{"type":"LineString","coordinates":[[1.25189,51.8763],[1.25189,51.8763]]}},{"type":"Feature","properties":{"name":null,"kind":"coastline"},"geometry":{"type":"LineString","coordinates":[[1.25236,51.87677],[1.25236,51.87677]]}},{"type":"Feature","properties":{"name":null,"kind":"coastline"},"geometry":{"type":"LineString","coordinates":[[1.25795,51.87727],[1.25795,51.87727]]}},{"type":"Feature","properties":{"name":null,"kind":"coastline"},"geometry":{"type":"LineString","coordinates":[[1.25314,51.87708],[1.25314,51.87708]]}},{"type":"Feature","properties":{"name":null,"kind":"coastline"},"geometry":{"type":"LineString","coordinates":[[1.25986,51.88065],[1.25986,51.88065]]}},{"type":"Feature","properties":{"name":null,"kind":"coastline"},"geometry":{"type":"LineString","coordinates":[[1.25055,51.87494],[1.25055,51.87494]]}},{"type":"Feature","properties":{"name":null,"kind":"coastline"},"geometry":{"type":"LineString","coordinates":[[1.24671,51.8738],[1.24671,51.8738]]}},{"type":"Feature","properties":{"name":null,"kind":"coastline"},"geometry":{"type":"LineString","coordinates":[[1.24719,51.87461],[1.24719,51.87461]]}},{"type":"Feature","properties":{"name":null,"kind":"coastline"},"geometry":{"type":"LineString","coordinates":[[1.25278,51.87707],[1.25278,51.87707]]}},{"type":"Feature","properties":{"name":null,"kind":"coastline"},"geometry":{"type":"LineString","coordinates":[[1.25486,51.87679],[1.25486,51.87679]]}},{"type":"Feature","properties":{"name":null,"kind":"coastline"},"geometry":{"type":"LineString","coordinates":[[1.25006,51.87652],[1.25006,51.87652]]}},{"type":"Feature","properties":{"name":null,"kind":"coastline"},"geometry":{"type":"LineString","coordinates":[[1.25229,51.87663],[1.25229,51.87663]]}},{"type":"Feature","properties":{"name":null,"kind":"coastline"},"geometry":{"type":"LineString","coordinates":[[1.25303,51.87703],[1.25303,51.87703]]}},{"type":"Feature","properties":{"name":null,"kind":"coastline"},"geometry":{"type":"LineString","coordinates":[[1.25178,51.87554],[1.25178,51.87554]]}},{"type":"Feature","properties":{"name":null,"kind":"coastline"},"geometry":{"type":"LineString","coordinates":[[1.25859,51.87676],[1.25859,51.87676]]}},{"type":"Feature","properties":{"name":null,"kind":"coastline"},"geometry":{"type":"LineString","coordinates":[[1.25209,51.87711],[1.25209,51.87711]]}},{"type":"Feature","properties":{"name":null,"kind":"coastline"},"geometry":{"type":"LineString","coordinates":[[1.25014,51.87675],[1.25014,51.87675]]}},{"type":"Feature","properties":{"name":null,"kind":"coastline"},"geometry":{"type":"LineString","coordinates":[[1.24669,51.87397],[1.24669,51.87397]]}},{"type":"Feature","properties":{"name":null,"kind":"coastline"},"geometry":{"type":"LineString","coordinates":[[1.2526,51.87724],[1.2526,51.87724]]}},{"type":"Feature","properties":{"name":null,"kind":"coastline"},"geometry":{"type":"LineString","coordinates":[[1.25097,51.87386],[1.25097,51.87386]]}},{"type":"Feature","properties":{"name":null,"kind":"coastline"},"geometry":{"type":"LineString","coordinates":[[1.2519,51.87654],[1.2519,51.87654]]}},{"type":"Feature","properties":{"name":null,"kind":"coastline"},"geometry":{"type":"LineString","coordinates":[[1.25161,51.87585],[1.25161,51.87585]]}},{"type":"Feature","properties":{"name":null,"kind":"coastline"},"geometry":{"type":"LineString","coordinates":[[1.252,51.87677],[1.252,51.87677]]}},{"type":"Feature","properties":{"name":null,"kind":"coastline"},"geometry":{"type":"LineString","coordinates":[[1.2505,51.87682],[1.2505,51.87682]]}},{"type":"Feature","properties":{"name":null,"kind":"coastline"},"geometry":{"type":"LineString","coordinates":[[1.2581,51.87768],[1.2581,51.87768]]}},{"type":"Feature","properties":{"name":null,"kind":"coastline"},"geometry":{"type":"LineString","coordinates":[[1.24727,51.87402],[1.24727,51.87402]]}},{"type":"Feature","properties":{"name":null,"kind":"coastline"},"geometry":{"type":"LineString","coordinates":[[1.25771,51.87683],[1.25771,51.87683]]}},{"type":"Feature","properties":{"name":null,"kind":"coastline"},"geometry":{"type":"LineString","coordinates":[[1.25241,51.87608],[1.25241,51.87608]]}},{"type":"Feature","properties":{"name":null,"kind":"coastline"},"geometry":{"type":"LineString","coordinates":[[1.25179,51.8752],[1.25179,51.8752]]}},{"type":"Feature","properties":{"name":null,"kind":"coastline"},"geometry":{"type":"LineString","coordinates":[[1.25162,51.87686],[1.25162,51.87686]]}},{"type":"Feature","properties":{"name":null,"kind":"coastline"},"geometry":{"type":"LineString","coordinates":[[1.25174,51.87507],[1.25174,51.87507]]}},{"type":"Feature","properties":{"name":null,"kind":"coastline"},"geometry":{"type":"LineString","coordinates":[[1.25903,51.87911],[1.25903,51.87911]]}},{"type":"Feature","properties":{"name":null,"kind":"coastline"},"geometry":{"type":"LineString","coordinates":[[1.25201,51.87657],[1.25201,51.87657]]}},{"type":"Feature","properties":{"name":null,"kind":"coastline"},"geometry":{"type":"LineString","coordinates":[[1.25186,51.8759],[1.25186,51.8759]]}},{"type":"Feature","properties":{"name":null,"kind":"coastline"},"geometry":{"type":"LineString","coordinates":[[1.25124,51.87702],[1.25124,51.87702]]}},{"type":"Feature","properties":{"name":null,"kind":"coastline"},"geometry":{"type":"LineString","coordinates":[[1.25063,51.87637],[1.25063,51.87637]]}},{"type":"Feature","properties":{"name":null,"kind":"coastline"},"geometry":{"type":"LineString","coordinates":[[1.25596,51.87644],[1.25596,51.87644]]}},{"type":"Feature","properties":{"name":null,"kind":"coastline"},"geometry":{"type":"LineString","coordinates":[[1.25785,51.87623],[1.25785,51.87623]]}},{"type":"Feature","properties":{"name":null,"kind":"coastline"},"geometry":{"type":"LineString","coordinates":[[1.25099,51.87707],[1.25099,51.87707]]}},{"type":"Feature","properties":{"name":null,"kind":"coastline"},"geometry":{"type":"LineString","coordinates":[[1.25277,51.87704],[1.25277,51.87704]]}},{"type":"Feature","properties":{"name":null,"kind":"coastline"},"geometry":{"type":"LineString","coordinates":[[1.25081,51.87116],[1.25081,51.87116]]}},{"type":"Feature","properties":{"name":null,"kind":"coastline"},"geometry":{"type":"LineString","coordinates":[[1.25257,51.86807],[1.25257,51.86807]]}},{"type":"Feature","properties":{"name":null,"kind":"coastline"},"geometry":{"type":"LineString","coordinates":[[1.2616,51.86461],[1.2616,51.86461]]}},{"type":"Feature","properties":{"name":null,"kind":"coastline"},"geometry":{"type":"LineString","coordinates":[[1.24516,51.87007],[1.24516,51.87007]]}},{"type":"Feature","properties":{"name":null,"kind":"coastline"},"geometry":{"type":"LineString","coordinates":[[1.24911,51.87054],[1.24911,51.87054]]}},{"type":"Feature","properties":{"name":null,"kind":"coastline"},"geometry":{"type":"LineString","coordinates":[[1.25011,51.87167],[1.25011,51.87167]]}},{"type":"Feature","properties":{"name":null,"kind":"coastline"},"geometry":{"type":"LineString","coordinates":[[1.24705,51.87092],[1.24705,51.87092]]}},{"type":"Feature","properties":{"name":null,"kind":"coastline"},"geometry":{"type":"LineString","coordinates":[[1.24862,51.87168],[1.24862,51.87168]]}},{"type":"Feature","properties":{"name":null,"kind":"coastline"},"geometry":{"type":"LineString","coordinates":[[1.24813,51.87096],[1.24813,51.87096]]}},{"type":"Feature","properties":{"name":null,"kind":"coastline"},"geometry":{"type":"LineString","coordinates":[[1.25909,51.86772],[1.25909,51.86772]]}},{"type":"Feature","properties":{"name":null,"kind":"coastline"},"geometry":{"type":"LineString","coordinates":[[1.25858,51.86753],[1.25973,51.86589],[1.25858,51.86753]]}},{"type":"Feature","properties":{"name":null,"kind":"coastline"},"geometry":{"type":"LineString","coordinates":[[1.24856,51.86967],[1.24653,51.86955],[1.24856,51.86967]]}},{"type":"Feature","properties":{"name":null,"kind":"coastline"},"geometry":{"type":"LineString","coordinates":[[1.2527,51.86781],[1.2527,51.86781]]}},{"type":"Feature","properties":{"name":null,"kind":"coastline"},"geometry":{"type":"LineString","coordinates":[[1.25842,51.86759],[1.25842,51.86759]]}},{"type":"Feature","properties":{"name":null,"kind":"coastline"},"geometry":{"type":"LineString","coordinates":[[1.24789,51.87262],[1.24789,51.87262]]}},{"type":"Feature","properties":{"name":null,"kind":"coastline"},"geometry":{"type":"LineString","coordinates":[[1.2481,51.87233],[1.2481,51.87233]]}},{"type":"Feature","properties":{"name":null,"kind":"coastline"},"geometry":{"type":"LineString","coordinates":[[1.24715,51.87212],[1.24715,51.87212]]}},{"type":"Feature","properties":{"name":null,"kind":"coastline"},"geometry":{"type":"LineString","coordinates":[[1.24867,51.87013],[1.24867,51.87013]]}},{"type":"Feature","properties":{"name":null,"kind":"coastline"},"geometry":{"type":"LineString","coordinates":[[1.24542,51.86908],[1.24542,51.86908]]}},{"type":"Feature","properties":{"name":null,"kind":"coastline"},"geometry":{"type":"LineString","coordinates":[[1.24983,51.87102],[1.24983,51.87102]]}},{"type":"Feature","properties":{"name":null,"kind":"coastline"},"geometry":{"type":"LineString","coordinates":[[1.24501,51.87077],[1.24501,51.87077]]}},{"type":"Feature","properties":{"name":null,"kind":"coastline"},"geometry":{"type":"LineString","coordinates":[[1.2478,51.87117],[1.2478,51.87117]]}},{"type":"Feature","properties":{"name":null,"kind":"coastline"},"geometry":{"type":"LineString","coordinates":[[1.24904,51.87224],[1.24904,51.87224]]}},{"type":"Feature","properties":{"name":null,"kind":"coastline"},"geometry":{"type":"LineString","coordinates":[[1.24504,51.8712],[1.24504,51.8712]]}},{"type":"Feature","properties":{"name":null,"kind":"coastline"},"geometry":{"type":"LineString","coordinates":[[1.24652,51.86947],[1.24652,51.86947]]}},{"type":"Feature","properties":{"name":null,"kind":"coastline"},"geometry":{"type":"LineString","coordinates":[[1.2472,51.86951],[1.2472,51.86951]]}},{"type":"Feature","properties":{"name":null,"kind":"coastline"},"geometry":{"type":"LineString","coordinates":[[1.24573,51.87172],[1.24573,51.87172]]}},{"type":"Feature","properties":{"name":null,"kind":"coastline"},"geometry":{"type":"LineString","coordinates":[[1.25526,51.868],[1.25526,51.868]]}},{"type":"Feature","properties":{"name":null,"kind":"coastline"},"geometry":{"type":"LineString","coordinates":[[1.25223,51.86765],[1.25223,51.86765]]}},{"type":"Feature","properties":{"name":null,"kind":"coastline"},"geometry":{"type":"LineString","coordinates":[[1.24854,51.87224],[1.24854,51.87224]]}},{"type":"Feature","properties":{"name":null,"kind":"coastline"},"geometry":{"type":"LineString","coordinates":[[1.2494,51.87091],[1.2494,51.87091]]}},{"type":"Feature","properties":{"name":null,"kind":"coastline"},"geometry":{"type":"LineString","coordinates":[[1.24658,51.87034],[1.24658,51.87034]]}},{"type":"Feature","properties":{"name":null,"kind":"coastline"},"geometry":{"type":"LineString","coordinates":[[1.24663,51.87096],[1.24663,51.87096]]}},{"type":"Feature","properties":{"name":null,"kind":"coastline"},"geometry":{"type":"LineString","coordinates":[[1.24519,51.87146],[1.24519,51.87146]]}},{"type":"Feature","properties":{"name":null,"kind":"coastline"},"geometry":{"type":"LineString","coordinates":[[1.25098,51.87115],[1.25098,51.87115]]}},{"type":"Feature","properties":{"name":null,"kind":"coastline"},"geometry":{"type":"LineString","coordinates":[[1.25405,51.86828],[1.25405,51.86828]]}},{"type":"Feature","properties":{"name":null,"kind":"coastline"},"geometry":{"type":"LineString","coordinates":[[1.24711,51.86997],[1.24711,51.86997]]}},{"type":"Feature","properties":{"name":null,"kind":"coastline"},"geometry":{"type":"LineString","coordinates":[[1.25189,51.86812],[1.25189,51.86812]]}},{"type":"Feature","properties":{"name":null,"kind":"coastline"},"geometry":{"type":"LineString","coordinates":[[1.25642,51.86723],[1.25642,51.86723]]}},{"type":"Feature","properties":{"name":null,"kind":"coastline"},"geometry":{"type":"LineString","coordinates":[[1.25484,51.86748],[1.25484,51.86748]]}},{"type":"Feature","properties":{"name":null,"kind":"coastline"},"geometry":{"type":"LineString","coordinates":[[1.25868,51.86787],[1.25868,51.86787]]}},{"type":"Feature","properties":{"name":null,"kind":"coastline"},"geometry":{"type":"LineString","coordinates":[[1.24647,51.87208],[1.24647,51.87208]]}},{"type":"Feature","properties":{"name":null,"kind":"coastline"},"geometry":{"type":"LineString","coordinates":[[1.24797,51.87255],[1.24797,51.87255]]}},{"type":"Feature","properties":{"name":null,"kind":"coastline"},"geometry":{"type":"LineString","coordinates":[[1.25389,51.86816],[1.25389,51.86816]]}},{"type":"Feature","properties":{"name":null,"kind":"coastline"},"geometry":{"type":"LineString","coordinates":[[1.25122,51.87176],[1.25122,51.87176]]}},{"type":"Feature","properties":{"name":null,"kind":"coastline"},"geometry":{"type":"LineString","coordinates":[[1.25211,51.86843],[1.25211,51.86843]]}},{"type":"Feature","properties":{"name":null,"kind":"coastline"},"geometry":{"type":"LineString","coordinates":[[1.26107,51.86547],[1.26107,51.86547]]}},{"type":"Feature","properties":{"name":null,"kind":"coastline"},"geometry":{"type":"LineString","coordinates":[[1.24895,51.8704],[1.24895,51.8704]]}},{"type":"Feature","properties":{"name":null,"kind":"coastline"},"geometry":{"type":"LineString","coordinates":[[1.25621,51.86751],[1.25621,51.86751]]}},{"type":"Feature","properties":{"name":null,"kind":"coastline"},"geometry":{"type":"LineString","coordinates":[[1.24732,51.87077],[1.24732,51.87077]]}},{"type":"Feature","properties":{"name":null,"kind":"coastline"},"geometry":{"type":"LineString","coordinates":[[1.25467,51.86794],[1.25467,51.86794]]}},{"type":"Feature","properties":{"name":null,"kind":"coastline"},"geometry":{"type":"LineString","coordinates":[[1.25157,51.86966],[1.25157,51.86966]]}},{"type":"Feature","properties":{"name":null,"kind":"coastline"},"geometry":{"type":"LineString","coordinates":[[1.25915,51.86793],[1.25915,51.86793]]}},{"type":"Feature","properties":{"name":null,"kind":"coastline"},"geometry":{"type":"LineString","coordinates":[[1.25362,51.86746],[1.25362,51.86746]]}},{"type":"Feature","properties":{"name":null,"kind":"coastline"},"geometry":{"type":"LineString","coordinates":[[1.24744,51.87156],[1.24744,51.87156]]}},{"type":"Feature","properties":{"name":null,"kind":"coastline"},"geometry":{"type":"LineString","coordinates":[[1.24448,51.87016],[1.24448,51.87016]]}},{"type":"Feature","properties":{"name":null,"kind":"coastline"},"geometry":{"type":"LineString","coordinates":[[1.24846,51.87187],[1.24846,51.87187]]}},{"type":"Feature","properties":{"name":null,"kind":"coastline"},"geometry":{"type":"LineString","coordinates":[[1.24746,51.8727],[1.24746,51.8727]]}},{"type":"Feature","properties":{"name":null,"kind":"coastline"},"geometry":{"type":"LineString","coordinates":[[1.25363,51.86814],[1.25363,51.86814]]}},{"type":"Feature","properties":{"name":null,"kind":"coastline"},"geometry":{"type":"LineString","coordinates":[[1.2567,51.8704],[1.25527,51.87182],[1.26357,51.87165],[1.26663,51.86888],[1.26457,51.87226]]}},{"type":"Feature","properties":{"name":null,"kind":"coastline"},"geometry":{"type":"LineString","coordinates":[[1.25337,51.87233],[1.25337,51.87233]]}},{"type":"Feature","properties":{"name":null,"kind":"coastline"},"geometry":{"type":"LineString","coordinates":[[1.25177,51.87063],[1.25177,51.87063]]}},{"type":"Feature","properties":{"name":null,"kind":"coastline"},"geometry":{"type":"LineString","coordinates":[[1.25376,51.8709],[1.26693,51.86719],[1.25449,51.8698],[1.2567,51.8704]]}},{"type":"Feature","properties":{"name":null,"kind":"coastline"},"geometry":{"type":"LineString","coordinates":[[1.25153,51.87084],[1.25153,51.87084]]}},{"type":"Feature","properties":{"name":null,"kind":"coastline"},"geometry":{"type":"LineString","coordinates":[[1.26457,51.87226],[1.25376,51.8709]]}},{"type":"Feature","properties":{"name":null,"kind":"coastline"},"geometry":{"type":"LineString","coordinates":[[1.25236,51.87102],[1.25236,51.87102]]}},{"type":"Feature","properties":{"name":null,"kind":"coastline"},"geometry":{"type":"LineString","coordinates":[[1.26328,51.86539],[1.26328,51.86539]]}},{"type":"Feature","properties":{"name":null,"kind":"coastline"},"geometry":{"type":"LineString","coordinates":[[1.26318,51.86574],[1.26318,51.86574]]}},{"type":"Feature","properties":{"name":null,"kind":"coastline"},"geometry":{"type":"LineString","coordinates":[[1.26691,51.86665],[1.26691,51.86665]]}},{"type":"Feature","properties":{"name":null,"kind":"coastline"},"geometry":{"type":"LineString","coordinates":[[1.26609,51.8653],[1.26609,51.8653]]}},{"type":"Feature","properties":{"name":null,"kind":"coastline"},"geometry":{"type":"LineString","coordinates":[[1.26153,51.86643],[1.26153,51.86643]]}},{"type":"Feature","properties":{"name":null,"kind":"coastline"},"geometry":{"type":"LineString","coordinates":[[1.26324,51.86541],[1.26324,51.86541]]}},{"type":"Feature","properties":{"name":null,"kind":"coastline"},"geometry":{"type":"LineString","coordinates":[[1.2658,51.86514],[1.2658,51.86514]]}},{"type":"Feature","properties":{"name":null,"kind":"coastline"},"geometry":{"type":"LineString","coordinates":[[1.26261,51.86454],[1.26457,51.86394],[1.26261,51.86454]]}},{"type":"Feature","properties":{"name":null,"kind":"coastline"},"geometry":{"type":"LineString","coordinates":[[1.26387,51.86531],[1.26387,51.86531]]}},{"type":"Feature","properties":{"name":null,"kind":"coastline"},"geometry":{"type":"LineString","coordinates":[[1.26628,51.86635],[1.26628,51.86635]]}},{"type":"Feature","properties":{"name":null,"kind":"coastline"},"geometry":{"type":"LineString","coordinates":[[1.26206,51.86699],[1.26206,51.86699]]}},{"type":"Feature","properties":{"name":null,"kind":"coastline"},"geometry":{"type":"LineString","coordinates":[[1.26206,51.86594],[1.26206,51.86594]]}},{"type":"Feature","properties":{"name":null,"kind":"coastline"},"geometry":{"type":"LineString","coordinates":[[1.26106,51.86777],[1.26106,51.86777]]}},{"type":"Feature","properties":{"name":null,"kind":"coastline"},"geometry":{"type":"LineString","coordinates":[[1.25593,51.87245],[1.25593,51.87245]]}},{"type":"Feature","properties":{"name":null,"kind":"coastline"},"geometry":{"type":"LineString","coordinates":[[1.26504,51.86646],[1.26504,51.86646]]}},{"type":"Feature","properties":{"name":null,"kind":"coastline"},"geometry":{"type":"LineString","coordinates":[[1.26295,51.86582],[1.26295,51.86582]]}},{"type":"Feature","properties":{"name":null,"kind":"coastline"},"geometry":{"type":"LineString","coordinates":[[1.25765,51.86884],[1.25765,51.86884]]}},{"type":"Feature","properties":{"name":null,"kind":"coastline"},"geometry":{"type":"LineString","coordinates":[[1.26612,51.86637],[1.26612,51.86637]]}},{"type":"Feature","properties":{"name":null,"kind":"coastline"},"geometry":{"type":"LineString","coordinates":[[1.26419,51.86578],[1.26419,51.86578]]}},{"type":"Feature","properties":{"name":null,"kind":"coastline"},"geometry":{"type":"LineString","coordinates":[[1.2599,51.86854],[1.2599,51.86854]]}},{"type":"Feature","properties":{"name":null,"kind":"coastline"},"geometry":{"type":"LineString","coordinates":[[1.26596,51.8686],[1.26441,51.86725],[1.26596,51.8686]]}},{"type":"Feature","properties":{"name":null,"kind":"coastline"},"geometry":{"type":"LineString","coordinates":[[1.26311,51.86542],[1.26311,51.86542]]}},{"type":"Feature","properties":{"name":null,"kind":"coastline"},"geometry":{"type":"LineString","coordinates":[[1.26386,51.8662],[1.26386,51.8662]]}},{"type":"Feature","properties":{"name":null,"kind":"coastline"},"geometry":{"type":"LineString","coordinates":[[1.26209,51.86629],[1.26209,51.86629]]}},{"type":"Feature","properties":{"name":null,"kind":"coastline"},"geometry":{"type":"LineString","coordinates":[[1.25497,51.87309],[1.25497,51.87309]]}},{"type":"Feature","properties":{"name":null,"kind":"coastline"},"geometry":{"type":"LineString","coordinates":[[1.26269,51.86593],[1.26412,51.86444],[1.26269,51.86593]]}},{"type":"Feature","properties":{"name":null,"kind":"coastline"},"geometry":{"type":"LineString","coordinates":[[1.2634,51.87221],[1.2634,51.87221]]}},{"type":"Feature","properties":{"name":null,"kind":"coastline"},"geometry":{"type":"LineString","coordinates":[[1.25333,51.87332],[1.25333,51.87332]]}},{"type":"Feature","properties":{"name":null,"kind":"coastline"},"geometry":{"type":"LineString","coordinates":[[1.26417,51.86493],[1.26417,51.86493]]}},{"type":"Feature","properties":{"name":null,"kind":"coastline"},"geometry":{"type":"LineString","coordinates":[[1.2537,51.86991],[1.2537,51.86991]]}},{"type":"Feature","properties":{"name":null,"kind":"coastline"},"geometry":{"type":"LineString","coordinates":[[1.26327,51.86944],[1.26247,51.87164],[1.26327,51.86944]]}},{"type":"Feature","properties":{"name":null,"kind":"coastline"},"geometry":{"type":"LineString","coordinates":[[1.26322,51.86563],[1.26322,51.86563]]}},{"type":"Feature","properties":{"name":null,"kind":"coastline"},"geometry":{"type":"LineString","coordinates":[[1.26796,51.86684],[1.26796,51.86684]]}},{"type":"Feature","properties":{"name":null,"kind":"coastline"},"geometry":{"type":"LineString","coordinates":[[1.26394,51.86534],[1.26394,51.86534]]}},{"type":"Feature","properties":{"name":null,"kind":"coastline"},"geometry":{"type":"LineString","coordinates":[[1.26599,51.86591],[1.26599,51.86591]]}},{"type":"Feature","properties":{"name":null,"kind":"coastline"},"geometry":{"type":"LineString","coordinates":[[1.25813,51.87307],[1.25813,51.87307]]}},{"type":"Feature","properties":{"name":null,"kind":"coastline"},"geometry":{"type":"LineString","coordinates":[[1.26271,51.86711],[1.26271,51.86711]]}},{"type":"Feature","properties":{"name":null,"kind":"coastline"},"geometry":{"type":"LineString","coordinates":[[1.25361,51.87125],[1.25361,51.87125]]}},{"type":"Feature","properties":{"name":null,"kind":"coastline"},"geometry":{"type":"LineString","coordinates":[[1.26334,51.86559],[1.26334,51.86559]]}},{"type":"Feature","properties":{"name":null,"kind":"coastline"},"geometry":{"type":"LineString","coordinates":[[1.26381,51.86597],[1.26381,51.86597]]}},{"type":"Feature","properties":{"name":null,"kind":"coastline"},"geometry":{"type":"LineString","coordinates":[[1.26579,51.86574],[1.26579,51.86574]]}},{"type":"Feature","properties":{"name":null,"kind":"coastline"},"geometry":{"type":"LineString","coordinates":[[1.26395,51.87027],[1.26395,51.87027]]}},{"type":"Feature","properties":{"name":null,"kind":"coastline"},"geometry":{"type":"LineString","coordinates":[[1.26471,51.86946],[1.26471,51.86946]]}},{"type":"Feature","properties":{"name":null,"kind":"coastline"},"geometry":{"type":"LineString","coordinates":[[1.26109,51.86655],[1.26109,51.86655]]}},{"type":"Feature","properties":{"name":null,"kind":"coastline"},"geometry":{"type":"LineString","coordinates":[[1.26184,51.86703],[1.26184,51.86703]]}},{"type":"Feature","properties":{"name":null,"kind":"coastline"},"geometry":{"type":"LineString","coordinates":[[1.26395,51.86609],[1.26395,51.86609]]}},{"type":"Feature","properties":{"name":null,"kind":"coastline"},"geometry":{"type":"LineString","coordinates":[[1.26228,51.8663],[1.26228,51.8663]]}},{"type":"Feature","properties":{"name":null,"kind":"coastline"},"geometry":{"type":"LineString","coordinates":[[1.25914,51.86832],[1.25914,51.86832]]}},{"type":"Feature","properties":{"name":null,"kind":"coastline"},"geometry":{"type":"LineString","coordinates":[[1.26524,51.86658],[1.26524,51.86658]]}},{"type":"Feature","properties":{"name":null,"kind":"coastline"},"geometry":{"type":"LineString","coordinates":[[1.26319,51.86584],[1.26319,51.86584]]}},{"type":"Feature","properties":{"name":null,"kind":"coastline"},"geometry":{"type":"LineString","coordinates":[[1.26345,51.86573],[1.26345,51.86573]]}},{"type":"Feature","properties":{"name":null,"kind":"coastline"},"geometry":{"type":"LineString","coordinates":[[1.26449,51.86438],[1.26649,51.86444],[1.26449,51.86438]]}},{"type":"Feature","properties":{"name":null,"kind":"coastline"},"geometry":{"type":"LineString","coordinates":[[1.25641,51.87299],[1.25641,51.87299]]}},{"type":"Feature","properties":{"name":null,"kind":"coastline"},"geometry":{"type":"LineString","coordinates":[[1.26361,51.86589],[1.26361,51.86589]]}},{"type":"Feature","properties":{"name":null,"kind":"coastline"},"geometry":{"type":"LineString","coordinates":[[1.25741,51.86881],[1.25741,51.86881]]}},{"type":"Feature","properties":{"name":null,"kind":"coastline"},"geometry":{"type":"LineString","coordinates":[[1.26247,51.86619],[1.26247,51.86619]]}},{"type":"Feature","properties":{"name":null,"kind":"coastline"},"geometry":{"type":"LineString","coordinates":[[1.26357,51.87201],[1.26357,51.87201]]}},{"type":"Feature","properties":{"name":null,"kind":"coastline"},"geometry":{"type":"LineString","coordinates":[[1.25368,51.86998],[1.25368,51.86998]]}},{"type":"Feature","properties":{"name":null,"kind":"coastline"},"geometry":{"type":"LineString","coordinates":[[1.26309,51.86806],[1.25939,51.86988],[1.26309,51.86806]]}},{"type":"Feature","properties":{"name":null,"kind":"coastline"},"geometry":{"type":"LineString","coordinates":[[1.26755,51.86656],[1.26755,51.86656]]}},{"type":"Feature","properties":{"name":null,"kind":"coastline"},"geometry":{"type":"LineString","coordinates":[[1.25947,51.86872],[1.25947,51.86872]]}},{"type":"Feature","properties":{"name":null,"kind":"coastline"},"geometry":{"type":"LineString","coordinates":[[1.25838,51.87259],[1.25838,51.87259]]}},{"type":"Feature","properties":{"name":null,"kind":"coastline"},"geometry":{"type":"LineString","coordinates":[[1.26262,51.86717],[1.26262,51.86717]]}},{"type":"Feature","properties":{"name":null,"kind":"coastline"},"geometry":{"type":"LineString","coordinates":[[1.25912,51.87243],[1.25912,51.87243]]}},{"type":"Feature","properties":{"name":null,"kind":"coastline"},"geometry":{"type":"LineString","coordinates":[[1.26762,51.86607],[1.26762,51.86607]]}},{"type":"Feature","properties":{"name":null,"kind":"coastline"},"geometry":{"type":"LineString","coordinates":[[1.25572,51.87242],[1.25572,51.87242]]}},{"type":"Feature","properties":{"name":null,"kind":"coastline"},"geometry":{"type":"LineString","coordinates":[[1.26289,51.86564],[1.26289,51.86564]]}},{"type":"Feature","properties":{"name":null,"kind":"coastline"},"geometry":{"type":"LineString","coordinates":[[1.26082,51.87006],[1.25915,51.87122],[1.26082,51.87006]]}},{"type":"Feature","properties":{"name":null,"kind":"coastline"},"geometry":{"type":"LineString","coordinates":[[1.26542,51.86984],[1.26542,51.86984]]}},{"type":"Feature","properties":{"name":null,"kind":"coastline"},"geometry":{"type":"LineString","coordinates":[[1.25894,51.86904],[1.25894,51.86904]]}},{"type":"Feature","properties":{"name":null,"kind":"coastline"},"geometry":{"type":"LineString","coordinates":[[1.26221,51.86706],[1.26221,51.86706]]}},{"type":"Feature","properties":{"name":null,"kind":"coastline"},"geometry":{"type":"LineString","coordinates":[[1.25981,51.87244],[1.25981,51.87244]]}},{"type":"Feature","properties":{"name":null,"kind":"coastline"},"geometry":{"type":"LineString","coordinates":[[1.2666,51.86549],[1.2666,51.86549]]}},{"type":"Feature","properties":{"name":null,"kind":"coastline"},"geometry":{"type":"LineString","coordinates":[[1.26335,51.8659],[1.26335,51.8659]]}},{"type":"Feature","properties":{"name":null,"kind":"coastline"},"geometry":{"type":"LineString","coordinates":[[1.26536,51.86844],[1.2633,51.86839],[1.26536,51.86844]]}},{"type":"Feature","properties":{"name":null,"kind":"coastline"},"geometry":{"type":"LineString","coordinates":[[1.26018,51.86809],[1.26018,51.86809]]}},{"type":"Feature","properties":{"name":null,"kind":"coastline"},"geometry":{"type":"LineString","coordinates":[[1.26234,51.8662],[1.26234,51.8662]]}},{"type":"Feature","properties":{"name":null,"kind":"coastline"},"geometry":{"type":"LineString","coordinates":[[1.25613,51.86894],[1.25613,51.86894]]}},{"type":"Feature","properties":{"name":null,"kind":"coastline"},"geometry":{"type":"LineString","coordinates":[[1.26336,51.86548],[1.26336,51.86548]]}},{"type":"Feature","properties":{"name":null,"kind":"coastline"},"geometry":{"type":"LineString","coordinates":[[1.26356,51.86575],[1.26356,51.86575]]}},{"type":"Feature","properties":{"name":null,"kind":"coastline"},"geometry":{"type":"LineString","coordinates":[[1.26344,51.86586],[1.26344,51.86586]]}},{"type":"Feature","properties":{"name":null,"kind":"coastline"},"geometry":{"type":"LineString","coordinates":[[1.26659,51.86625],[1.26659,51.86625]]}},{"type":"Feature","properties":{"name":null,"kind":"coastline"},"geometry":{"type":"LineString","coordinates":[[1.26604,51.86535],[1.26604,51.86535]]}},{"type":"Feature","properties":{"name":null,"kind":"coastline"},"geometry":{"type":"LineString","coordinates":[[1.26496,51.86449],[1.26496,51.86449]]}},{"type":"Feature","properties":{"name":null,"kind":"coastline"},"geometry":{"type":"LineString","coordinates":[[1.25981,51.86833],[1.25981,51.86833]]}},{"type":"Feature","properties":{"name":null,"kind":"coastline"},"geometry":{"type":"LineString","coordinates":[[1.262,51.86592],[1.262,51.86592]]}},{"type":"Feature","properties":{"name":null,"kind":"coastline"},"geometry":{"type":"LineString","coordinates":[[1.25892,51.87165],[1.25892,51.87165]]}},{"type":"Feature","properties":{"name":null,"kind":"coastline"},"geometry":{"type":"LineString","coordinates":[[1.26129,51.86637],[1.26129,51.86637]]}},{"type":"Feature","properties":{"name":null,"kind":"coastline"},"geometry":{"type":"LineString","coordinates":[[1.26764,51.86561],[1.26764,51.86561]]}},{"type":"Feature","properties":{"name":null,"kind":"coastline"},"geometry":{"type":"LineString","coordinates":[[1.25461,51.87251],[1.25461,51.87251]]}},{"type":"Feature","properties":{"name":null,"kind":"coastline"},"geometry":{"type":"LineString","coordinates":[[1.26034,51.86774],[1.26034,51.86774]]}},{"type":"Feature","properties":{"name":null,"kind":"coastline"},"geometry":{"type":"LineString","coordinates":[[1.26451,51.86663],[1.26451,51.86663]]}},{"type":"Feature","properties":{"name":null,"kind":"coastline"},"geometry":{"type":"LineString","coordinates":[[1.26377,51.86526],[1.26377,51.86526]]}},{"type":"Feature","properties":{"name":null,"kind":"coastline"},"geometry":{"type":"LineString","coordinates":[[1.25916,51.86874],[1.25916,51.86874]]}},{"type":"Feature","properties":{"name":null,"kind":"coastline"},"geometry":{"type":"LineString","coordinates":[[1.2664,51.8662],[1.2664,51.8662]]}},{"type":"Feature","properties":{"name":null,"kind":"coastline"},"geometry":{"type":"LineString","coordinates":[[1.26206,51.86728],[1.26206,51.86728]]}},{"type":"Feature","properties":{"name":null,"kind":"coastline"},"geometry":{"type":"LineString","coordinates":[[1.26346,51.86616],[1.26346,51.86616]]}},{"type":"Feature","properties":{"name":null,"kind":"coastline"},"geometry":{"type":"LineString","coordinates":[[1.26075,51.86763],[1.26075,51.86763]]}},{"type":"Feature","properties":{"name":null,"kind":"coastline"},"geometry":{"type":"LineString","coordinates":[[1.26682,51.86528],[1.26682,51.86528]]}},{"type":"Feature","properties":{"name":null,"kind":"coastline"},"geometry":{"type":"LineString","coordinates":[[1.26467,51.86665],[1.26467,51.86665]]}},{"type":"Feature","properties":{"name":null,"kind":"coastline"},"geometry":{"type":"LineString","coordinates":[[1.26295,51.86576],[1.26295,51.86576]]}},{"type":"Feature","properties":{"name":null,"kind":"coastline"},"geometry":{"type":"LineString","coordinates":[[1.25586,51.87276],[1.25586,51.87276]]}},{"type":"Feature","properties":{"name":null,"kind":"coastline"},"geometry":{"type":"LineString","coordinates":[[1.26196,51.87465],[1.26196,51.87465]]}},{"type":"Feature","properties":{"name":null,"kind":"coastline"},"geometry":{"type":"LineString","coordinates":[[1.25654,51.87436],[1.25654,51.87436]]}},{"type":"Feature","properties":{"name":null,"kind":"coastline"},"geometry":{"type":"LineString","coordinates":[[1.25704,51.87457],[1.25704,51.87457]]}},{"type":"Feature","properties":{"name":null,"kind":"coastline"},"geometry":{"type":"LineString","coordinates":[[1.26377,51.87335],[1.2619,51.88058],[1.26377,51.87335]]}},{"type":"Feature","properties":{"name":null,"kind":"coastline"},"geometry":{"type":"LineString","coordinates":[[1.2616,51.87831],[1.2616,51.87831]]}},{"type":"Feature","properties":{"name":null,"kind":"coastline"},"geometry":{"type":"LineString","coordinates":[[1.26171,51.87685],[1.26171,51.87685]]}},{"type":"Feature","properties":{"name":null,"kind":"coastline"},"geometry":{"type":"LineString","coordinates":[[1.262,51.87456],[1.262,51.87456]]}},{"type":"Feature","properties":{"name":null,"kind":"coastline"},"geometry":{"type":"LineString","coordinates":[[1.25853,51.87456],[1.25853,51.87456]]}},{"type":"Feature","properties":{"name":null,"kind":"coastline"},"geometry":{"type":"LineString","coordinates":[[1.26268,51.87873],[1.26268,51.87873]]}},{"type":"Feature","properties":{"name":null,"kind":"coastline"},"geometry":{"type":"LineString","coordinates":[[1.2631,51.8778],[1.2631,51.8778]]}},{"type":"Feature","properties":{"name":null,"kind":"coastline"},"geometry":{"type":"LineString","coordinates":[[1.25738,51.87475],[1.25738,51.87475]]}},{"type":"Feature","properties":{"name":null,"kind":"coastline"},"geometry":{"type":"LineString","coordinates":[[1.26,51.87785],[1.26,51.87785]]}},{"type":"Feature","properties":{"name":null,"kind":"coastline"},"geometry":{"type":"LineString","coordinates":[[1.26323,51.87704],[1.26323,51.87704]]}},{"type":"Feature","properties":{"name":null,"kind":"coastline"},"geometry":{"type":"LineString","coordinates":[[1.26307,51.87415],[1.26307,51.87415]]}},{"type":"Feature","properties":{"name":null,"kind":"coastline"},"geometry":{"type":"LineString","coordinates":[[1.26288,51.87836],[1.26288,51.87836]]}},{"type":"Feature","properties":{"name":null,"kind":"coastline"},"geometry":{"type":"LineString","coordinates":[[1.26106,51.87465],[1.26106,51.87465]]}},{"type":"Feature","properties":{"name":null,"kind":"coastline"},"geometry":{"type":"LineString","coordinates":[[1.26158,51.87379],[1.26158,51.87379]]}},{"type":"Feature","properties":{"name":null,"kind":"coastline"},"geometry":{"type":"LineString","coordinates":[[1.26105,51.87567],[1.26051,51.87354],[1.26105,51.87567]]}},{"type":"Feature","properties":{"name":null,"kind":"coastline"},"geometry":{"type":"LineString","coordinates":[[1.26201,51.87428],[1.26201,51.87428]]}},{"type":"Feature","properties":{"name":null,"kind":"coastline"},"geometry":{"type":"LineString","coordinates":[[1.2569,51.8746],[1.2569,51.8746]]}},{"type":"Feature","properties":{"name":null,"kind":"coastline"},"geometry":{"type":"LineString","coordinates":[[1.2629,51.87484],[1.2629,51.87484]]}},{"type":"Feature","properties":{"name":null,"kind":"coastline"},"geometry":{"type":"LineString","coordinates":[[1.26213,51.87861],[1.26213,51.87861]]}},{"type":"Feature","properties":{"name":null,"kind":"coastline"},"geometry":{"type":"LineString","coordinates":[[1.26206,51.87406],[1.26206,51.87406]]}},{"type":"Feature","properties":{"name":null,"kind":"coastline"},"geometry":{"type":"LineString","coordinates":[[1.26212,51.87829],[1.26212,51.87829]]}},{"type":"Feature","properties":{"name":null,"kind":"coastline"},"geometry":{"type":"LineString","coordinates":[[1.26275,51.87406],[1.26275,51.87406]]}},{"type":"Feature","properties":{"name":null,"kind":"coastline"},"geometry":{"type":"LineString","coordinates":[[1.26306,51.87781],[1.26306,51.87781]]}},{"type":"Feature","properties":{"name":null,"kind":"coastline"},"geometry":{"type":"LineString","coordinates":[[1.25518,51.87473],[1.25518,51.87473]]}},{"type":"Feature","properties":{"name":null,"kind":"coastline"},"geometry":{"type":"LineString","coordinates":[[1.25483,51.8755],[1.25483,51.8755]]}},{"type":"Feature","properties":{"name":null,"kind":"coastline"},"geometry":{"type":"LineString","coordinates":[[1.2551,51.87469],[1.2551,51.87469]]}},{"type":"Feature","properties":{"name":null,"kind":"coastline"},"geometry":{"type":"LineString","coordinates":[[1.26357,51.87288],[1.26357,51.87288]]}},{"type":"Feature","properties":{"name":null,"kind":"coastline"},"geometry":{"type":"LineString","coordinates":[[1.26317,51.87739],[1.26317,51.87739]]}},{"type":"Feature","properties":{"name":null,"kind":"coastline"},"geometry":{"type":"LineString","coordinates":[[1.26253,51.87341],[1.26253,51.87341]]}},{"type":"Feature","properties":{"name":null,"kind":"coastline"},"geometry":{"type":"LineString","coordinates":[[1.26319,51.8772],[1.26319,51.8772]]}},{"type":"Feature","properties":{"name":null,"kind":"coastline"},"geometry":{"type":"LineString","coordinates":[[1.25759,51.87422],[1.25759,51.87422]]}},{"type":"Feature","properties":{"name":null,"kind":"coastline"},"geometry":{"type":"LineString","coordinates":[[1.25951,51.87512],[1.25951,51.87512]]}},{"type":"Feature","properties":{"name":null,"kind":"coastline"},"geometry":{"type":"LineString","coordinates":[[1.26271,51.8779],[1.26271,51.8779]]}},{"type":"Feature","properties":{"name":null,"kind":"coastline"},"geometry":{"type":"LineString","coordinates":[[1.26304,51.87423],[1.26304,51.87423]]}},{"type":"Feature","properties":{"name":null,"kind":"coastline"},"geometry":{"type":"LineString","coordinates":[[1.26158,51.87896],[1.26158,51.87896]]}},{"type":"Feature","properties":{"name":null,"kind":"coastline"},"geometry":{"type":"LineString","coordinates":[[1.26233,51.87564],[1.26233,51.87564]]}},{"type":"Feature","properties":{"name":null,"kind":"coastline"},"geometry":{"type":"LineString","coordinates":[[1.26166,51.87568],[1.26166,51.87568]]}},{"type":"Feature","properties":{"name":null,"kind":"coastline"},"geometry":{"type":"LineString","coordinates":[[1.26222,51.87435],[1.26222,51.87435]]}},{"type":"Feature","properties":{"name":null,"kind":"coastline"},"geometry":{"type":"LineString","coordinates":[[1.26163,51.87659],[1.26163,51.87659]]}},{"type":"Feature","properties":{"name":null,"kind":"coastline"},"geometry":{"type":"LineString","coordinates":[[1.26263,51.87503],[1.26263,51.87503]]}},{"type":"Feature","properties":{"name":null,"kind":"coastline"},"geometry":{"type":"LineString","coordinates":[[1.2593,51.87449],[1.2593,51.87449]]}},{"type":"Feature","properties":{"name":null,"kind":"coastline"},"geometry":{"type":"LineString","coordinates":[[1.26292,51.87756],[1.26292,51.87756]]}},{"type":"Feature","properties":{"name":null,"kind":"coastline"},"geometry":{"type":"LineString","coordinates":[[1.25684,51.87475],[1.25884,51.87479],[1.25485,51.87542],[1.25684,51.87475]]}},{"type":"Feature","properties":{"name":null,"kind":"coastline"},"geometry":{"type":"LineString","coordinates":[[1.26255,51.87791],[1.26255,51.87791]]}},{"type":"Feature","properties":{"name":null,"kind":"coastline"},"geometry":{"type":"LineString","coordinates":[[1.26316,51.87676],[1.26316,51.87676]]}},{"type":"Feature","properties":{"name":null,"kind":"coastline"},"geometry":{"type":"LineString","coordinates":[[1.25911,51.87454],[1.25911,51.87454]]}},{"type":"Feature","properties":{"name":"Sandcreek Salts","kind":"coastline"},"geometry":{"type":"LineString","coordinates":[[1.25943,51.87545],[1.26144,51.87542],[1.25943,51.87545]]}},{"type":"Feature","properties":{"name":null,"kind":"coastline"},"geometry":{"type":"LineString","coordinates":[[1.25492,51.87476],[1.25492,51.87476]]}},{"type":"Feature","properties":{"name":null,"kind":"coastline"},"geometry":{"type":"LineString","coordinates":[[1.19072,51.86983],[1.19072,51.86983]]}},{"type":"Feature","properties":{"name":null,"kind":"coastline"},"geometry":{"type":"LineString","coordinates":[[1.19474,51.87418],[1.19474,51.87418]]}},{"type":"Feature","properties":{"name":null,"kind":"coastline"},"geometry":{"type":"LineString","coordinates":[[1.1875,51.87141],[1.1875,51.87141]]}},{"type":"Feature","properties":{"name":null,"kind":"coastline"},"geometry":{"type":"LineString","coordinates":[[1.17843,51.87124],[1.19272,51.87188],[1.19462,51.87472]]}},{"type":"Feature","properties":{"name":null,"kind":"coastline"},"geometry":{"type":"LineString","coordinates":[[1.19434,51.87079],[1.17843,51.87124]]}},{"type":"Feature","properties":{"name":null,"kind":"coastline"},"geometry":{"type":"LineString","coordinates":[[1.18675,51.87137],[1.18675,51.87137]]}},{"type":"Feature","properties":{"name":null,"kind":"coastline"},"geometry":{"type":"LineString","coordinates":[[1.19433,51.87113],[1.19433,51.87113]]}},{"type":"Feature","properties":{"name":null,"kind":"coastline"},"geometry":{"type":"LineString","coordinates":[[1.18859,51.87058],[1.18859,51.87058]]}},{"type":"Feature","properties":{"name":null,"kind":"coastline"},"geometry":{"type":"LineString","coordinates":[[1.18664,51.87187],[1.18457,51.87216],[1.18664,51.87187]]}},{"type":"Feature","properties":{"name":null,"kind":"coastline"},"geometry":{"type":"LineString","coordinates":[[1.18776,51.8701],[1.18776,51.8701]]}},{"type":"Feature","properties":{"name":null,"kind":"coastline"},"geometry":{"type":"LineString","coordinates":[[1.19257,51.87038],[1.19257,51.87038]]}},{"type":"Feature","properties":{"name":null,"kind":"coastline"},"geometry":{"type":"LineString","coordinates":[[1.18659,51.87165],[1.18659,51.87165]]}},{"type":"Feature","properties":{"name":null,"kind":"coastline"},"geometry":{"type":"LineString","coordinates":[[1.18845,51.87051],[1.18845,51.87051]]}},{"type":"Feature","properties":{"name":null,"kind":"coastline"},"geometry":{"type":"LineString","coordinates":[[1.18613,51.87153],[1.18613,51.87153]]}},{"type":"Feature","properties":{"name":null,"kind":"coastline"},"geometry":{"type":"LineString","coordinates":[[1.18869,51.87157],[1.18869,51.87157]]}},{"type":"Feature","properties":{"name":null,"kind":"coastline"},"geometry":{"type":"LineString","coordinates":[[1.18315,51.87153],[1.18315,51.87153]]}},{"type":"Feature","properties":{"name":null,"kind":"coastline"},"geometry":{"type":"LineString","coordinates":[[1.19049,51.87185],[1.19049,51.87185]]}},{"type":"Feature","properties":{"name":null,"kind":"coastline"},"geometry":{"type":"LineString","coordinates":[[1.18931,51.87106],[1.18931,51.87106]]}},{"type":"Feature","properties":{"name":null,"kind":"coastline"},"geometry":{"type":"LineString","coordinates":[[1.18759,51.87066],[1.18759,51.87066]]}},{"type":"Feature","properties":{"name":null,"kind":"coastline"},"geometry":{"type":"LineString","coordinates":[[1.1875,51.87155],[1.1875,51.87155]]}},{"type":"Feature","properties":{"name":null,"kind":"coastline"},"geometry":{"type":"LineString","coordinates":[[1.17938,51.87116],[1.18146,51.87136],[1.17938,51.87116]]}},{"type":"Feature","properties":{"name":null,"kind":"coastline"},"geometry":{"type":"LineString","coordinates":[[1.18792,51.87079],[1.18792,51.87079]]}},{"type":"Feature","properties":{"name":null,"kind":"coastline"},"geometry":{"type":"LineString","coordinates":[[1.18296,51.87194],[1.18296,51.87194]]}},{"type":"Feature","properties":{"name":null,"kind":"coastline"},"geometry":{"type":"LineString","coordinates":[[1.27123,51.84649],[1.27157,51.84685]]}},{"type":"Feature","properties":{"name":null,"kind":"coastline"},"geometry":{"type":"LineString","coordinates":[[1.25401,51.83355],[1.27118,51.84566]]}},{"type":"Feature","properties":{"name":null,"kind":"coastline"},"geometry":{"type":"LineString","coordinates":[[1.18871,51.79869],[1.2189,51.80966]]}},{"type":"Feature","properties":{"name":null,"kind":"coastline"},"geometry":{"type":"LineString","coordinates":[[1.27157,51.84685],[1.27562,51.84954]]}},{"type":"Feature","properties":{"name":null,"kind":"coastline"},"geometry":{"type":"LineString","coordinates":[[1.2189,51.80966],[1.25401,51.83355]]}},{"type":"Feature","properties":{"name":null,"kind":"coastline"},"geometry":{"type":"LineString","coordinates":[[1.27118,51.84566],[1.27163,51.84555]]}},{"type":"Feature","properties":{"name":null,"kind":"coastline"},"geometry":{"type":"LineString","coordinates":[[1.27163,51.84555],[1.27123,51.84649]]}},{"type":"Feature","properties":{"name":null,"kind":"coastline"},"geometry":{"type":"LineString","coordinates":[[1.27562,51.84954],[1.27564,51.84956]]}},{"type":"Feature","properties":{"name":null,"kind":"coastline"},"geometry":{"type":"LineString","coordinates":[[1.04251,51.77394],[1.04251,51.774]]}},{"type":"Feature","properties":{"name":null,"kind":"coastline"},"geometry":{"type":"LineString","coordinates":[[1.05134,51.80944],[1.05134,51.80944]]}},{"type":"Feature","properties":{"name":null,"kind":"coastline"},"geometry":{"type":"LineString","coordinates":[[1.04315,51.78356],[1.04317,51.78382]]}},{"type":"Feature","properties":{"name":null,"kind":"coastline"},"geometry":{"type":"LineString","coordinates":[[1.04437,51.80168],[1.03083,51.80041]]}},{"type":"Feature","properties":{"name":null,"kind":"coastline"},"geometry":{"type":"LineString","coordinates":[[1.0427,51.77681],[1.04268,51.7765]]}},{"type":"Feature","properties":{"name":null,"kind":"coastline"},"geometry":{"type":"LineString","coordinates":[[1.05909,51.81142],[1.06259,51.81598],[1.06262,51.81388]]}},{"type":"Feature","properties":{"name":null,"kind":"coastline"},"geometry":{"type":"LineString","coordinates":[[1.04225,51.77007],[1.0573,51.76976]]}},{"type":"Feature","properties":{"name":null,"kind":"coastline"},"geometry":{"type":"LineString","coordinates":[[1.04641,51.80782],[1.04641,51.80782]]}},{"type":"Feature","properties":{"name":null,"kind":"coastline"},"geometry":{"type":"LineString","coordinates":[[1.03898,51.78146],[1.03642,51.78377]]}},{"type":"Feature","properties":{"name":null,"kind":"coastline"},"geometry":{"type":"LineString","coordinates":[[1.05777,51.81909],[1.06184,51.81882],[1.06005,51.82442]]}},{"type":"Feature","properties":{"name":null,"kind":"coastline"},"geometry":{"type":"LineString","coordinates":[[1.04238,51.77208],[1.03971,51.77429]]}},{"type":"Feature","properties":{"name":null,"kind":"coastline"},"geometry":{"type":"LineString","coordinates":[[1.01958,51.79994],[1.04341,51.78736]]}},{"type":"Feature","properties":{"name":null,"kind":"coastline"},"geometry":{"type":"LineString","coordinates":[[1.02095,51.83478],[1.02091,51.83469]]}},{"type":"Feature","properties":{"name":null,"kind":"coastline"},"geometry":{"type":"LineString","coordinates":[[1.04557,51.81938],[1.04562,51.82018]]}},{"type":"Feature","properties":{"name":null,"kind":"coastline"},"geometry":{"type":"LineString","coordinates":[[1.06339,51.79747],[1.0586,51.79823]]}},{"type":"Feature","properties":{"name":null,"kind":"coastline"},"geometry":{"type":"LineString","coordinates":[[1.0442,51.77961],[1.0442,51.77961]]}},{"type":"Feature","properties":{"name":null,"kind":"coastline"},"geometry":{"type":"LineString","coordinates":[[1.05337,51.80954],[1.05337,51.80954]]}},{"type":"Feature","properties":{"name":null,"kind":"coastline"},"geometry":{"type":"LineString","coordinates":[[1.03984,51.77811],[1.03984,51.77811]]}},{"type":"Feature","properties":{"name":null,"kind":"coastline"},"geometry":{"type":"LineString","coordinates":[[1.01389,51.8052],[1.02073,51.80639]]}},{"type":"Feature","properties":{"name":null,"kind":"coastline"},"geometry":{"type":"LineString","coordinates":[[1.044,51.78452],[1.044,51.78452]]}},{"type":"Feature","properties":{"name":null,"kind":"coastline"},"geometry":{"type":"LineString","coordinates":[[1.04331,51.78582],[1.04323,51.78475]]}},{"type":"Feature","properties":{"name":null,"kind":"coastline"},"geometry":{"type":"LineString","coordinates":[[1.05279,51.81013],[1.05077,51.81063],[1.05279,51.81013]]}},{"type":"Feature","properties":{"name":null,"kind":"coastline"},"geometry":{"type":"LineString","coordinates":[[1.0432,51.78427],[1.04317,51.78385]]}},{"type":"Feature","properties":{"name":null,"kind":"coastline"},"geometry":{"type":"LineString","coordinates":[[1.04317,51.78385],[1.04315,51.78353]]}},{"type":"Feature","properties":{"name":null,"kind":"coastline"},"geometry":{"type":"LineString","coordinates":[[1.04228,51.77051],[1.04225,51.77007]]}},{"type":"Feature","properties":{"name":null,"kind":"coastline"},"geometry":{"type":"LineString","coordinates":[[1.03083,51.80041],[1.02102,51.80287],[1.01958,51.79994]]}},{"type":"Feature","properties":{"name":null,"kind":"coastline"},"geometry":{"type":"LineString","coordinates":[[0.98436,51.8407],[0.9862,51.83941]]}},{"type":"Feature","properties":{"name":null,"kind":"coastline"},"geometry":{"type":"LineString","coordinates":[[1.06262,51.81388],[1.06267,51.81648]]}},{"type":"Feature","properties":{"name":null,"kind":"coastline"},"geometry":{"type":"LineString","coordinates":[[1.04473,51.80698],[1.04478,51.8077]]}},{"type":"Feature","properties":{"name":null,"kind":"coastline"},"geometry":{"type":"LineString","coordinates":[[1.04413,51.77485],[1.04413,51.77485]]}},{"type":"Feature","properties":{"name":null,"kind":"coastline"},"geometry":{"type":"LineString","coordinates":[[1.03642,51.78377],[1.03596,51.78009],[1.0399,51.77995],[1.03693,51.7786]]}},{"type":"Feature","properties":{"name":null,"kind":"coastline"},"geometry":{"type":"LineString","coordinates":[[1.06005,51.82442],[1.06662,51.82117],[1.06076,51.80975]]}},{"type":"Feature","properties":{"name":null,"kind":"coastline"},"geometry":{"type":"LineString","coordinates":[[1.04764,51.80986],[1.04764,51.80986]]}},{"type":"Feature","properties":{"name":null,"kind":"coastline"},"geometry":{"type":"LineString","coordinates":[[1.04341,51.78731],[1.03907,51.78439]]}},{"type":"Feature","properties":{"name":null,"kind":"coastline"},"geometry":{"type":"LineString","coordinates":[[1.04507,51.7853],[1.04507,51.7853]]}},{"type":"Feature","properties":{"name":null,"kind":"coastline"},"geometry":{"type":"LineString","coordinates":[[1.04271,51.77695],[1.0427,51.77681]]}},{"type":"Feature","properties":{"name":null,"kind":"coastline"},"geometry":{"type":"LineString","coordinates":[[1.02091,51.83469],[1.00939,51.83193],[0.99884,51.8355]]}},{"type":"Feature","properties":{"name":null,"kind":"coastline"},"geometry":{"type":"LineString","coordinates":[[1.04341,51.78736],[1.04665,51.78478],[1.04341,51.78731]]}},{"type":"Feature","properties":{"name":null,"kind":"coastline"},"geometry":{"type":"LineString","coordinates":[[1.04228,51.77063],[1.04626,51.77034],[1.04238,51.77208]]}},{"type":"Feature","properties":{"name":null,"kind":"coastline"},"geometry":{"type":"LineString","coordinates":[[1.0586,51.79823],[1.06127,51.79731],[1.05116,51.79892],[1.04855,51.80267],[1.04437,51.80168]]}},{"type":"Feature","properties":{"name":null,"kind":"coastline"},"geometry":{"type":"LineString","coordinates":[[1.04244,51.77295],[1.04244,51.77292]]}},{"type":"Feature","properties":{"name":null,"kind":"coastline"},"geometry":{"type":"LineString","coordinates":[[1.02384,51.80514],[1.0449,51.80952]]}},{"type":"Feature","properties":{"name":null,"kind":"coastline"},"geometry":{"type":"LineString","coordinates":[[1.04323,51.78475],[1.04323,51.78471]]}},{"type":"Feature","properties":{"name":null,"kind":"coastline"},"geometry":{"type":"LineString","coordinates":[[1.04323,51.78471],[1.04323,51.78462]]}},{"type":"Feature","properties":{"name":null,"kind":"coastline"},"geometry":{"type":"LineString","coordinates":[[1.03693,51.7786],[1.04273,51.77731]]}},{"type":"Feature","properties":{"name":null,"kind":"coastline"},"geometry":{"type":"LineString","coordinates":[[1.05622,51.77038],[1.05622,51.77038]]}},{"type":"Feature","properties":{"name":null,"kind":"coastline"},"geometry":{"type":"LineString","coordinates":[[1.04331,51.78584],[1.04331,51.78582]]}},{"type":"Feature","properties":{"name":null,"kind":"coastline"},"geometry":{"type":"LineString","coordinates":[[1.0449,51.80952],[1.05168,51.81073]]}},{"type":"Feature","properties":{"name":null,"kind":"coastline"},"geometry":{"type":"LineString","coordinates":[[1.04554,51.78263],[1.0476,51.77762],[1.04432,51.77516],[1.04525,51.77215],[1.04251,51.77394]]}},{"type":"Feature","properties":{"name":null,"kind":"coastline"},"geometry":{"type":"LineString","coordinates":[[1.04315,51.78353],[1.04307,51.78236]]}},{"type":"Feature","properties":{"name":null,"kind":"coastline"},"geometry":{"type":"LineString","coordinates":[[1.04307,51.78236],[1.04307,51.78233]]}},{"type":"Feature","properties":{"name":null,"kind":"coastline"},"geometry":{"type":"LineString","coordinates":[[1.04273,51.77727],[1.04271,51.77695]]}},{"type":"Feature","properties":{"name":null,"kind":"coastline"},"geometry":{"type":"LineString","coordinates":[[0.9862,51.83941],[1.00704,51.83459]]}},{"type":"Feature","properties":{"name":null,"kind":"coastline"},"geometry":{"type":"LineString","coordinates":[[1.06267,51.81648],[1.04853,51.82287],[1.04557,51.81938]]}},{"type":"Feature","properties":{"name":null,"kind":"coastline"},"geometry":{"type":"LineString","coordinates":[[1.05894,51.7711],[1.07732,51.7723],[1.04228,51.77051]]}},{"type":"Feature","properties":{"name":null,"kind":"coastline"},"geometry":{"type":"LineString","coordinates":[[1.04446,51.80293],[1.04515,51.80214]]}},{"type":"Feature","properties":{"name":null,"kind":"coastline"},"geometry":{"type":"LineString","coordinates":[[1.04478,51.80774],[1.0449,51.80949]]}},{"type":"Feature","properties":{"name":null,"kind":"coastline"},"geometry":{"type":"LineString","coordinates":[[1.06076,51.80975],[1.04449,51.80334]]}},{"type":"Feature","properties":{"name":null,"kind":"coastline"},"geometry":{"type":"LineString","coordinates":[[1.04765,51.80807],[1.04765,51.80807]]}},{"type":"Feature","properties":{"name":null,"kind":"coastline"},"geometry":{"type":"LineString","coordinates":[[1.04244,51.77292],[1.04241,51.77248]]}},{"type":"Feature","properties":{"name":null,"kind":"coastline"},"geometry":{"type":"LineString","coordinates":[[1.04487,51.78497],[1.04487,51.78497]]}},{"type":"Feature","properties":{"name":null,"kind":"coastline"},"geometry":{"type":"LineString","coordinates":[[0.99884,51.8355],[0.98855,51.83706],[0.98439,51.82937],[0.98743,51.82341]]}},{"type":"Feature","properties":{"name":null,"kind":"coastline"},"geometry":{"type":"LineString","coordinates":[[1.04268,51.7765],[1.04627,51.7798]]}},{"type":"Feature","properties":{"name":null,"kind":"coastline"},"geometry":{"type":"LineString","coordinates":[[1.04478,51.8077],[1.04473,51.80698]]}},{"type":"Feature","properties":{"name":null,"kind":"coastline"},"geometry":{"type":"LineString","coordinates":[[1.05179,51.80911],[1.05179,51.80911]]}},{"type":"Feature","properties":{"name":null,"kind":"coastline"},"geometry":{"type":"LineString","coordinates":[[1.04321,51.78443],[1.04322,51.78457]]}},{"type":"Feature","properties":{"name":null,"kind":"coastline"},"geometry":{"type":"LineString","coordinates":[[1.03334,51.7999],[1.03334,51.7999]]}},{"type":"Feature","properties":{"name":null,"kind":"coastline"},"geometry":{"type":"LineString","coordinates":[[1.04332,51.78603],[1.04332,51.78601]]}},{"type":"Feature","properties":{"name":null,"kind":"coastline"},"geometry":{"type":"LineString","coordinates":[[1.05458,51.81031],[1.05458,51.81031]]}},{"type":"Feature","properties":{"name":null,"kind":"coastline"},"geometry":{"type":"LineString","coordinates":[[1.04307,51.78233],[1.0411,51.78272],[1.04306,51.78213]]}},{"type":"Feature","properties":{"name":null,"kind":"coastline"},"geometry":{"type":"LineString","coordinates":[[1.04306,51.78213],[1.04306,51.7821]]}},{"type":"Feature","properties":{"name":null,"kind":"coastline"},"geometry":{"type":"LineString","coordinates":[[1.03316,51.78631],[1.03256,51.7844],[1.03015,51.78973],[1.03306,51.77804],[1.04228,51.77063]]}},{"type":"Feature","properties":{"name":null,"kind":"coastline"},"geometry":{"type":"LineString","coordinates":[[1.00704,51.83459],[1.00708,51.83459]]}},{"type":"Feature","properties":{"name":null,"kind":"coastline"},"geometry":{"type":"LineString","coordinates":[[1.04515,51.80214],[1.04922,51.803],[1.05688,51.79825]]}},{"type":"Feature","properties":{"name":null,"kind":"coastline"},"geometry":{"type":"LineString","coordinates":[[1.04627,51.7798],[1.04317,51.78109],[1.04554,51.78263]]}},{"type":"Feature","properties":{"name":null,"kind":"coastline"},"geometry":{"type":"LineString","coordinates":[[1.04896,51.80855],[1.04896,51.80855]]}},{"type":"Feature","properties":{"name":null,"kind":"coastline"},"geometry":{"type":"LineString","coordinates":[[1.04468,51.78488],[1.04468,51.78488]]}},{"type":"Feature","properties":{"name":null,"kind":"coastline"},"geometry":{"type":"LineString","coordinates":[[1.0427,51.77685],[1.0427,51.77685]]}},{"type":"Feature","properties":{"name":null,"kind":"coastline"},"geometry":{"type":"LineString","coordinates":[[0.98743,51.82341],[0.99457,51.81675]]}},{"type":"Feature","properties":{"name":null,"kind":"coastline"},"geometry":{"type":"LineString","coordinates":[[1.03907,51.78439],[1.04332,51.78603]]}},{"type":"Feature","properties":{"name":null,"kind":"coastline"},"geometry":{"type":"LineString","coordinates":[[1.0449,51.80949],[1.04099,51.80855],[1.04478,51.80774]]}},{"type":"Feature","properties":{"name":null,"kind":"coastline"},"geometry":{"type":"LineString","coordinates":[[1.05202,51.80988],[1.05202,51.80988]]}},{"type":"Feature","properties":{"name":null,"kind":"coastline"},"geometry":{"type":"LineString","coordinates":[[1.04251,51.774],[1.04266,51.77621]]}},{"type":"Feature","properties":{"name":null,"kind":"coastline"},"geometry":{"type":"LineString","coordinates":[[1.04323,51.78462],[1.04553,51.78354],[1.0432,51.78427]]}},{"type":"Feature","properties":{"name":null,"kind":"coastline"},"geometry":{"type":"LineString","coordinates":[[1.05168,51.81073],[1.05909,51.81142]]}},{"type":"Feature","properties":{"name":null,"kind":"coastline"},"geometry":{"type":"LineString","coordinates":[[1.04292,51.77423],[1.04292,51.77423]]}},{"type":"Feature","properties":{"name":null,"kind":"coastline"},"geometry":{"type":"LineString","coordinates":[[1.04306,51.7821],[1.03898,51.78146]]}},{"type":"Feature","properties":{"name":null,"kind":"coastline"},"geometry":{"type":"LineString","coordinates":[[1.04562,51.82018],[1.04825,51.82317],[1.05777,51.81909]]}},{"type":"Feature","properties":{"name":null,"kind":"coastline"},"geometry":{"type":"LineString","coordinates":[[1.04273,51.77731],[1.04273,51.77727]]}},{"type":"Feature","properties":{"name":null,"kind":"coastline"},"geometry":{"type":"LineString","coordinates":[[1.00708,51.83459],[1.01052,51.83239],[1.02095,51.83478]]}},{"type":"Feature","properties":{"name":null,"kind":"coastline"},"geometry":{"type":"LineString","coordinates":[[1.04449,51.80334],[1.04446,51.80293]]}},{"type":"Feature","properties":{"name":null,"kind":"coastline"},"geometry":{"type":"LineString","coordinates":[[1.04241,51.77248],[1.05894,51.7711]]}},{"type":"Feature","properties":{"name":null,"kind":"coastline"},"geometry":{"type":"LineString","coordinates":[[1.05688,51.79825],[1.06653,51.79727]]}},{"type":"Feature","properties":{"name":null,"kind":"coastline"},"geometry":{"type":"LineString","coordinates":[[1.04266,51.77621],[1.04244,51.77295]]}},{"type":"Feature","properties":{"name":null,"kind":"coastline"},"geometry":{"type":"LineString","coordinates":[[0.99457,51.81675],[1.01389,51.8052]]}},{"type":"Feature","properties":{"name":null,"kind":"coastline"},"geometry":{"type":"LineString","coordinates":[[1.04332,51.78601],[1.04331,51.78584]]}},{"type":"Feature","properties":{"name":null,"kind":"coastline"},"geometry":{"type":"LineString","coordinates":[[0.98643,51.83895],[0.98643,51.83895]]}},{"type":"Feature","properties":{"name":null,"kind":"coastline"},"geometry":{"type":"LineString","coordinates":[[0.98585,51.83588],[0.98585,51.83588]]}},{"type":"Feature","properties":{"name":null,"kind":"coastline"},"geometry":{"type":"LineString","coordinates":[[0.99466,51.81584],[0.99466,51.81584]]}},{"type":"Feature","properties":{"name":null,"kind":"coastline"},"geometry":{"type":"LineString","coordinates":[[0.9965,51.81585],[0.9965,51.81585]]}},{"type":"Feature","properties":{"name":null,"kind":"coastline"},"geometry":{"type":"LineString","coordinates":[[0.99858,51.81304],[0.99719,51.81449],[0.99858,51.81304]]}},{"type":"Feature","properties":{"name":null,"kind":"coastline"},"geometry":{"type":"LineString","coordinates":[[0.9848,51.83596],[0.9848,51.83596]]}},{"type":"Feature","properties":{"name":null,"kind":"coastline"},"geometry":{"type":"LineString","coordinates":[[0.99467,51.81726],[0.99467,51.81726]]}},{"type":"Feature","properties":{"name":null,"kind":"coastline"},"geometry":{"type":"LineString","coordinates":[[0.98612,51.83463],[0.98612,51.83463]]}},{"type":"Feature","properties":{"name":null,"kind":"coastline"},"geometry":{"type":"LineString","coordinates":[[0.98793,51.83601],[0.98793,51.83601]]}},{"type":"Feature","properties":{"name":null,"kind":"coastline"},"geometry":{"type":"LineString","coordinates":[[0.98377,51.82994],[0.98377,51.82994]]}},{"type":"Feature","properties":{"name":null,"kind":"coastline"},"geometry":{"type":"LineString","coordinates":[[0.99291,51.81862],[0.99291,51.81862]]}},{"type":"Feature","properties":{"name":null,"kind":"coastline"},"geometry":{"type":"LineString","coordinates":[[0.98635,51.83676],[0.98635,51.83676]]}},{"type":"Feature","properties":{"name":null,"kind":"coastline"},"geometry":{"type":"LineString","coordinates":[[0.98523,51.83272],[0.98523,51.83272]]}},{"type":"Feature","properties":{"name":null,"kind":"coastline"},"geometry":{"type":"LineString","coordinates":[[0.98798,51.83539],[0.98798,51.83539]]}},{"type":"Feature","properties":{"name":null,"kind":"coastline"},"geometry":{"type":"LineString","coordinates":[[0.99377,51.81757],[0.99377,51.81757]]}},{"type":"Feature","properties":{"name":null,"kind":"coastline"},"geometry":{"type":"LineString","coordinates":[[0.98575,51.83412],[0.98575,51.83412]]}},{"type":"Feature","properties":{"name":null,"kind":"coastline"},"geometry":{"type":"LineString","coordinates":[[0.99453,51.81573],[0.99453,51.81573]]}},{"type":"Feature","properties":{"name":null,"kind":"coastline"},"geometry":{"type":"LineString","coordinates":[[0.98819,51.83873],[0.98819,51.83873]]}},{"type":"Feature","properties":{"name":null,"kind":"coastline"},"geometry":{"type":"LineString","coordinates":[[0.98811,51.83582],[0.98811,51.83582]]}},{"type":"Feature","properties":{"name":null,"kind":"coastline"},"geometry":{"type":"LineString","coordinates":[[0.98464,51.83232],[0.98464,51.83232]]}},{"type":"Feature","properties":{"name":null,"kind":"coastline"},"geometry":{"type":"LineString","coordinates":[[0.98375,51.82831],[0.98375,51.82831]]}},{"type":"Feature","properties":{"name":null,"kind":"coastline"},"geometry":{"type":"LineString","coordinates":[[0.98777,51.83629],[0.98777,51.83629]]}},{"type":"Feature","properties":{"name":null,"kind":"coastline"},"geometry":{"type":"LineString","coordinates":[[0.98604,51.83643],[0.98604,51.83643]]}},{"type":"Feature","properties":{"name":null,"kind":"coastline"},"geometry":{"type":"LineString","coordinates":[[1.03498,51.78368],[1.03498,51.78368]]}},{"type":"Feature","properties":{"name":null,"kind":"coastline"},"geometry":{"type":"LineString","coordinates":[[0.98533,51.82618],[0.98533,51.82618]]}},{"type":"Feature","properties":{"name":null,"kind":"coastline"},"geometry":{"type":"LineString","coordinates":[[0.98451,51.83144],[0.98451,51.83144]]}},{"type":"Feature","properties":{"name":null,"kind":"coastline"},"geometry":{"type":"LineString","coordinates":[[0.98785,51.8357],[0.98785,51.8357]]}},{"type":"Feature","properties":{"name":null,"kind":"coastline"},"geometry":{"type":"LineString","coordinates":[[0.98494,51.83429],[0.98494,51.83429]]}},{"type":"Feature","properties":{"name":null,"kind":"coastline"},"geometry":{"type":"LineString","coordinates":[[0.98661,51.83599],[0.98661,51.83599]]}},{"type":"Feature","properties":{"name":null,"kind":"coastline"},"geometry":{"type":"LineString","coordinates":[[0.98634,51.83579],[0.98634,51.83579]]}},{"type":"Feature","properties":{"name":null,"kind":"coastline"},"geometry":{"type":"LineString","coordinates":[[0.98591,51.83881],[0.98591,51.83881]]}},{"type":"Feature","properties":{"name":null,"kind":"coastline"},"geometry":{"type":"LineString","coordinates":[[0.99532,51.81677],[0.99532,51.81677]]}},{"type":"Feature","properties":{"name":null,"kind":"coastline"},"geometry":{"type":"LineString","coordinates":[[0.98856,51.83715],[0.98856,51.83715]]}},{"type":"Feature","properties":{"name":null,"kind":"coastline"},"geometry":{"type":"LineString","coordinates":[[0.98347,51.83335],[0.98547,51.83312],[0.98347,51.83335]]}},{"type":"Feature","properties":{"name":null,"kind":"coastline"},"geometry":{"type":"LineString","coordinates":[[0.98788,51.83574],[0.98788,51.83574]]}},{"type":"Feature","properties":{"name":null,"kind":"coastline"},"geometry":{"type":"LineString","coordinates":[[1.03971,51.77429],[1.03607,51.77845]]}},{"type":"Feature","properties":{"name":"Cindery Island","kind":"coastline"},"geometry":{"type":"LineString","coordinates":[[1.04753,51.80667],[1.04174,51.80472],[1.04977,51.80659],[1.04753,51.80667]]}},{"type":"Feature","properties":{"name":null,"kind":"coastline"},"geometry":{"type":"LineString","coordinates":[[0.98431,51.83189],[0.98431,51.83189]]}},{"type":"Feature","properties":{"name":null,"kind":"coastline"},"geometry":{"type":"LineString","coordinates":[[0.99482,51.81584],[0.99482,51.81584]]}},{"type":"Feature","properties":{"name":null,"kind":"coastline"},"geometry":{"type":"LineString","coordinates":[[0.98473,51.83555],[0.98473,51.83555]]}},{"type":"Feature","properties":{"name":null,"kind":"coastline"},"geometry":{"type":"LineString","coordinates":[[0.99642,51.81508],[0.99642,51.81508]]}},{"type":"Feature","properties":{"name":null,"kind":"coastline"},"geometry":{"type":"LineString","coordinates":[[0.9864,51.83585],[0.9864,51.83585]]}},{"type":"Feature","properties":{"name":null,"kind":"coastline"},"geometry":{"type":"LineString","coordinates":[[0.98487,51.83492],[0.9846,51.83112],[0.98749,51.83491],[0.98487,51.83492]]}},{"type":"Feature","properties":{"name":null,"kind":"coastline"},"geometry":{"type":"LineString","coordinates":[[0.99646,51.81474],[0.99646,51.81474]]}},{"type":"Feature","properties":{"name":null,"kind":"coastline"},"geometry":{"type":"LineString","coordinates":[[0.98658,51.83582],[0.98658,51.83582]]}},{"type":"Feature","properties":{"name":null,"kind":"coastline"},"geometry":{"type":"LineString","coordinates":[[0.98516,51.8334],[0.98516,51.8334]]}},{"type":"Feature","properties":{"name":null,"kind":"coastline"},"geometry":{"type":"LineString","coordinates":[[0.985,51.83937],[0.985,51.83937]]}},{"type":"Feature","properties":{"name":null,"kind":"coastline"},"geometry":{"type":"LineString","coordinates":[[0.98705,51.83701],[0.98705,51.83701]]}},{"type":"Feature","properties":{"name":null,"kind":"coastline"},"geometry":{"type":"LineString","coordinates":[[0.98431,51.83055],[0.98286,51.83193],[0.98431,51.83055]]}},{"type":"Feature","properties":{"name":null,"kind":"coastline"},"geometry":{"type":"LineString","coordinates":[[0.99004,51.83756],[0.99004,51.83756]]}},{"type":"Feature","properties":{"name":null,"kind":"coastline"},"geometry":{"type":"LineString","coordinates":[[0.98902,51.83722],[0.98902,51.83722]]}},{"type":"Feature","properties":{"name":null,"kind":"coastline"},"geometry":{"type":"LineString","coordinates":[[0.9946,51.81678],[0.9946,51.81678]]}},{"type":"Feature","properties":{"name":null,"kind":"coastline"},"geometry":{"type":"LineString","coordinates":[[0.98679,51.83927],[0.98679,51.83927]]}},{"type":"Feature","properties":{"name":null,"kind":"coastline"},"geometry":{"type":"LineString","coordinates":[[0.99312,51.81736],[0.99312,51.81736]]}},{"type":"Feature","properties":{"name":null,"kind":"coastline"},"geometry":{"type":"LineString","coordinates":[[0.98808,51.83566],[0.98808,51.83566]]}},{"type":"Feature","properties":{"name":null,"kind":"coastline"},"geometry":{"type":"LineString","coordinates":[[0.98406,51.82951],[0.98406,51.82951]]}},{"type":"Feature","properties":{"name":null,"kind":"coastline"},"geometry":{"type":"LineString","coordinates":[[1.03607,51.77845],[1.03329,51.78346],[1.03576,51.78638],[1.03316,51.78631]]}},{"type":"Feature","properties":{"name":null,"kind":"coastline"},"geometry":{"type":"LineString","coordinates":[[0.99471,51.81585],[0.99471,51.81585]]}},{"type":"Feature","properties":{"name":null,"kind":"coastline"},"geometry":{"type":"LineString","coordinates":[[0.98332,51.83326],[0.98332,51.83326]]}},{"type":"Feature","properties":{"name":null,"kind":"coastline"},"geometry":{"type":"LineString","coordinates":[[1.03091,51.78591],[1.02979,51.78761],[1.03091,51.78591]]}},{"type":"Feature","properties":{"name":null,"kind":"coastline"},"geometry":{"type":"LineString","coordinates":[[0.98769,51.83663],[0.98769,51.83663]]}},{"type":"Feature","properties":{"name":null,"kind":"coastline"},"geometry":{"type":"LineString","coordinates":[[0.99471,51.81723],[0.99471,51.81723]]}},{"type":"Feature","properties":{"name":null,"kind":"coastline"},"geometry":{"type":"LineString","coordinates":[[0.99619,51.81608],[0.99619,51.81608]]}},{"type":"Feature","properties":{"name":null,"kind":"coastline"},"geometry":{"type":"LineString","coordinates":[[0.98712,51.83667],[0.98712,51.83667]]}},{"type":"Feature","properties":{"name":null,"kind":"coastline"},"geometry":{"type":"LineString","coordinates":[[1.06547,51.81837],[1.06547,51.81837]]}},{"type":"Feature","properties":{"name":null,"kind":"coastline"},"geometry":{"type":"LineString","coordinates":[[1.03933,51.80564],[1.03933,51.80564]]}},{"type":"Feature","properties":{"name":null,"kind":"coastline"},"geometry":{"type":"LineString","coordinates":[[1.03843,51.80586],[1.03843,51.80586]]}},{"type":"Feature","properties":{"name":null,"kind":"coastline"},"geometry":{"type":"LineString","coordinates":[[1.03976,51.80791],[1.03976,51.80791]]}},{"type":"Feature","properties":{"name":null,"kind":"coastline"},"geometry":{"type":"LineString","coordinates":[[1.06546,51.81834],[1.06546,51.81834]]}},{"type":"Feature","properties":{"name":null,"kind":"coastline"},"geometry":{"type":"LineString","coordinates":[[1.04023,51.80819],[1.04023,51.80819]]}},{"type":"Feature","properties":{"name":null,"kind":"coastline"},"geometry":{"type":"LineString","coordinates":[[1.06581,51.8205],[1.06581,51.8205]]}},{"type":"Feature","properties":{"name":null,"kind":"coastline"},"geometry":{"type":"LineString","coordinates":[[1.05231,51.82195],[1.05231,51.82195]]}},{"type":"Feature","properties":{"name":null,"kind":"coastline"},"geometry":{"type":"LineString","coordinates":[[1.0645,51.82082],[1.0645,51.82082]]}},{"type":"Feature","properties":{"name":null,"kind":"coastline"},"geometry":{"type":"LineString","coordinates":[[1.03976,51.80571],[1.03976,51.80571]]}},{"type":"Feature","properties":{"name":null,"kind":"coastline"},"geometry":{"type":"LineString","coordinates":[[1.06396,51.81981],[1.06396,51.81981]]}},{"type":"Feature","properties":{"name":null,"kind":"coastline"},"geometry":{"type":"LineString","coordinates":[[1.06397,51.82027],[1.06397,51.82027]]}},{"type":"Feature","properties":{"name":null,"kind":"coastline"},"geometry":{"type":"LineString","coordinates":[[1.04537,51.81971],[1.04537,51.81971]]}},{"type":"Feature","properties":{"name":null,"kind":"coastline"},"geometry":{"type":"LineString","coordinates":[[1.06505,51.82029],[1.06505,51.82029]]}},{"type":"Feature","properties":{"name":null,"kind":"coastline"},"geometry":{"type":"LineString","coordinates":[[1.03987,51.80683],[1.04187,51.80677],[1.03987,51.80683]]}},{"type":"Feature","properties":{"name":null,"kind":"coastline"},"geometry":{"type":"LineString","coordinates":[[1.06498,51.82065],[1.06498,51.82065]]}},{"type":"Feature","properties":{"name":null,"kind":"coastline"},"geometry":{"type":"LineString","coordinates":[[1.0615,51.81379],[1.0615,51.81379]]}},{"type":"Feature","properties":{"name":null,"kind":"coastline"},"geometry":{"type":"LineString","coordinates":[[1.06303,51.81856],[1.06303,51.81856]]}},{"type":"Feature","properties":{"name":null,"kind":"coastline"},"geometry":{"type":"LineString","coordinates":[[1.04644,51.82092],[1.04644,51.82092]]}},{"type":"Feature","properties":{"name":null,"kind":"coastline"},"geometry":{"type":"LineString","coordinates":[[1.06365,51.8202],[1.06365,51.8202]]}},{"type":"Feature","properties":{"name":null,"kind":"coastline"},"geometry":{"type":"LineString","coordinates":[[1.06517,51.81985],[1.06517,51.81985]]}},{"type":"Feature","properties":{"name":null,"kind":"coastline"},"geometry":{"type":"LineString","coordinates":[[1.03784,51.80754],[1.03784,51.80754]]}},{"type":"Feature","properties":{"name":null,"kind":"coastline"},"geometry":{"type":"LineString","coordinates":[[1.06451,51.81619],[1.06451,51.81619]]}},{"type":"Feature","properties":{"name":null,"kind":"coastline"},"geometry":{"type":"LineString","coordinates":[[1.04091,51.78284],[1.04091,51.78284]]}},{"type":"Feature","properties":{"name":null,"kind":"coastline"},"geometry":{"type":"LineString","coordinates":[[1.04376,51.77908],[1.04376,51.77908]]}},{"type":"Feature","properties":{"name":null,"kind":"coastline"},"geometry":{"type":"LineString","coordinates":[[1.04315,51.78472],[1.04315,51.78472]]}},{"type":"Feature","properties":{"name":null,"kind":"coastline"},"geometry":{"type":"LineString","coordinates":[[1.04092,51.78145],[1.04092,51.78145]]}},{"type":"Feature","properties":{"name":null,"kind":"coastline"},"geometry":{"type":"LineString","coordinates":[[1.03837,51.78077],[1.03837,51.78077]]}},{"type":"Feature","properties":{"name":null,"kind":"coastline"},"geometry":{"type":"LineString","coordinates":[[1.04638,51.78196],[1.04638,51.78196]]}},{"type":"Feature","properties":{"name":null,"kind":"coastline"},"geometry":{"type":"LineString","coordinates":[[1.03865,51.7874],[1.04068,51.78705],[1.03865,51.7874]]}},{"type":"Feature","properties":{"name":null,"kind":"coastline"},"geometry":{"type":"LineString","coordinates":[[1.03776,51.78198],[1.03776,51.78198]]}},{"type":"Feature","properties":{"name":null,"kind":"coastline"},"geometry":{"type":"LineString","coordinates":[[1.05514,51.80761],[1.05514,51.80761]]}},{"type":"Feature","properties":{"name":null,"kind":"coastline"},"geometry":{"type":"LineString","coordinates":[[1.03829,51.78464],[1.03829,51.78464]]}},{"type":"Feature","properties":{"name":null,"kind":"coastline"},"geometry":{"type":"LineString","coordinates":[[1.03902,51.78794],[1.03902,51.78794]]}},{"type":"Feature","properties":{"name":null,"kind":"coastline"},"geometry":{"type":"LineString","coordinates":[[1.0265,51.80331],[1.02851,51.80333],[1.0265,51.80331]]}},{"type":"Feature","properties":{"name":null,"kind":"coastline"},"geometry":{"type":"LineString","coordinates":[[1.03933,51.78527],[1.03721,51.78592],[1.03933,51.78527]]}},{"type":"Feature","properties":{"name":null,"kind":"coastline"},"geometry":{"type":"LineString","coordinates":[[1.04032,51.78374],[1.04032,51.78374]]}},{"type":"Feature","properties":{"name":null,"kind":"coastline"},"geometry":{"type":"LineString","coordinates":[[1.04124,51.78472],[1.04124,51.78472]]}},{"type":"Feature","properties":{"name":null,"kind":"coastline"},"geometry":{"type":"LineString","coordinates":[[1.04147,51.78306],[1.04147,51.78306]]}},{"type":"Feature","properties":{"name":null,"kind":"coastline"},"geometry":{"type":"LineString","coordinates":[[1.04205,51.78391],[1.04205,51.78391]]}},{"type":"Feature","properties":{"name":null,"kind":"coastline"},"geometry":{"type":"LineString","coordinates":[[1.05739,51.80857],[1.05739,51.80857]]}},{"type":"Feature","properties":{"name":null,"kind":"coastline"},"geometry":{"type":"LineString","coordinates":[[1.05227,51.79994],[1.05227,51.79994]]}},{"type":"Feature","properties":{"name":null,"kind":"coastline"},"geometry":{"type":"LineString","coordinates":[[1.03794,51.78219],[1.03794,51.78219]]}},{"type":"Feature","properties":{"name":null,"kind":"coastline"},"geometry":{"type":"LineString","coordinates":[[1.0378,51.78167],[1.0378,51.78167]]}},{"type":"Feature","properties":{"name":null,"kind":"coastline"},"geometry":{"type":"LineString","coordinates":[[1.04073,51.78834],[1.03852,51.7877],[1.04073,51.78834]]}},{"type":"Feature","properties":{"name":null,"kind":"coastline"},"geometry":{"type":"LineString","coordinates":[[1.05401,51.8073],[1.05401,51.8073]]}},{"type":"Feature","properties":{"name":null,"kind":"coastline"},"geometry":{"type":"LineString","coordinates":[[1.03804,51.78212],[1.03804,51.78212]]}},{"type":"Feature","properties":{"name":null,"kind":"coastline"},"geometry":{"type":"LineString","coordinates":[[1.0525,51.80627],[1.0525,51.80627]]}},{"type":"Feature","properties":{"name":null,"kind":"coastline"},"geometry":{"type":"LineString","coordinates":[[1.04034,51.7864],[1.04034,51.7864]]}},{"type":"Feature","properties":{"name":null,"kind":"coastline"},"geometry":{"type":"LineString","coordinates":[[1.03354,51.80409],[1.03354,51.80409]]}},{"type":"Feature","properties":{"name":null,"kind":"coastline"},"geometry":{"type":"LineString","coordinates":[[1.04185,51.7834],[1.04185,51.7834]]}},{"type":"Feature","properties":{"name":null,"kind":"coastline"},"geometry":{"type":"LineString","coordinates":[[1.0404,51.78284],[1.0404,51.78284]]}},{"type":"Feature","properties":{"name":null,"kind":"coastline"},"geometry":{"type":"LineString","coordinates":[[1.05675,51.80814],[1.05675,51.80814]]}},{"type":"Feature","properties":{"name":null,"kind":"coastline"},"geometry":{"type":"LineString","coordinates":[[1.0387,51.78385],[1.04067,51.78426],[1.0387,51.78385]]}},{"type":"Feature","properties":{"name":null,"kind":"coastline"},"geometry":{"type":"LineString","coordinates":[[1.04322,51.78457],[1.04321,51.78443]]}},{"type":"Feature","properties":{"name":null,"kind":"coastline"},"geometry":{"type":"LineString","coordinates":[[1.04115,51.78125],[1.04115,51.78125]]}},{"type":"Feature","properties":{"name":null,"kind":"coastline"},"geometry":{"type":"LineString","coordinates":[[1.05184,51.80136],[1.05002,51.80237],[1.05184,51.80136]]}},{"type":"Feature","properties":{"name":null,"kind":"coastline"},"geometry":{"type":"LineString","coordinates":[[1.03796,51.78203],[1.03796,51.78203]]}},{"type":"Feature","properties":{"name":null,"kind":"coastline"},"geometry":{"type":"LineString","coordinates":[[1.05488,51.80764],[1.05488,51.80764]]}},{"type":"Feature","properties":{"name":null,"kind":"coastline"},"geometry":{"type":"LineString","coordinates":[[1.05352,51.80707],[1.05352,51.80707]]}},{"type":"Feature","properties":{"name":null,"kind":"coastline"},"geometry":{"type":"LineString","coordinates":[[1.03698,51.78475],[1.03502,51.78529],[1.03698,51.78475]]}},{"type":"Feature","properties":{"name":null,"kind":"coastline"},"geometry":{"type":"LineString","coordinates":[[1.04027,51.78305],[1.04027,51.78305]]}},{"type":"Feature","properties":{"name":null,"kind":"coastline"},"geometry":{"type":"LineString","coordinates":[[1.042,51.78354],[1.042,51.78354]]}},{"type":"Feature","properties":{"name":null,"kind":"coastline"},"geometry":{"type":"LineString","coordinates":[[1.04317,51.78382],[1.04315,51.78356]]}},{"type":"Feature","properties":{"name":null,"kind":"coastline"},"geometry":{"type":"LineString","coordinates":[[1.03831,51.78333],[1.03831,51.78333]]}},{"type":"Feature","properties":{"name":null,"kind":"coastline"},"geometry":{"type":"LineString","coordinates":[[1.03927,51.77571],[1.03927,51.77571]]}},{"type":"Feature","properties":{"name":null,"kind":"coastline"},"geometry":{"type":"LineString","coordinates":[[1.065,51.79643],[1.065,51.79643]]}},{"type":"Feature","properties":{"name":null,"kind":"coastline"},"geometry":{"type":"LineString","coordinates":[[1.03945,51.78491],[1.03945,51.78491]]}},{"type":"Feature","properties":{"name":null,"kind":"coastline"},"geometry":{"type":"LineString","coordinates":[[1.03862,51.78288],[1.03862,51.78288]]}},{"type":"Feature","properties":{"name":null,"kind":"coastline"},"geometry":{"type":"LineString","coordinates":[[1.03783,51.78199],[1.03783,51.78199]]}},{"type":"Feature","properties":{"name":null,"kind":"coastline"},"geometry":{"type":"LineString","coordinates":[[1.03802,51.78179],[1.03802,51.78179]]}},{"type":"Feature","properties":{"name":null,"kind":"coastline"},"geometry":{"type":"LineString","coordinates":[[1.04166,51.78543],[1.04166,51.78543]]}},{"type":"Feature","properties":{"name":null,"kind":"coastline"},"geometry":{"type":"LineString","coordinates":[[1.04946,51.80485],[1.04946,51.80485]]}},{"type":"Feature","properties":{"name":null,"kind":"coastline"},"geometry":{"type":"LineString","coordinates":[[1.05407,51.79973],[1.05407,51.79973]]}},{"type":"Feature","properties":{"name":"Cindery Island","kind":"coastline"},"geometry":{"type":"LineString","coordinates":[[1.02687,51.80266],[1.03291,51.80221],[1.02687,51.80266]]}},{"type":"Feature","properties":{"name":null,"kind":"coastline"},"geometry":{"type":"LineString","coordinates":[[1.04226,51.78044],[1.04226,51.78044]]}},{"type":"Feature","properties":{"name":null,"kind":"coastline"},"geometry":{"type":"LineString","coordinates":[[1.03895,51.7749],[1.03895,51.7749]]}},{"type":"Feature","properties":{"name":null,"kind":"coastline"},"geometry":{"type":"LineString","coordinates":[[1.04112,51.78287],[1.04112,51.78287]]}},{"type":"Feature","properties":{"name":null,"kind":"coastline"},"geometry":{"type":"LineString","coordinates":[[1.04066,51.78815],[1.04066,51.78815]]}},{"type":"Feature","properties":{"name":null,"kind":"coastline"},"geometry":{"type":"LineString","coordinates":[[1.04344,51.80364],[1.04344,51.80364]]}},{"type":"Feature","properties":{"name":null,"kind":"coastline"},"geometry":{"type":"LineString","coordinates":[[1.0387,51.78207],[1.0387,51.78207]]}},{"type":"Feature","properties":{"name":null,"kind":"coastline"},"geometry":{"type":"LineString","coordinates":[[1.0448,51.77143],[1.0448,51.77143]]}},{"type":"Feature","properties":{"name":null,"kind":"coastline"},"geometry":{"type":"LineString","coordinates":[[1.04048,51.78248],[1.04048,51.78248]]}},{"type":"Feature","properties":{"name":null,"kind":"coastline"},"geometry":{"type":"LineString","coordinates":[[1.03765,51.78159],[1.03765,51.78159]]}},{"type":"Feature","properties":{"name":null,"kind":"coastline"},"geometry":{"type":"LineString","coordinates":[[1.05411,51.80715],[1.05411,51.80715]]}},{"type":"Feature","properties":{"name":null,"kind":"coastline"},"geometry":{"type":"LineString","coordinates":[[1.05258,51.80649],[1.05258,51.80649]]}},{"type":"Feature","properties":{"name":null,"kind":"coastline"},"geometry":{"type":"LineString","coordinates":[[1.03492,51.80281],[1.03882,51.80408],[1.03492,51.80281]]}},{"type":"Feature","properties":{"name":null,"kind":"coastline"},"geometry":{"type":"LineString","coordinates":[[1.06645,51.79727],[1.06339,51.79747]]}},{"type":"Feature","properties":{"name":null,"kind":"coastline"},"geometry":{"type":"LineString","coordinates":[[1.0573,51.76976],[1.11666,51.7719],[1.14579,51.78206]]}},{"type":"Feature","properties":{"name":null,"kind":"coastline"},"geometry":{"type":"LineString","coordinates":[[1.06653,51.79727],[1.06645,51.79727]]}},{"type":"Feature","properties":{"name":null,"kind":"coastline"},"geometry":{"type":"LineString","coordinates":[[0.94817,51.84933],[0.95501,51.85237],[0.95337,51.85356]]}},{"type":"Feature","properties":{"name":null,"kind":"coastline"},"geometry":{"type":"LineString","coordinates":[[0.98182,51.84485],[0.98182,51.84485]]}},{"type":"Feature","properties":{"name":null,"kind":"coastline"},"geometry":{"type":"LineString","coordinates":[[0.97691,51.84122],[0.97691,51.84122]]}},{"type":"Feature","properties":{"name":null,"kind":"coastline"},"geometry":{"type":"LineString","coordinates":[[0.98175,51.84483],[0.98175,51.84483]]}},{"type":"Feature","properties":{"name":null,"kind":"coastline"},"geometry":{"type":"LineString","coordinates":[[0.97696,51.84089],[0.97692,51.84089]]}},{"type":"Feature","properties":{"name":null,"kind":"coastline"},"geometry":{"type":"LineString","coordinates":[[0.97693,51.8421],[0.97693,51.8421]]}},{"type":"Feature","properties":{"name":null,"kind":"coastline"},"geometry":{"type":"LineString","coordinates":[[0.92206,51.88686],[0.9512,51.86326],[0.95034,51.85553],[0.95526,51.85473]]}},{"type":"Feature","properties":{"name":null,"kind":"coastline"},"geometry":{"type":"LineString","coordinates":[[0.97533,51.8468],[0.96563,51.85038]]}},{"type":"Feature","properties":{"name":null,"kind":"coastline"},"geometry":{"type":"LineString","coordinates":[[0.97717,51.84089],[0.97696,51.84089]]}},{"type":"Feature","properties":{"name":null,"kind":"coastline"},"geometry":{"type":"LineString","coordinates":[[0.98154,51.84472],[0.98154,51.84472]]}},{"type":"Feature","properties":{"name":null,"kind":"coastline"},"geometry":{"type":"LineString","coordinates":[[0.97724,51.84088],[0.97717,51.84089]]}},{"type":"Feature","properties":{"name":null,"kind":"coastline"},"geometry":{"type":"LineString","coordinates":[[0.97686,51.84147],[0.97686,51.84147]]}},{"type":"Feature","properties":{"name":null,"kind":"coastline"},"geometry":{"type":"LineString","coordinates":[[0.98208,51.84392],[0.98208,51.84392]]}},{"type":"Feature","properties":{"name":null,"kind":"coastline"},"geometry":{"type":"LineString","coordinates":[[0.92717,51.88052],[0.92717,51.88052]]}},{"type":"Feature","properties":{"name":null,"kind":"coastline"},"geometry":{"type":"LineString","coordinates":[[0.97783,51.84087],[0.97724,51.84088]]}},{"type":"Feature","properties":{"name":null,"kind":"coastline"},"geometry":{"type":"LineString","coordinates":[[0.98201,51.84366],[0.98201,51.84366]]}},{"type":"Feature","properties":{"name":null,"kind":"coastline"},"geometry":{"type":"LineString","coordinates":[[0.96782,51.85107],[0.97981,51.84763],[0.98436,51.8407]]}},{"type":"Feature","properties":{"name":null,"kind":"coastline"},"geometry":{"type":"LineString","coordinates":[[0.98214,51.84423],[0.98214,51.84423]]}},{"type":"Feature","properties":{"name":null,"kind":"coastline"},"geometry":{"type":"LineString","coordinates":[[0.98226,51.84395],[0.98226,51.84395]]}},{"type":"Feature","properties":{"name":null,"kind":"coastline"},"geometry":{"type":"LineString","coordinates":[[0.95245,51.85019],[0.94599,51.84687]]}},{"type":"Feature","properties":{"name":null,"kind":"coastline"},"geometry":{"type":"LineString","coordinates":[[0.98161,51.84509],[0.98161,51.84509]]}},{"type":"Feature","properties":{"name":null,"kind":"coastline"},"geometry":{"type":"LineString","coordinates":[[0.98165,51.84467],[0.98165,51.84467]]}},{"type":"Feature","properties":{"name":null,"kind":"coastline"},"geometry":{"type":"LineString","coordinates":[[0.97692,51.84089],[0.97533,51.8468]]}},{"type":"Feature","properties":{"name":null,"kind":"coastline"},"geometry":{"type":"LineString","coordinates":[[0.94559,51.84681],[0.94243,51.84626]]}},{"type":"Feature","properties":{"name":null,"kind":"coastline"},"geometry":{"type":"LineString","coordinates":[[0.95526,51.85473],[0.95698,51.85456]]}},{"type":"Feature","properties":{"name":null,"kind":"coastline"},"geometry":{"type":"LineString","coordinates":[[0.96237,51.85224],[0.95652,51.85395],[0.95245,51.85019]]}},{"type":"Feature","properties":{"name":null,"kind":"coastline"},"geometry":{"type":"LineString","coordinates":[[0.96272,51.8526],[0.96339,51.85235]]}},{"type":"Feature","properties":{"name":null,"kind":"coastline"},"geometry":{"type":"LineString","coordinates":[[0.94557,51.84687],[0.94584,51.84697]]}},{"type":"Feature","properties":{"name":null,"kind":"coastline"},"geometry":{"type":"LineString","coordinates":[[0.95337,51.85356],[0.95157,51.85427]]}},{"type":"Feature","properties":{"name":null,"kind":"coastline"},"geometry":{"type":"LineString","coordinates":[[0.94599,51.84687],[0.94559,51.84681]]}},{"type":"Feature","properties":{"name":null,"kind":"coastline"},"geometry":{"type":"LineString","coordinates":[[0.95698,51.85456],[0.96316,51.85309]]}},{"type":"Feature","properties":{"name":null,"kind":"coastline"},"geometry":{"type":"LineString","coordinates":[[0.96511,51.85065],[0.9627,51.85209]]}},{"type":"Feature","properties":{"name":null,"kind":"coastline"},"geometry":{"type":"LineString","coordinates":[[0.94232,51.84638],[0.94557,51.84687]]}},{"type":"Feature","properties":{"name":null,"kind":"coastline"},"geometry":{"type":"LineString","coordinates":[[0.9627,51.85209],[0.96237,51.85224]]}},{"type":"Feature","properties":{"name":null,"kind":"coastline"},"geometry":{"type":"LineString","coordinates":[[0.9153,51.88976],[0.92206,51.88686]]}},{"type":"Feature","properties":{"name":null,"kind":"coastline"},"geometry":{"type":"LineString","coordinates":[[0.96563,51.85038],[0.96511,51.85065]]}},{"type":"Feature","properties":{"name":null,"kind":"coastline"},"geometry":{"type":"LineString","coordinates":[[0.96355,51.85289],[0.96378,51.85283]]}},{"type":"Feature","properties":{"name":null,"kind":"coastline"},"geometry":{"type":"LineString","coordinates":[[0.94584,51.84697],[0.94817,51.84933]]}},{"type":"Feature","properties":{"name":null,"kind":"coastline"},"geometry":{"type":"LineString","coordinates":[[0.94243,51.84626],[0.91386,51.84553],[0.94232,51.84638]]}},{"type":"Feature","properties":{"name":null,"kind":"coastline"},"geometry":{"type":"LineString","coordinates":[[0.91524,51.88957],[0.91452,51.89025]]}},{"type":"Feature","properties":{"name":null,"kind":"coastline"},"geometry":{"type":"LineString","coordinates":[[0.91462,51.89115],[0.91464,51.89117]]}},{"type":"Feature","properties":{"name":null,"kind":"coastline"},"geometry":{"type":"LineString","coordinates":[[0.93655,51.87492],[0.92902,51.87944]]}},{"type":"Feature","properties":{"name":null,"kind":"coastline"},"geometry":{"type":"LineString","coordinates":[[0.93796,51.87274],[0.93655,51.87492]]}},{"type":"Feature","properties":{"name":null,"kind":"coastline"},"geometry":{"type":"LineString","coordinates":[[0.91505,51.8901],[0.9153,51.88976]]}},{"type":"Feature","properties":{"name":null,"kind":"coastline"},"geometry":{"type":"LineString","coordinates":[[0.91434,51.89069],[0.91462,51.89115]]}},{"type":"Feature","properties":{"name":null,"kind":"coastline"},"geometry":{"type":"LineString","coordinates":[[0.91464,51.89117],[0.91479,51.89123]]}},{"type":"Feature","properties":{"name":null,"kind":"coastline"},"geometry":{"type":"LineString","coordinates":[[0.95157,51.85427],[0.94978,51.86302],[0.93796,51.87274]]}},{"type":"Feature","properties":{"name":null,"kind":"coastline"},"geometry":{"type":"LineString","coordinates":[[0.92902,51.87944],[0.92851,51.87973]]}},{"type":"Feature","properties":{"name":null,"kind":"coastline"},"geometry":{"type":"LineString","coordinates":[[0.92851,51.87973],[0.92502,51.88614],[0.91524,51.88957]]}},{"type":"Feature","properties":{"name":null,"kind":"coastline"},"geometry":{"type":"LineString","coordinates":[[0.91471,51.89041],[0.91505,51.8901]]}},{"type":"Feature","properties":{"name":null,"kind":"coastline"},"geometry":{"type":"LineString","coordinates":[[0.91524,51.88957],[0.91524,51.88957]]}},{"type":"Feature","properties":{"name":null,"kind":"coastline"},"geometry":{"type":"LineString","coordinates":[[0.91452,51.89025],[0.91434,51.89069]]}},{"type":"Feature","properties":{"name":null,"kind":"coastline"},"geometry":{"type":"LineString","coordinates":[[0.91479,51.89123],[0.91471,51.89041]]}},{"type":"Feature","properties":{"name":null,"kind":"coastline"},"geometry":{"type":"LineString","coordinates":[[0.97042,51.82939],[0.96641,51.8294],[0.97442,51.83182]]}},{"type":"Feature","properties":{"name":null,"kind":"coastline"},"geometry":{"type":"LineString","coordinates":[[0.97587,51.8045],[0.96501,51.8088],[0.94667,51.80701],[0.94228,51.80247]]}},{"type":"Feature","properties":{"name":null,"kind":"coastline"},"geometry":{"type":"LineString","coordinates":[[0.97412,51.81165],[0.98761,51.80813]]}},{"type":"Feature","properties":{"name":null,"kind":"coastline"},"geometry":{"type":"LineString","coordinates":[[0.92082,51.80138],[0.91975,51.80428],[0.9253,51.80263]]}},{"type":"Feature","properties":{"name":null,"kind":"coastline"},"geometry":{"type":"LineString","coordinates":[[0.98761,51.80813],[0.9732,51.8161]]}},{"type":"Feature","properties":{"name":null,"kind":"coastline"},"geometry":{"type":"LineString","coordinates":[[0.94228,51.80247],[0.93859,51.80136],[0.94416,51.80564]]}},{"type":"Feature","properties":{"name":null,"kind":"coastline"},"geometry":{"type":"LineString","coordinates":[[0.91012,51.80341],[0.91986,51.79677]]}},{"type":"Feature","properties":{"name":null,"kind":"coastline"},"geometry":{"type":"LineString","coordinates":[[0.93074,51.80483],[0.93664,51.80559],[0.92733,51.80495]]}},{"type":"Feature","properties":{"name":null,"kind":"coastline"},"geometry":{"type":"LineString","coordinates":[[0.96368,51.83084],[0.96534,51.82295],[0.97368,51.81932]]}},{"type":"Feature","properties":{"name":null,"kind":"coastline"},"geometry":{"type":"LineString","coordinates":[[0.9253,51.80263],[0.92355,51.80362],[0.92932,51.8022],[0.93074,51.80483]]}},{"type":"Feature","properties":{"name":null,"kind":"coastline"},"geometry":{"type":"LineString","coordinates":[[0.9732,51.8161],[0.94995,51.82343],[0.94418,51.82131],[0.94914,51.82517]]}},{"type":"Feature","properties":{"name":null,"kind":"coastline"},"geometry":{"type":"LineString","coordinates":[[0.92041,51.80776],[0.92437,51.80752],[0.91933,51.80974]]}},{"type":"Feature","properties":{"name":null,"kind":"coastline"},"geometry":{"type":"LineString","coordinates":[[0.92052,51.79227],[0.91214,51.79216],[0.90312,51.78736],[0.8987,51.77844],[0.90208,51.7755]]}},{"type":"Feature","properties":{"name":null,"kind":"coastline"},"geometry":{"type":"LineString","coordinates":[[0.92733,51.80495],[0.91963,51.80512]]}},{"type":"Feature","properties":{"name":null,"kind":"coastline"},"geometry":{"type":"LineString","coordinates":[[0.89863,51.79112],[0.90489,51.79673]]}},{"type":"Feature","properties":{"name":null,"kind":"coastline"},"geometry":{"type":"LineString","coordinates":[[0.97368,51.81932],[0.98163,51.81742],[0.97446,51.82716],[0.97059,51.8259]]}},{"type":"Feature","properties":{"name":null,"kind":"coastline"},"geometry":{"type":"LineString","coordinates":[[0.99019,51.80304],[0.97973,51.80418]]}},{"type":"Feature","properties":{"name":null,"kind":"coastline"},"geometry":{"type":"LineString","coordinates":[[0.94914,51.82517],[0.95316,51.82743],[0.94951,51.82937],[0.95267,51.83005],[0.95213,51.83273],[0.95549,51.83205]]}},{"type":"Feature","properties":{"name":null,"kind":"coastline"},"geometry":{"type":"LineString","coordinates":[[0.91933,51.80974],[0.91548,51.81025],[0.93105,51.80794]]}},{"type":"Feature","properties":{"name":null,"kind":"coastline"},"geometry":{"type":"LineString","coordinates":[[0.90208,51.7755],[0.9203,51.77311],[0.94592,51.77478],[0.98909,51.78858]]}},{"type":"Feature","properties":{"name":null,"kind":"coastline"},"geometry":{"type":"LineString","coordinates":[[0.91963,51.80512],[0.92066,51.80737],[0.91679,51.8073]]}},{"type":"Feature","properties":{"name":null,"kind":"coastline"},"geometry":{"type":"LineString","coordinates":[[0.94416,51.80564],[0.93451,51.80372],[0.93027,51.79955]]}},{"type":"Feature","properties":{"name":null,"kind":"coastline"},"geometry":{"type":"LineString","coordinates":[[0.90489,51.79673],[0.90899,51.80091],[0.9045,51.80346],[0.91012,51.80341]]}},{"type":"Feature","properties":{"name":null,"kind":"coastline"},"geometry":{"type":"LineString","coordinates":[[0.97059,51.8259],[0.96852,51.82571],[0.97416,51.82736],[0.96703,51.82892],[0.97042,51.82939]]}},{"type":"Feature","properties":{"name":null,"kind":"coastline"},"geometry":{"type":"LineString","coordinates":[[0.97973,51.80418],[0.97587,51.8045]]}},{"type":"Feature","properties":{"name":null,"kind":"coastline"},"geometry":{"type":"LineString","coordinates":[[0.95549,51.83205],[0.9674,51.8314],[0.96368,51.83084]]}},{"type":"Feature","properties":{"name":null,"kind":"coastline"},"geometry":{"type":"LineString","coordinates":[[0.93105,51.80794],[0.97412,51.81165]]}},{"type":"Feature","properties":{"name":null,"kind":"coastline"},"geometry":{"type":"LineString","coordinates":[[0.97442,51.83182],[0.97783,51.84087]]}},{"type":"Feature","properties":{"name":null,"kind":"coastline"},"geometry":{"type":"LineString","coordinates":[[0.98909,51.78858],[1.00299,51.79643],[0.99727,51.80258],[0.99019,51.80304]]}},{"type":"Feature","properties":{"name":null,"kind":"coastline"},"geometry":{"type":"LineString","coordinates":[[0.91679,51.8073],[0.91388,51.80918],[0.92041,51.80776]]}},{"type":"Feature","properties":{"name":null,"kind":"coastline"},"geometry":{"type":"LineString","coordinates":[[0.93027,51.79955],[0.92446,51.79839],[0.92645,51.79681],[0.92275,51.79619],[0.92393,51.79454],[0.91982,51.79729]]}},{"type":"Feature","properties":{"name":null,"kind":"coastline"},"geometry":{"type":"LineString","coordinates":[[0.9624,51.82535],[0.9624,51.82535]]}},{"type":"Feature","properties":{"name":null,"kind":"coastline"},"geometry":{"type":"LineString","coordinates":[[0.95357,51.82894],[0.96274,51.82742],[0.9548,51.83135],[0.95357,51.82894]]}},{"type":"Feature","properties":{"name":null,"kind":"coastline"},"geometry":{"type":"LineString","coordinates":[[0.9523,51.83214],[0.9523,51.83214]]}},{"type":"Feature","properties":{"name":null,"kind":"coastline"},"geometry":{"type":"LineString","coordinates":[[0.96277,51.82593],[0.9582,51.83128],[0.96277,51.82593]]}},{"type":"Feature","properties":{"name":null,"kind":"coastline"},"geometry":{"type":"LineString","coordinates":[[0.95625,51.83131],[0.95415,51.83142],[0.95625,51.83131]]}},{"type":"Feature","properties":{"name":null,"kind":"coastline"},"geometry":{"type":"LineString","coordinates":[[0.97732,51.83831],[0.97732,51.83831]]}},{"type":"Feature","properties":{"name":null,"kind":"coastline"},"geometry":{"type":"LineString","coordinates":[[0.97809,51.83822],[0.97809,51.83822]]}},{"type":"Feature","properties":{"name":null,"kind":"coastline"},"geometry":{"type":"LineString","coordinates":[[0.96312,51.82933],[0.9611,51.83195],[0.96312,51.82933]]}},{"type":"Feature","properties":{"name":null,"kind":"coastline"},"geometry":{"type":"LineString","coordinates":[[0.96801,51.82843],[0.96801,51.82843]]}},{"type":"Feature","properties":{"name":null,"kind":"coastline"},"geometry":{"type":"LineString","coordinates":[[0.96125,51.82576],[0.96125,51.82576]]}},{"type":"Feature","properties":{"name":null,"kind":"coastline"},"geometry":{"type":"LineString","coordinates":[[0.95429,51.82835],[0.95429,51.82835]]}},{"type":"Feature","properties":{"name":null,"kind":"coastline"},"geometry":{"type":"LineString","coordinates":[[0.95379,51.82766],[0.95379,51.82766]]}},{"type":"Feature","properties":{"name":null,"kind":"coastline"},"geometry":{"type":"LineString","coordinates":[[0.95402,51.82798],[0.95402,51.82798]]}},{"type":"Feature","properties":{"name":null,"kind":"coastline"},"geometry":{"type":"LineString","coordinates":[[0.95401,51.82871],[0.95401,51.82871]]}},{"type":"Feature","properties":{"name":null,"kind":"coastline"},"geometry":{"type":"LineString","coordinates":[[0.95213,51.83083],[0.95213,51.83083]]}},{"type":"Feature","properties":{"name":null,"kind":"coastline"},"geometry":{"type":"LineString","coordinates":[[0.95285,51.83016],[0.95285,51.83016]]}},{"type":"Feature","properties":{"name":null,"kind":"coastline"},"geometry":{"type":"LineString","coordinates":[[0.95362,51.82893],[0.95362,51.82893]]}},{"type":"Feature","properties":{"name":null,"kind":"coastline"},"geometry":{"type":"LineString","coordinates":[[0.95071,51.82473],[0.95071,51.82473]]}},{"type":"Feature","properties":{"name":null,"kind":"coastline"},"geometry":{"type":"LineString","coordinates":[[0.95438,51.82403],[0.95438,51.82403]]}},{"type":"Feature","properties":{"name":null,"kind":"coastline"},"geometry":{"type":"LineString","coordinates":[[0.96026,51.82606],[0.95681,51.82824],[0.96026,51.82606]]}},{"type":"Feature","properties":{"name":null,"kind":"coastline"},"geometry":{"type":"LineString","coordinates":[[0.94996,51.82454],[0.94996,51.82454]]}},{"type":"Feature","properties":{"name":null,"kind":"coastline"},"geometry":{"type":"LineString","coordinates":[[0.95554,51.82409],[0.95554,51.82409]]}},{"type":"Feature","properties":{"name":null,"kind":"coastline"},"geometry":{"type":"LineString","coordinates":[[0.94745,51.82345],[0.94745,51.82345]]}},{"type":"Feature","properties":{"name":null,"kind":"coastline"},"geometry":{"type":"LineString","coordinates":[[0.95109,51.82544],[0.95109,51.82544]]}},{"type":"Feature","properties":{"name":null,"kind":"coastline"},"geometry":{"type":"LineString","coordinates":[[0.96101,51.82496],[0.95595,51.82797],[0.95541,51.82447],[0.96326,51.82231],[0.96101,51.82496]]}},{"type":"Feature","properties":{"name":null,"kind":"coastline"},"geometry":{"type":"LineString","coordinates":[[0.95319,51.82435],[0.95319,51.82435]]}},{"type":"Feature","properties":{"name":null,"kind":"coastline"},"geometry":{"type":"LineString","coordinates":[[0.94703,51.82326],[0.94703,51.82326]]}},{"type":"Feature","properties":{"name":null,"kind":"coastline"},"geometry":{"type":"LineString","coordinates":[[0.95343,51.82463],[0.95563,51.82516],[0.95184,51.82681],[0.95343,51.82463]]}},{"type":"Feature","properties":{"name":null,"kind":"coastline"},"geometry":{"type":"LineString","coordinates":[[0.96112,51.82259],[0.95501,51.82387],[0.96305,51.82202],[0.96312,51.82412],[0.96112,51.82259]]}},{"type":"Feature","properties":{"name":null,"kind":"coastline"},"geometry":{"type":"LineString","coordinates":[[0.95249,51.82706],[0.95249,51.82706]]}},{"type":"Feature","properties":{"name":null,"kind":"coastline"},"geometry":{"type":"LineString","coordinates":[[0.95389,51.82444],[0.95389,51.82444]]}},{"type":"Feature","properties":{"name":null,"kind":"coastline"},"geometry":{"type":"LineString","coordinates":[[0.95305,51.82701],[0.95497,51.82631],[0.95305,51.82701]]}},{"type":"Feature","properties":{"name":null,"kind":"coastline"},"geometry":{"type":"LineString","coordinates":[[0.95388,51.8227],[0.95388,51.8227]]}},{"type":"Feature","properties":{"name":"Pewit Island","kind":"coastline"},"geometry":{"type":"LineString","coordinates":[[0.97677,51.80842],[0.96941,51.81122],[0.97677,51.80842]]}},{"type":"Feature","properties":{"name":"Rat Island","kind":"coastline"},"geometry":{"type":"LineString","coordinates":[[0.97821,51.81708],[0.9762,51.81755],[0.98272,51.81345],[0.97821,51.81708]]}},{"type":"Feature","properties":{"name":null,"kind":"coastline"},"geometry":{"type":"LineString","coordinates":[[0.92305,51.80407],[0.92305,51.80407]]}},{"type":"Feature","properties":{"name":null,"kind":"coastline"},"geometry":{"type":"LineString","coordinates":[[0.92516,51.80651],[0.92516,51.80651]]}},{"type":"Feature","properties":{"name":null,"kind":"coastline"},"geometry":{"type":"LineString","coordinates":[[0.91906,51.80538],[0.91906,51.80538]]}},{"type":"Feature","properties":{"name":null,"kind":"coastline"},"geometry":{"type":"LineString","coordinates":[[0.92335,51.806],[0.92335,51.806]]}},{"type":"Feature","properties":{"name":null,"kind":"coastline"},"geometry":{"type":"LineString","coordinates":[[0.92558,51.80535],[0.92558,51.80535]]}},{"type":"Feature","properties":{"name":null,"kind":"coastline"},"geometry":{"type":"LineString","coordinates":[[0.92648,51.80433],[0.92648,51.80433]]}},{"type":"Feature","properties":{"name":null,"kind":"coastline"},"geometry":{"type":"LineString","coordinates":[[0.91999,51.80445],[0.91999,51.80445]]}},{"type":"Feature","properties":{"name":null,"kind":"coastline"},"geometry":{"type":"LineString","coordinates":[[0.92314,51.80377],[0.92314,51.80377]]}},{"type":"Feature","properties":{"name":null,"kind":"coastline"},"geometry":{"type":"LineString","coordinates":[[0.92021,51.80808],[0.92021,51.80808]]}},{"type":"Feature","properties":{"name":null,"kind":"coastline"},"geometry":{"type":"LineString","coordinates":[[0.9222,51.8038],[0.9222,51.8038]]}},{"type":"Feature","properties":{"name":null,"kind":"coastline"},"geometry":{"type":"LineString","coordinates":[[0.92432,51.80399],[0.92432,51.80399]]}},{"type":"Feature","properties":{"name":null,"kind":"coastline"},"geometry":{"type":"LineString","coordinates":[[0.9263,51.80426],[0.9263,51.80426]]}},{"type":"Feature","properties":{"name":null,"kind":"coastline"},"geometry":{"type":"LineString","coordinates":[[0.92359,51.80276],[0.92359,51.80276]]}},{"type":"Feature","properties":{"name":null,"kind":"coastline"},"geometry":{"type":"LineString","coordinates":[[0.91897,51.81032],[0.91699,51.80996],[0.91897,51.81032]]}},{"type":"Feature","properties":{"name":null,"kind":"coastline"},"geometry":{"type":"LineString","coordinates":[[0.92238,51.80525],[0.92238,51.80525]]}},{"type":"Feature","properties":{"name":null,"kind":"coastline"},"geometry":{"type":"LineString","coordinates":[[0.92204,51.80402],[0.92204,51.80402]]}},{"type":"Feature","properties":{"name":null,"kind":"coastline"},"geometry":{"type":"LineString","coordinates":[[0.92387,51.8038],[0.92387,51.8038]]}},{"type":"Feature","properties":{"name":null,"kind":"coastline"},"geometry":{"type":"LineString","coordinates":[[0.93178,51.80813],[0.93178,51.80813]]}},{"type":"Feature","properties":{"name":null,"kind":"coastline"},"geometry":{"type":"LineString","coordinates":[[0.92321,51.79736],[0.92321,51.79736]]}},{"type":"Feature","properties":{"name":null,"kind":"coastline"},"geometry":{"type":"LineString","coordinates":[[0.92113,51.7972],[0.92372,51.80013],[0.92113,51.7972]]}},{"type":"Feature","properties":{"name":null,"kind":"coastline"},"geometry":{"type":"LineString","coordinates":[[0.99955,51.80124],[0.99955,51.80124]]}},{"type":"Feature","properties":{"name":null,"kind":"coastline"},"geometry":{"type":"LineString","coordinates":[[0.93037,51.7997],[0.93037,51.7997]]}},{"type":"Feature","properties":{"name":null,"kind":"coastline"},"geometry":{"type":"LineString","coordinates":[[0.93979,51.80177],[0.93979,51.80177]]}},{"type":"Feature","properties":{"name":null,"kind":"coastline"},"geometry":{"type":"LineString","coordinates":[[0.92333,51.79656],[0.92333,51.79656]]}},{"type":"Feature","properties":{"name":null,"kind":"coastline"},"geometry":{"type":"LineString","coordinates":[[0.92727,51.80128],[0.92437,51.79908],[0.92727,51.80128]]}},{"type":"Feature","properties":{"name":null,"kind":"coastline"},"geometry":{"type":"LineString","coordinates":[[0.98127,51.80398],[0.98127,51.80398]]}},{"type":"Feature","properties":{"name":null,"kind":"coastline"},"geometry":{"type":"LineString","coordinates":[[0.98038,51.80415],[0.98038,51.80415]]}},{"type":"Feature","properties":{"name":null,"kind":"coastline"},"geometry":{"type":"LineString","coordinates":[[0.94194,51.80103],[0.94194,51.80103]]}},{"type":"Feature","properties":{"name":null,"kind":"coastline"},"geometry":{"type":"LineString","coordinates":[[0.92834,51.80114],[0.92834,51.80114]]}},{"type":"Feature","properties":{"name":null,"kind":"coastline"},"geometry":{"type":"LineString","coordinates":[[0.93956,51.80209],[0.93956,51.80209]]}},{"type":"Feature","properties":{"name":null,"kind":"coastline"},"geometry":{"type":"LineString","coordinates":[[1.00247,51.79889],[1.00121,51.79491],[1.00576,51.79912],[1.00247,51.79889]]}},{"type":"Feature","properties":{"name":null,"kind":"coastline"},"geometry":{"type":"LineString","coordinates":[[0.92604,51.80162],[0.92424,51.80069],[0.92604,51.80162]]}},{"type":"Feature","properties":{"name":null,"kind":"coastline"},"geometry":{"type":"LineString","coordinates":[[0.92486,51.79882],[0.92486,51.79882]]}},{"type":"Feature","properties":{"name":null,"kind":"coastline"},"geometry":{"type":"LineString","coordinates":[[0.98125,51.80417],[0.98125,51.80417]]}},{"type":"Feature","properties":{"name":null,"kind":"coastline"},"geometry":{"type":"LineString","coordinates":[[0.92852,51.80086],[0.92852,51.80086]]}},{"type":"Feature","properties":{"name":null,"kind":"coastline"},"geometry":{"type":"LineString","coordinates":[[0.98249,51.80369],[0.98249,51.80369]]}},{"type":"Feature","properties":{"name":null,"kind":"coastline"},"geometry":{"type":"LineString","coordinates":[[0.92742,51.80175],[0.92742,51.80175]]}},{"type":"Feature","properties":{"name":null,"kind":"coastline"},"geometry":{"type":"LineString","coordinates":[[0.92725,51.80062],[0.92725,51.80062]]}},{"type":"Feature","properties":{"name":null,"kind":"coastline"},"geometry":{"type":"LineString","coordinates":[[1.00126,51.79912],[1.00126,51.79912]]}},{"type":"Feature","properties":{"name":null,"kind":"coastline"},"geometry":{"type":"LineString","coordinates":[[0.9427,51.8036],[0.9427,51.8036]]}},{"type":"Feature","properties":{"name":null,"kind":"coastline"},"geometry":{"type":"LineString","coordinates":[[0.90138,51.77498],[0.90138,51.77498]]}},{"type":"Feature","properties":{"name":null,"kind":"coastline"},"geometry":{"type":"LineString","coordinates":[[0.91672,51.7924],[0.91474,51.79279],[0.91672,51.7924]]}},{"type":"Feature","properties":{"name":null,"kind":"coastline"},"geometry":{"type":"LineString","coordinates":[[0.90175,51.77522],[0.90175,51.77522]]}},{"type":"Feature","properties":{"name":null,"kind":"coastline"},"geometry":{"type":"LineString","coordinates":[[0.92063,51.79289],[0.91689,51.79339],[0.92063,51.79289]]}},{"type":"Feature","properties":{"name":null,"kind":"coastline"},"geometry":{"type":"LineString","coordinates":[[0.90174,51.77466],[0.90174,51.77466]]}},{"type":"Feature","properties":{"name":null,"kind":"coastline"},"geometry":{"type":"LineString","coordinates":[[0.90227,51.77505],[0.90227,51.77505]]}},{"type":"Feature","properties":{"name":null,"kind":"coastline"},"geometry":{"type":"LineString","coordinates":[[0.90182,51.7747],[0.90182,51.7747]]}},{"type":"Feature","properties":{"name":null,"kind":"coastline"},"geometry":{"type":"LineString","coordinates":[[0.91642,51.79933],[0.91642,51.79933]]}},{"type":"Feature","properties":{"name":"Bonner's Saltings","kind":"coastline"},"geometry":{"type":"LineString","coordinates":[[0.91293,51.79833],[0.91127,51.79468],[0.91714,51.79807],[0.91293,51.79833]]}},{"type":"Feature","properties":{"name":null,"kind":"coastline"},"geometry":{"type":"LineString","coordinates":[[0.9152,51.79954],[0.9152,51.79954]]}},{"type":"Feature","properties":{"name":null,"kind":"coastline"},"geometry":{"type":"LineString","coordinates":[[0.9154,51.80017],[0.9154,51.80017]]}},{"type":"Feature","properties":{"name":null,"kind":"coastline"},"geometry":{"type":"LineString","coordinates":[[0.90514,51.80333],[0.90514,51.80333]]}},{"type":"Feature","properties":{"name":null,"kind":"coastline"},"geometry":{"type":"LineString","coordinates":[[0.91769,51.79763],[0.91769,51.79763]]}},{"type":"Feature","properties":{"name":null,"kind":"coastline"},"geometry":{"type":"LineString","coordinates":[[0.91741,51.7987],[0.91741,51.7987]]}},{"type":"Feature","properties":{"name":null,"kind":"coastline"},"geometry":{"type":"LineString","coordinates":[[0.91361,51.79988],[0.91361,51.79988]]}},{"type":"Feature","properties":{"name":null,"kind":"coastline"},"geometry":{"type":"LineString","coordinates":[[0.90957,51.80032],[0.90957,51.80032]]}},{"type":"Feature","properties":{"name":null,"kind":"coastline"},"geometry":{"type":"LineString","coordinates":[[0.91109,51.79952],[0.91109,51.79952]]}},{"type":"Feature","properties":{"name":null,"kind":"coastline"},"geometry":{"type":"LineString","coordinates":[[0.91254,51.80115],[0.91104,51.79765],[0.91254,51.80115]]}},{"type":"Feature","properties":{"name":null,"kind":"coastline"},"geometry":{"type":"LineString","coordinates":[[0.89842,51.78623],[0.91271,51.79781],[0.90315,51.79412],[0.89615,51.78308],[0.89842,51.78623]]}},{"type":"Feature","properties":{"name":null,"kind":"coastline"},"geometry":{"type":"LineString","coordinates":[[0.91392,51.80076],[0.91392,51.80076]]}},{"type":"Feature","properties":{"name":null,"kind":"coastline"},"geometry":{"type":"LineString","coordinates":[[0.91469,51.7999],[0.91469,51.7999]]}},{"type":"Feature","properties":{"name":null,"kind":"coastline"},"geometry":{"type":"LineString","coordinates":[[0.90811,51.79728],[0.90811,51.79728]]}},{"type":"Feature","properties":{"name":null,"kind":"coastline"},"geometry":{"type":"LineString","coordinates":[[0.91653,51.79711],[0.91653,51.79711]]}},{"type":"Feature","properties":{"name":null,"kind":"coastline"},"geometry":{"type":"LineString","coordinates":[[0.94954,51.81074],[0.94954,51.81074]]}},{"type":"Feature","properties":{"name":null,"kind":"coastline"},"geometry":{"type":"LineString","coordinates":[[1.21199,51.94111],[1.19937,51.94123]]}},{"type":"Feature","properties":{"name":null,"kind":"coastline"},"geometry":{"type":"LineString","coordinates":[[1.24214,51.94787],[1.22944,51.93976]]}},{"type":"Feature","properties":{"name":null,"kind":"coastline"},"geometry":{"type":"LineString","coordinates":[[1.21764,51.94083],[1.21199,51.94111]]}},{"type":"Feature","properties":{"name":null,"kind":"coastline"},"geometry":{"type":"LineString","coordinates":[[1.26063,51.94753],[1.24214,51.94787]]}},{"type":"Feature","properties":{"name":null,"kind":"coastline"},"geometry":{"type":"LineString","coordinates":[[1.28975,51.94801],[1.29187,51.94912],[1.2843,51.94651]]}},{"type":"Feature","properties":{"name":null,"kind":"coastline"},"geometry":{"type":"LineString","coordinates":[[1.26938,51.92334],[1.28201,51.93534],[1.29077,51.93727]]}},{"type":"Feature","properties":{"name":null,"kind":"coastline"},"geometry":{"type":"LineString","coordinates":[[1.23212,51.9448],[1.23212,51.9448]]}},{"type":"Feature","properties":{"name":null,"kind":"coastline"},"geometry":{"type":"LineString","coordinates":[[1.23411,51.94466],[1.23411,51.94466]]}},{"type":"Feature","properties":{"name":null,"kind":"coastline"},"geometry":{"type":"LineString","coordinates":[[1.21105,51.94169],[1.21105,51.94169]]}},{"type":"Feature","properties":{"name":null,"kind":"coastline"},"geometry":{"type":"LineString","coordinates":[[1.23256,51.94439],[1.23256,51.94439]]}},{"type":"Feature","properties":{"name":null,"kind":"coastline"},"geometry":{"type":"LineString","coordinates":[[1.23158,51.94359],[1.23158,51.94359]]}},{"type":"Feature","properties":{"name":null,"kind":"coastline"},"geometry":{"type":"LineString","coordinates":[[1.23444,51.94504],[1.23444,51.94504]]}},{"type":"Feature","properties":{"name":null,"kind":"coastline"},"geometry":{"type":"LineString","coordinates":[[1.21132,51.94143],[1.21132,51.94143]]}},{"type":"Feature","properties":{"name":null,"kind":"coastline"},"geometry":{"type":"LineString","coordinates":[[1.23191,51.94355],[1.23191,51.94355]]}},{"type":"Feature","properties":{"name":null,"kind":"coastline"},"geometry":{"type":"LineString","coordinates":[[1.22382,51.94136],[1.22382,51.94136]]}},{"type":"Feature","properties":{"name":null,"kind":"coastline"},"geometry":{"type":"LineString","coordinates":[[1.21867,51.9425],[1.21867,51.9425]]}},{"type":"Feature","properties":{"name":null,"kind":"coastline"},"geometry":{"type":"LineString","coordinates":[[1.22679,51.94126],[1.22679,51.94126]]}},{"type":"Feature","properties":{"name":null,"kind":"coastline"},"geometry":{"type":"LineString","coordinates":[[1.21919,51.94236],[1.21919,51.94236]]}},{"type":"Feature","properties":{"name":null,"kind":"coastline"},"geometry":{"type":"LineString","coordinates":[[1.2145,51.94125],[1.2145,51.94125]]}},{"type":"Feature","properties":{"name":null,"kind":"coastline"},"geometry":{"type":"LineString","coordinates":[[1.22412,51.94059],[1.22412,51.94059]]}},{"type":"Feature","properties":{"name":null,"kind":"coastline"},"geometry":{"type":"LineString","coordinates":[[1.22297,51.94106],[1.22297,51.94106]]}},{"type":"Feature","properties":{"name":null,"kind":"coastline"},"geometry":{"type":"LineString","coordinates":[[1.21598,51.94204],[1.21598,51.94204]]}},{"type":"Feature","properties":{"name":null,"kind":"coastline"},"geometry":{"type":"LineString","coordinates":[[1.21796,51.94219],[1.21796,51.94219]]}},{"type":"Feature","properties":{"name":null,"kind":"coastline"},"geometry":{"type":"LineString","coordinates":[[1.21812,51.94269],[1.21812,51.94269]]}},{"type":"Feature","properties":{"name":null,"kind":"coastline"},"geometry":{"type":"LineString","coordinates":[[1.2161,51.94232],[1.2161,51.94232]]}},{"type":"Feature","properties":{"name":null,"kind":"coastline"},"geometry":{"type":"LineString","coordinates":[[1.22249,51.94116],[1.22249,51.94116]]}},{"type":"Feature","properties":{"name":null,"kind":"coastline"},"geometry":{"type":"LineString","coordinates":[[1.21604,51.94217],[1.21604,51.94217]]}},{"type":"Feature","properties":{"name":null,"kind":"coastline"},"geometry":{"type":"LineString","coordinates":[[1.22726,51.94097],[1.22726,51.94097]]}},{"type":"Feature","properties":{"name":null,"kind":"coastline"},"geometry":{"type":"LineString","coordinates":[[1.22614,51.9418],[1.22614,51.9418]]}},{"type":"Feature","properties":{"name":null,"kind":"coastline"},"geometry":{"type":"LineString","coordinates":[[1.21931,51.94236],[1.21931,51.94236]]}},{"type":"Feature","properties":{"name":null,"kind":"coastline"},"geometry":{"type":"LineString","coordinates":[[1.21851,51.94192],[1.21851,51.94192]]}},{"type":"Feature","properties":{"name":null,"kind":"coastline"},"geometry":{"type":"LineString","coordinates":[[1.22606,51.94076],[1.22606,51.94076]]}},{"type":"Feature","properties":{"name":null,"kind":"coastline"},"geometry":{"type":"LineString","coordinates":[[1.21876,51.94094],[1.21876,51.94094]]}},{"type":"Feature","properties":{"name":null,"kind":"coastline"},"geometry":{"type":"LineString","coordinates":[[1.21738,51.94273],[1.21738,51.94273]]}},{"type":"Feature","properties":{"name":null,"kind":"coastline"},"geometry":{"type":"LineString","coordinates":[[1.21681,51.94232],[1.21681,51.94232]]}},{"type":"Feature","properties":{"name":null,"kind":"coastline"},"geometry":{"type":"LineString","coordinates":[[1.21863,51.94235],[1.21863,51.94235]]}},{"type":"Feature","properties":{"name":null,"kind":"coastline"},"geometry":{"type":"LineString","coordinates":[[1.22531,51.94063],[1.22531,51.94063]]}},{"type":"Feature","properties":{"name":null,"kind":"coastline"},"geometry":{"type":"LineString","coordinates":[[1.22237,51.94207],[1.22237,51.94207]]}},{"type":"Feature","properties":{"name":null,"kind":"coastline"},"geometry":{"type":"LineString","coordinates":[[1.22514,51.9415],[1.22514,51.9415]]}},{"type":"Feature","properties":{"name":null,"kind":"coastline"},"geometry":{"type":"LineString","coordinates":[[1.22044,51.94156],[1.22044,51.94156]]}},{"type":"Feature","properties":{"name":null,"kind":"coastline"},"geometry":{"type":"LineString","coordinates":[[1.21929,51.94097],[1.21929,51.94097]]}},{"type":"Feature","properties":{"name":null,"kind":"coastline"},"geometry":{"type":"LineString","coordinates":[[1.21601,51.94173],[1.21601,51.94173]]}},{"type":"Feature","properties":{"name":null,"kind":"coastline"},"geometry":{"type":"LineString","coordinates":[[1.22536,51.94111],[1.22536,51.94111]]}},{"type":"Feature","properties":{"name":null,"kind":"coastline"},"geometry":{"type":"LineString","coordinates":[[1.22582,51.94019],[1.22582,51.94019]]}},{"type":"Feature","properties":{"name":null,"kind":"coastline"},"geometry":{"type":"LineString","coordinates":[[1.2185,51.94247],[1.2185,51.94247]]}},{"type":"Feature","properties":{"name":null,"kind":"coastline"},"geometry":{"type":"LineString","coordinates":[[1.21973,51.94085],[1.21973,51.94085]]}},{"type":"Feature","properties":{"name":null,"kind":"coastline"},"geometry":{"type":"LineString","coordinates":[[1.22639,51.94152],[1.22639,51.94152]]}},{"type":"Feature","properties":{"name":null,"kind":"coastline"},"geometry":{"type":"LineString","coordinates":[[1.21915,51.94232],[1.21915,51.94232]]}},{"type":"Feature","properties":{"name":null,"kind":"coastline"},"geometry":{"type":"LineString","coordinates":[[1.21499,51.94127],[1.21499,51.94127]]}},{"type":"Feature","properties":{"name":null,"kind":"coastline"},"geometry":{"type":"LineString","coordinates":[[1.22375,51.94042],[1.22375,51.94042]]}},{"type":"Feature","properties":{"name":null,"kind":"coastline"},"geometry":{"type":"LineString","coordinates":[[1.22053,51.94183],[1.22053,51.94183]]}},{"type":"Feature","properties":{"name":null,"kind":"coastline"},"geometry":{"type":"LineString","coordinates":[[1.22067,51.94235],[1.22067,51.94235]]}},{"type":"Feature","properties":{"name":null,"kind":"coastline"},"geometry":{"type":"LineString","coordinates":[[1.22045,51.94126],[1.22045,51.94126]]}},{"type":"Feature","properties":{"name":null,"kind":"coastline"},"geometry":{"type":"LineString","coordinates":[[1.21876,51.94088],[1.21876,51.94088]]}},{"type":"Feature","properties":{"name":null,"kind":"coastline"},"geometry":{"type":"LineString","coordinates":[[1.2239,51.94102],[1.2239,51.94102]]}},{"type":"Feature","properties":{"name":null,"kind":"coastline"},"geometry":{"type":"LineString","coordinates":[[1.21574,51.94193],[1.21574,51.94193]]}},{"type":"Feature","properties":{"name":null,"kind":"coastline"},"geometry":{"type":"LineString","coordinates":[[1.21833,51.94275],[1.21833,51.94275]]}},{"type":"Feature","properties":{"name":null,"kind":"coastline"},"geometry":{"type":"LineString","coordinates":[[1.21564,51.94224],[1.21564,51.94224]]}},{"type":"Feature","properties":{"name":null,"kind":"coastline"},"geometry":{"type":"LineString","coordinates":[[1.22265,51.94177],[1.22265,51.94177]]}},{"type":"Feature","properties":{"name":null,"kind":"coastline"},"geometry":{"type":"LineString","coordinates":[[1.22698,51.94149],[1.22698,51.94149]]}},{"type":"Feature","properties":{"name":null,"kind":"coastline"},"geometry":{"type":"LineString","coordinates":[[1.22595,51.94051],[1.22595,51.94051]]}},{"type":"Feature","properties":{"name":null,"kind":"coastline"},"geometry":{"type":"LineString","coordinates":[[1.22419,51.94064],[1.22419,51.94064]]}},{"type":"Feature","properties":{"name":null,"kind":"coastline"},"geometry":{"type":"LineString","coordinates":[[1.21982,51.94203],[1.21982,51.94203]]}},{"type":"Feature","properties":{"name":null,"kind":"coastline"},"geometry":{"type":"LineString","coordinates":[[1.2185,51.94268],[1.2185,51.94268]]}},{"type":"Feature","properties":{"name":null,"kind":"coastline"},"geometry":{"type":"LineString","coordinates":[[1.21683,51.94211],[1.21683,51.94211]]}},{"type":"Feature","properties":{"name":null,"kind":"coastline"},"geometry":{"type":"LineString","coordinates":[[1.21666,51.94238],[1.21666,51.94238]]}},{"type":"Feature","properties":{"name":null,"kind":"coastline"},"geometry":{"type":"LineString","coordinates":[[1.22522,51.94063],[1.22522,51.94063]]}},{"type":"Feature","properties":{"name":null,"kind":"coastline"},"geometry":{"type":"LineString","coordinates":[[1.22875,51.94131],[1.22875,51.94131]]}},{"type":"Feature","properties":{"name":null,"kind":"coastline"},"geometry":{"type":"LineString","coordinates":[[1.22164,51.94143],[1.22164,51.94143]]}},{"type":"Feature","properties":{"name":null,"kind":"coastline"},"geometry":{"type":"LineString","coordinates":[[1.225,51.94135],[1.225,51.94135]]}},{"type":"Feature","properties":{"name":null,"kind":"coastline"},"geometry":{"type":"LineString","coordinates":[[1.22604,51.94085],[1.22604,51.94085]]}},{"type":"Feature","properties":{"name":null,"kind":"coastline"},"geometry":{"type":"LineString","coordinates":[[1.22581,51.94032],[1.22581,51.94032]]}},{"type":"Feature","properties":{"name":null,"kind":"coastline"},"geometry":{"type":"LineString","coordinates":[[1.22921,51.94117],[1.22921,51.94117]]}},{"type":"Feature","properties":{"name":null,"kind":"coastline"},"geometry":{"type":"LineString","coordinates":[[1.21832,51.94227],[1.21832,51.94227]]}},{"type":"Feature","properties":{"name":null,"kind":"coastline"},"geometry":{"type":"LineString","coordinates":[[1.2268,51.94118],[1.2268,51.94118]]}},{"type":"Feature","properties":{"name":null,"kind":"coastline"},"geometry":{"type":"LineString","coordinates":[[1.21529,51.94128],[1.21529,51.94128]]}},{"type":"Feature","properties":{"name":null,"kind":"coastline"},"geometry":{"type":"LineString","coordinates":[[1.22048,51.94228],[1.22048,51.94228]]}},{"type":"Feature","properties":{"name":null,"kind":"coastline"},"geometry":{"type":"LineString","coordinates":[[1.22486,51.94169],[1.22486,51.94169]]}},{"type":"Feature","properties":{"name":null,"kind":"coastline"},"geometry":{"type":"LineString","coordinates":[[1.21943,51.94333],[1.21748,51.9438],[1.21943,51.94333]]}},{"type":"Feature","properties":{"name":null,"kind":"coastline"},"geometry":{"type":"LineString","coordinates":[[1.22025,51.94119],[1.22025,51.94119]]}},{"type":"Feature","properties":{"name":null,"kind":"coastline"},"geometry":{"type":"LineString","coordinates":[[1.22617,51.94142],[1.22617,51.94142]]}},{"type":"Feature","properties":{"name":null,"kind":"coastline"},"geometry":{"type":"LineString","coordinates":[[1.21545,51.94172],[1.21545,51.94172]]}},{"type":"Feature","properties":{"name":null,"kind":"coastline"},"geometry":{"type":"LineString","coordinates":[[1.21838,51.94287],[1.21838,51.94287]]}},{"type":"Feature","properties":{"name":null,"kind":"coastline"},"geometry":{"type":"LineString","coordinates":[[1.21615,51.94226],[1.21615,51.94226]]}},{"type":"Feature","properties":{"name":null,"kind":"coastline"},"geometry":{"type":"LineString","coordinates":[[1.2249,51.94082],[1.2249,51.94082]]}},{"type":"Feature","properties":{"name":null,"kind":"coastline"},"geometry":{"type":"LineString","coordinates":[[1.07418,51.94677],[1.06324,51.94632],[1.05581,51.95137]]}},{"type":"Feature","properties":{"name":null,"kind":"coastline"},"geometry":{"type":"LineString","coordinates":[[1.1465,51.94264],[1.14644,51.9426]]}},{"type":"Feature","properties":{"name":null,"kind":"coastline"},"geometry":{"type":"LineString","coordinates":[[1.19937,51.94123],[1.18048,51.94178],[1.16694,51.94712],[1.17102,51.94668],[1.1693,51.94797],[1.14667,51.94382]]}},{"type":"Feature","properties":{"name":null,"kind":"coastline"},"geometry":{"type":"LineString","coordinates":[[1.07912,51.94598],[1.07744,51.94669]]}},{"type":"Feature","properties":{"name":null,"kind":"coastline"},"geometry":{"type":"LineString","coordinates":[[1.0742,51.94677],[1.07418,51.94677]]}},{"type":"Feature","properties":{"name":null,"kind":"coastline"},"geometry":{"type":"LineString","coordinates":[[1.14644,51.9426],[1.11938,51.94003],[1.08697,51.94519]]}},{"type":"Feature","properties":{"name":null,"kind":"coastline"},"geometry":{"type":"LineString","coordinates":[[1.08697,51.94519],[1.07912,51.94598]]}},{"type":"Feature","properties":{"name":null,"kind":"coastline"},"geometry":{"type":"LineString","coordinates":[[1.1721,51.9457],[1.1721,51.9457]]}},{"type":"Feature","properties":{"name":null,"kind":"coastline"},"geometry":{"type":"LineString","coordinates":[[1.05464,51.95331],[1.05676,51.95177]]}},{"type":"Feature","properties":{"name":null,"kind":"coastline"},"geometry":{"type":"LineString","coordinates":[[1.05577,51.95143],[1.05376,51.95277]]}},{"type":"Feature","properties":{"name":null,"kind":"coastline"},"geometry":{"type":"LineString","coordinates":[[1.05686,51.95167],[1.06105,51.95444],[1.06583,51.949]]}},{"type":"Feature","properties":{"name":null,"kind":"coastline"},"geometry":{"type":"LineString","coordinates":[[1.05433,51.95318],[1.05464,51.95331]]}},{"type":"Feature","properties":{"name":null,"kind":"coastline"},"geometry":{"type":"LineString","coordinates":[[1.06147,51.95017],[1.0576,51.95148],[1.06299,51.94869],[1.06147,51.95017]]}},{"type":"Feature","properties":{"name":null,"kind":"coastline"},"geometry":{"type":"LineString","coordinates":[[1.05376,51.95277],[1.05433,51.95318]]}},{"type":"Feature","properties":{"name":"Ballast Hill","kind":"coastline"},"geometry":{"type":"LineString","coordinates":[[1.098,51.94846],[1.10199,51.94845],[1.098,51.94846]]}},{"type":"Feature","properties":{"name":null,"kind":"coastline"},"geometry":{"type":"LineString","coordinates":[[1.06832,51.9538],[1.07291,51.95407],[1.07098,51.95547]]}},{"type":"Feature","properties":{"name":null,"kind":"coastline"},"geometry":{"type":"LineString","coordinates":[[1.05581,51.95137],[1.05577,51.95143]]}},{"type":"Feature","properties":{"name":null,"kind":"coastline"},"geometry":{"type":"LineString","coordinates":[[1.05676,51.95177],[1.05686,51.95167]]}},{"type":"Feature","properties":{"name":null,"kind":"coastline"},"geometry":{"type":"LineString","coordinates":[[0.82034,51.59895],[0.85897,51.59565]]}},{"type":"Feature","properties":{"name":null,"kind":"coastline"},"geometry":{"type":"LineString","coordinates":[[0.80485,51.6083],[0.8003,51.60952],[0.79901,51.61343],[0.77983,51.61151],[0.78504,51.61329],[0.78365,51.61648]]}},{"type":"Feature","properties":{"name":null,"kind":"coastline"},"geometry":{"type":"LineString","coordinates":[[0.78287,51.61977],[0.77781,51.61928],[0.78114,51.6193],[0.78435,51.62426],[0.77469,51.63259],[0.76128,51.63658],[0.75528,51.63281]]}},{"type":"Feature","properties":{"name":null,"kind":"coastline"},"geometry":{"type":"LineString","coordinates":[[0.87905,51.56882],[0.89856,51.57616]]}},{"type":"Feature","properties":{"name":"Rushley Island","kind":"coastline"},"geometry":{"type":"LineString","coordinates":[[0.83376,51.572],[0.8321,51.5743],[0.82524,51.5691],[0.82765,51.56955],[0.82574,51.56455],[0.8319,51.56012],[0.84034,51.56088],[0.83444,51.56691],[0.83376,51.572]]}},{"type":"Feature","properties":{"name":null,"kind":"coastline"},"geometry":{"type":"LineString","coordinates":[[0.83877,51.56523],[0.84099,51.56111],[0.85658,51.5567]]}},{"type":"Feature","properties":{"name":null,"kind":"coastline"},"geometry":{"type":"LineString","coordinates":[[1.27713,51.9577],[1.27844,51.96121],[1.26952,51.97797],[1.26861,51.97599],[1.27102,51.97582],[1.27087,51.98205],[1.26279,51.98817]]}},{"type":"Feature","properties":{"name":null,"kind":"coastline"},"geometry":{"type":"LineString","coordinates":[[1.27652,51.95758],[1.27713,51.9577]]}},{"type":"Feature","properties":{"name":null,"kind":"coastline"},"geometry":{"type":"LineString","coordinates":[[0.68896,51.73137],[0.68896,51.73137]]}},{"type":"Feature","properties":{"name":null,"kind":"coastline"},"geometry":{"type":"LineString","coordinates":[[0.69261,51.73117],[0.69261,51.73117]]}},{"type":"Feature","properties":{"name":null,"kind":"coastline"},"geometry":{"type":"LineString","coordinates":[[0.6909,51.72938],[0.6909,51.72938]]}},{"type":"Feature","properties":{"name":null,"kind":"coastline"},"geometry":{"type":"LineString","coordinates":[[0.69443,51.72954],[0.69443,51.72954]]}},{"type":"Feature","properties":{"name":null,"kind":"coastline"},"geometry":{"type":"LineString","coordinates":[[0.69245,51.73186],[0.69245,51.73186]]}},{"type":"Feature","properties":{"name":null,"kind":"coastline"},"geometry":{"type":"LineString","coordinates":[[0.69479,51.72904],[0.69479,51.72904]]}},{"type":"Feature","properties":{"name":null,"kind":"coastline"},"geometry":{"type":"LineString","coordinates":[[0.6888,51.73153],[0.6888,51.73153]]}},{"type":"Feature","properties":{"name":null,"kind":"coastline"},"geometry":{"type":"LineString","coordinates":[[0.69422,51.72958],[0.69422,51.72958]]}},{"type":"Feature","properties":{"name":null,"kind":"coastline"},"geometry":{"type":"LineString","coordinates":[[0.69094,51.73535],[0.6872,51.73358],[0.69521,51.72939]]}},{"type":"Feature","properties":{"name":null,"kind":"coastline"},"geometry":{"type":"LineString","coordinates":[[0.6933,51.72837],[0.6933,51.72837]]}},{"type":"Feature","properties":{"name":null,"kind":"coastline"},"geometry":{"type":"LineString","coordinates":[[0.69204,51.72841],[0.69204,51.72841]]}},{"type":"Feature","properties":{"name":null,"kind":"coastline"},"geometry":{"type":"LineString","coordinates":[[0.69262,51.7315],[0.69262,51.7315]]}},{"type":"Feature","properties":{"name":null,"kind":"coastline"},"geometry":{"type":"LineString","coordinates":[[0.69279,51.73121],[0.69279,51.73121]]}},{"type":"Feature","properties":{"name":null,"kind":"coastline"},"geometry":{"type":"LineString","coordinates":[[0.69195,51.72861],[0.69019,51.72961],[0.69195,51.72861]]}},{"type":"Feature","properties":{"name":null,"kind":"coastline"},"geometry":{"type":"LineString","coordinates":[[0.69094,51.72911],[0.69094,51.72911]]}},{"type":"Feature","properties":{"name":null,"kind":"coastline"},"geometry":{"type":"LineString","coordinates":[[0.72865,51.71868],[0.72865,51.71868]]}},{"type":"Feature","properties":{"name":null,"kind":"coastline"},"geometry":{"type":"LineString","coordinates":[[0.72927,51.72083],[0.72733,51.72155],[0.72927,51.72083]]}},{"type":"Feature","properties":{"name":null,"kind":"coastline"},"geometry":{"type":"LineString","coordinates":[[0.72897,51.7247],[0.72897,51.7247]]}},{"type":"Feature","properties":{"name":null,"kind":"coastline"},"geometry":{"type":"LineString","coordinates":[[0.72873,51.72502],[0.72873,51.72502]]}},{"type":"Feature","properties":{"name":null,"kind":"coastline"},"geometry":{"type":"LineString","coordinates":[[0.71869,51.71972],[0.71869,51.71972]]}},{"type":"Feature","properties":{"name":null,"kind":"coastline"},"geometry":{"type":"LineString","coordinates":[[0.72495,51.72319],[0.72495,51.72319]]}},{"type":"Feature","properties":{"name":null,"kind":"coastline"},"geometry":{"type":"LineString","coordinates":[[0.72556,51.72282],[0.72556,51.72282]]}},{"type":"Feature","properties":{"name":null,"kind":"coastline"},"geometry":{"type":"LineString","coordinates":[[0.7273,51.72346],[0.72538,51.72422],[0.7273,51.72346]]}},{"type":"Feature","properties":{"name":null,"kind":"coastline"},"geometry":{"type":"LineString","coordinates":[[0.72469,51.72221],[0.72469,51.72221]]}},{"type":"Feature","properties":{"name":null,"kind":"coastline"},"geometry":{"type":"LineString","coordinates":[[0.72992,51.72444],[0.72992,51.72444]]}},{"type":"Feature","properties":{"name":null,"kind":"coastline"},"geometry":{"type":"LineString","coordinates":[[0.72404,51.72496],[0.72404,51.72496]]}},{"type":"Feature","properties":{"name":null,"kind":"coastline"},"geometry":{"type":"LineString","coordinates":[[0.72211,51.71795],[0.72211,51.71795]]}},{"type":"Feature","properties":{"name":null,"kind":"coastline"},"geometry":{"type":"LineString","coordinates":[[0.72318,51.72499],[0.72318,51.72499]]}},{"type":"Feature","properties":{"name":null,"kind":"coastline"},"geometry":{"type":"LineString","coordinates":[[0.72215,51.72765],[0.71912,51.72883],[0.72215,51.72765]]}},{"type":"Feature","properties":{"name":null,"kind":"coastline"},"geometry":{"type":"LineString","coordinates":[[0.72916,51.7186],[0.72916,51.7186]]}},{"type":"Feature","properties":{"name":null,"kind":"coastline"},"geometry":{"type":"LineString","coordinates":[[0.7171,51.71895],[0.7171,51.71895]]}},{"type":"Feature","properties":{"name":null,"kind":"coastline"},"geometry":{"type":"LineString","coordinates":[[0.72159,51.73017],[0.72341,51.72908],[0.72159,51.73017]]}},{"type":"Feature","properties":{"name":null,"kind":"coastline"},"geometry":{"type":"LineString","coordinates":[[0.72826,51.72067],[0.72826,51.72067]]}},{"type":"Feature","properties":{"name":null,"kind":"coastline"},"geometry":{"type":"LineString","coordinates":[[0.72501,51.72315],[0.72501,51.72315]]}},{"type":"Feature","properties":{"name":null,"kind":"coastline"},"geometry":{"type":"LineString","coordinates":[[0.72408,51.71727],[0.72408,51.71727]]}},{"type":"Feature","properties":{"name":null,"kind":"coastline"},"geometry":{"type":"LineString","coordinates":[[0.72218,51.72494],[0.72218,51.72494]]}},{"type":"Feature","properties":{"name":null,"kind":"coastline"},"geometry":{"type":"LineString","coordinates":[[0.72542,51.72229],[0.72542,51.72229]]}},{"type":"Feature","properties":{"name":null,"kind":"coastline"},"geometry":{"type":"LineString","coordinates":[[0.72226,51.72116],[0.72023,51.72147],[0.72181,51.71823],[0.72226,51.72116]]}},{"type":"Feature","properties":{"name":null,"kind":"coastline"},"geometry":{"type":"LineString","coordinates":[[0.72497,51.72225],[0.72497,51.72225]]}},{"type":"Feature","properties":{"name":null,"kind":"coastline"},"geometry":{"type":"LineString","coordinates":[[0.71817,51.72075],[0.71817,51.72075]]}},{"type":"Feature","properties":{"name":null,"kind":"coastline"},"geometry":{"type":"LineString","coordinates":[[0.72867,51.72551],[0.72484,51.72627],[0.72867,51.72551]]}},{"type":"Feature","properties":{"name":null,"kind":"coastline"},"geometry":{"type":"LineString","coordinates":[[0.72805,51.7256],[0.72605,51.72583],[0.72805,51.7256]]}},{"type":"Feature","properties":{"name":null,"kind":"coastline"},"geometry":{"type":"LineString","coordinates":[[0.72466,51.72239],[0.72466,51.72239]]}},{"type":"Feature","properties":{"name":null,"kind":"coastline"},"geometry":{"type":"LineString","coordinates":[[0.71967,51.7192],[0.71967,51.7192]]}},{"type":"Feature","properties":{"name":null,"kind":"coastline"},"geometry":{"type":"LineString","coordinates":[[0.72928,51.72452],[0.72928,51.72452]]}},{"type":"Feature","properties":{"name":null,"kind":"coastline"},"geometry":{"type":"LineString","coordinates":[[0.72836,51.72402],[0.72836,51.72402]]}},{"type":"Feature","properties":{"name":null,"kind":"coastline"},"geometry":{"type":"LineString","coordinates":[[0.72797,51.72103],[0.72797,51.72103]]}},{"type":"Feature","properties":{"name":null,"kind":"coastline"},"geometry":{"type":"LineString","coordinates":[[0.72654,51.72427],[0.72654,51.72427]]}},{"type":"Feature","properties":{"name":null,"kind":"coastline"},"geometry":{"type":"LineString","coordinates":[[0.72911,51.72433],[0.72911,51.72433]]}},{"type":"Feature","properties":{"name":null,"kind":"coastline"},"geometry":{"type":"LineString","coordinates":[[0.70829,51.71965],[0.7204,51.71851],[0.71843,51.72214],[0.72088,51.72319],[0.71681,51.72477],[0.71903,51.72919],[0.71231,51.72175]]}},{"type":"Feature","properties":{"name":null,"kind":"coastline"},"geometry":{"type":"LineString","coordinates":[[0.72807,51.72431],[0.72807,51.72431]]}},{"type":"Feature","properties":{"name":null,"kind":"coastline"},"geometry":{"type":"LineString","coordinates":[[0.72303,51.72541],[0.72303,51.72541]]}},{"type":"Feature","properties":{"name":null,"kind":"coastline"},"geometry":{"type":"LineString","coordinates":[[0.72804,51.72296],[0.72804,51.72296]]}},{"type":"Feature","properties":{"name":null,"kind":"coastline"},"geometry":{"type":"LineString","coordinates":[[0.7223,51.72527],[0.7242,51.72615],[0.72069,51.72794],[0.71693,51.72609],[0.7223,51.72527]]}},{"type":"Feature","properties":{"name":null,"kind":"coastline"},"geometry":{"type":"LineString","coordinates":[[0.72634,51.72267],[0.72634,51.72267]]}},{"type":"Feature","properties":{"name":null,"kind":"coastline"},"geometry":{"type":"LineString","coordinates":[[0.72466,51.72453],[0.72466,51.72453]]}},{"type":"Feature","properties":{"name":null,"kind":"coastline"},"geometry":{"type":"LineString","coordinates":[[0.72092,51.72315],[0.72425,51.72284],[0.72092,51.72315]]}},{"type":"Feature","properties":{"name":null,"kind":"coastline"},"geometry":{"type":"LineString","coordinates":[[0.72868,51.71849],[0.72325,51.72139],[0.72378,51.71771],[0.72868,51.71849]]}},{"type":"Feature","properties":{"name":null,"kind":"coastline"},"geometry":{"type":"LineString","coordinates":[[0.72497,51.72794],[0.72497,51.72794]]}},{"type":"Feature","properties":{"name":null,"kind":"coastline"},"geometry":{"type":"LineString","coordinates":[[0.73033,51.72198],[0.73033,51.72198]]}},{"type":"Feature","properties":{"name":null,"kind":"coastline"},"geometry":{"type":"LineString","coordinates":[[0.72136,51.72719],[0.72136,51.72719]]}},{"type":"Feature","properties":{"name":null,"kind":"coastline"},"geometry":{"type":"LineString","coordinates":[[0.7283,51.72463],[0.7283,51.72463]]}},{"type":"Feature","properties":{"name":null,"kind":"coastline"},"geometry":{"type":"LineString","coordinates":[[0.72691,51.7242],[0.72691,51.7242]]}},{"type":"Feature","properties":{"name":null,"kind":"coastline"},"geometry":{"type":"LineString","coordinates":[[0.72906,51.72491],[0.72906,51.72491]]}},{"type":"Feature","properties":{"name":null,"kind":"coastline"},"geometry":{"type":"LineString","coordinates":[[0.72932,51.72427],[0.72932,51.72427]]}},{"type":"Feature","properties":{"name":null,"kind":"coastline"},"geometry":{"type":"LineString","coordinates":[[0.72857,51.71832],[0.72461,51.71721],[0.72857,51.71832]]}},{"type":"Feature","properties":{"name":null,"kind":"coastline"},"geometry":{"type":"LineString","coordinates":[[0.7294,51.72135],[0.7294,51.72135]]}},{"type":"Feature","properties":{"name":null,"kind":"coastline"},"geometry":{"type":"LineString","coordinates":[[0.72409,51.72449],[0.72409,51.72449]]}},{"type":"Feature","properties":{"name":null,"kind":"coastline"},"geometry":{"type":"LineString","coordinates":[[0.54484,51.54619],[0.54245,51.53395],[0.53526,51.53061],[0.5188,51.5304],[0.52656,51.5193],[0.53169,51.51913]]}},{"type":"Feature","properties":{"name":null,"kind":"coastline"},"geometry":{"type":"LineString","coordinates":[[0.70305,51.72758],[0.70305,51.72758]]}},{"type":"Feature","properties":{"name":null,"kind":"coastline"},"geometry":{"type":"LineString","coordinates":[[0.69853,51.72307],[0.69853,51.72307]]}},{"type":"Feature","properties":{"name":null,"kind":"coastline"},"geometry":{"type":"LineString","coordinates":[[0.69878,51.72473],[0.69878,51.72473]]}},{"type":"Feature","properties":{"name":null,"kind":"coastline"},"geometry":{"type":"LineString","coordinates":[[0.69745,51.72617],[0.68996,51.72752],[0.68504,51.73281]]}},{"type":"Feature","properties":{"name":null,"kind":"coastline"},"geometry":{"type":"LineString","coordinates":[[0.69868,51.72256],[0.69868,51.72256]]}},{"type":"Feature","properties":{"name":null,"kind":"coastline"},"geometry":{"type":"LineString","coordinates":[[0.69955,51.72241],[0.69955,51.72241]]}},{"type":"Feature","properties":{"name":null,"kind":"coastline"},"geometry":{"type":"LineString","coordinates":[[0.71666,51.71428],[0.71666,51.71428]]}},{"type":"Feature","properties":{"name":null,"kind":"coastline"},"geometry":{"type":"LineString","coordinates":[[0.71219,51.71562],[0.70388,51.72054]]}},{"type":"Feature","properties":{"name":null,"kind":"coastline"},"geometry":{"type":"LineString","coordinates":[[0.7097,51.72902],[0.71396,51.73351],[0.71121,51.73674],[0.71788,51.73669]]}},{"type":"Feature","properties":{"name":null,"kind":"coastline"},"geometry":{"type":"LineString","coordinates":[[0.71356,51.73584],[0.71356,51.73584]]}},{"type":"Feature","properties":{"name":null,"kind":"coastline"},"geometry":{"type":"LineString","coordinates":[[0.73914,51.71213],[0.73902,51.71211]]}},{"type":"Feature","properties":{"name":null,"kind":"coastline"},"geometry":{"type":"LineString","coordinates":[[0.71204,51.73554],[0.71204,51.73554]]}},{"type":"Feature","properties":{"name":null,"kind":"coastline"},"geometry":{"type":"LineString","coordinates":[[0.69739,51.7242],[0.69739,51.7242]]}},{"type":"Feature","properties":{"name":null,"kind":"coastline"},"geometry":{"type":"LineString","coordinates":[[0.69968,51.724],[0.69968,51.724]]}},{"type":"Feature","properties":{"name":null,"kind":"coastline"},"geometry":{"type":"LineString","coordinates":[[0.6983,51.72269],[0.6983,51.72269]]}},{"type":"Feature","properties":{"name":null,"kind":"coastline"},"geometry":{"type":"LineString","coordinates":[[0.73174,51.73087],[0.73774,51.73038]]}},{"type":"Feature","properties":{"name":null,"kind":"coastline"},"geometry":{"type":"LineString","coordinates":[[0.70011,51.72373],[0.70011,51.72373]]}},{"type":"Feature","properties":{"name":null,"kind":"coastline"},"geometry":{"type":"LineString","coordinates":[[0.70318,51.72689],[0.70318,51.72689]]}},{"type":"Feature","properties":{"name":null,"kind":"coastline"},"geometry":{"type":"LineString","coordinates":[[0.69779,51.72396],[0.69779,51.72396]]}},{"type":"Feature","properties":{"name":null,"kind":"coastline"},"geometry":{"type":"LineString","coordinates":[[0.69803,51.72515],[0.6985,51.72564]]}},{"type":"Feature","properties":{"name":null,"kind":"coastline"},"geometry":{"type":"LineString","coordinates":[[0.70116,51.72274],[0.70116,51.72274]]}},{"type":"Feature","properties":{"name":null,"kind":"coastline"},"geometry":{"type":"LineString","coordinates":[[0.69751,51.72408],[0.69751,51.72408]]}},{"type":"Feature","properties":{"name":null,"kind":"coastline"},"geometry":{"type":"LineString","coordinates":[[0.69818,51.72414],[0.69818,51.72414]]}},{"type":"Feature","properties":{"name":null,"kind":"coastline"},"geometry":{"type":"LineString","coordinates":[[0.71254,51.73508],[0.71254,51.73508]]}},{"type":"Feature","properties":{"name":null,"kind":"coastline"},"geometry":{"type":"LineString","coordinates":[[0.69832,51.7229],[0.69832,51.7229]]}},{"type":"Feature","properties":{"name":null,"kind":"coastline"},"geometry":{"type":"LineString","coordinates":[[0.70388,51.72054],[0.69803,51.72515]]}},{"type":"Feature","properties":{"name":null,"kind":"coastline"},"geometry":{"type":"LineString","coordinates":[[0.69892,51.72262],[0.69892,51.72262]]}},{"type":"Feature","properties":{"name":null,"kind":"coastline"},"geometry":{"type":"LineString","coordinates":[[0.71528,51.73579],[0.71528,51.73579]]}},{"type":"Feature","properties":{"name":null,"kind":"coastline"},"geometry":{"type":"LineString","coordinates":[[0.69955,51.72285],[0.69955,51.72285]]}},{"type":"Feature","properties":{"name":null,"kind":"coastline"},"geometry":{"type":"LineString","coordinates":[[0.69886,51.72433],[0.69886,51.72433]]}},{"type":"Feature","properties":{"name":null,"kind":"coastline"},"geometry":{"type":"LineString","coordinates":[[0.71232,51.73514],[0.71232,51.73514]]}},{"type":"Feature","properties":{"name":null,"kind":"coastline"},"geometry":{"type":"LineString","coordinates":[[0.83497,51.77124],[0.83497,51.77124]]}},{"type":"Feature","properties":{"name":null,"kind":"coastline"},"geometry":{"type":"LineString","coordinates":[[0.83584,51.76913],[0.83191,51.76988],[0.83928,51.77363],[0.84353,51.7718],[0.85125,51.77414]]}},{"type":"Feature","properties":{"name":null,"kind":"coastline"},"geometry":{"type":"LineString","coordinates":[[0.83722,51.77142],[0.83722,51.77142]]}},{"type":"Feature","properties":{"name":null,"kind":"coastline"},"geometry":{"type":"LineString","coordinates":[[0.83691,51.76963],[0.83691,51.76963]]}},{"type":"Feature","properties":{"name":null,"kind":"coastline"},"geometry":{"type":"LineString","coordinates":[[0.86812,51.76782],[0.86812,51.76782]]}},{"type":"Feature","properties":{"name":null,"kind":"coastline"},"geometry":{"type":"LineString","coordinates":[[0.86847,51.78133],[0.86847,51.78133]]}},{"type":"Feature","properties":{"name":null,"kind":"coastline"},"geometry":{"type":"LineString","coordinates":[[0.88768,51.77924],[0.88768,51.77924]]}},{"type":"Feature","properties":{"name":null,"kind":"coastline"},"geometry":{"type":"LineString","coordinates":[[0.85201,51.76333],[0.85201,51.76333]]}},{"type":"Feature","properties":{"name":null,"kind":"coastline"},"geometry":{"type":"LineString","coordinates":[[0.87033,51.76111],[0.87033,51.76111]]}},{"type":"Feature","properties":{"name":null,"kind":"coastline"},"geometry":{"type":"LineString","coordinates":[[0.88851,51.76938],[0.88851,51.76938]]}},{"type":"Feature","properties":{"name":null,"kind":"coastline"},"geometry":{"type":"LineString","coordinates":[[0.89279,51.7804],[0.89279,51.7804]]}},{"type":"Feature","properties":{"name":null,"kind":"coastline"},"geometry":{"type":"LineString","coordinates":[[0.87147,51.78492],[0.87147,51.78492]]}},{"type":"Feature","properties":{"name":null,"kind":"coastline"},"geometry":{"type":"LineString","coordinates":[[0.86387,51.76793],[0.86387,51.76793]]}},{"type":"Feature","properties":{"name":null,"kind":"coastline"},"geometry":{"type":"LineString","coordinates":[[0.83808,51.76929],[0.83808,51.76929]]}},{"type":"Feature","properties":{"name":null,"kind":"coastline"},"geometry":{"type":"LineString","coordinates":[[0.84839,51.76377],[0.84839,51.76377]]}},{"type":"Feature","properties":{"name":null,"kind":"coastline"},"geometry":{"type":"LineString","coordinates":[[0.83581,51.78433],[0.83581,51.78433]]}},{"type":"Feature","properties":{"name":null,"kind":"coastline"},"geometry":{"type":"LineString","coordinates":[[0.88671,51.7731],[0.88508,51.77442],[0.88671,51.7731]]}},{"type":"Feature","properties":{"name":null,"kind":"coastline"},"geometry":{"type":"LineString","coordinates":[[0.8534,51.76495],[0.8534,51.76495]]}},{"type":"Feature","properties":{"name":null,"kind":"coastline"},"geometry":{"type":"LineString","coordinates":[[0.85171,51.78325],[0.85171,51.78325]]}},{"type":"Feature","properties":{"name":null,"kind":"coastline"},"geometry":{"type":"LineString","coordinates":[[0.84597,51.78316],[0.84597,51.78316]]}},{"type":"Feature","properties":{"name":null,"kind":"coastline"},"geometry":{"type":"LineString","coordinates":[[0.85225,51.76744],[0.85225,51.76744]]}},{"type":"Feature","properties":{"name":null,"kind":"coastline"},"geometry":{"type":"LineString","coordinates":[[0.85773,51.7629],[0.85773,51.7629]]}},{"type":"Feature","properties":{"name":null,"kind":"coastline"},"geometry":{"type":"LineString","coordinates":[[0.85723,51.75974],[0.85723,51.75974]]}},{"type":"Feature","properties":{"name":null,"kind":"coastline"},"geometry":{"type":"LineString","coordinates":[[0.85073,51.77056],[0.85073,51.77056]]}},{"type":"Feature","properties":{"name":null,"kind":"coastline"},"geometry":{"type":"LineString","coordinates":[[0.83325,51.76971],[0.83535,51.76939],[0.83325,51.76971]]}},{"type":"Feature","properties":{"name":null,"kind":"coastline"},"geometry":{"type":"LineString","coordinates":[[0.84052,51.77222],[0.84052,51.77222]]}},{"type":"Feature","properties":{"name":null,"kind":"coastline"},"geometry":{"type":"LineString","coordinates":[[0.83708,51.7692],[0.83708,51.7692]]}},{"type":"Feature","properties":{"name":"Great Cob Island","kind":"coastline"},"geometry":{"type":"LineString","coordinates":[[0.88191,51.76069],[0.87416,51.76348],[0.88191,51.76069]]}},{"type":"Feature","properties":{"name":null,"kind":"coastline"},"geometry":{"type":"LineString","coordinates":[[0.85768,51.76365],[0.8597,51.76372],[0.85768,51.76365]]}},{"type":"Feature","properties":{"name":null,"kind":"coastline"},"geometry":{"type":"LineString","coordinates":[[0.87422,51.78647],[0.87422,51.78647]]}},{"type":"Feature","properties":{"name":null,"kind":"coastline"},"geometry":{"type":"LineString","coordinates":[[0.85172,51.76816],[0.85172,51.76816]]}},{"type":"Feature","properties":{"name":null,"kind":"coastline"},"geometry":{"type":"LineString","coordinates":[[0.88719,51.77928],[0.88719,51.77928]]}},{"type":"Feature","properties":{"name":null,"kind":"coastline"},"geometry":{"type":"LineString","coordinates":[[0.87231,51.78645],[0.87231,51.78645]]}},{"type":"Feature","properties":{"name":null,"kind":"coastline"},"geometry":{"type":"LineString","coordinates":[[0.83699,51.77005],[0.83699,51.77005]]}},{"type":"Feature","properties":{"name":null,"kind":"coastline"},"geometry":{"type":"LineString","coordinates":[[0.87283,51.76005],[0.87283,51.76005]]}},{"type":"Feature","properties":{"name":null,"kind":"coastline"},"geometry":{"type":"LineString","coordinates":[[0.89393,51.76623],[0.89031,51.76686],[0.89393,51.76623]]}},{"type":"Feature","properties":{"name":null,"kind":"coastline"},"geometry":{"type":"LineString","coordinates":[[0.84944,51.76563],[0.84944,51.76563]]}},{"type":"Feature","properties":{"name":null,"kind":"coastline"},"geometry":{"type":"LineString","coordinates":[[0.86417,51.76266],[0.86417,51.76266]]}},{"type":"Feature","properties":{"name":null,"kind":"coastline"},"geometry":{"type":"LineString","coordinates":[[0.8855,51.78021],[0.8855,51.78021]]}},{"type":"Feature","properties":{"name":null,"kind":"coastline"},"geometry":{"type":"LineString","coordinates":[[0.85064,51.77274],[0.85064,51.77274]]}},{"type":"Feature","properties":{"name":null,"kind":"coastline"},"geometry":{"type":"LineString","coordinates":[[0.85886,51.78684],[0.85886,51.78684]]}},{"type":"Feature","properties":{"name":null,"kind":"coastline"},"geometry":{"type":"LineString","coordinates":[[0.85484,51.78639],[0.85484,51.78639]]}},{"type":"Feature","properties":{"name":null,"kind":"coastline"},"geometry":{"type":"LineString","coordinates":[[0.83864,51.77118],[0.83864,51.77118]]}},{"type":"Feature","properties":{"name":null,"kind":"coastline"},"geometry":{"type":"LineString","coordinates":[[0.84898,51.76123],[0.84898,51.76123]]}},{"type":"Feature","properties":{"name":null,"kind":"coastline"},"geometry":{"type":"LineString","coordinates":[[0.85762,51.76475],[0.85762,51.76475]]}},{"type":"Feature","properties":{"name":null,"kind":"coastline"},"geometry":{"type":"LineString","coordinates":[[0.85048,51.76899],[0.85048,51.76899]]}},{"type":"Feature","properties":{"name":null,"kind":"coastline"},"geometry":{"type":"LineString","coordinates":[[0.86098,51.78546],[0.87116,51.78329],[0.86532,51.7867],[0.86673,51.79238],[0.86636,51.78873],[0.87843,51.78648],[0.88231,51.7821],[0.89223,51.77914],[0.89493,51.79113],[0.89863,51.79112]]}},{"type":"Feature","properties":{"name":null,"kind":"coastline"},"geometry":{"type":"LineString","coordinates":[[0.88434,51.77905],[0.88434,51.77905]]}},{"type":"Feature","properties":{"name":null,"kind":"coastline"},"geometry":{"type":"LineString","coordinates":[[0.87662,51.7862],[0.87662,51.7862]]}},{"type":"Feature","properties":{"name":null,"kind":"coastline"},"geometry":{"type":"LineString","coordinates":[[0.8393,51.77033],[0.8393,51.77033]]}},{"type":"Feature","properties":{"name":null,"kind":"coastline"},"geometry":{"type":"LineString","coordinates":[[0.84738,51.77058],[0.84738,51.77058]]}},{"type":"Feature","properties":{"name":null,"kind":"coastline"},"geometry":{"type":"LineString","coordinates":[[0.85629,51.76343],[0.85629,51.76343]]}},{"type":"Feature","properties":{"name":null,"kind":"coastline"},"geometry":{"type":"LineString","coordinates":[[0.88651,51.77658],[0.88651,51.77658]]}},{"type":"Feature","properties":{"name":null,"kind":"coastline"},"geometry":{"type":"LineString","coordinates":[[0.85389,51.78697],[0.85389,51.78697]]}},{"type":"Feature","properties":{"name":null,"kind":"coastline"},"geometry":{"type":"LineString","coordinates":[[0.88484,51.77823],[0.88484,51.77823]]}},{"type":"Feature","properties":{"name":null,"kind":"coastline"},"geometry":{"type":"LineString","coordinates":[[0.88583,51.77799],[0.88583,51.77799]]}},{"type":"Feature","properties":{"name":null,"kind":"coastline"},"geometry":{"type":"LineString","coordinates":[[0.84597,51.76639],[0.84597,51.76639]]}},{"type":"Feature","properties":{"name":null,"kind":"coastline"},"geometry":{"type":"LineString","coordinates":[[0.83679,51.7704],[0.83679,51.7704]]}},{"type":"Feature","properties":{"name":null,"kind":"coastline"},"geometry":{"type":"LineString","coordinates":[[0.88153,51.77691],[0.88153,51.77691]]}},{"type":"Feature","properties":{"name":null,"kind":"coastline"},"geometry":{"type":"LineString","coordinates":[[0.83693,51.77036],[0.8349,51.77046],[0.83693,51.77036]]}},{"type":"Feature","properties":{"name":null,"kind":"coastline"},"geometry":{"type":"LineString","coordinates":[[0.85182,51.78576],[0.85182,51.78576]]}},{"type":"Feature","properties":{"name":null,"kind":"coastline"},"geometry":{"type":"LineString","coordinates":[[0.84747,51.76759],[0.84561,51.76842],[0.84747,51.76759]]}},{"type":"Feature","properties":{"name":null,"kind":"coastline"},"geometry":{"type":"LineString","coordinates":[[0.85096,51.76773],[0.85096,51.76773]]}},{"type":"Feature","properties":{"name":null,"kind":"coastline"},"geometry":{"type":"LineString","coordinates":[[0.86993,51.78678],[0.86993,51.78678]]}},{"type":"Feature","properties":{"name":null,"kind":"coastline"},"geometry":{"type":"LineString","coordinates":[[0.84132,51.77116],[0.84132,51.77116]]}},{"type":"Feature","properties":{"name":null,"kind":"coastline"},"geometry":{"type":"LineString","coordinates":[[0.85011,51.76044],[0.85011,51.76044]]}},{"type":"Feature","properties":{"name":null,"kind":"coastline"},"geometry":{"type":"LineString","coordinates":[[0.83761,51.77298],[0.83761,51.77298]]}},{"type":"Feature","properties":{"name":null,"kind":"coastline"},"geometry":{"type":"LineString","coordinates":[[0.86158,51.7827],[0.86158,51.7827]]}},{"type":"Feature","properties":{"name":null,"kind":"coastline"},"geometry":{"type":"LineString","coordinates":[[0.85621,51.78722],[0.85621,51.78722]]}},{"type":"Feature","properties":{"name":null,"kind":"coastline"},"geometry":{"type":"LineString","coordinates":[[0.88908,51.7656],[0.88908,51.7656]]}},{"type":"Feature","properties":{"name":null,"kind":"coastline"},"geometry":{"type":"LineString","coordinates":[[0.87202,51.78394],[0.87202,51.78394]]}},{"type":"Feature","properties":{"name":null,"kind":"coastline"},"geometry":{"type":"LineString","coordinates":[[0.85538,51.76138],[0.85538,51.76138]]}},{"type":"Feature","properties":{"name":null,"kind":"coastline"},"geometry":{"type":"LineString","coordinates":[[0.8412,51.77354],[0.8412,51.77354]]}},{"type":"Feature","properties":{"name":null,"kind":"coastline"},"geometry":{"type":"LineString","coordinates":[[0.88583,51.77236],[0.88583,51.77236]]}},{"type":"Feature","properties":{"name":null,"kind":"coastline"},"geometry":{"type":"LineString","coordinates":[[0.85125,51.77414],[0.85734,51.77503],[0.86093,51.7687],[0.88362,51.76381],[0.89077,51.7677],[0.88647,51.76786],[0.88648,51.7708],[0.89053,51.76886],[0.88658,51.7712]]}},{"type":"Feature","properties":{"name":null,"kind":"coastline"},"geometry":{"type":"LineString","coordinates":[[0.87231,51.7863],[0.8732,51.78447],[0.87231,51.7863]]}},{"type":"Feature","properties":{"name":null,"kind":"coastline"},"geometry":{"type":"LineString","coordinates":[[0.85122,51.7606],[0.85122,51.7606]]}},{"type":"Feature","properties":{"name":null,"kind":"coastline"},"geometry":{"type":"LineString","coordinates":[[0.86636,51.78905],[0.86636,51.78905]]}},{"type":"Feature","properties":{"name":null,"kind":"coastline"},"geometry":{"type":"LineString","coordinates":[[0.83788,51.77109],[0.83788,51.77109]]}},{"type":"Feature","properties":{"name":null,"kind":"coastline"},"geometry":{"type":"LineString","coordinates":[[0.86928,51.78645],[0.86928,51.78645]]}},{"type":"Feature","properties":{"name":null,"kind":"coastline"},"geometry":{"type":"LineString","coordinates":[[0.89243,51.78075],[0.89243,51.78075]]}},{"type":"Feature","properties":{"name":null,"kind":"coastline"},"geometry":{"type":"LineString","coordinates":[[0.85313,51.76757],[0.85313,51.76757]]}},{"type":"Feature","properties":{"name":null,"kind":"coastline"},"geometry":{"type":"LineString","coordinates":[[0.85173,51.76174],[0.85173,51.76174]]}},{"type":"Feature","properties":{"name":null,"kind":"coastline"},"geometry":{"type":"LineString","coordinates":[[0.83931,51.77004],[0.83931,51.77004]]}},{"type":"Feature","properties":{"name":null,"kind":"coastline"},"geometry":{"type":"LineString","coordinates":[[0.84442,51.76974],[0.84442,51.76974]]}},{"type":"Feature","properties":{"name":null,"kind":"coastline"},"geometry":{"type":"LineString","coordinates":[[0.87942,51.77847],[0.87942,51.77847]]}},{"type":"Feature","properties":{"name":null,"kind":"coastline"},"geometry":{"type":"LineString","coordinates":[[0.88706,51.76931],[0.88706,51.76931]]}},{"type":"Feature","properties":{"name":null,"kind":"coastline"},"geometry":{"type":"LineString","coordinates":[[0.8364,51.77162],[0.8364,51.77162]]}},{"type":"Feature","properties":{"name":"Sunken Island","kind":"coastline"},"geometry":{"type":"LineString","coordinates":[[0.89163,51.77296],[0.88802,51.77763],[0.89163,51.77296]]}},{"type":"Feature","properties":{"name":null,"kind":"coastline"},"geometry":{"type":"LineString","coordinates":[[0.88027,51.77785],[0.88027,51.77785]]}},{"type":"Feature","properties":{"name":null,"kind":"coastline"},"geometry":{"type":"LineString","coordinates":[[0.87359,51.78571],[0.87561,51.78572],[0.87359,51.78571]]}},{"type":"Feature","properties":{"name":null,"kind":"coastline"},"geometry":{"type":"LineString","coordinates":[[0.8477,51.76696],[0.8477,51.76696]]}},{"type":"Feature","properties":{"name":null,"kind":"coastline"},"geometry":{"type":"LineString","coordinates":[[0.84308,51.77025],[0.84308,51.77025]]}},{"type":"Feature","properties":{"name":null,"kind":"coastline"},"geometry":{"type":"LineString","coordinates":[[0.84571,51.76949],[0.84571,51.76949]]}},{"type":"Feature","properties":{"name":null,"kind":"coastline"},"geometry":{"type":"LineString","coordinates":[[0.8552,51.76301],[0.8552,51.76301]]}},{"type":"Feature","properties":{"name":null,"kind":"coastline"},"geometry":{"type":"LineString","coordinates":[[0.85396,51.77302],[0.85183,51.77357],[0.85396,51.77302]]}},{"type":"Feature","properties":{"name":null,"kind":"coastline"},"geometry":{"type":"LineString","coordinates":[[0.85507,51.76533],[0.85507,51.76533]]}},{"type":"Feature","properties":{"name":null,"kind":"coastline"},"geometry":{"type":"LineString","coordinates":[[0.85727,51.76472],[0.85727,51.76472]]}},{"type":"Feature","properties":{"name":null,"kind":"coastline"},"geometry":{"type":"LineString","coordinates":[[0.88066,51.7776],[0.88066,51.7776]]}},{"type":"Feature","properties":{"name":null,"kind":"coastline"},"geometry":{"type":"LineString","coordinates":[[0.85628,51.76497],[0.85628,51.76497]]}},{"type":"Feature","properties":{"name":null,"kind":"coastline"},"geometry":{"type":"LineString","coordinates":[[0.85362,51.76612],[0.85146,51.76613],[0.85362,51.76612]]}},{"type":"Feature","properties":{"name":null,"kind":"coastline"},"geometry":{"type":"LineString","coordinates":[[0.85615,51.76483],[0.85615,51.76483]]}},{"type":"Feature","properties":{"name":null,"kind":"coastline"},"geometry":{"type":"LineString","coordinates":[[0.85872,51.76379],[0.85872,51.76379]]}},{"type":"Feature","properties":{"name":null,"kind":"coastline"},"geometry":{"type":"LineString","coordinates":[[0.85339,51.76406],[0.85538,51.76432],[0.85339,51.76406]]}},{"type":"Feature","properties":{"name":null,"kind":"coastline"},"geometry":{"type":"LineString","coordinates":[[0.84667,51.76509],[0.84667,51.76509]]}},{"type":"Feature","properties":{"name":null,"kind":"coastline"},"geometry":{"type":"LineString","coordinates":[[0.88896,51.77548],[0.88896,51.77548]]}},{"type":"Feature","properties":{"name":"Little Cob Island","kind":"coastline"},"geometry":{"type":"LineString","coordinates":[[0.8731,51.7625],[0.87112,51.76298],[0.8731,51.7625]]}},{"type":"Feature","properties":{"name":null,"kind":"coastline"},"geometry":{"type":"LineString","coordinates":[[0.85332,51.7864],[0.85332,51.7864]]}},{"type":"Feature","properties":{"name":null,"kind":"coastline"},"geometry":{"type":"LineString","coordinates":[[0.86564,51.78221],[0.86564,51.78221]]}},{"type":"Feature","properties":{"name":null,"kind":"coastline"},"geometry":{"type":"LineString","coordinates":[[0.87695,51.75875],[0.87695,51.75875]]}},{"type":"Feature","properties":{"name":null,"kind":"coastline"},"geometry":{"type":"LineString","coordinates":[[0.8548,51.76394],[0.8548,51.76394]]}},{"type":"Feature","properties":{"name":null,"kind":"coastline"},"geometry":{"type":"LineString","coordinates":[[0.83937,51.77261],[0.83744,51.77206],[0.83937,51.77261]]}},{"type":"Feature","properties":{"name":null,"kind":"coastline"},"geometry":{"type":"LineString","coordinates":[[0.85201,51.78574],[0.85201,51.78574]]}},{"type":"Feature","properties":{"name":null,"kind":"coastline"},"geometry":{"type":"LineString","coordinates":[[0.84871,51.76529],[0.85067,51.76573],[0.84655,51.76579],[0.84871,51.76529]]}},{"type":"Feature","properties":{"name":null,"kind":"coastline"},"geometry":{"type":"LineString","coordinates":[[0.88565,51.77761],[0.88565,51.77761]]}},{"type":"Feature","properties":{"name":null,"kind":"coastline"},"geometry":{"type":"LineString","coordinates":[[0.87432,51.78023],[0.87432,51.78023]]}},{"type":"Feature","properties":{"name":null,"kind":"coastline"},"geometry":{"type":"LineString","coordinates":[[0.87676,51.78385],[0.87676,51.78385]]}},{"type":"Feature","properties":{"name":null,"kind":"coastline"},"geometry":{"type":"LineString","coordinates":[[0.8418,51.77327],[0.8418,51.77327]]}},{"type":"Feature","properties":{"name":null,"kind":"coastline"},"geometry":{"type":"LineString","coordinates":[[0.8498,51.76115],[0.8498,51.76115]]}},{"type":"Feature","properties":{"name":null,"kind":"coastline"},"geometry":{"type":"LineString","coordinates":[[0.89135,51.77236],[0.89135,51.77236]]}},{"type":"Feature","properties":{"name":null,"kind":"coastline"},"geometry":{"type":"LineString","coordinates":[[0.84349,51.76906],[0.84349,51.76906]]}},{"type":"Feature","properties":{"name":null,"kind":"coastline"},"geometry":{"type":"LineString","coordinates":[[0.84559,51.78117],[0.84559,51.78117]]}},{"type":"Feature","properties":{"name":null,"kind":"coastline"},"geometry":{"type":"LineString","coordinates":[[0.84997,51.76988],[0.84217,51.77225],[0.84872,51.76787],[0.84997,51.76988]]}},{"type":"Feature","properties":{"name":null,"kind":"coastline"},"geometry":{"type":"LineString","coordinates":[[0.88593,51.77231],[0.88593,51.77231]]}},{"type":"Feature","properties":{"name":null,"kind":"coastline"},"geometry":{"type":"LineString","coordinates":[[0.85619,51.76939],[0.85619,51.76939]]}},{"type":"Feature","properties":{"name":null,"kind":"coastline"},"geometry":{"type":"LineString","coordinates":[[0.87495,51.7801],[0.87495,51.7801]]}},{"type":"Feature","properties":{"name":null,"kind":"coastline"},"geometry":{"type":"LineString","coordinates":[[0.84043,51.76985],[0.84043,51.76985]]}},{"type":"Feature","properties":{"name":null,"kind":"coastline"},"geometry":{"type":"LineString","coordinates":[[0.85596,51.77281],[0.85596,51.77281]]}},{"type":"Feature","properties":{"name":null,"kind":"coastline"},"geometry":{"type":"LineString","coordinates":[[0.85421,51.76293],[0.85421,51.76293]]}},{"type":"Feature","properties":{"name":null,"kind":"coastline"},"geometry":{"type":"LineString","coordinates":[[0.84239,51.7698],[0.84239,51.7698]]}},{"type":"Feature","properties":{"name":null,"kind":"coastline"},"geometry":{"type":"LineString","coordinates":[[0.86347,51.76277],[0.86347,51.76277]]}},{"type":"Feature","properties":{"name":null,"kind":"coastline"},"geometry":{"type":"LineString","coordinates":[[0.8514,51.75922],[0.8514,51.75922]]}},{"type":"Feature","properties":{"name":null,"kind":"coastline"},"geometry":{"type":"LineString","coordinates":[[0.85974,51.78311],[0.85974,51.78311]]}},{"type":"Feature","properties":{"name":null,"kind":"coastline"},"geometry":{"type":"LineString","coordinates":[[0.83494,51.77072],[0.83494,51.77072]]}},{"type":"Feature","properties":{"name":null,"kind":"coastline"},"geometry":{"type":"LineString","coordinates":[[0.87804,51.78403],[0.87804,51.78403]]}},{"type":"Feature","properties":{"name":null,"kind":"coastline"},"geometry":{"type":"LineString","coordinates":[[0.87731,51.78409],[0.87731,51.78409]]}},{"type":"Feature","properties":{"name":null,"kind":"coastline"},"geometry":{"type":"LineString","coordinates":[[0.85594,51.76212],[0.85594,51.76212]]}},{"type":"Feature","properties":{"name":null,"kind":"coastline"},"geometry":{"type":"LineString","coordinates":[[0.845,51.78099],[0.845,51.78099]]}},{"type":"Feature","properties":{"name":null,"kind":"coastline"},"geometry":{"type":"LineString","coordinates":[[0.84469,51.77217],[0.84469,51.77217]]}},{"type":"Feature","properties":{"name":null,"kind":"coastline"},"geometry":{"type":"LineString","coordinates":[[0.83787,51.77344],[0.83787,51.77344]]}},{"type":"Feature","properties":{"name":null,"kind":"coastline"},"geometry":{"type":"LineString","coordinates":[[0.84568,51.76662],[0.84568,51.76662]]}},{"type":"Feature","properties":{"name":null,"kind":"coastline"},"geometry":{"type":"LineString","coordinates":[[0.84027,51.76946],[0.84027,51.76946]]}},{"type":"Feature","properties":{"name":null,"kind":"coastline"},"geometry":{"type":"LineString","coordinates":[[0.86604,51.78205],[0.86604,51.78205]]}},{"type":"Feature","properties":{"name":null,"kind":"coastline"},"geometry":{"type":"LineString","coordinates":[[0.83808,51.77114],[0.83808,51.77114]]}},{"type":"Feature","properties":{"name":null,"kind":"coastline"},"geometry":{"type":"LineString","coordinates":[[0.88609,51.77957],[0.88609,51.77957]]}},{"type":"Feature","properties":{"name":null,"kind":"coastline"},"geometry":{"type":"LineString","coordinates":[[0.85381,51.76843],[0.85381,51.76843]]}},{"type":"Feature","properties":{"name":null,"kind":"coastline"},"geometry":{"type":"LineString","coordinates":[[0.85579,51.77203],[0.85579,51.77203]]}},{"type":"Feature","properties":{"name":null,"kind":"coastline"},"geometry":{"type":"LineString","coordinates":[[0.84678,51.77214],[0.84678,51.77214]]}},{"type":"Feature","properties":{"name":null,"kind":"coastline"},"geometry":{"type":"LineString","coordinates":[[0.88979,51.76635],[0.88979,51.76635]]}},{"type":"Feature","properties":{"name":null,"kind":"coastline"},"geometry":{"type":"LineString","coordinates":[[0.86522,51.76767],[0.86522,51.76767]]}},{"type":"Feature","properties":{"name":null,"kind":"coastline"},"geometry":{"type":"LineString","coordinates":[[0.84973,51.78273],[0.84387,51.78034],[0.83638,51.78415],[0.83995,51.78615],[0.83817,51.78746],[0.82867,51.78754],[0.84001,51.7871],[0.83806,51.78431],[0.84169,51.78232],[0.85587,51.78739],[0.86098,51.78546]]}},{"type":"Feature","properties":{"name":null,"kind":"coastline"},"geometry":{"type":"LineString","coordinates":[[0.87195,51.78494],[0.87195,51.78494]]}},{"type":"Feature","properties":{"name":null,"kind":"coastline"},"geometry":{"type":"LineString","coordinates":[[0.87069,51.76099],[0.87069,51.76099]]}},{"type":"Feature","properties":{"name":null,"kind":"coastline"},"geometry":{"type":"LineString","coordinates":[[0.85004,51.76109],[0.85004,51.76109]]}},{"type":"Feature","properties":{"name":null,"kind":"coastline"},"geometry":{"type":"LineString","coordinates":[[0.89046,51.77294],[0.89046,51.77294]]}},{"type":"Feature","properties":{"name":null,"kind":"coastline"},"geometry":{"type":"LineString","coordinates":[[0.85193,51.75908],[0.85193,51.75908]]}},{"type":"Feature","properties":{"name":null,"kind":"coastline"},"geometry":{"type":"LineString","coordinates":[[0.84969,51.77095],[0.84969,51.77095]]}},{"type":"Feature","properties":{"name":null,"kind":"coastline"},"geometry":{"type":"LineString","coordinates":[[0.89175,51.77243],[0.89175,51.77243]]}},{"type":"Feature","properties":{"name":null,"kind":"coastline"},"geometry":{"type":"LineString","coordinates":[[0.88177,51.77671],[0.88177,51.77671]]}},{"type":"Feature","properties":{"name":null,"kind":"coastline"},"geometry":{"type":"LineString","coordinates":[[0.86017,51.76451],[0.86017,51.76451]]}},{"type":"Feature","properties":{"name":null,"kind":"coastline"},"geometry":{"type":"LineString","coordinates":[[0.87537,51.75913],[0.87537,51.75913]]}},{"type":"Feature","properties":{"name":null,"kind":"coastline"},"geometry":{"type":"LineString","coordinates":[[0.87691,51.78601],[0.87691,51.78601]]}},{"type":"Feature","properties":{"name":null,"kind":"coastline"},"geometry":{"type":"LineString","coordinates":[[0.89553,51.78897],[0.89553,51.78897]]}},{"type":"Feature","properties":{"name":null,"kind":"coastline"},"geometry":{"type":"LineString","coordinates":[[0.84091,51.77082],[0.84091,51.77082]]}},{"type":"Feature","properties":{"name":null,"kind":"coastline"},"geometry":{"type":"LineString","coordinates":[[0.87822,51.78559],[0.87822,51.78559]]}},{"type":"Feature","properties":{"name":null,"kind":"coastline"},"geometry":{"type":"LineString","coordinates":[[0.89033,51.77377],[0.89033,51.77377]]}},{"type":"Feature","properties":{"name":null,"kind":"coastline"},"geometry":{"type":"LineString","coordinates":[[0.89283,51.78101],[0.89283,51.78101]]}},{"type":"Feature","properties":{"name":null,"kind":"coastline"},"geometry":{"type":"LineString","coordinates":[[0.87694,51.78487],[0.87694,51.78487]]}},{"type":"Feature","properties":{"name":null,"kind":"coastline"},"geometry":{"type":"LineString","coordinates":[[0.85282,51.76363],[0.85456,51.76135],[0.85282,51.76363]]}},{"type":"Feature","properties":{"name":null,"kind":"coastline"},"geometry":{"type":"LineString","coordinates":[[0.89641,51.79048],[0.89831,51.79119],[0.89641,51.79048]]}},{"type":"Feature","properties":{"name":null,"kind":"coastline"},"geometry":{"type":"LineString","coordinates":[[0.85397,51.76344],[0.85397,51.76344]]}},{"type":"Feature","properties":{"name":null,"kind":"coastline"},"geometry":{"type":"LineString","coordinates":[[0.85501,51.77014],[0.85501,51.77014]]}},{"type":"Feature","properties":{"name":null,"kind":"coastline"},"geometry":{"type":"LineString","coordinates":[[0.88076,51.76074],[0.88076,51.76074]]}},{"type":"Feature","properties":{"name":null,"kind":"coastline"},"geometry":{"type":"LineString","coordinates":[[0.85882,51.78654],[0.85674,51.78708],[0.85882,51.78654]]}},{"type":"Feature","properties":{"name":null,"kind":"coastline"},"geometry":{"type":"LineString","coordinates":[[0.89266,51.77993],[0.89266,51.77993]]}},{"type":"Feature","properties":{"name":null,"kind":"coastline"},"geometry":{"type":"LineString","coordinates":[[0.85584,51.76189],[0.85584,51.76189]]}},{"type":"Feature","properties":{"name":null,"kind":"coastline"},"geometry":{"type":"LineString","coordinates":[[0.89317,51.7747],[0.88954,51.77899],[0.89317,51.7747]]}},{"type":"Feature","properties":{"name":null,"kind":"coastline"},"geometry":{"type":"LineString","coordinates":[[0.84976,51.74737],[0.84976,51.74737]]}},{"type":"Feature","properties":{"name":null,"kind":"coastline"},"geometry":{"type":"LineString","coordinates":[[0.77595,51.74247],[0.77595,51.74247]]}},{"type":"Feature","properties":{"name":null,"kind":"coastline"},"geometry":{"type":"LineString","coordinates":[[0.79236,51.74365],[0.79236,51.74365]]}},{"type":"Feature","properties":{"name":null,"kind":"coastline"},"geometry":{"type":"LineString","coordinates":[[0.77585,51.74221],[0.77585,51.74221]]}},{"type":"Feature","properties":{"name":null,"kind":"coastline"},"geometry":{"type":"LineString","coordinates":[[0.77699,51.72572],[0.77248,51.72628],[0.77699,51.72572]]}},{"type":"Feature","properties":{"name":null,"kind":"coastline"},"geometry":{"type":"LineString","coordinates":[[0.79046,51.74017],[0.79046,51.74017]]}},{"type":"Feature","properties":{"name":null,"kind":"coastline"},"geometry":{"type":"LineString","coordinates":[[0.77323,51.74062],[0.77323,51.74062]]}},{"type":"Feature","properties":{"name":null,"kind":"coastline"},"geometry":{"type":"LineString","coordinates":[[0.77844,51.72475],[0.77844,51.72475]]}},{"type":"Feature","properties":{"name":null,"kind":"coastline"},"geometry":{"type":"LineString","coordinates":[[0.77119,51.73949],[0.77119,51.73949]]}},{"type":"Feature","properties":{"name":null,"kind":"coastline"},"geometry":{"type":"LineString","coordinates":[[0.77524,51.74196],[0.77524,51.74196]]}},{"type":"Feature","properties":{"name":null,"kind":"coastline"},"geometry":{"type":"LineString","coordinates":[[0.80165,51.73905],[0.80165,51.73905]]}},{"type":"Feature","properties":{"name":null,"kind":"coastline"},"geometry":{"type":"LineString","coordinates":[[0.79177,51.7427],[0.79177,51.7427]]}},{"type":"Feature","properties":{"name":null,"kind":"coastline"},"geometry":{"type":"LineString","coordinates":[[0.79195,51.74019],[0.79195,51.74019]]}},{"type":"Feature","properties":{"name":null,"kind":"coastline"},"geometry":{"type":"LineString","coordinates":[[0.84242,51.74064],[0.84242,51.74064]]}},{"type":"Feature","properties":{"name":null,"kind":"coastline"},"geometry":{"type":"LineString","coordinates":[[0.7733,51.74001],[0.7733,51.74001]]}},{"type":"Feature","properties":{"name":null,"kind":"coastline"},"geometry":{"type":"LineString","coordinates":[[0.77269,51.73943],[0.77269,51.73943]]}},{"type":"Feature","properties":{"name":null,"kind":"coastline"},"geometry":{"type":"LineString","coordinates":[[0.82289,51.73943],[0.82289,51.73943]]}},{"type":"Feature","properties":{"name":null,"kind":"coastline"},"geometry":{"type":"LineString","coordinates":[[0.77319,51.74123],[0.77319,51.74123]]}},{"type":"Feature","properties":{"name":null,"kind":"coastline"},"geometry":{"type":"LineString","coordinates":[[0.75225,51.73518],[0.75225,51.73518]]}},{"type":"Feature","properties":{"name":null,"kind":"coastline"},"geometry":{"type":"LineString","coordinates":[[0.84988,51.74516],[0.85187,51.74466],[0.84988,51.74516]]}},{"type":"Feature","properties":{"name":null,"kind":"coastline"},"geometry":{"type":"LineString","coordinates":[[0.77918,51.72579],[0.78269,51.72519],[0.77918,51.72579]]}},{"type":"Feature","properties":{"name":null,"kind":"coastline"},"geometry":{"type":"LineString","coordinates":[[0.77867,51.72637],[0.77668,51.72686],[0.77867,51.72637]]}},{"type":"Feature","properties":{"name":null,"kind":"coastline"},"geometry":{"type":"LineString","coordinates":[[0.77645,51.742],[0.77645,51.742]]}},{"type":"Feature","properties":{"name":null,"kind":"coastline"},"geometry":{"type":"LineString","coordinates":[[0.84543,51.73889],[0.84177,51.73845],[0.84543,51.73889]]}},{"type":"Feature","properties":{"name":null,"kind":"coastline"},"geometry":{"type":"LineString","coordinates":[[0.77347,51.74181],[0.77347,51.74181]]}},{"type":"Feature","properties":{"name":null,"kind":"coastline"},"geometry":{"type":"LineString","coordinates":[[0.80051,51.73933],[0.80051,51.73933]]}},{"type":"Feature","properties":{"name":"Osea Island","kind":"coastline"},"geometry":{"type":"LineString","coordinates":[[0.78471,51.72217],[0.76627,51.72637],[0.77032,51.72554],[0.76874,51.72693],[0.75466,51.72512],[0.77211,51.71868],[0.78471,51.72217]]}},{"type":"Feature","properties":{"name":null,"kind":"coastline"},"geometry":{"type":"LineString","coordinates":[[0.79856,51.73996],[0.79856,51.73996]]}},{"type":"Feature","properties":{"name":null,"kind":"coastline"},"geometry":{"type":"LineString","coordinates":[[0.8479,51.74605],[0.8479,51.74605]]}},{"type":"Feature","properties":{"name":null,"kind":"coastline"},"geometry":{"type":"LineString","coordinates":[[0.77609,51.74045],[0.77609,51.74045]]}},{"type":"Feature","properties":{"name":null,"kind":"coastline"},"geometry":{"type":"LineString","coordinates":[[0.79052,51.74161],[0.79256,51.74183],[0.79052,51.74161]]}},{"type":"Feature","properties":{"name":null,"kind":"coastline"},"geometry":{"type":"LineString","coordinates":[[1.28978,51.86335],[1.29089,51.87184],[1.28693,51.87538]]}},{"type":"Feature","properties":{"name":null,"kind":"coastline"},"geometry":{"type":"LineString","coordinates":[[1.28693,51.87538],[1.26458,51.88463]]}},{"type":"Feature","properties":{"name":null,"kind":"coastline"},"geometry":{"type":"LineString","coordinates":[[1.43684,51.3888],[1.43684,51.3888]]}},{"type":"Feature","properties":{"name":"Trinity Quay","kind":"coastline"},"geometry":{"type":"LineString","coordinates":[[1.28268,51.96607],[1.31333,51.95243]]}},{"type":"Feature","properties":{"name":null,"kind":"coastline"},"geometry":{"type":"LineString","coordinates":[[1.29077,51.93727],[1.28975,51.94801]]}},{"type":"Feature","properties":{"name":null,"kind":"coastline"},"geometry":{"type":"LineString","coordinates":[[0.72893,51.71299],[0.72403,51.71389]]}},{"type":"Feature","properties":{"name":null,"kind":"coastline"},"geometry":{"type":"LineString","coordinates":[[0.74845,51.70645],[0.75049,51.70682],[0.74857,51.70838]]}},{"type":"Feature","properties":{"name":null,"kind":"coastline"},"geometry":{"type":"LineString","coordinates":[[0.78346,51.70772],[0.77261,51.70443]]}},{"type":"Feature","properties":{"name":null,"kind":"coastline"},"geometry":{"type":"LineString","coordinates":[[0.77484,51.69164],[0.77484,51.69164]]}},{"type":"Feature","properties":{"name":null,"kind":"coastline"},"geometry":{"type":"LineString","coordinates":[[0.75328,51.69477],[0.75328,51.69477]]}},{"type":"Feature","properties":{"name":null,"kind":"coastline"},"geometry":{"type":"LineString","coordinates":[[0.74098,51.68725],[0.73773,51.68869],[0.73964,51.69095]]}},{"type":"Feature","properties":{"name":null,"kind":"coastline"},"geometry":{"type":"LineString","coordinates":[[0.74393,51.70836],[0.74393,51.70836]]}},{"type":"Feature","properties":{"name":null,"kind":"coastline"},"geometry":{"type":"LineString","coordinates":[[0.77425,51.69258],[0.77425,51.69258]]}},{"type":"Feature","properties":{"name":null,"kind":"coastline"},"geometry":{"type":"LineString","coordinates":[[0.7569,51.70933],[0.74844,51.70625]]}},{"type":"Feature","properties":{"name":null,"kind":"coastline"},"geometry":{"type":"LineString","coordinates":[[0.7421,51.69072],[0.7421,51.69072]]}},{"type":"Feature","properties":{"name":null,"kind":"coastline"},"geometry":{"type":"LineString","coordinates":[[0.74739,51.68889],[0.73952,51.68945],[0.74098,51.68725]]}},{"type":"Feature","properties":{"name":null,"kind":"coastline"},"geometry":{"type":"LineString","coordinates":[[0.74321,51.7112],[0.73914,51.71213]]}},{"type":"Feature","properties":{"name":null,"kind":"coastline"},"geometry":{"type":"LineString","coordinates":[[0.76227,51.70816],[0.7569,51.70933]]}},{"type":"Feature","properties":{"name":null,"kind":"coastline"},"geometry":{"type":"LineString","coordinates":[[0.73902,51.71211],[0.72893,51.71299]]}},{"type":"Feature","properties":{"name":null,"kind":"coastline"},"geometry":{"type":"LineString","coordinates":[[0.74904,51.68843],[0.74739,51.68889]]}},{"type":"Feature","properties":{"name":null,"kind":"coastline"},"geometry":{"type":"LineString","coordinates":[[0.74857,51.70838],[0.74858,51.70848]]}},{"type":"Feature","properties":{"name":null,"kind":"coastline"},"geometry":{"type":"LineString","coordinates":[[0.73996,51.69346],[0.74379,51.69229]]}},{"type":"Feature","properties":{"name":null,"kind":"coastline"},"geometry":{"type":"LineString","coordinates":[[0.74865,51.70963],[0.74294,51.70835],[0.74652,51.7101],[0.74321,51.7112]]}},{"type":"Feature","properties":{"name":null,"kind":"coastline"},"geometry":{"type":"LineString","coordinates":[[0.74109,51.68813],[0.74109,51.68813]]}},{"type":"Feature","properties":{"name":null,"kind":"coastline"},"geometry":{"type":"LineString","coordinates":[[0.74379,51.69229],[0.74773,51.69104],[0.75425,51.69681],[0.75055,51.70005],[0.76912,51.708],[0.76227,51.70816]]}},{"type":"Feature","properties":{"name":null,"kind":"coastline"},"geometry":{"type":"LineString","coordinates":[[0.75622,51.69173],[0.7541,51.69168],[0.75686,51.69085]]}},{"type":"Feature","properties":{"name":null,"kind":"coastline"},"geometry":{"type":"LineString","coordinates":[[0.74858,51.70848],[0.75065,51.70899],[0.74865,51.70963]]}},{"type":"Feature","properties":{"name":null,"kind":"coastline"},"geometry":{"type":"LineString","coordinates":[[0.7756,51.69751],[0.77395,51.69371],[0.77801,51.69296],[0.77713,51.68618],[0.77359,51.68752],[0.77617,51.69048],[0.77135,51.70195],[0.76205,51.70046]]}},{"type":"Feature","properties":{"name":null,"kind":"coastline"},"geometry":{"type":"LineString","coordinates":[[0.74844,51.70625],[0.74656,51.70549],[0.74845,51.70645]]}},{"type":"Feature","properties":{"name":null,"kind":"coastline"},"geometry":{"type":"LineString","coordinates":[[0.73988,51.69344],[0.73863,51.69185],[0.73996,51.69346]]}},{"type":"Feature","properties":{"name":null,"kind":"coastline"},"geometry":{"type":"LineString","coordinates":[[0.76205,51.70046],[0.75622,51.69173]]}},{"type":"Feature","properties":{"name":null,"kind":"coastline"},"geometry":{"type":"LineString","coordinates":[[0.75686,51.69085],[0.74904,51.68843]]}},{"type":"Feature","properties":{"name":null,"kind":"coastline"},"geometry":{"type":"LineString","coordinates":[[0.77261,51.70443],[0.77299,51.70346]]}},{"type":"Feature","properties":{"name":null,"kind":"coastline"},"geometry":{"type":"LineString","coordinates":[[0.73964,51.69095],[0.74169,51.69117],[0.7395,51.69118]]}},{"type":"Feature","properties":{"name":null,"kind":"coastline"},"geometry":{"type":"LineString","coordinates":[[0.7395,51.69118],[0.73988,51.69344]]}},{"type":"Feature","properties":{"name":null,"kind":"coastline"},"geometry":{"type":"LineString","coordinates":[[0.77299,51.70346],[0.7756,51.69751]]}},{"type":"Feature","properties":{"name":null,"kind":"coastline"},"geometry":{"type":"LineString","coordinates":[[0.71884,51.71543],[0.71877,51.71542]]}},{"type":"Feature","properties":{"name":null,"kind":"coastline"},"geometry":{"type":"LineString","coordinates":[[0.72403,51.71389],[0.71888,51.71543]]}},{"type":"Feature","properties":{"name":null,"kind":"coastline"},"geometry":{"type":"LineString","coordinates":[[0.80945,51.71878],[0.79404,51.71818]]}},{"type":"Feature","properties":{"name":null,"kind":"coastline"},"geometry":{"type":"LineString","coordinates":[[0.80524,51.74162],[0.81266,51.73994]]}},{"type":"Feature","properties":{"name":null,"kind":"coastline"},"geometry":{"type":"LineString","coordinates":[[0.81266,51.73994],[0.83704,51.73859]]}},{"type":"Feature","properties":{"name":null,"kind":"coastline"},"geometry":{"type":"LineString","coordinates":[[0.88865,51.7354],[0.88615,51.73292]]}},{"type":"Feature","properties":{"name":null,"kind":"coastline"},"geometry":{"type":"LineString","coordinates":[[0.85187,51.71607],[0.85187,51.71607]]}},{"type":"Feature","properties":{"name":null,"kind":"coastline"},"geometry":{"type":"LineString","coordinates":[[0.83348,51.71505],[0.83133,51.71615]]}},{"type":"Feature","properties":{"name":null,"kind":"coastline"},"geometry":{"type":"LineString","coordinates":[[0.8606,51.71918],[0.85233,51.715],[0.84749,51.7164]]}},{"type":"Feature","properties":{"name":null,"kind":"coastline"},"geometry":{"type":"LineString","coordinates":[[0.78685,51.70855],[0.78685,51.70855]]}},{"type":"Feature","properties":{"name":null,"kind":"coastline"},"geometry":{"type":"LineString","coordinates":[[0.87897,51.72862],[0.8606,51.71918]]}},{"type":"Feature","properties":{"name":null,"kind":"coastline"},"geometry":{"type":"LineString","coordinates":[[0.88676,51.7352],[0.88676,51.7352]]}},{"type":"Feature","properties":{"name":null,"kind":"coastline"},"geometry":{"type":"LineString","coordinates":[[0.88194,51.73496],[0.87912,51.73208],[0.88583,51.7367],[0.88194,51.73496]]}},{"type":"Feature","properties":{"name":null,"kind":"coastline"},"geometry":{"type":"LineString","coordinates":[[0.84749,51.7164],[0.8402,51.71564]]}},{"type":"Feature","properties":{"name":null,"kind":"coastline"},"geometry":{"type":"LineString","coordinates":[[0.7922,51.71311],[0.79748,51.70812],[0.78891,51.7072]]}},{"type":"Feature","properties":{"name":null,"kind":"coastline"},"geometry":{"type":"LineString","coordinates":[[0.79352,51.70785],[0.79352,51.70785]]}},{"type":"Feature","properties":{"name":null,"kind":"coastline"},"geometry":{"type":"LineString","coordinates":[[0.78234,51.73809],[0.78869,51.73673],[0.79633,51.73976],[0.78382,51.73809]]}},{"type":"Feature","properties":{"name":null,"kind":"coastline"},"geometry":{"type":"LineString","coordinates":[[0.88892,51.73577],[0.88865,51.7354]]}},{"type":"Feature","properties":{"name":null,"kind":"coastline"},"geometry":{"type":"LineString","coordinates":[[0.83133,51.71615],[0.83091,51.7166]]}},{"type":"Feature","properties":{"name":null,"kind":"coastline"},"geometry":{"type":"LineString","coordinates":[[0.88178,51.75793],[0.86357,51.76245],[0.84953,51.75757],[0.85369,51.75971],[0.84854,51.76262],[0.85225,51.76431],[0.84681,51.76328],[0.84134,51.76913],[0.83584,51.76913]]}},{"type":"Feature","properties":{"name":null,"kind":"coastline"},"geometry":{"type":"LineString","coordinates":[[0.78891,51.7072],[0.78346,51.70772]]}},{"type":"Feature","properties":{"name":null,"kind":"coastline"},"geometry":{"type":"LineString","coordinates":[[0.89515,51.74327],[0.89457,51.7432]]}},{"type":"Feature","properties":{"name":null,"kind":"coastline"},"geometry":{"type":"LineString","coordinates":[[0.85038,51.71661],[0.84838,51.71668],[0.85038,51.71661]]}},{"type":"Feature","properties":{"name":null,"kind":"coastline"},"geometry":{"type":"LineString","coordinates":[[0.83704,51.73859],[0.85181,51.74155],[0.84708,51.74688],[0.85621,51.74409],[0.87252,51.75349]]}},{"type":"Feature","properties":{"name":null,"kind":"coastline"},"geometry":{"type":"LineString","coordinates":[[0.83091,51.7166],[0.81906,51.72099],[0.80945,51.71878]]}},{"type":"Feature","properties":{"name":null,"kind":"coastline"},"geometry":{"type":"LineString","coordinates":[[0.8402,51.71564],[0.83348,51.71505]]}},{"type":"Feature","properties":{"name":null,"kind":"coastline"},"geometry":{"type":"LineString","coordinates":[[0.79404,51.71818],[0.7922,51.71311]]}},{"type":"Feature","properties":{"name":null,"kind":"coastline"},"geometry":{"type":"LineString","coordinates":[[0.92581,51.74768],[0.91849,51.7473]]}},{"type":"Feature","properties":{"name":null,"kind":"coastline"},"geometry":{"type":"LineString","coordinates":[[0.91849,51.7473],[0.9111,51.74633]]}},{"type":"Feature","properties":{"name":null,"kind":"coastline"},"geometry":{"type":"LineString","coordinates":[[0.9111,51.74633],[0.89515,51.74327]]}},{"type":"Feature","properties":{"name":null,"kind":"coastline"},"geometry":{"type":"LineString","coordinates":[[0.89457,51.7432],[0.88877,51.73922],[0.88892,51.73577]]}},{"type":"Feature","properties":{"name":null,"kind":"coastline"},"geometry":{"type":"LineString","coordinates":[[0.74437,51.73143],[0.74076,51.7321],[0.7505,51.73251],[0.74506,51.73352]]}},{"type":"Feature","properties":{"name":null,"kind":"coastline"},"geometry":{"type":"LineString","coordinates":[[0.67235,51.63679],[0.67033,51.63691],[0.67235,51.63679]]}},{"type":"Feature","properties":{"name":null,"kind":"coastline"},"geometry":{"type":"LineString","coordinates":[[0.66406,51.63724],[0.66079,51.6431],[0.66065,51.63734],[0.66406,51.63724]]}},{"type":"Feature","properties":{"name":null,"kind":"coastline"},"geometry":{"type":"LineString","coordinates":[[0.70361,51.63375],[0.65755,51.63512],[0.64915,51.63275],[0.65086,51.63039],[0.64863,51.63023],[0.65271,51.62934],[0.64829,51.62562],[0.64792,51.62961],[0.63606,51.6316],[0.60621,51.62867],[0.59332,51.63076],[0.58807,51.6303],[0.58705,51.62299],[0.57803,51.62485],[0.5712,51.62246],[0.58595,51.6236],[0.58884,51.63126],[0.6049,51.6304],[0.60249,51.63767],[0.59449,51.63722],[0.5982,51.64369],[0.60034,51.6438],[0.59641,51.63875],[0.60316,51.63803],[0.60788,51.6301],[0.64257,51.63256],[0.64641,51.63627],[0.63928,51.63816],[0.63632,51.63581],[0.62868,51.64025],[0.65794,51.63789],[0.65717,51.64428],[0.65043,51.64573],[0.65104,51.64815],[0.66538,51.64243],[0.6644,51.63711],[0.69588,51.63931],[0.70475,51.63675]]}},{"type":"Feature","properties":{"name":null,"kind":"coastline"},"geometry":{"type":"LineString","coordinates":[[0.67511,51.41334],[0.67728,51.41254],[0.67511,51.41334]]}},{"type":"Feature","properties":{"name":null,"kind":"coastline"},"geometry":{"type":"LineString","coordinates":[[0.67584,51.41383],[0.67584,51.41383]]}},{"type":"Feature","properties":{"name":null,"kind":"coastline"},"geometry":{"type":"LineString","coordinates":[[1.02073,51.80639],[1.02083,51.80638]]}},{"type":"Feature","properties":{"name":null,"kind":"coastline"},"geometry":{"type":"LineString","coordinates":[[1.02083,51.80638],[1.0209,51.80637]]}},{"type":"Feature","properties":{"name":null,"kind":"coastline"},"geometry":{"type":"LineString","coordinates":[[1.02133,51.80623],[1.02379,51.80515]]}},{"type":"Feature","properties":{"name":null,"kind":"coastline"},"geometry":{"type":"LineString","coordinates":[[1.0209,51.80637],[1.02133,51.80623]]}},{"type":"Feature","properties":{"name":null,"kind":"coastline"},"geometry":{"type":"LineString","coordinates":[[1.02379,51.80515],[1.02384,51.80514]]}},{"type":"Feature","properties":{"name":null,"kind":"coastline"},"geometry":{"type":"LineString","coordinates":[[0.623,51.42981],[0.62547,51.42912],[0.623,51.42981]]}},{"type":"Feature","properties":{"name":null,"kind":"coastline"},"geometry":{"type":"LineString","coordinates":[[0.63901,51.43011],[0.64135,51.43094],[0.63901,51.43011]]}},{"type":"Feature","properties":{"name":null,"kind":"coastline"},"geometry":{"type":"LineString","coordinates":[[0.63719,51.43329],[0.63719,51.43329]]}},{"type":"Feature","properties":{"name":null,"kind":"coastline"},"geometry":{"type":"LineString","coordinates":[[0.62401,51.43044],[0.62623,51.43019],[0.62401,51.43044]]}},{"type":"Feature","properties":{"name":null,"kind":"coastline"},"geometry":{"type":"LineString","coordinates":[[1.2499,51.91316],[1.24996,51.91545],[1.2499,51.91316]]}},{"type":"Feature","properties":{"name":null,"kind":"coastline"},"geometry":{"type":"LineString","coordinates":[[1.25392,51.90374],[1.25524,51.90589]]}},{"type":"Feature","properties":{"name":null,"kind":"coastline"},"geometry":{"type":"LineString","coordinates":[[1.25384,51.91315],[1.25384,51.91315]]}},{"type":"Feature","properties":{"name":null,"kind":"coastline"},"geometry":{"type":"LineString","coordinates":[[1.25962,51.91944],[1.2593,51.91746],[1.25962,51.91944]]}},{"type":"Feature","properties":{"name":null,"kind":"coastline"},"geometry":{"type":"LineString","coordinates":[[1.25449,51.91621],[1.25042,51.91649],[1.25449,51.91621]]}},{"type":"Feature","properties":{"name":null,"kind":"coastline"},"geometry":{"type":"LineString","coordinates":[[1.25771,51.9164],[1.25771,51.9164]]}},{"type":"Feature","properties":{"name":null,"kind":"coastline"},"geometry":{"type":"LineString","coordinates":[[1.25524,51.90589],[1.25565,51.90792]]}},{"type":"Feature","properties":{"name":null,"kind":"coastline"},"geometry":{"type":"LineString","coordinates":[[1.26794,51.92342],[1.26938,51.92334]]}},{"type":"Feature","properties":{"name":null,"kind":"coastline"},"geometry":{"type":"LineString","coordinates":[[1.25769,51.91599],[1.25579,51.91662],[1.25769,51.91599]]}},{"type":"Feature","properties":{"name":null,"kind":"coastline"},"geometry":{"type":"LineString","coordinates":[[1.25976,51.92023],[1.26186,51.92011],[1.25976,51.92023]]}},{"type":"Feature","properties":{"name":null,"kind":"coastline"},"geometry":{"type":"LineString","coordinates":[[1.25622,51.91273],[1.25622,51.91273]]}},{"type":"Feature","properties":{"name":null,"kind":"coastline"},"geometry":{"type":"LineString","coordinates":[[1.25653,51.91295],[1.25469,51.91383],[1.25653,51.91295]]}},{"type":"Feature","properties":{"name":null,"kind":"coastline"},"geometry":{"type":"LineString","coordinates":[[1.25654,51.91284],[1.25386,51.91021],[1.25452,51.91272],[1.24984,51.91305],[1.25511,51.90855],[1.24961,51.91206],[1.24963,51.91612],[1.26364,51.92021]]}},{"type":"Feature","properties":{"name":null,"kind":"coastline"},"geometry":{"type":"LineString","coordinates":[[1.25556,51.91352],[1.25765,51.91565],[1.25267,51.9158],[1.25556,51.91352]]}},{"type":"Feature","properties":{"name":null,"kind":"coastline"},"geometry":{"type":"LineString","coordinates":[[1.26364,51.92021],[1.26794,51.92342]]}},{"type":"Feature","properties":{"name":null,"kind":"coastline"},"geometry":{"type":"LineString","coordinates":[[1.25565,51.90792],[1.25654,51.91284]]}},{"type":"Feature","properties":{"name":null,"kind":"coastline"},"geometry":{"type":"LineString","coordinates":[[0.74506,51.73352],[0.75032,51.73599]]}},{"type":"Feature","properties":{"name":null,"kind":"coastline"},"geometry":{"type":"LineString","coordinates":[[0.73747,51.73271],[0.74437,51.73143]]}},{"type":"Feature","properties":{"name":null,"kind":"coastline"},"geometry":{"type":"LineString","coordinates":[[0.7,51.72832],[0.70407,51.725]]}},{"type":"Feature","properties":{"name":null,"kind":"coastline"},"geometry":{"type":"LineString","coordinates":[[0.69521,51.72939],[0.7,51.72832]]}},{"type":"Feature","properties":{"name":null,"kind":"coastline"},"geometry":{"type":"LineString","coordinates":[[0.70816,51.72552],[0.70916,51.7275]]}},{"type":"Feature","properties":{"name":null,"kind":"coastline"},"geometry":{"type":"LineString","coordinates":[[0.70407,51.725],[0.70816,51.72552]]}},{"type":"Feature","properties":{"name":null,"kind":"coastline"},"geometry":{"type":"LineString","coordinates":[[0.91982,51.79729],[0.92082,51.80138]]}},{"type":"Feature","properties":{"name":null,"kind":"coastline"},"geometry":{"type":"LineString","coordinates":[[0.91986,51.79677],[0.92052,51.79227]]}},{"type":"Feature","properties":{"name":null,"kind":"coastline"},"geometry":{"type":"LineString","coordinates":[[0.78365,51.61648],[0.78517,51.61356],[0.80013,51.61384],[0.81613,51.60467],[0.82034,51.59895]]}},{"type":"Feature","properties":{"name":null,"kind":"coastline"},"geometry":{"type":"LineString","coordinates":[[0.78634,51.62327],[0.78287,51.61977]]}},{"type":"Feature","properties":{"name":null,"kind":"coastline"},"geometry":{"type":"LineString","coordinates":[[1.43648,51.38887],[1.43648,51.38887]]}},{"type":"Feature","properties":{"name":null,"kind":"coastline"},"geometry":{"type":"LineString","coordinates":[[0.56536,51.54194],[0.56675,51.54176]]}},{"type":"Feature","properties":{"name":null,"kind":"coastline"},"geometry":{"type":"LineString","coordinates":[[0.77653,51.52272],[0.78721,51.52194],[0.82123,51.54066]]}},{"type":"Feature","properties":{"name":null,"kind":"coastline"},"geometry":{"type":"LineString","coordinates":[[0.56675,51.54176],[0.58756,51.53877]]}},{"type":"Feature","properties":{"name":null,"kind":"coastline"},"geometry":{"type":"LineString","coordinates":[[0.6879,51.53535],[0.72049,51.53256]]}},{"type":"Feature","properties":{"name":null,"kind":"coastline"},"geometry":{"type":"LineString","coordinates":[[0.76824,51.52548],[0.77653,51.52272]]}},{"type":"Feature","properties":{"name":null,"kind":"coastline"},"geometry":{"type":"LineString","coordinates":[[0.72049,51.53256],[0.73154,51.53016]]}},{"type":"Feature","properties":{"name":null,"kind":"coastline"},"geometry":{"type":"LineString","coordinates":[[0.82123,51.54066],[0.82409,51.54197]]}},{"type":"Feature","properties":{"name":null,"kind":"coastline"},"geometry":{"type":"LineString","coordinates":[[0.54421,51.54633],[0.56536,51.54194]]}},{"type":"Feature","properties":{"name":null,"kind":"coastline"},"geometry":{"type":"LineString","coordinates":[[0.58756,51.53877],[0.6123,51.53497],[0.62718,51.53804]]}},{"type":"Feature","properties":{"name":null,"kind":"coastline"},"geometry":{"type":"LineString","coordinates":[[0.64018,51.54016],[0.67069,51.53814]]}},{"type":"Feature","properties":{"name":null,"kind":"coastline"},"geometry":{"type":"LineString","coordinates":[[0.62718,51.53804],[0.64018,51.54016]]}},{"type":"Feature","properties":{"name":null,"kind":"coastline"},"geometry":{"type":"LineString","coordinates":[[0.67069,51.53814],[0.6879,51.53535]]}},{"type":"Feature","properties":{"name":null,"kind":"coastline"},"geometry":{"type":"LineString","coordinates":[[0.73154,51.53016],[0.76824,51.52548]]}},{"type":"Feature","properties":{"name":null,"kind":"coastline"},"geometry":{"type":"LineString","coordinates":[[1.35789,51.31148],[1.35831,51.31416],[1.36235,51.31334],[1.36165,51.31939],[1.36577,51.32488],[1.37647,51.32944],[1.42221,51.32371],[1.41424,51.32583],[1.4205,51.32741],[1.41817,51.32897],[1.42201,51.33094],[1.42459,51.32603],[1.42476,51.3307],[1.44237,51.35023],[1.44582,51.35833]]}},{"type":"Feature","properties":{"name":null,"kind":"coastline"},"geometry":{"type":"LineString","coordinates":[[1.02479,51.36398],[1.01189,51.35202],[1.00133,51.34819],[0.91807,51.34529],[0.91407,51.34451],[0.92206,51.34434],[0.89582,51.33926],[0.89939,51.33502],[0.90957,51.33553]]}},{"type":"Feature","properties":{"name":null,"kind":"coastline"},"geometry":{"type":"LineString","coordinates":[[0.90957,51.33553],[0.90878,51.33505]]}},{"type":"Feature","properties":{"name":null,"kind":"coastline"},"geometry":{"type":"LineString","coordinates":[[1.02505,51.36449],[1.02699,51.36346],[1.02479,51.36398]]}},{"type":"Feature","properties":{"name":null,"kind":"coastline"},"geometry":{"type":"LineString","coordinates":[[1.43471,51.38929],[1.42612,51.39347],[1.38751,51.39272],[1.37797,51.39072],[1.38051,51.39131],[1.37736,51.38783],[1.33496,51.38637],[1.33125,51.38251],[1.31502,51.38035],[1.29013,51.38278],[1.27988,51.37815],[1.25591,51.37681],[1.20014,51.37975],[1.16222,51.37416],[1.10068,51.37252],[1.0942,51.36849],[1.06817,51.36918],[1.06652,51.36779],[1.07067,51.36795],[1.02505,51.36449]]}},{"type":"Feature","properties":{"name":null,"kind":"coastline"},"geometry":{"type":"LineString","coordinates":[[1.36565,51.31319],[1.35789,51.31148]]}},{"type":"Feature","properties":{"name":null,"kind":"coastline"},"geometry":{"type":"LineString","coordinates":[[1.36767,51.3161],[1.36565,51.31319]]}},{"type":"Feature","properties":{"name":null,"kind":"coastline"},"geometry":{"type":"LineString","coordinates":[[1.44582,51.35833],[1.44543,51.36692],[1.44952,51.37757]]}},{"type":"Feature","properties":{"name":null,"kind":"coastline"},"geometry":{"type":"LineString","coordinates":[[0.96316,51.85309],[0.96272,51.8526]]}},{"type":"Feature","properties":{"name":null,"kind":"coastline"},"geometry":{"type":"LineString","coordinates":[[0.96339,51.85235],[0.96355,51.85289]]}},{"type":"Feature","properties":{"name":null,"kind":"coastline"},"geometry":{"type":"LineString","coordinates":[[0.96458,51.85251],[0.96782,51.85107]]}},{"type":"Feature","properties":{"name":null,"kind":"coastline"},"geometry":{"type":"LineString","coordinates":[[0.96378,51.85283],[0.96458,51.85251]]}},{"type":"Feature","properties":{"name":null,"kind":"coastline"},"geometry":{"type":"LineString","coordinates":[[0.75759,51.44407],[0.74364,51.44649]]}},{"type":"Feature","properties":{"name":null,"kind":"coastline"},"geometry":{"type":"LineString","coordinates":[[0.83731,51.42527],[0.81991,51.42683]]}},{"type":"Feature","properties":{"name":null,"kind":"coastline"},"geometry":{"type":"LineString","coordinates":[[0.74364,51.44649],[0.74129,51.44005]]}},{"type":"Feature","properties":{"name":null,"kind":"coastline"},"geometry":{"type":"LineString","coordinates":[[0.79157,51.43927],[0.75759,51.44407]]}},{"type":"Feature","properties":{"name":null,"kind":"coastline"},"geometry":{"type":"LineString","coordinates":[[0.85313,51.42345],[0.83731,51.42527]]}},{"type":"Feature","properties":{"name":null,"kind":"coastline"},"geometry":{"type":"LineString","coordinates":[[0.80754,51.43152],[0.79157,51.43927]]}},{"type":"Feature","properties":{"name":null,"kind":"coastline"},"geometry":{"type":"LineString","coordinates":[[0.81991,51.42683],[0.80754,51.43152]]}},{"type":"Feature","properties":{"name":null,"kind":"coastline"},"geometry":{"type":"LineString","coordinates":[[0.90092,51.41677],[0.88349,51.42136],[0.85313,51.42345]]}},{"type":"Feature","properties":{"name":null,"kind":"coastline"},"geometry":{"type":"LineString","coordinates":[[0.91318,51.40529],[0.90092,51.41677]]}},{"type":"Feature","properties":{"name":null,"kind":"coastline"},"geometry":{"type":"LineString","coordinates":[[0.87095,51.36101],[0.87095,51.36101]]}},{"type":"Feature","properties":{"name":null,"kind":"coastline"},"geometry":{"type":"LineString","coordinates":[[0.86302,51.36489],[0.86302,51.36489]]}},{"type":"Feature","properties":{"name":null,"kind":"coastline"},"geometry":{"type":"LineString","coordinates":[[0.86246,51.3653],[0.86059,51.3641],[0.86246,51.3653]]}},{"type":"Feature","properties":{"name":null,"kind":"coastline"},"geometry":{"type":"LineString","coordinates":[[0.87758,51.35961],[0.879,51.36105],[0.87541,51.36205],[0.87758,51.35961]]}},{"type":"Feature","properties":{"name":null,"kind":"coastline"},"geometry":{"type":"LineString","coordinates":[[0.86139,51.36567],[0.85759,51.36484],[0.86139,51.36567]]}},{"type":"Feature","properties":{"name":null,"kind":"coastline"},"geometry":{"type":"LineString","coordinates":[[0.87646,51.35894],[0.87522,51.36053],[0.87646,51.35894]]}},{"type":"Feature","properties":{"name":null,"kind":"coastline"},"geometry":{"type":"LineString","coordinates":[[0.8821,51.35967],[0.8821,51.35967]]}},{"type":"Feature","properties":{"name":null,"kind":"coastline"},"geometry":{"type":"LineString","coordinates":[[0.8569,51.37016],[0.86053,51.36594],[0.87481,51.36362],[0.88792,51.35577],[0.90956,51.3559],[0.9249,51.36157],[0.93461,51.3687],[0.93294,51.37029],[0.93902,51.37012],[0.94082,51.3738],[0.9413,51.37004],[0.94548,51.37474],[0.94498,51.36726],[0.95084,51.3732],[0.93798,51.38988]]}},{"type":"Feature","properties":{"name":null,"kind":"coastline"},"geometry":{"type":"LineString","coordinates":[[0.93798,51.38988],[0.91318,51.40529]]}},{"type":"Feature","properties":{"name":null,"kind":"coastline"},"geometry":{"type":"LineString","coordinates":[[0.73733,51.43125],[0.73685,51.42047],[0.74105,51.41526],[0.74685,51.41634],[0.74073,51.4114],[0.73059,51.40936]]}},{"type":"Feature","properties":{"name":null,"kind":"coastline"},"geometry":{"type":"LineString","coordinates":[[0.73059,51.40936],[0.72683,51.41185]]}},{"type":"Feature","properties":{"name":null,"kind":"coastline"},"geometry":{"type":"LineString","coordinates":[[0.7431,51.39709],[0.75076,51.39469],[0.75132,51.39106]]}},{"type":"Feature","properties":{"name":null,"kind":"coastline"},"geometry":{"type":"LineString","coordinates":[[0.74962,51.39409],[0.74962,51.39409]]}},{"type":"Feature","properties":{"name":null,"kind":"coastline"},"geometry":{"type":"LineString","coordinates":[[0.81133,51.36967],[0.83741,51.36383],[0.84996,51.36402],[0.84742,51.36926],[0.83877,51.36896]]}},{"type":"Feature","properties":{"name":null,"kind":"coastline"},"geometry":{"type":"LineString","coordinates":[[0.83877,51.36896],[0.84056,51.37171],[0.84832,51.37126],[0.85538,51.36722],[0.8569,51.37016]]}},{"type":"Feature","properties":{"name":null,"kind":"coastline"},"geometry":{"type":"LineString","coordinates":[[0.76663,51.37654],[0.76482,51.37133],[0.77253,51.36846],[0.78995,51.37314],[0.79841,51.36926],[0.80512,51.37202],[0.81133,51.36967]]}},{"type":"Feature","properties":{"name":null,"kind":"coastline"},"geometry":{"type":"LineString","coordinates":[[0.75132,51.39106],[0.76344,51.3884],[0.76974,51.37988],[0.76663,51.37654]]}},{"type":"Feature","properties":{"name":null,"kind":"coastline"},"geometry":{"type":"LineString","coordinates":[[0.82623,51.35766],[0.82623,51.35766]]}},{"type":"Feature","properties":{"name":null,"kind":"coastline"},"geometry":{"type":"LineString","coordinates":[[0.89361,51.3367],[0.89592,51.34376],[0.87185,51.35446]]}},{"type":"Feature","properties":{"name":null,"kind":"coastline"},"geometry":{"type":"LineString","coordinates":[[0.82325,51.35836],[0.82325,51.35836]]}},{"type":"Feature","properties":{"name":null,"kind":"coastline"},"geometry":{"type":"LineString","coordinates":[[0.87185,51.35446],[0.81761,51.35623],[0.81192,51.35271],[0.81644,51.34628],[0.81201,51.34652]]}},{"type":"Feature","properties":{"name":null,"kind":"coastline"},"geometry":{"type":"LineString","coordinates":[[0.89457,51.33634],[0.88001,51.32874],[0.89361,51.3367]]}},{"type":"Feature","properties":{"name":null,"kind":"coastline"},"geometry":{"type":"LineString","coordinates":[[0.82632,51.35792],[0.83139,51.35628],[0.82632,51.35792]]}},{"type":"Feature","properties":{"name":null,"kind":"coastline"},"geometry":{"type":"LineString","coordinates":[[0.82237,51.35859],[0.82417,51.35761],[0.82237,51.35859]]}},{"type":"Feature","properties":{"name":null,"kind":"coastline"},"geometry":{"type":"LineString","coordinates":[[0.82547,51.35714],[0.82547,51.35714]]}},{"type":"Feature","properties":{"name":null,"kind":"coastline"},"geometry":{"type":"LineString","coordinates":[[0.81201,51.34652],[0.81312,51.34984],[0.80975,51.35352],[0.81436,51.35788],[0.8081,51.35972],[0.76635,51.36226],[0.76038,51.36071],[0.7565,51.35321]]}},{"type":"Feature","properties":{"name":null,"kind":"coastline"},"geometry":{"type":"LineString","coordinates":[[0.87107,51.356],[0.87107,51.356]]}},{"type":"Feature","properties":{"name":null,"kind":"coastline"},"geometry":{"type":"LineString","coordinates":[[0.82422,51.35755],[0.82422,51.35755]]}},{"type":"Feature","properties":{"name":null,"kind":"coastline"},"geometry":{"type":"LineString","coordinates":[[0.7565,51.35321],[0.7495,51.34843],[0.74504,51.34902],[0.74404,51.34524],[0.73566,51.34584],[0.75149,51.35051],[0.75886,51.36228],[0.76308,51.36259],[0.75978,51.37535],[0.7635,51.38285],[0.7604,51.38508]]}},{"type":"Feature","properties":{"name":null,"kind":"coastline"},"geometry":{"type":"LineString","coordinates":[[0.7604,51.38508],[0.75896,51.38314],[0.74175,51.39459],[0.72659,51.3989],[0.71725,51.41233],[0.71932,51.41616]]}},{"type":"Feature","properties":{"name":null,"kind":"coastline"},"geometry":{"type":"LineString","coordinates":[[0.71932,51.41616],[0.72781,51.41632],[0.72362,51.41866],[0.7281,51.41974],[0.72032,51.41715],[0.72226,51.41773],[0.70373,51.41884]]}},{"type":"Feature","properties":{"name":null,"kind":"coastline"},"geometry":{"type":"LineString","coordinates":[[0.72559,51.42302],[0.72854,51.42098],[0.72559,51.42302]]}},{"type":"Feature","properties":{"name":null,"kind":"coastline"},"geometry":{"type":"LineString","coordinates":[[0.72441,51.42176],[0.72441,51.42176]]}},{"type":"Feature","properties":{"name":null,"kind":"coastline"},"geometry":{"type":"LineString","coordinates":[[0.71969,51.42125],[0.71913,51.41924],[0.72264,51.42098],[0.71969,51.42125]]}},{"type":"Feature","properties":{"name":null,"kind":"coastline"},"geometry":{"type":"LineString","coordinates":[[0.7204,51.42164],[0.7204,51.42164]]}},{"type":"Feature","properties":{"name":null,"kind":"coastline"},"geometry":{"type":"LineString","coordinates":[[0.72293,51.42198],[0.72479,51.42089],[0.72293,51.42198]]}},{"type":"Feature","properties":{"name":null,"kind":"coastline"},"geometry":{"type":"LineString","coordinates":[[0.72703,51.42332],[0.72703,51.42332]]}},{"type":"Feature","properties":{"name":null,"kind":"coastline"},"geometry":{"type":"LineString","coordinates":[[0.72181,51.42176],[0.72181,51.42176]]}},{"type":"Feature","properties":{"name":null,"kind":"coastline"},"geometry":{"type":"LineString","coordinates":[[0.72056,51.41854],[0.72242,51.41776],[0.72056,51.41854]]}},{"type":"Feature","properties":{"name":null,"kind":"coastline"},"geometry":{"type":"LineString","coordinates":[[0.71286,51.42015],[0.71286,51.42015]]}},{"type":"Feature","properties":{"name":null,"kind":"coastline"},"geometry":{"type":"LineString","coordinates":[[0.71737,51.42076],[0.71533,51.42052],[0.71737,51.42076]]}},{"type":"Feature","properties":{"name":null,"kind":"coastline"},"geometry":{"type":"LineString","coordinates":[[0.71113,51.42004],[0.71113,51.42004]]}},{"type":"Feature","properties":{"name":null,"kind":"coastline"},"geometry":{"type":"LineString","coordinates":[[0.70925,51.41992],[0.70713,51.41985],[0.70925,51.41992]]}},{"type":"Feature","properties":{"name":null,"kind":"coastline"},"geometry":{"type":"LineString","coordinates":[[0.71191,51.41915],[0.70975,51.41939],[0.71191,51.41915]]}},{"type":"Feature","properties":{"name":null,"kind":"coastline"},"geometry":{"type":"LineString","coordinates":[[0.71018,51.42022],[0.71018,51.42022]]}},{"type":"Feature","properties":{"name":null,"kind":"coastline"},"geometry":{"type":"LineString","coordinates":[[0.71522,51.42048],[0.71522,51.42048]]}},{"type":"Feature","properties":{"name":null,"kind":"coastline"},"geometry":{"type":"LineString","coordinates":[[0.70373,51.41884],[0.7057,51.41977],[0.69755,51.42083],[0.69923,51.4113],[0.70498,51.40856],[0.69586,51.4071],[0.69965,51.39962],[0.70395,51.39871],[0.70119,51.39788]]}},{"type":"Feature","properties":{"name":null,"kind":"coastline"},"geometry":{"type":"LineString","coordinates":[[0.70119,51.39788],[0.71791,51.38967],[0.71451,51.38469],[0.69601,51.38024],[0.69478,51.38351],[0.70293,51.39221],[0.68688,51.39163],[0.68236,51.38088],[0.67064,51.37544]]}},{"type":"Feature","properties":{"name":null,"kind":"coastline"},"geometry":{"type":"LineString","coordinates":[[0.65921,51.38986],[0.65921,51.38986]]}},{"type":"Feature","properties":{"name":null,"kind":"coastline"},"geometry":{"type":"LineString","coordinates":[[0.67064,51.37544],[0.66678,51.38299],[0.6629,51.38267],[0.65764,51.39121],[0.64858,51.39725],[0.64158,51.39546],[0.64028,51.38672],[0.62927,51.37964],[0.62836,51.37395],[0.62529,51.37586]]}},{"type":"Feature","properties":{"name":null,"kind":"coastline"},"geometry":{"type":"LineString","coordinates":[[0.62529,51.37586],[0.62242,51.37601],[0.62337,51.37826]]}},{"type":"Feature","properties":{"name":null,"kind":"coastline"},"geometry":{"type":"LineString","coordinates":[[0.67441,51.44003],[0.67687,51.43706],[0.67346,51.43477],[0.6752,51.43364],[0.70437,51.43373],[0.71671,51.43719],[0.72345,51.44673]]}},{"type":"Feature","properties":{"name":null,"kind":"coastline"},"geometry":{"type":"LineString","coordinates":[[0.72345,51.44673],[0.72003,51.45981],[0.70209,51.47185],[0.6835,51.4748]]}},{"type":"Feature","properties":{"name":null,"kind":"coastline"},"geometry":{"type":"LineString","coordinates":[[0.59756,51.40612],[0.6016,51.40664],[0.59756,51.40612]]}},{"type":"Feature","properties":{"name":null,"kind":"coastline"},"geometry":{"type":"LineString","coordinates":[[0.58815,51.39204],[0.58815,51.39204]]}},{"type":"Feature","properties":{"name":null,"kind":"coastline"},"geometry":{"type":"LineString","coordinates":[[0.58545,51.39005],[0.55032,51.39938],[0.55295,51.40023],[0.54475,51.40895],[0.53635,51.41003],[0.53272,51.40703]]}},{"type":"Feature","properties":{"name":null,"kind":"coastline"},"geometry":{"type":"LineString","coordinates":[[0.58877,51.39228],[0.58877,51.39228]]}},{"type":"Feature","properties":{"name":null,"kind":"coastline"},"geometry":{"type":"LineString","coordinates":[[0.5889,51.39313],[0.5889,51.39313]]}},{"type":"Feature","properties":{"name":null,"kind":"coastline"},"geometry":{"type":"LineString","coordinates":[[0.58618,51.3924],[0.58618,51.3924]]}},{"type":"Feature","properties":{"name":null,"kind":"coastline"},"geometry":{"type":"LineString","coordinates":[[0.58761,51.39228],[0.58761,51.39228]]}},{"type":"Feature","properties":{"name":null,"kind":"coastline"},"geometry":{"type":"LineString","coordinates":[[0.58869,51.39351],[0.58869,51.39351]]}},{"type":"Feature","properties":{"name":null,"kind":"coastline"},"geometry":{"type":"LineString","coordinates":[[0.63014,51.44324],[0.63615,51.44594],[0.6454,51.44449],[0.65676,51.44928],[0.66497,51.44398],[0.67202,51.44796],[0.66914,51.4449],[0.67441,51.44003]]}},{"type":"Feature","properties":{"name":null,"kind":"coastline"},"geometry":{"type":"LineString","coordinates":[[0.6121,51.42861],[0.6177,51.43116],[0.61895,51.43724],[0.62505,51.43813],[0.63014,51.44324]]}},{"type":"Feature","properties":{"name":null,"kind":"coastline"},"geometry":{"type":"LineString","coordinates":[[0.61458,51.42429],[0.61458,51.42429]]}},{"type":"Feature","properties":{"name":null,"kind":"coastline"},"geometry":{"type":"LineString","coordinates":[[0.6131,51.4241],[0.6131,51.4241]]}},{"type":"Feature","properties":{"name":null,"kind":"coastline"},"geometry":{"type":"LineString","coordinates":[[0.61037,51.42317],[0.6121,51.42861]]}},{"type":"Feature","properties":{"name":null,"kind":"coastline"},"geometry":{"type":"LineString","coordinates":[[0.61155,51.42264],[0.60599,51.42016],[0.61037,51.42317]]}},{"type":"Feature","properties":{"name":null,"kind":"coastline"},"geometry":{"type":"LineString","coordinates":[[0.62444,51.42674],[0.62444,51.42674]]}},{"type":"Feature","properties":{"name":null,"kind":"coastline"},"geometry":{"type":"LineString","coordinates":[[0.60145,51.41586],[0.62041,51.42178],[0.62215,51.4268],[0.61846,51.42814],[0.61155,51.42264]]}},{"type":"Feature","properties":{"name":null,"kind":"coastline"},"geometry":{"type":"LineString","coordinates":[[0.62045,51.42782],[0.62045,51.42782]]}},{"type":"Feature","properties":{"name":null,"kind":"coastline"},"geometry":{"type":"LineString","coordinates":[[0.56171,51.40849],[0.56171,51.40849]]}},{"type":"Feature","properties":{"name":null,"kind":"coastline"},"geometry":{"type":"LineString","coordinates":[[0.57373,51.41006],[0.57373,51.41006]]}},{"type":"Feature","properties":{"name":"Hoo Island","kind":"coastline"},"geometry":{"type":"LineString","coordinates":[[0.5603,51.40329],[0.58258,51.40318],[0.56405,51.40804],[0.5603,51.40329]]}},{"type":"Feature","properties":{"name":null,"kind":"coastline"},"geometry":{"type":"LineString","coordinates":[[0.57985,51.40464],[0.57985,51.40464]]}},{"type":"Feature","properties":{"name":null,"kind":"coastline"},"geometry":{"type":"LineString","coordinates":[[0.57315,51.40919],[0.57315,51.40919]]}},{"type":"Feature","properties":{"name":null,"kind":"coastline"},"geometry":{"type":"LineString","coordinates":[[0.57524,51.4148],[0.57524,51.4148]]}},{"type":"Feature","properties":{"name":null,"kind":"coastline"},"geometry":{"type":"LineString","coordinates":[[0.57371,51.40835],[0.57371,51.40835]]}},{"type":"Feature","properties":{"name":null,"kind":"coastline"},"geometry":{"type":"LineString","coordinates":[[0.52658,51.40567],[0.53113,51.41198],[0.53644,51.41356],[0.5632,51.40957],[0.5764,51.41572],[0.60145,51.41586]]}},{"type":"Feature","properties":{"name":null,"kind":"coastline"},"geometry":{"type":"LineString","coordinates":[[0.57566,51.41499],[0.57566,51.41499]]}},{"type":"Feature","properties":{"name":null,"kind":"coastline"},"geometry":{"type":"LineString","coordinates":[[0.57233,51.41135],[0.57233,51.41135]]}},{"type":"Feature","properties":{"name":null,"kind":"coastline"},"geometry":{"type":"LineString","coordinates":[[0.63312,51.42057],[0.63312,51.42057]]}},{"type":"Feature","properties":{"name":null,"kind":"coastline"},"geometry":{"type":"LineString","coordinates":[[0.63768,51.41723],[0.63768,51.41723]]}},{"type":"Feature","properties":{"name":null,"kind":"coastline"},"geometry":{"type":"LineString","coordinates":[[0.63024,51.42284],[0.63738,51.41866],[0.63821,51.42058],[0.63024,51.42284]]}},{"type":"Feature","properties":{"name":null,"kind":"coastline"},"geometry":{"type":"LineString","coordinates":[[0.63227,51.42085],[0.63227,51.42085]]}},{"type":"Feature","properties":{"name":null,"kind":"coastline"},"geometry":{"type":"LineString","coordinates":[[0.63145,51.42135],[0.63145,51.42135]]}},{"type":"Feature","properties":{"name":null,"kind":"coastline"},"geometry":{"type":"LineString","coordinates":[[0.63078,51.42158],[0.63078,51.42158]]}},{"type":"Feature","properties":{"name":null,"kind":"coastline"},"geometry":{"type":"LineString","coordinates":[[0.63146,51.42114],[0.63146,51.42114]]}},{"type":"Feature","properties":{"name":null,"kind":"coastline"},"geometry":{"type":"LineString","coordinates":[[0.63014,51.42146],[0.63014,51.42146]]}},{"type":"Feature","properties":{"name":null,"kind":"coastline"},"geometry":{"type":"LineString","coordinates":[[0.63832,51.41753],[0.63832,51.41753]]}},{"type":"Feature","properties":{"name":null,"kind":"coastline"},"geometry":{"type":"LineString","coordinates":[[0.63068,51.42089],[0.63068,51.42089]]}},{"type":"Feature","properties":{"name":null,"kind":"coastline"},"geometry":{"type":"LineString","coordinates":[[0.63288,51.42097],[0.63288,51.42097]]}},{"type":"Feature","properties":{"name":null,"kind":"coastline"},"geometry":{"type":"LineString","coordinates":[[0.63086,51.42108],[0.63086,51.42108]]}},{"type":"Feature","properties":{"name":null,"kind":"coastline"},"geometry":{"type":"LineString","coordinates":[[0.52283,51.39814],[0.51686,51.4002],[0.5234,51.40033],[0.52658,51.40567]]}},{"type":"Feature","properties":{"name":null,"kind":"coastline"},"geometry":{"type":"LineString","coordinates":[[0.53272,51.40703],[0.53168,51.40413]]}},{"type":"Feature","properties":{"name":null,"kind":"coastline"},"geometry":{"type":"LineString","coordinates":[[0.52116,51.39148],[0.52132,51.39323]]}},{"type":"Feature","properties":{"name":null,"kind":"coastline"},"geometry":{"type":"LineString","coordinates":[[0.53168,51.40413],[0.52067,51.38448]]}},{"type":"Feature","properties":{"name":null,"kind":"coastline"},"geometry":{"type":"LineString","coordinates":[[0.51889,51.38699],[0.52116,51.39148]]}},{"type":"Feature","properties":{"name":null,"kind":"coastline"},"geometry":{"type":"LineString","coordinates":[[0.52132,51.39323],[0.52283,51.39814]]}},{"type":"Feature","properties":{"name":null,"kind":"coastline"},"geometry":{"type":"LineString","coordinates":[[0.52067,51.38448],[0.51889,51.38699]]}},{"type":"Feature","properties":{"name":null,"kind":"coastline"},"geometry":{"type":"LineString","coordinates":[[0.50806,51.53079],[0.52812,51.53202]]}},{"type":"Feature","properties":{"name":null,"kind":"coastline"},"geometry":{"type":"LineString","coordinates":[[0.52812,51.53202],[0.53429,51.53095],[0.54173,51.53436],[0.54421,51.54633]]}},{"type":"Feature","properties":{"name":null,"kind":"coastline"},"geometry":{"type":"LineString","coordinates":[[0.53169,51.51913],[0.54606,51.51847],[0.55346,51.51006],[0.57274,51.50792],[0.58655,51.51319],[0.59256,51.5114]]}},{"type":"Feature","properties":{"name":null,"kind":"coastline"},"geometry":{"type":"LineString","coordinates":[[0.52027,51.52042],[0.52096,51.52233],[0.52027,51.52042]]}},{"type":"Feature","properties":{"name":null,"kind":"coastline"},"geometry":{"type":"LineString","coordinates":[[0.52081,51.52093],[0.52081,51.52093]]}},{"type":"Feature","properties":{"name":null,"kind":"coastline"},"geometry":{"type":"LineString","coordinates":[[0.52241,51.5181],[0.52438,51.51757],[0.52241,51.5181]]}},{"type":"Feature","properties":{"name":null,"kind":"coastline"},"geometry":{"type":"LineString","coordinates":[[0.52366,51.51866],[0.52234,51.52018],[0.52366,51.51866]]}},{"type":"Feature","properties":{"name":"RSPB Nor Marsh Nature Reserve","kind":"coastline"},"geometry":{"type":"LineString","coordinates":[[0.61255,51.40125],[0.59571,51.40022],[0.59994,51.39488],[0.60846,51.39851],[0.61683,51.39536],[0.61827,51.39696],[0.61255,51.40125]]}},{"type":"Feature","properties":{"name":null,"kind":"coastline"},"geometry":{"type":"LineString","coordinates":[[1.2843,51.94651],[1.28494,51.94574]]}},{"type":"Feature","properties":{"name":null,"kind":"coastline"},"geometry":{"type":"LineString","coordinates":[[1.28386,51.94559],[1.27763,51.94479],[1.27885,51.93929],[1.27442,51.93921],[1.26063,51.94753]]}},{"type":"Feature","properties":{"name":null,"kind":"coastline"},"geometry":{"type":"LineString","coordinates":[[1.28494,51.94574],[1.28386,51.94559]]}},{"type":"Feature","properties":{"name":null,"kind":"coastline"},"geometry":{"type":"LineString","coordinates":[[1.44952,51.37757],[1.44169,51.38679],[1.43471,51.38929]]}},{"type":"Feature","properties":{"name":null,"kind":"coastline"},"geometry":{"type":"LineString","coordinates":[[1.25758,51.95913],[1.26894,51.95445],[1.27652,51.95758]]}},{"type":"Feature","properties":{"name":null,"kind":"coastline"},"geometry":{"type":"LineString","coordinates":[[1.07098,51.95547],[1.08866,51.9586],[1.09889,51.95481],[1.12918,51.95361],[1.13873,51.96046],[1.16019,51.96718]]}},{"type":"Feature","properties":{"name":null,"kind":"coastline"},"geometry":{"type":"LineString","coordinates":[[0.89523,51.77206],[0.89596,51.77396],[0.89523,51.77206]]}},{"type":"Feature","properties":{"name":null,"kind":"coastline"},"geometry":{"type":"LineString","coordinates":[[0.89746,51.77263],[0.89746,51.77263]]}},{"type":"Feature","properties":{"name":null,"kind":"coastline"},"geometry":{"type":"LineString","coordinates":[[0.71037,51.72003],[0.70829,51.71965]]}},{"type":"Feature","properties":{"name":null,"kind":"coastline"},"geometry":{"type":"LineString","coordinates":[[0.71231,51.72175],[0.71037,51.72003]]}},{"type":"Feature","properties":{"name":null,"kind":"coastline"},"geometry":{"type":"LineString","coordinates":[[0.71869,51.71541],[0.71125,51.71343]]}},{"type":"Feature","properties":{"name":null,"kind":"coastline"},"geometry":{"type":"LineString","coordinates":[[0.6985,51.72564],[0.69745,51.72617]]}},{"type":"Feature","properties":{"name":null,"kind":"coastline"},"geometry":{"type":"LineString","coordinates":[[0.68525,51.73305],[0.6854,51.73381]]}},{"type":"Feature","properties":{"name":null,"kind":"coastline"},"geometry":{"type":"LineString","coordinates":[[0.71122,51.71343],[0.71219,51.71562]]}},{"type":"Feature","properties":{"name":null,"kind":"coastline"},"geometry":{"type":"LineString","coordinates":[[0.69024,51.73556],[0.69042,51.73554]]}},{"type":"Feature","properties":{"name":null,"kind":"coastline"},"geometry":{"type":"LineString","coordinates":[[0.68504,51.73281],[0.68525,51.73305]]}},{"type":"Feature","properties":{"name":null,"kind":"coastline"},"geometry":{"type":"LineString","coordinates":[[0.70971,51.72898],[0.7097,51.72902]]}},{"type":"Feature","properties":{"name":null,"kind":"coastline"},"geometry":{"type":"LineString","coordinates":[[0.70916,51.7275],[0.70971,51.72898]]}},{"type":"Feature","properties":{"name":null,"kind":"coastline"},"geometry":{"type":"LineString","coordinates":[[0.73748,51.73258],[0.73748,51.7326]]}},{"type":"Feature","properties":{"name":null,"kind":"coastline"},"geometry":{"type":"LineString","coordinates":[[0.78382,51.73809],[0.7881,51.73777],[0.79162,51.74486],[0.80524,51.74162]]}},{"type":"Feature","properties":{"name":null,"kind":"coastline"},"geometry":{"type":"LineString","coordinates":[[0.73774,51.73038],[0.73748,51.73258]]}},{"type":"Feature","properties":{"name":null,"kind":"coastline"},"geometry":{"type":"LineString","coordinates":[[0.77139,51.74091],[0.77674,51.74395],[0.77768,51.73996],[0.78234,51.73809]]}},{"type":"Feature","properties":{"name":null,"kind":"coastline"},"geometry":{"type":"LineString","coordinates":[[0.75032,51.73599],[0.76196,51.73828],[0.7615,51.74127],[0.77358,51.73903],[0.77139,51.74091]]}},{"type":"Feature","properties":{"name":null,"kind":"coastline"},"geometry":{"type":"LineString","coordinates":[[0.69042,51.73554],[0.69094,51.73535]]}},{"type":"Feature","properties":{"name":null,"kind":"coastline"},"geometry":{"type":"LineString","coordinates":[[0.6854,51.73381],[0.69024,51.73556]]}},{"type":"Feature","properties":{"name":null,"kind":"coastline"},"geometry":{"type":"LineString","coordinates":[[0.71788,51.73669],[0.72999,51.73151]]}},{"type":"Feature","properties":{"name":null,"kind":"coastline"},"geometry":{"type":"LineString","coordinates":[[0.72999,51.73151],[0.73174,51.73087]]}},{"type":"Feature","properties":{"name":null,"kind":"coastline"},"geometry":{"type":"LineString","coordinates":[[0.71888,51.71543],[0.71884,51.71543]]}},{"type":"Feature","properties":{"name":null,"kind":"coastline"},"geometry":{"type":"LineString","coordinates":[[0.88481,51.73164],[0.87897,51.72862]]}},{"type":"Feature","properties":{"name":null,"kind":"coastline"},"geometry":{"type":"LineString","coordinates":[[0.71125,51.71343],[0.71122,51.71343]]}},{"type":"Feature","properties":{"name":null,"kind":"coastline"},"geometry":{"type":"LineString","coordinates":[[0.71877,51.71542],[0.71869,51.71541]]}},{"type":"Feature","properties":{"name":null,"kind":"coastline"},"geometry":{"type":"LineString","coordinates":[[0.88658,51.7712],[0.87742,51.77926],[0.84973,51.78273]]}},{"type":"Feature","properties":{"name":null,"kind":"coastline"},"geometry":{"type":"LineString","coordinates":[[0.88195,51.75726],[0.88178,51.75793]]}},{"type":"Feature","properties":{"name":null,"kind":"coastline"},"geometry":{"type":"LineString","coordinates":[[0.87252,51.75349],[0.88195,51.75726]]}},{"type":"Feature","properties":{"name":null,"kind":"coastline"},"geometry":{"type":"LineString","coordinates":[[0.73748,51.7326],[0.73747,51.73271]]}},{"type":"Feature","properties":{"name":null,"kind":"coastline"},"geometry":{"type":"LineString","coordinates":[[0.94305,51.70519],[0.94765,51.7174]]}},{"type":"Feature","properties":{"name":null,"kind":"coastline"},"geometry":{"type":"LineString","coordinates":[[0.88615,51.73292],[0.88481,51.73164]]}},{"type":"Feature","properties":{"name":null,"kind":"coastline"},"geometry":{"type":"LineString","coordinates":[[1.31982,51.94115],[1.31805,51.9332],[1.3447,51.95706],[1.36925,51.96412],[1.38817,51.97876],[1.3911,51.98857],[1.38415,51.98962],[1.38263,51.9937]]}},{"type":"Feature","properties":{"name":null,"kind":"coastline"},"geometry":{"type":"LineString","coordinates":[[1.37965,51.99595],[1.37804,51.99972],[1.36107,52.00633],[1.35898,52.01172],[1.35514,52.01287],[1.35949,52.01617]]}},{"type":"Feature","properties":{"name":null,"kind":"coastline"},"geometry":{"type":"LineString","coordinates":[[1.37626,52.00455],[1.39403,51.99882]]}},{"type":"Feature","properties":{"name":null,"kind":"coastline"},"geometry":{"type":"LineString","coordinates":[[1.39403,51.99882],[1.39069,51.99965]]}},{"type":"Feature","properties":{"name":null,"kind":"coastline"},"geometry":{"type":"LineString","coordinates":[[1.39069,51.99965],[1.3952,51.99812],[1.39398,51.98766],[1.41578,51.99559],[1.43468,52.00903],[1.44388,52.0252],[1.45822,52.03377],[1.45562,52.03455]]}},{"type":"Feature","properties":{"name":null,"kind":"coastline"},"geometry":{"type":"LineString","coordinates":[[1.39271,51.99657],[1.39439,51.99773],[1.39271,51.99657]]}},{"type":"Feature","properties":{"name":null,"kind":"coastline"},"geometry":{"type":"LineString","coordinates":[[0.72683,51.41185],[0.72292,51.41408],[0.73133,51.40112],[0.7431,51.39709]]}},{"type":"Feature","properties":{"name":null,"kind":"coastline"},"geometry":{"type":"LineString","coordinates":[[1.4047,51.18057],[1.40393,51.23456],[1.38002,51.28167],[1.37335,51.30975],[1.36767,51.3161]]}},{"type":"Feature","properties":{"name":null,"kind":"coastline"},"geometry":{"type":"LineString","coordinates":[[1.06742,51.95215],[1.06832,51.9538]]}},{"type":"Feature","properties":{"name":null,"kind":"coastline"},"geometry":{"type":"LineString","coordinates":[[1.06583,51.949],[1.06742,51.95215]]}},{"type":"Feature","properties":{"name":null,"kind":"coastline"},"geometry":{"type":"LineString","coordinates":[[1.07744,51.94669],[1.0742,51.94677]]}},{"type":"Feature","properties":{"name":null,"kind":"coastline"},"geometry":{"type":"LineString","coordinates":[[1.22944,51.93976],[1.21764,51.94083]]}},{"type":"Feature","properties":{"name":null,"kind":"coastline"},"geometry":{"type":"LineString","coordinates":[[1.22137,51.95365],[1.2384,51.96033],[1.25758,51.95913]]}},{"type":"Feature","properties":{"name":null,"kind":"coastline"},"geometry":{"type":"LineString","coordinates":[[1.38263,51.9937],[1.38685,51.99006],[1.38038,51.99661],[1.3826,51.99374]]}},{"type":"Feature","properties":{"name":null,"kind":"coastline"},"geometry":{"type":"LineString","coordinates":[[1.3826,51.99374],[1.37965,51.99595]]}},{"type":"Feature","properties":{"name":null,"kind":"coastline"},"geometry":{"type":"LineString","coordinates":[[0.90878,51.33505],[0.89457,51.33634]]}},{"type":"Feature","properties":{"name":null,"kind":"coastline"},"geometry":{"type":"LineString","coordinates":[[0.6835,51.4748],[0.6714,51.4723],[0.67501,51.47225],[0.67253,51.46939],[0.67579,51.46759],[0.68716,51.46437],[0.69067,51.45961],[0.6875,51.46005]]}},{"type":"Feature","properties":{"name":null,"kind":"coastline"},"geometry":{"type":"LineString","coordinates":[[0.6875,51.46005],[0.68453,51.46481],[0.67125,51.46925],[0.66997,51.47456],[0.6598,51.47768],[0.64138,51.4789],[0.61478,51.47527],[0.60703,51.48004]]}},{"type":"Feature","properties":{"name":null,"kind":"coastline"},"geometry":{"type":"LineString","coordinates":[[0.60703,51.48004],[0.58662,51.48419],[0.58027,51.48023],[0.57236,51.4843],[0.55304,51.48195],[0.55382,51.48432],[0.54918,51.48633],[0.55204,51.4854],[0.54818,51.48154],[0.54167,51.483],[0.53342,51.48002],[0.53254,51.48508],[0.53895,51.4857],[0.5054,51.48563],[0.50313,51.49942],[0.50522,51.50429]]}},{"type":"Feature","properties":{"name":null,"kind":"coastline"},"geometry":{"type":"LineString","coordinates":[[0.63009,51.42919],[0.63009,51.42919]]}},{"type":"Feature","properties":{"name":null,"kind":"coastline"},"geometry":{"type":"LineString","coordinates":[[0.63904,51.43397],[0.63904,51.43397]]}},{"type":"Feature","properties":{"name":null,"kind":"coastline"},"geometry":{"type":"LineString","coordinates":[[0.6356,51.43331],[0.6356,51.43331]]}},{"type":"Feature","properties":{"name":null,"kind":"coastline"},"geometry":{"type":"LineString","coordinates":[[0.63907,51.43197],[0.63907,51.43197]]}},{"type":"Feature","properties":{"name":null,"kind":"coastline"},"geometry":{"type":"LineString","coordinates":[[0.63628,51.43801],[0.63628,51.43801]]}},{"type":"Feature","properties":{"name":null,"kind":"coastline"},"geometry":{"type":"LineString","coordinates":[[0.63615,51.44203],[0.63615,51.44203]]}},{"type":"Feature","properties":{"name":null,"kind":"coastline"},"geometry":{"type":"LineString","coordinates":[[0.64122,51.44506],[0.63786,51.44149],[0.64122,51.44506]]}},{"type":"Feature","properties":{"name":null,"kind":"coastline"},"geometry":{"type":"LineString","coordinates":[[0.63294,51.44124],[0.63294,51.44124]]}},{"type":"Feature","properties":{"name":null,"kind":"coastline"},"geometry":{"type":"LineString","coordinates":[[0.63455,51.43931],[0.63455,51.43931]]}},{"type":"Feature","properties":{"name":null,"kind":"coastline"},"geometry":{"type":"LineString","coordinates":[[0.6327,51.43944],[0.63114,51.4407],[0.6327,51.43944]]}},{"type":"Feature","properties":{"name":null,"kind":"coastline"},"geometry":{"type":"LineString","coordinates":[[0.63794,51.43701],[0.63998,51.43751],[0.63794,51.43701]]}},{"type":"Feature","properties":{"name":null,"kind":"coastline"},"geometry":{"type":"LineString","coordinates":[[0.63703,51.43726],[0.63903,51.43785],[0.63703,51.43726]]}},{"type":"Feature","properties":{"name":null,"kind":"coastline"},"geometry":{"type":"LineString","coordinates":[[0.63327,51.42694],[0.6389,51.42697],[0.63327,51.42694]]}},{"type":"Feature","properties":{"name":null,"kind":"coastline"},"geometry":{"type":"LineString","coordinates":[[0.63366,51.44085],[0.63366,51.44085]]}},{"type":"Feature","properties":{"name":null,"kind":"coastline"},"geometry":{"type":"LineString","coordinates":[[0.63589,51.44216],[0.63589,51.44216]]}},{"type":"Feature","properties":{"name":null,"kind":"coastline"},"geometry":{"type":"LineString","coordinates":[[0.64041,51.43294],[0.64041,51.43294]]}},{"type":"Feature","properties":{"name":null,"kind":"coastline"},"geometry":{"type":"LineString","coordinates":[[0.63619,51.44054],[0.63619,51.44054]]}},{"type":"Feature","properties":{"name":null,"kind":"coastline"},"geometry":{"type":"LineString","coordinates":[[0.66946,51.43605],[0.66946,51.43605]]}},{"type":"Feature","properties":{"name":null,"kind":"coastline"},"geometry":{"type":"LineString","coordinates":[[0.67175,51.44012],[0.67085,51.44199],[0.67175,51.44012]]}},{"type":"Feature","properties":{"name":null,"kind":"coastline"},"geometry":{"type":"LineString","coordinates":[[0.66151,51.44175],[0.66447,51.43896],[0.66151,51.44175]]}},{"type":"Feature","properties":{"name":null,"kind":"coastline"},"geometry":{"type":"LineString","coordinates":[[0.6465,51.43669],[0.64584,51.44046],[0.6465,51.43669]]}},{"type":"Feature","properties":{"name":null,"kind":"coastline"},"geometry":{"type":"LineString","coordinates":[[0.67081,51.43708],[0.67269,51.43798],[0.67081,51.43708]]}},{"type":"Feature","properties":{"name":null,"kind":"coastline"},"geometry":{"type":"LineString","coordinates":[[0.64242,51.44263],[0.65032,51.4406],[0.64242,51.44263]]}},{"type":"Feature","properties":{"name":null,"kind":"coastline"},"geometry":{"type":"LineString","coordinates":[[0.66155,51.44321],[0.65947,51.44353],[0.66155,51.44321]]}},{"type":"Feature","properties":{"name":null,"kind":"coastline"},"geometry":{"type":"LineString","coordinates":[[0.66528,51.44214],[0.66528,51.44214]]}},{"type":"Feature","properties":{"name":null,"kind":"coastline"},"geometry":{"type":"LineString","coordinates":[[0.64739,51.43545],[0.64739,51.43545]]}},{"type":"Feature","properties":{"name":null,"kind":"coastline"},"geometry":{"type":"LineString","coordinates":[[0.67089,51.43825],[0.67089,51.43825]]}},{"type":"Feature","properties":{"name":null,"kind":"coastline"},"geometry":{"type":"LineString","coordinates":[[0.65554,51.4454],[0.66101,51.44381],[0.66009,51.44757],[0.65554,51.4454]]}},{"type":"Feature","properties":{"name":null,"kind":"coastline"},"geometry":{"type":"LineString","coordinates":[[0.6419,51.44287],[0.6419,51.44287]]}},{"type":"Feature","properties":{"name":null,"kind":"coastline"},"geometry":{"type":"LineString","coordinates":[[0.66133,51.44172],[0.66337,51.44234],[0.66133,51.44172]]}},{"type":"Feature","properties":{"name":null,"kind":"coastline"},"geometry":{"type":"LineString","coordinates":[[0.66691,51.44143],[0.66691,51.44143]]}},{"type":"Feature","properties":{"name":null,"kind":"coastline"},"geometry":{"type":"LineString","coordinates":[[0.65011,51.43944],[0.65694,51.44136],[0.65011,51.43944]]}},{"type":"Feature","properties":{"name":null,"kind":"coastline"},"geometry":{"type":"LineString","coordinates":[[0.60781,51.40691],[0.61366,51.40508],[0.60781,51.40691]]}},{"type":"Feature","properties":{"name":null,"kind":"coastline"},"geometry":{"type":"LineString","coordinates":[[0.614,51.40617],[0.61605,51.40572],[0.614,51.40617]]}},{"type":"Feature","properties":{"name":null,"kind":"coastline"},"geometry":{"type":"LineString","coordinates":[[0.60896,51.40683],[0.61781,51.40751],[0.60896,51.40683]]}},{"type":"Feature","properties":{"name":null,"kind":"coastline"},"geometry":{"type":"LineString","coordinates":[[1.15318,51.78562],[1.15337,51.78549]]}},{"type":"Feature","properties":{"name":null,"kind":"coastline"},"geometry":{"type":"LineString","coordinates":[[1.14729,51.78294],[1.15318,51.78562]]}},{"type":"Feature","properties":{"name":null,"kind":"coastline"},"geometry":{"type":"LineString","coordinates":[[1.14732,51.78289],[1.14729,51.78294]]}},{"type":"Feature","properties":{"name":null,"kind":"coastline"},"geometry":{"type":"LineString","coordinates":[[1.14573,51.78214],[1.14732,51.78289]]}},{"type":"Feature","properties":{"name":null,"kind":"coastline"},"geometry":{"type":"LineString","coordinates":[[1.14579,51.78206],[1.14573,51.78214]]}},{"type":"Feature","properties":{"name":null,"kind":"coastline"},"geometry":{"type":"LineString","coordinates":[[1.15508,51.78692],[1.17037,51.79248]]}},{"type":"Feature","properties":{"name":null,"kind":"coastline"},"geometry":{"type":"LineString","coordinates":[[1.15337,51.78549],[1.15508,51.78692]]}},{"type":"Feature","properties":{"name":null,"kind":"coastline"},"geometry":{"type":"LineString","coordinates":[[1.17037,51.79248],[1.18871,51.79869]]}},{"type":"Feature","properties":{"name":null,"kind":"coastline"},"geometry":{"type":"LineString","coordinates":[[0.53977,51.51842],[0.53346,51.51724],[0.53977,51.51842]]}},{"type":"Feature","properties":{"name":null,"kind":"coastline"},"geometry":{"type":"LineString","coordinates":[[1.14667,51.94382],[1.1465,51.94264]]}}]}