{"type":"FeatureCollection","features":[{"type":"Feature","properties":{"name":"Acton Town","kind":"tfl","nr":false,"modes":["tube"],"lines":["District","Piccadilly"],"zone":"3"},"geometry":{"type":"Point","coordinates":[-0.27992,51.50264]}},{"type":"Feature","properties":{"name":"Archway","kind":"tfl","nr":false,"modes":["tube"],"lines":["Northern"],"zone":"2/3"},"geometry":{"type":"Point","coordinates":[-0.13475,51.56537]}},{"type":"Feature","properties":{"name":"Aldgate East","kind":"tfl","nr":false,"modes":["tube"],"lines":["District","Hammersmith & City"],"zone":"1"},"geometry":{"type":"Point","coordinates":[-0.07188,51.51515]}},{"type":"Feature","properties":{"name":"Angel","kind":"tfl","nr":false,"modes":["tube"],"lines":["Northern"],"zone":"1"},"geometry":{"type":"Point","coordinates":[-0.10613,51.53182]}},{"type":"Feature","properties":{"name":"Aldgate","kind":"tfl","nr":false,"modes":["tube"],"lines":["Circle","Metropolitan"],"zone":"1"},"geometry":{"type":"Point","coordinates":[-0.07572,51.5141]}},{"type":"Feature","properties":{"name":"Alperton","kind":"tfl","nr":false,"modes":["tube"],"lines":["Piccadilly"],"zone":"4"},"geometry":{"type":"Point","coordinates":[-0.29945,51.54055]}},{"type":"Feature","properties":{"name":"Amersham","kind":"tfl","nr":false,"modes":["tube"],"lines":["Metropolitan"],"zone":"9"},"geometry":{"type":"Point","coordinates":[-0.60847,51.67421]}},{"type":"Feature","properties":{"name":"Arnos Grove","kind":"tfl","nr":false,"modes":["tube"],"lines":["Piccadilly"],"zone":"4"},"geometry":{"type":"Point","coordinates":[-0.13327,51.61648]}},{"type":"Feature","properties":{"name":"Arsenal","kind":"tfl","nr":false,"modes":["tube"],"lines":["Piccadilly"],"zone":"2"},"geometry":{"type":"Point","coordinates":[-0.1081,51.55782]}},{"type":"Feature","properties":{"name":"Bromley-by-Bow","kind":"tfl","nr":false,"modes":["tube"],"lines":["District","Hammersmith & City"],"zone":"2/3"},"geometry":{"type":"Point","coordinates":[-0.01159,51.52474]}},{"type":"Feature","properties":{"name":"Barbican","kind":"tfl","nr":false,"modes":["tube"],"lines":["Circle","Hammersmith & City","Metropolitan"],"zone":"1"},"geometry":{"type":"Point","coordinates":[-0.09779,51.52021]}},{"type":"Feature","properties":{"name":"Bounds Green","kind":"tfl","nr":false,"modes":["tube"],"lines":["Piccadilly"],"zone":"3/4"},"geometry":{"type":"Point","coordinates":[-0.12413,51.60707]}},{"type":"Feature","properties":{"name":"Becontree","kind":"tfl","nr":false,"modes":["tube"],"lines":["District"],"zone":"5"},"geometry":{"type":"Point","coordinates":[0.12727,51.54032]}},{"type":"Feature","properties":{"name":"Barkingside","kind":"tfl","nr":false,"modes":["tube"],"lines":["Central"],"zone":"4"},"geometry":{"type":"Point","coordinates":[0.08858,51.58565]}},{"type":"Feature","properties":{"name":"Blackfriars","kind":"tfl","nr":true,"modes":["nationalrail","tube"],"lines":["Circle","District"],"zone":"1"},"geometry":{"type":"Point","coordinates":[-0.10314,51.51177]}},{"type":"Feature","properties":{"name":"Barking","kind":"tfl","nr":false,"modes":["tube"],"lines":["District","Hammersmith & City"],"zone":"4"},"geometry":{"type":"Point","coordinates":[0.0812,51.5395]}},{"type":"Feature","properties":{"name":"Buckhurst Hill","kind":"tfl","nr":false,"modes":["tube"],"lines":["Central"],"zone":"5"},"geometry":{"type":"Point","coordinates":[0.0468,51.62595]}},{"type":"Feature","properties":{"name":"Bethnal Green","kind":"tfl","nr":false,"modes":["tube"],"lines":["Central"],"zone":"2"},"geometry":{"type":"Point","coordinates":[-0.05549,51.52747]}},{"type":"Feature","properties":{"name":"Balham","kind":"tfl","nr":false,"modes":["tube"],"lines":["Northern"],"zone":"3"},"geometry":{"type":"Point","coordinates":[-0.15299,51.44316]}},{"type":"Feature","properties":{"name":"Blackhorse Road","kind":"tfl","nr":false,"modes":["tube"],"lines":["Victoria"],"zone":"3"},"geometry":{"type":"Point","coordinates":[-0.0407,51.587]}},{"type":"Feature","properties":{"name":"Bermondsey","kind":"tfl","nr":false,"modes":["tube"],"lines":["Jubilee"],"zone":"2"},"geometry":{"type":"Point","coordinates":[-0.06374,51.49773]}},{"type":"Feature","properties":{"name":"Bond Street","kind":"tfl","nr":false,"modes":["tube"],"lines":["Central","Jubilee"],"zone":"1"},"geometry":{"type":"Point","coordinates":[-0.14899,51.51433]}},{"type":"Feature","properties":{"name":"Bank","kind":"tfl","nr":false,"modes":["tube"],"lines":["Central","Northern","Waterloo & City"],"zone":"1"},"geometry":{"type":"Point","coordinates":[-0.08899,51.51345]}},{"type":"Feature","properties":{"name":"Borough","kind":"tfl","nr":false,"modes":["tube"],"lines":["Northern"],"zone":"1"},"geometry":{"type":"Point","coordinates":[-0.09341,51.50109]}},{"type":"Feature","properties":{"name":"Boston Manor","kind":"tfl","nr":false,"modes":["tube"],"lines":["Piccadilly"],"zone":"4"},"geometry":{"type":"Point","coordinates":[-0.32473,51.49575]}},{"type":"Feature","properties":{"name":"Barons Court","kind":"tfl","nr":false,"modes":["tube"],"lines":["District","Piccadilly"],"zone":"2"},"geometry":{"type":"Point","coordinates":[-0.21375,51.49026]}},{"type":"Feature","properties":{"name":"Baker Street","kind":"tfl","nr":false,"modes":["tube"],"lines":["Bakerloo","Circle","Hammersmith & City","Jubilee","Metropolitan"],"zone":"1"},"geometry":{"type":"Point","coordinates":[-0.15551,51.5225]}},{"type":"Feature","properties":{"name":"Burnt Oak","kind":"tfl","nr":false,"modes":["tube"],"lines":["Northern"],"zone":"4"},"geometry":{"type":"Point","coordinates":[-0.26395,51.60284]}},{"type":"Feature","properties":{"name":"Brent Cross","kind":"tfl","nr":false,"modes":["tube"],"lines":["Northern"],"zone":"3"},"geometry":{"type":"Point","coordinates":[-0.21355,51.5767]}},{"type":"Feature","properties":{"name":"Bow Road","kind":"tfl","nr":false,"modes":["tube"],"lines":["District","Hammersmith & City"],"zone":"2"},"geometry":{"type":"Point","coordinates":[-0.02484,51.52687]}},{"type":"Feature","properties":{"name":"Bayswater","kind":"tfl","nr":false,"modes":["tube"],"lines":["Circle","District"],"zone":"1"},"geometry":{"type":"Point","coordinates":[-0.18784,51.51233]}},{"type":"Feature","properties":{"name":"Brixton","kind":"tfl","nr":false,"modes":["tube"],"lines":["Victoria"],"zone":"2"},"geometry":{"type":"Point","coordinates":[-0.11487,51.46261]}},{"type":"Feature","properties":{"name":"Belsize Park","kind":"tfl","nr":false,"modes":["tube"],"lines":["Northern"],"zone":"2"},"geometry":{"type":"Point","coordinates":[-0.1647,51.55028]}},{"type":"Feature","properties":{"name":"Chalfont & Latimer","kind":"tfl","nr":false,"modes":["tube"],"lines":["Metropolitan"],"zone":"8"},"geometry":{"type":"Point","coordinates":[-0.56082,51.66804]}},{"type":"Feature","properties":{"name":"Caledonian Road","kind":"tfl","nr":false,"modes":["tube"],"lines":["Piccadilly"],"zone":"2"},"geometry":{"type":"Point","coordinates":[-0.11837,51.54837]}},{"type":"Feature","properties":{"name":"Chalk Farm","kind":"tfl","nr":false,"modes":["tube"],"lines":["Northern"],"zone":"2"},"geometry":{"type":"Point","coordinates":[-0.15347,51.5442]}},{"type":"Feature","properties":{"name":"Covent Garden","kind":"tfl","nr":false,"modes":["tube"],"lines":["Piccadilly"],"zone":"1"},"geometry":{"type":"Point","coordinates":[-0.1242,51.51306]}},{"type":"Feature","properties":{"name":"Canning Town","kind":"tfl","nr":false,"modes":["tube"],"lines":["Jubilee"],"zone":"2/3"},"geometry":{"type":"Point","coordinates":[0.00817,51.51404]}},{"type":"Feature","properties":{"name":"Chancery Lane","kind":"tfl","nr":false,"modes":["tube"],"lines":["Central"],"zone":"1"},"geometry":{"type":"Point","coordinates":[-0.11212,51.51811]}},{"type":"Feature","properties":{"name":"Charing Cross","kind":"tfl","nr":false,"modes":["tube"],"lines":["Bakerloo","Northern"],"zone":"1"},"geometry":{"type":"Point","coordinates":[-0.12736,51.50734]}},{"type":"Feature","properties":{"name":"Cockfosters","kind":"tfl","nr":false,"modes":["tube"],"lines":["Piccadilly"],"zone":"5"},"geometry":{"type":"Point","coordinates":[-0.14935,51.65161]}},{"type":"Feature","properties":{"name":"Colindale","kind":"tfl","nr":false,"modes":["tube"],"lines":["Northern"],"zone":"4"},"geometry":{"type":"Point","coordinates":[-0.24978,51.59535]}},{"type":"Feature","properties":{"name":"Clapham Common","kind":"tfl","nr":false,"modes":["tube"],"lines":["Northern"],"zone":"2"},"geometry":{"type":"Point","coordinates":[-0.13759,51.46199]}},{"type":"Feature","properties":{"name":"Canons Park","kind":"tfl","nr":false,"modes":["tube"],"lines":["Jubilee"],"zone":"5"},"geometry":{"type":"Point","coordinates":[-0.29474,51.60776]}},{"type":"Feature","properties":{"name":"Clapham North","kind":"tfl","nr":false,"modes":["tube"],"lines":["Northern"],"zone":"2"},"geometry":{"type":"Point","coordinates":[-0.1299,51.46512]}},{"type":"Feature","properties":{"name":"Clapham South","kind":"tfl","nr":false,"modes":["tube"],"lines":["Northern"],"zone":"2/3"},"geometry":{"type":"Point","coordinates":[-0.14758,51.45276]}},{"type":"Feature","properties":{"name":"Colliers Wood","kind":"tfl","nr":false,"modes":["tube"],"lines":["Northern"],"zone":"3"},"geometry":{"type":"Point","coordinates":[-0.17809,51.41812]}},{"type":"Feature","properties":{"name":"Chesham","kind":"tfl","nr":false,"modes":["tube"],"lines":["Metropolitan"],"zone":"9"},"geometry":{"type":"Point","coordinates":[-0.61093,51.70539]}},{"type":"Feature","properties":{"name":"Cannon Street","kind":"tfl","nr":false,"modes":["tube"],"lines":["Circle","District"],"zone":"1"},"geometry":{"type":"Point","coordinates":[-0.09032,51.51139]}},{"type":"Feature","properties":{"name":"Camden Town","kind":"tfl","nr":false,"modes":["tube"],"lines":["Northern"],"zone":"2"},"geometry":{"type":"Point","coordinates":[-0.14256,51.53894]}},{"type":"Feature","properties":{"name":"Chigwell","kind":"tfl","nr":false,"modes":["tube"],"lines":["Central"],"zone":"4"},"geometry":{"type":"Point","coordinates":[0.07475,51.61783]}},{"type":"Feature","properties":{"name":"Chiswick Park","kind":"tfl","nr":false,"modes":["tube"],"lines":["District"],"zone":"3"},"geometry":{"type":"Point","coordinates":[-0.26812,51.49458]}},{"type":"Feature","properties":{"name":"Canada Water","kind":"tfl","nr":false,"modes":["tube"],"lines":["Jubilee"],"zone":"2"},"geometry":{"type":"Point","coordinates":[-0.0493,51.498]}},{"type":"Feature","properties":{"name":"Croxley","kind":"tfl","nr":false,"modes":["tube"],"lines":["Metropolitan"],"zone":"7"},"geometry":{"type":"Point","coordinates":[-0.44167,51.64715]}},{"type":"Feature","properties":{"name":"Chorleywood","kind":"tfl","nr":false,"modes":["tube"],"lines":["Metropolitan"],"zone":"7"},"geometry":{"type":"Point","coordinates":[-0.51836,51.65418]}},{"type":"Feature","properties":{"name":"Canary Wharf","kind":"tfl","nr":false,"modes":["tube"],"lines":["Jubilee"],"zone":"2"},"geometry":{"type":"Point","coordinates":[-0.01861,51.50354]}},{"type":"Feature","properties":{"name":"Debden","kind":"tfl","nr":false,"modes":["tube"],"lines":["Central"],"zone":"6"},"geometry":{"type":"Point","coordinates":[0.08357,51.64529]}},{"type":"Feature","properties":{"name":"Dagenham East","kind":"tfl","nr":false,"modes":["tube"],"lines":["District"],"zone":"5"},"geometry":{"type":"Point","coordinates":[0.16564,51.54416]}},{"type":"Feature","properties":{"name":"Dagenham Heathway","kind":"tfl","nr":false,"modes":["tube"],"lines":["District"],"zone":"5"},"geometry":{"type":"Point","coordinates":[0.1477,51.54167]}},{"type":"Feature","properties":{"name":"Dollis Hill","kind":"tfl","nr":false,"modes":["tube"],"lines":["Jubilee"],"zone":"3"},"geometry":{"type":"Point","coordinates":[-0.23923,51.55208]}},{"type":"Feature","properties":{"name":"Elephant & Castle","kind":"tfl","nr":true,"modes":["nationalrail","tube"],"lines":["Bakerloo","Northern"],"zone":"1/2"},"geometry":{"type":"Point","coordinates":[-0.10054,51.49538]}},{"type":"Feature","properties":{"name":"Eastcote","kind":"tfl","nr":false,"modes":["tube"],"lines":["Metropolitan","Piccadilly"],"zone":"5"},"geometry":{"type":"Point","coordinates":[-0.39707,51.57661]}},{"type":"Feature","properties":{"name":"East Acton","kind":"tfl","nr":false,"modes":["tube"],"lines":["Central"],"zone":"2"},"geometry":{"type":"Point","coordinates":[-0.24757,51.51687]}},{"type":"Feature","properties":{"name":"Ealing Broadway","kind":"tfl","nr":false,"modes":["tube"],"lines":["Central","District"],"zone":"3"},"geometry":{"type":"Point","coordinates":[-0.30154,51.5152]}},{"type":"Feature","properties":{"name":"Ealing Common","kind":"tfl","nr":false,"modes":["tube"],"lines":["District","Piccadilly"],"zone":"3"},"geometry":{"type":"Point","coordinates":[-0.28818,51.50991]}},{"type":"Feature","properties":{"name":"Earl's Court","kind":"tfl","nr":false,"modes":["tube"],"lines":["District","Piccadilly"],"zone":"1/2"},"geometry":{"type":"Point","coordinates":[-0.19417,51.49148]}},{"type":"Feature","properties":{"name":"East Finchley","kind":"tfl","nr":false,"modes":["tube"],"lines":["Northern"],"zone":"3"},"geometry":{"type":"Point","coordinates":[-0.16522,51.58757]}},{"type":"Feature","properties":{"name":"Edgware","kind":"tfl","nr":false,"modes":["tube"],"lines":["Northern"],"zone":"5"},"geometry":{"type":"Point","coordinates":[-0.2755,51.61399]}},{"type":"Feature","properties":{"name":"East Ham","kind":"tfl","nr":false,"modes":["tube"],"lines":["District","Hammersmith & City"],"zone":"3/4"},"geometry":{"type":"Point","coordinates":[0.05201,51.53924]}},{"type":"Feature","properties":{"name":"Embankment","kind":"tfl","nr":false,"modes":["tube"],"lines":["Bakerloo","Circle","District","Northern"],"zone":"1"},"geometry":{"type":"Point","coordinates":[-0.12258,51.50701]}},{"type":"Feature","properties":{"name":"Epping","kind":"tfl","nr":false,"modes":["tube"],"lines":["Central"],"zone":"6"},"geometry":{"type":"Point","coordinates":[0.11453,51.69418]}},{"type":"Feature","properties":{"name":"Elm Park","kind":"tfl","nr":false,"modes":["tube"],"lines":["District"],"zone":"6"},"geometry":{"type":"Point","coordinates":[0.19746,51.54964]}},{"type":"Feature","properties":{"name":"East Putney","kind":"tfl","nr":false,"modes":["tube"],"lines":["District"],"zone":"2/3"},"geometry":{"type":"Point","coordinates":[-0.21106,51.45907]}},{"type":"Feature","properties":{"name":"Edgware Road","kind":"tfl","nr":false,"modes":["tube"],"lines":["Bakerloo"],"zone":"1"},"geometry":{"type":"Point","coordinates":[-0.17034,51.52048]}},{"type":"Feature","properties":{"name":"Edgware Road","kind":"tfl","nr":false,"modes":["tube"],"lines":["Circle","District","Hammersmith & City"],"zone":"1"},"geometry":{"type":"Point","coordinates":[-0.16809,51.51973]}},{"type":"Feature","properties":{"name":"Euston Square","kind":"tfl","nr":false,"modes":["tube"],"lines":["Circle","Hammersmith & City","Metropolitan"],"zone":"1"},"geometry":{"type":"Point","coordinates":[-0.13553,51.52568]}},{"type":"Feature","properties":{"name":"Euston","kind":"tfl","nr":false,"modes":["tube"],"lines":["Northern","Victoria"],"zone":"1"},"geometry":{"type":"Point","coordinates":[-0.13429,51.52843]}},{"type":"Feature","properties":{"name":"Fulham Broadway","kind":"tfl","nr":false,"modes":["tube"],"lines":["District"],"zone":"2"},"geometry":{"type":"Point","coordinates":[-0.19528,51.48018]}},{"type":"Feature","properties":{"name":"Farringdon","kind":"tfl","nr":false,"modes":["tube"],"lines":["Circle","Hammersmith & City","Metropolitan"],"zone":"1"},"geometry":{"type":"Point","coordinates":[-0.10467,51.52021]}},{"type":"Feature","properties":{"name":"Fairlop","kind":"tfl","nr":false,"modes":["tube"],"lines":["Central"],"zone":"4"},"geometry":{"type":"Point","coordinates":[0.09111,51.59595]}},{"type":"Feature","properties":{"name":"Finsbury Park","kind":"tfl","nr":true,"modes":["nationalrail","tube"],"lines":["Piccadilly","Victoria"],"zone":"2"},"geometry":{"type":"Point","coordinates":[-0.10634,51.56464]}},{"type":"Feature","properties":{"name":"Finchley Central","kind":"tfl","nr":false,"modes":["tube"],"lines":["Northern"],"zone":"4"},"geometry":{"type":"Point","coordinates":[-0.19194,51.60068]}},{"type":"Feature","properties":{"name":"Finchley Road","kind":"tfl","nr":false,"modes":["tube"],"lines":["Jubilee","Metropolitan"],"zone":"2"},"geometry":{"type":"Point","coordinates":[-0.18088,51.54738]}},{"type":"Feature","properties":{"name":"Gunnersbury","kind":"tfl","nr":false,"modes":["overground","tube"],"lines":["District","Mildmay line"],"zone":"3"},"geometry":{"type":"Point","coordinates":[-0.27538,51.49161]}},{"type":"Feature","properties":{"name":"Goodge Street","kind":"tfl","nr":false,"modes":["tube"],"lines":["Northern"],"zone":"1"},"geometry":{"type":"Point","coordinates":[-0.13436,51.52051]}},{"type":"Feature","properties":{"name":"Greenford","kind":"tfl","nr":true,"modes":["nationalrail","tube"],"lines":["Central"],"zone":"4"},"geometry":{"type":"Point","coordinates":[-0.34482,51.54219]}},{"type":"Feature","properties":{"name":"Grange Hill","kind":"tfl","nr":false,"modes":["tube"],"lines":["Central"],"zone":"4"},"geometry":{"type":"Point","coordinates":[0.09252,51.61312]}},{"type":"Feature","properties":{"name":"Golders Green","kind":"tfl","nr":false,"modes":["tube"],"lines":["Northern"],"zone":"3"},"geometry":{"type":"Point","coordinates":[-0.19409,51.5724]}},{"type":"Feature","properties":{"name":"Goldhawk Road","kind":"tfl","nr":false,"modes":["tube"],"lines":["Circle","Hammersmith & City"],"zone":"2"},"geometry":{"type":"Point","coordinates":[-0.22667,51.50195]}},{"type":"Feature","properties":{"name":"Green Park","kind":"tfl","nr":false,"modes":["tube"],"lines":["Jubilee","Piccadilly","Victoria"],"zone":"1"},"geometry":{"type":"Point","coordinates":[-0.14312,51.50656]}},{"type":"Feature","properties":{"name":"Great Portland Street","kind":"tfl","nr":false,"modes":["tube"],"lines":["Circle","Hammersmith & City","Metropolitan"],"zone":"1"},"geometry":{"type":"Point","coordinates":[-0.14392,51.52384]}},{"type":"Feature","properties":{"name":"Gants Hill","kind":"tfl","nr":false,"modes":["tube"],"lines":["Central"],"zone":"4"},"geometry":{"type":"Point","coordinates":[0.06635,51.57661]}},{"type":"Feature","properties":{"name":"Gloucester Road","kind":"tfl","nr":false,"modes":["tube"],"lines":["Circle","District","Piccadilly"],"zone":"1"},"geometry":{"type":"Point","coordinates":[-0.18347,51.49444]}},{"type":"Feature","properties":{"name":"Highbury & Islington","kind":"tfl","nr":false,"modes":["tube"],"lines":["Victoria"],"zone":"2"},"geometry":{"type":"Point","coordinates":[-0.10375,51.547]}},{"type":"Feature","properties":{"name":"Harrow & Wealdstone","kind":"tfl","nr":true,"modes":["nationalrail","overground","tube"],"lines":["Bakerloo","Lioness line"],"zone":"5"},"geometry":{"type":"Point","coordinates":[-0.3354,51.59232]}},{"type":"Feature","properties":{"name":"Holborn","kind":"tfl","nr":false,"modes":["tube"],"lines":["Central","Piccadilly"],"zone":"1"},"geometry":{"type":"Point","coordinates":[-0.12018,51.51762]}},{"type":"Feature","properties":{"name":"High Barnet","kind":"tfl","nr":false,"modes":["tube"],"lines":["Northern"],"zone":"5"},"geometry":{"type":"Point","coordinates":[-0.19482,51.65093]}},{"type":"Feature","properties":{"name":"Hornchurch","kind":"tfl","nr":false,"modes":["tube"],"lines":["District"],"zone":"6"},"geometry":{"type":"Point","coordinates":[0.21854,51.55401]}},{"type":"Feature","properties":{"name":"Hendon Central","kind":"tfl","nr":false,"modes":["tube"],"lines":["Northern"],"zone":"3/4"},"geometry":{"type":"Point","coordinates":[-0.2261,51.58313]}},{"type":"Feature","properties":{"name":"Hillingdon","kind":"tfl","nr":false,"modes":["tube"],"lines":["Metropolitan","Piccadilly"],"zone":"6"},"geometry":{"type":"Point","coordinates":[-0.4502,51.55373]}},{"type":"Feature","properties":{"name":"Hanger Lane","kind":"tfl","nr":false,"modes":["tube"],"lines":["Central"],"zone":"3"},"geometry":{"type":"Point","coordinates":[-0.29329,51.5303]}},{"type":"Feature","properties":{"name":"Highgate","kind":"tfl","nr":false,"modes":["tube"],"lines":["Northern"],"zone":"3"},"geometry":{"type":"Point","coordinates":[-0.14578,51.57764]}},{"type":"Feature","properties":{"name":"Hainault","kind":"tfl","nr":false,"modes":["tube"],"lines":["Central"],"zone":"4"},"geometry":{"type":"Point","coordinates":[0.09347,51.60371]}},{"type":"Feature","properties":{"name":"Hatton Cross","kind":"tfl","nr":false,"modes":["tube"],"lines":["Piccadilly"],"zone":"5/6"},"geometry":{"type":"Point","coordinates":[-0.42312,51.46672]}},{"type":"Feature","properties":{"name":"Harrow-on-the-Hill","kind":"tfl","nr":false,"modes":["tube"],"lines":["Metropolitan"],"zone":"5"},"geometry":{"type":"Point","coordinates":[-0.3363,51.57924]}},{"type":"Feature","properties":{"name":"Hyde Park Corner","kind":"tfl","nr":false,"modes":["tube"],"lines":["Piccadilly"],"zone":"1"},"geometry":{"type":"Point","coordinates":[-0.15256,51.50296]}},{"type":"Feature","properties":{"name":"Holland Park","kind":"tfl","nr":false,"modes":["tube"],"lines":["Central"],"zone":"2"},"geometry":{"type":"Point","coordinates":[-0.20564,51.50728]}},{"type":"Feature","properties":{"name":"Heathrow Terminal 4","kind":"tfl","nr":false,"modes":["elizabeth","tube"],"lines":["Elizabeth line","Piccadilly"],"zone":"6"},"geometry":{"type":"Point","coordinates":[-0.44543,51.45866]}},{"type":"Feature","properties":{"name":"Heathrow Terminal 5","kind":"tfl","nr":false,"modes":["elizabeth","tube"],"lines":["Elizabeth line","Piccadilly"],"zone":"6"},"geometry":{"type":"Point","coordinates":[-0.4901,51.47255]}},{"type":"Feature","properties":{"name":"Heathrow Terminals 2 & 3","kind":"tfl","nr":true,"modes":["elizabeth","nationalrail","tube"],"lines":["Elizabeth line","Piccadilly"],"zone":"6"},"geometry":{"type":"Point","coordinates":[-0.455,51.4725]}},{"type":"Feature","properties":{"name":"Hammersmith","kind":"tfl","nr":false,"modes":["tube"],"lines":["Circle","Hammersmith & City"],"zone":"2"},"geometry":{"type":"Point","coordinates":[-0.22508,51.4941]}},{"type":"Feature","properties":{"name":"Hammersmith","kind":"tfl","nr":false,"modes":["tube"],"lines":["District","Piccadilly"],"zone":"2"},"geometry":{"type":"Point","coordinates":[-0.22333,51.49212]}},{"type":"Feature","properties":{"name":"High Street Kensington","kind":"tfl","nr":false,"modes":["tube"],"lines":["Circle","District"],"zone":"1"},"geometry":{"type":"Point","coordinates":[-0.19266,51.50094]}},{"type":"Feature","properties":{"name":"Harlesden","kind":"tfl","nr":false,"modes":["overground","tube"],"lines":["Bakerloo","Lioness line"],"zone":"3"},"geometry":{"type":"Point","coordinates":[-0.25795,51.53637]}},{"type":"Feature","properties":{"name":"Hampstead","kind":"tfl","nr":false,"modes":["tube"],"lines":["Northern"],"zone":"2/3"},"geometry":{"type":"Point","coordinates":[-0.1782,51.55639]}},{"type":"Feature","properties":{"name":"Hounslow Central","kind":"tfl","nr":false,"modes":["tube"],"lines":["Piccadilly"],"zone":"4"},"geometry":{"type":"Point","coordinates":[-0.36641,51.47131]}},{"type":"Feature","properties":{"name":"Hounslow East","kind":"tfl","nr":false,"modes":["tube"],"lines":["Piccadilly"],"zone":"4"},"geometry":{"type":"Point","coordinates":[-0.35631,51.47323]}},{"type":"Feature","properties":{"name":"Hounslow West","kind":"tfl","nr":false,"modes":["tube"],"lines":["Piccadilly"],"zone":"5"},"geometry":{"type":"Point","coordinates":[-0.38645,51.47353]}},{"type":"Feature","properties":{"name":"Holloway Road","kind":"tfl","nr":false,"modes":["tube"],"lines":["Piccadilly"],"zone":"2"},"geometry":{"type":"Point","coordinates":[-0.11301,51.55273]}},{"type":"Feature","properties":{"name":"Ickenham","kind":"tfl","nr":false,"modes":["tube"],"lines":["Metropolitan","Piccadilly"],"zone":"6"},"geometry":{"type":"Point","coordinates":[-0.44206,51.56197]}},{"type":"Feature","properties":{"name":"Kilburn","kind":"tfl","nr":false,"modes":["tube"],"lines":["Jubilee"],"zone":"2"},"geometry":{"type":"Point","coordinates":[-0.20529,51.54702]}},{"type":"Feature","properties":{"name":"Kingsbury","kind":"tfl","nr":false,"modes":["tube"],"lines":["Jubilee"],"zone":"4"},"geometry":{"type":"Point","coordinates":[-0.27862,51.58472]}},{"type":"Feature","properties":{"name":"Kenton","kind":"tfl","nr":false,"modes":["overground","tube"],"lines":["Bakerloo","Lioness line"],"zone":"4"},"geometry":{"type":"Point","coordinates":[-0.31662,51.58153]}},{"type":"Feature","properties":{"name":"Knightsbridge","kind":"tfl","nr":false,"modes":["tube"],"lines":["Piccadilly"],"zone":"1"},"geometry":{"type":"Point","coordinates":[-0.16059,51.50161]}},{"type":"Feature","properties":{"name":"Kennington","kind":"tfl","nr":false,"modes":["tube"],"lines":["Northern"],"zone":"2"},"geometry":{"type":"Point","coordinates":[-0.10555,51.48882]}},{"type":"Feature","properties":{"name":"Kensington (Olympia)","kind":"tfl","nr":true,"modes":["nationalrail","overground","tube"],"lines":["District","Mildmay line"],"zone":"2"},"geometry":{"type":"Point","coordinates":[-0.20959,51.49753]}},{"type":"Feature","properties":{"name":"Kilburn Park","kind":"tfl","nr":false,"modes":["tube"],"lines":["Bakerloo"],"zone":"2"},"geometry":{"type":"Point","coordinates":[-0.19413,51.53515]}},{"type":"Feature","properties":{"name":"Kentish Town","kind":"tfl","nr":false,"modes":["tube"],"lines":["Northern"],"zone":"2"},"geometry":{"type":"Point","coordinates":[-0.14074,51.55031]}},{"type":"Feature","properties":{"name":"Kensal Green","kind":"tfl","nr":false,"modes":["overground","tube"],"lines":["Bakerloo","Lioness line"],"zone":"2"},"geometry":{"type":"Point","coordinates":[-0.2246,51.53057]}},{"type":"Feature","properties":{"name":"King's Cross St. Pancras","kind":"tfl","nr":false,"modes":["tube"],"lines":["Circle","Hammersmith & City","Metropolitan","Northern","Piccadilly","Victoria"],"zone":"1"},"geometry":{"type":"Point","coordinates":[-0.12294,51.5306]}},{"type":"Feature","properties":{"name":"Kew Gardens","kind":"tfl","nr":false,"modes":["overground","tube"],"lines":["District","Mildmay line"],"zone":"3/4"},"geometry":{"type":"Point","coordinates":[-0.28501,51.47708]}},{"type":"Feature","properties":{"name":"Ladbroke Grove","kind":"tfl","nr":false,"modes":["tube"],"lines":["Circle","Hammersmith & City"],"zone":"2"},"geometry":{"type":"Point","coordinates":[-0.21094,51.51727]}},{"type":"Feature","properties":{"name":"Lambeth North","kind":"tfl","nr":false,"modes":["tube"],"lines":["Bakerloo"],"zone":"1"},"geometry":{"type":"Point","coordinates":[-0.11229,51.49889]}},{"type":"Feature","properties":{"name":"Loughton","kind":"tfl","nr":false,"modes":["tube"],"lines":["Central"],"zone":"6"},"geometry":{"type":"Point","coordinates":[0.05525,51.64136]}},{"type":"Feature","properties":{"name":"Lancaster Gate","kind":"tfl","nr":false,"modes":["tube"],"lines":["Central"],"zone":"1"},"geometry":{"type":"Point","coordinates":[-0.17514,51.51187]}},{"type":"Feature","properties":{"name":"London Bridge","kind":"tfl","nr":true,"modes":["nationalrail","tube"],"lines":["Jubilee","Northern"],"zone":"1"},"geometry":{"type":"Point","coordinates":[-0.08963,51.50502]}},{"type":"Feature","properties":{"name":"Latimer Road","kind":"tfl","nr":false,"modes":["tube"],"lines":["Circle","Hammersmith & City"],"zone":"2"},"geometry":{"type":"Point","coordinates":[-0.21791,51.5134]}},{"type":"Feature","properties":{"name":"Leicester Square","kind":"tfl","nr":false,"modes":["tube"],"lines":["Northern","Piccadilly"],"zone":"1"},"geometry":{"type":"Point","coordinates":[-0.12849,51.51122]}},{"type":"Feature","properties":{"name":"Liverpool Street","kind":"tfl","nr":false,"modes":["tube"],"lines":["Central","Circle","Hammersmith & City","Metropolitan"],"zone":"1"},"geometry":{"type":"Point","coordinates":[-0.08321,51.5173]}},{"type":"Feature","properties":{"name":"Leyton","kind":"tfl","nr":false,"modes":["tube"],"lines":["Central"],"zone":"3"},"geometry":{"type":"Point","coordinates":[-0.00541,51.55663]}},{"type":"Feature","properties":{"name":"Leytonstone","kind":"tfl","nr":false,"modes":["tube"],"lines":["Central"],"zone":"3/4"},"geometry":{"type":"Point","coordinates":[0.0084,51.56858]}},{"type":"Feature","properties":{"name":"Marble Arch","kind":"tfl","nr":false,"modes":["tube"],"lines":["Central"],"zone":"1"},"geometry":{"type":"Point","coordinates":[-0.15784,51.51354]}},{"type":"Feature","properties":{"name":"Morden","kind":"tfl","nr":false,"modes":["tube"],"lines":["Northern"],"zone":"4"},"geometry":{"type":"Point","coordinates":[-0.19473,51.40235]}},{"type":"Feature","properties":{"name":"Mile End","kind":"tfl","nr":false,"modes":["tube"],"lines":["Central","District","Hammersmith & City"],"zone":"2"},"geometry":{"type":"Point","coordinates":[-0.03344,51.52536]}},{"type":"Feature","properties":{"name":"Moorgate","kind":"tfl","nr":true,"modes":["nationalrail","tube"],"lines":["Circle","Hammersmith & City","Metropolitan","Northern"],"zone":"1"},"geometry":{"type":"Point","coordinates":[-0.08829,51.51812]}},{"type":"Feature","properties":{"name":"Mill Hill East","kind":"tfl","nr":false,"modes":["tube"],"lines":["Northern"],"zone":"4"},"geometry":{"type":"Point","coordinates":[-0.21015,51.60825]}},{"type":"Feature","properties":{"name":"Monument","kind":"tfl","nr":false,"modes":["tube"],"lines":["Circle","District"],"zone":"1"},"geometry":{"type":"Point","coordinates":[-0.0861,51.51065]}},{"type":"Feature","properties":{"name":"Moor Park","kind":"tfl","nr":false,"modes":["tube"],"lines":["Metropolitan"],"zone":"6/7"},"geometry":{"type":"Point","coordinates":[-0.43223,51.62977]}},{"type":"Feature","properties":{"name":"Manor House","kind":"tfl","nr":false,"modes":["tube"],"lines":["Piccadilly"],"zone":"2/3"},"geometry":{"type":"Point","coordinates":[-0.09619,51.57049]}},{"type":"Feature","properties":{"name":"Mansion House","kind":"tfl","nr":false,"modes":["tube"],"lines":["Circle","District"],"zone":"1"},"geometry":{"type":"Point","coordinates":[-0.09375,51.51191]}},{"type":"Feature","properties":{"name":"Mornington Crescent","kind":"tfl","nr":false,"modes":["tube"],"lines":["Northern"],"zone":"2"},"geometry":{"type":"Point","coordinates":[-0.13854,51.53436]}},{"type":"Feature","properties":{"name":"Maida Vale","kind":"tfl","nr":false,"modes":["tube"],"lines":["Bakerloo"],"zone":"2"},"geometry":{"type":"Point","coordinates":[-0.18577,51.5298]}},{"type":"Feature","properties":{"name":"Marylebone","kind":"tfl","nr":true,"modes":["nationalrail","tube"],"lines":["Bakerloo"],"zone":"1"},"geometry":{"type":"Point","coordinates":[-0.16322,51.52228]}},{"type":"Feature","properties":{"name":"North Acton","kind":"tfl","nr":false,"modes":["tube"],"lines":["Central"],"zone":"2/3"},"geometry":{"type":"Point","coordinates":[-0.25971,51.5236]}},{"type":"Feature","properties":{"name":"Newbury Park","kind":"tfl","nr":false,"modes":["tube"],"lines":["Central"],"zone":"4"},"geometry":{"type":"Point","coordinates":[0.08995,51.5756]}},{"type":"Feature","properties":{"name":"Neasden","kind":"tfl","nr":false,"modes":["tube"],"lines":["Jubilee"],"zone":"3"},"geometry":{"type":"Point","coordinates":[-0.24996,51.55417]}},{"type":"Feature","properties":{"name":"North Ealing","kind":"tfl","nr":false,"modes":["tube"],"lines":["Piccadilly"],"zone":"3"},"geometry":{"type":"Point","coordinates":[-0.28854,51.51769]}},{"type":"Feature","properties":{"name":"Northfields","kind":"tfl","nr":false,"modes":["tube"],"lines":["Piccadilly"],"zone":"3"},"geometry":{"type":"Point","coordinates":[-0.31316,51.4996]}},{"type":"Feature","properties":{"name":"North Greenwich","kind":"tfl","nr":false,"modes":["tube"],"lines":["Jubilee"],"zone":"2/3"},"geometry":{"type":"Point","coordinates":[0.00388,51.50009]}},{"type":"Feature","properties":{"name":"North Harrow","kind":"tfl","nr":false,"modes":["tube"],"lines":["Metropolitan"],"zone":"5"},"geometry":{"type":"Point","coordinates":[-0.3628,51.585]}},{"type":"Feature","properties":{"name":"Notting Hill Gate","kind":"tfl","nr":false,"modes":["tube"],"lines":["Central","Circle","District"],"zone":"1/2"},"geometry":{"type":"Point","coordinates":[-0.19609,51.5092]}},{"type":"Feature","properties":{"name":"Northolt","kind":"tfl","nr":false,"modes":["tube"],"lines":["Central"],"zone":"5"},"geometry":{"type":"Point","coordinates":[-0.36907,51.54839]}},{"type":"Feature","properties":{"name":"Northwick Park","kind":"tfl","nr":false,"modes":["tube"],"lines":["Metropolitan"],"zone":"4"},"geometry":{"type":"Point","coordinates":[-0.31778,51.57849]}},{"type":"Feature","properties":{"name":"Northwood","kind":"tfl","nr":false,"modes":["tube"],"lines":["Metropolitan"],"zone":"6"},"geometry":{"type":"Point","coordinates":[-0.42373,51.61079]}},{"type":"Feature","properties":{"name":"Northwood Hills","kind":"tfl","nr":false,"modes":["tube"],"lines":["Metropolitan"],"zone":"6"},"geometry":{"type":"Point","coordinates":[-0.40896,51.60036]}},{"type":"Feature","properties":{"name":"North Wembley","kind":"tfl","nr":false,"modes":["overground","tube"],"lines":["Bakerloo","Lioness line"],"zone":"4"},"geometry":{"type":"Point","coordinates":[-0.30387,51.56241]}},{"type":"Feature","properties":{"name":"Oakwood","kind":"tfl","nr":false,"modes":["tube"],"lines":["Piccadilly"],"zone":"5"},"geometry":{"type":"Point","coordinates":[-0.13149,51.64738]}},{"type":"Feature","properties":{"name":"Old Street","kind":"tfl","nr":true,"modes":["nationalrail","tube"],"lines":["Northern"],"zone":"1"},"geometry":{"type":"Point","coordinates":[-0.08754,51.52563]}},{"type":"Feature","properties":{"name":"Osterley","kind":"tfl","nr":false,"modes":["tube"],"lines":["Piccadilly"],"zone":"4"},"geometry":{"type":"Point","coordinates":[-0.3523,51.48112]}},{"type":"Feature","properties":{"name":"Oval","kind":"tfl","nr":false,"modes":["tube"],"lines":["Northern"],"zone":"2"},"geometry":{"type":"Point","coordinates":[-0.11237,51.48183]}},{"type":"Feature","properties":{"name":"Oxford Circus","kind":"tfl","nr":false,"modes":["tube"],"lines":["Bakerloo","Central","Victoria"],"zone":"1"},"geometry":{"type":"Point","coordinates":[-0.14208,51.51531]}},{"type":"Feature","properties":{"name":"Paddington","kind":"tfl","nr":false,"modes":["tube"],"lines":["Bakerloo","Circle","District"],"zone":"1"},"geometry":{"type":"Point","coordinates":[-0.17449,51.51595]}},{"type":"Feature","properties":{"name":"Paddington","kind":"tfl","nr":false,"modes":["tube"],"lines":["Circle","Hammersmith & City"],"zone":"1"},"geometry":{"type":"Point","coordinates":[-0.1767,51.5175]}},{"type":"Feature","properties":{"name":"Piccadilly Circus","kind":"tfl","nr":false,"modes":["tube"],"lines":["Bakerloo","Piccadilly"],"zone":"1"},"geometry":{"type":"Point","coordinates":[-0.13344,51.50996]}},{"type":"Feature","properties":{"name":"Pimlico","kind":"tfl","nr":false,"modes":["tube"],"lines":["Victoria"],"zone":"1"},"geometry":{"type":"Point","coordinates":[-0.13295,51.48889]}},{"type":"Feature","properties":{"name":"Park Royal","kind":"tfl","nr":false,"modes":["tube"],"lines":["Piccadilly"],"zone":"3"},"geometry":{"type":"Point","coordinates":[-0.28396,51.52652]}},{"type":"Feature","properties":{"name":"Plaistow","kind":"tfl","nr":false,"modes":["tube"],"lines":["District","Hammersmith & City"],"zone":"3"},"geometry":{"type":"Point","coordinates":[0.01657,51.53116]}},{"type":"Feature","properties":{"name":"Pinner","kind":"tfl","nr":false,"modes":["tube"],"lines":["Metropolitan"],"zone":"5"},"geometry":{"type":"Point","coordinates":[-0.38081,51.59271]}},{"type":"Feature","properties":{"name":"Preston Road","kind":"tfl","nr":false,"modes":["tube"],"lines":["Metropolitan"],"zone":"4"},"geometry":{"type":"Point","coordinates":[-0.29514,51.57207]}},{"type":"Feature","properties":{"name":"Parsons Green","kind":"tfl","nr":false,"modes":["tube"],"lines":["District"],"zone":"2"},"geometry":{"type":"Point","coordinates":[-0.20109,51.4753]}},{"type":"Feature","properties":{"name":"Perivale","kind":"tfl","nr":false,"modes":["tube"],"lines":["Central"],"zone":"4"},"geometry":{"type":"Point","coordinates":[-0.32358,51.53674]}},{"type":"Feature","properties":{"name":"Putney Bridge","kind":"tfl","nr":false,"modes":["tube"],"lines":["District"],"zone":"2"},"geometry":{"type":"Point","coordinates":[-0.20882,51.46834]}},{"type":"Feature","properties":{"name":"Queensbury","kind":"tfl","nr":false,"modes":["tube"],"lines":["Jubilee"],"zone":"4"},"geometry":{"type":"Point","coordinates":[-0.28619,51.59417]}},{"type":"Feature","properties":{"name":"Queen's Park","kind":"tfl","nr":false,"modes":["overground","tube"],"lines":["Bakerloo","Lioness line"],"zone":"2"},"geometry":{"type":"Point","coordinates":[-0.20551,51.53399]}},{"type":"Feature","properties":{"name":"Queensway","kind":"tfl","nr":false,"modes":["tube"],"lines":["Central"],"zone":"1"},"geometry":{"type":"Point","coordinates":[-0.18723,51.5105]}},{"type":"Feature","properties":{"name":"Redbridge","kind":"tfl","nr":false,"modes":["tube"],"lines":["Central"],"zone":"4"},"geometry":{"type":"Point","coordinates":[0.04541,51.57636]}},{"type":"Feature","properties":{"name":"Regent's Park","kind":"tfl","nr":false,"modes":["tube"],"lines":["Bakerloo"],"zone":"1"},"geometry":{"type":"Point","coordinates":[-0.1465,51.52345]}},{"type":"Feature","properties":{"name":"Rickmansworth","kind":"tfl","nr":false,"modes":["tube"],"lines":["Metropolitan"],"zone":"7"},"geometry":{"type":"Point","coordinates":[-0.47358,51.64018]}},{"type":"Feature","properties":{"name":"Richmond","kind":"tfl","nr":false,"modes":["overground","tube"],"lines":["District","Mildmay line"],"zone":"4"},"geometry":{"type":"Point","coordinates":[-0.30118,51.46333]}},{"type":"Feature","properties":{"name":"Ruislip Gardens","kind":"tfl","nr":false,"modes":["tube"],"lines":["Central"],"zone":"5"},"geometry":{"type":"Point","coordinates":[-0.41059,51.56074]}},{"type":"Feature","properties":{"name":"Ruislip Manor","kind":"tfl","nr":false,"modes":["tube"],"lines":["Metropolitan","Piccadilly"],"zone":"6"},"geometry":{"type":"Point","coordinates":[-0.41239,51.57331]}},{"type":"Feature","properties":{"name":"Ruislip","kind":"tfl","nr":false,"modes":["tube"],"lines":["Metropolitan","Piccadilly"],"zone":"6"},"geometry":{"type":"Point","coordinates":[-0.42163,51.57137]}},{"type":"Feature","properties":{"name":"Russell Square","kind":"tfl","nr":false,"modes":["tube"],"lines":["Piccadilly"],"zone":"1"},"geometry":{"type":"Point","coordinates":[-0.1242,51.52315]}},{"type":"Feature","properties":{"name":"Ravenscourt Park","kind":"tfl","nr":false,"modes":["tube"],"lines":["District"],"zone":"2"},"geometry":{"type":"Point","coordinates":[-0.2358,51.49412]}},{"type":"Feature","properties":{"name":"Roding Valley","kind":"tfl","nr":false,"modes":["tube"],"lines":["Central"],"zone":"4"},"geometry":{"type":"Point","coordinates":[0.04388,51.61711]}},{"type":"Feature","properties":{"name":"Rayners Lane","kind":"tfl","nr":false,"modes":["tube"],"lines":["Metropolitan","Piccadilly"],"zone":"5"},"geometry":{"type":"Point","coordinates":[-0.37128,51.57519]}},{"type":"Feature","properties":{"name":"Royal Oak","kind":"tfl","nr":false,"modes":["tube"],"lines":["Circle","Hammersmith & City"],"zone":"2"},"geometry":{"type":"Point","coordinates":[-0.18799,51.51906]}},{"type":"Feature","properties":{"name":"Shepherd's Bush","kind":"tfl","nr":false,"modes":["tube"],"lines":["Central"],"zone":"2"},"geometry":{"type":"Point","coordinates":[-0.218,51.50445]}},{"type":"Feature","properties":{"name":"Shepherd's Bush (Rail)","kind":"tfl","nr":true,"modes":["nationalrail","overground"],"lines":["Mildmay line"],"zone":"2"},"geometry":{"type":"Point","coordinates":[-0.2175,51.50513]}},{"type":"Feature","properties":{"name":"Shepherd's Bush Market","kind":"tfl","nr":false,"modes":["tube"],"lines":["Circle","Hammersmith & City"],"zone":"2"},"geometry":{"type":"Point","coordinates":[-0.22638,51.5058]}},{"type":"Feature","properties":{"name":"Shoreditch","kind":"tfl","nr":false,"modes":["overground"],"lines":[],"zone":"2"},"geometry":{"type":"Point","coordinates":[-0.07106,51.5226]}},{"type":"Feature","properties":{"name":"South Ealing","kind":"tfl","nr":false,"modes":["tube"],"lines":["Piccadilly"],"zone":"3"},"geometry":{"type":"Point","coordinates":[-0.3071,51.50103]}},{"type":"Feature","properties":{"name":"Stamford Brook","kind":"tfl","nr":false,"modes":["tube"],"lines":["District"],"zone":"2"},"geometry":{"type":"Point","coordinates":[-0.24583,51.49494]}},{"type":"Feature","properties":{"name":"Southfields","kind":"tfl","nr":false,"modes":["tube"],"lines":["District"],"zone":"3"},"geometry":{"type":"Point","coordinates":[-0.20671,51.44553]}},{"type":"Feature","properties":{"name":"Stepney Green","kind":"tfl","nr":false,"modes":["tube"],"lines":["District","Hammersmith & City"],"zone":"2"},"geometry":{"type":"Point","coordinates":[-0.04673,51.52171]}},{"type":"Feature","properties":{"name":"Stonebridge Park","kind":"tfl","nr":false,"modes":["overground","tube"],"lines":["Bakerloo","Lioness line"],"zone":"3"},"geometry":{"type":"Point","coordinates":[-0.2757,51.54388]}},{"type":"Feature","properties":{"name":"Southgate","kind":"tfl","nr":false,"modes":["tube"],"lines":["Piccadilly"],"zone":"4"},"geometry":{"type":"Point","coordinates":[-0.12781,51.63233]}},{"type":"Feature","properties":{"name":"South Harrow","kind":"tfl","nr":false,"modes":["tube"],"lines":["Piccadilly"],"zone":"5"},"geometry":{"type":"Point","coordinates":[-0.35221,51.56466]}},{"type":"Feature","properties":{"name":"St. James's Park","kind":"tfl","nr":false,"modes":["tube"],"lines":["Circle","District"],"zone":"1"},"geometry":{"type":"Point","coordinates":[-0.13354,51.49961]}},{"type":"Feature","properties":{"name":"St. John's Wood","kind":"tfl","nr":false,"modes":["tube"],"lines":["Jubilee"],"zone":"2"},"geometry":{"type":"Point","coordinates":[-0.17405,51.53483]}},{"type":"Feature","properties":{"name":"South Kensington","kind":"tfl","nr":false,"modes":["tube"],"lines":["Circle","District","Piccadilly"],"zone":"1"},"geometry":{"type":"Point","coordinates":[-0.1729,51.49404]}},{"type":"Feature","properties":{"name":"South Kenton","kind":"tfl","nr":false,"modes":["overground","tube"],"lines":["Bakerloo","Lioness line"],"zone":"4"},"geometry":{"type":"Point","coordinates":[-0.3084,51.57025]}},{"type":"Feature","properties":{"name":"Stockwell","kind":"tfl","nr":false,"modes":["tube"],"lines":["Northern","Victoria"],"zone":"2"},"geometry":{"type":"Point","coordinates":[-0.1225,51.47218]}},{"type":"Feature","properties":{"name":"Snaresbrook","kind":"tfl","nr":false,"modes":["tube"],"lines":["Central"],"zone":"4"},"geometry":{"type":"Point","coordinates":[0.02151,51.58073]}},{"type":"Feature","properties":{"name":"St. Paul's","kind":"tfl","nr":false,"modes":["tube"],"lines":["Central"],"zone":"1"},"geometry":{"type":"Point","coordinates":[-0.09748,51.51492]}},{"type":"Feature","properties":{"name":"South Ruislip","kind":"tfl","nr":true,"modes":["nationalrail","tube"],"lines":["Central"],"zone":"5"},"geometry":{"type":"Point","coordinates":[-0.39929,51.55703]}},{"type":"Feature","properties":{"name":"Sloane Square","kind":"tfl","nr":false,"modes":["tube"],"lines":["Circle","District"],"zone":"1"},"geometry":{"type":"Point","coordinates":[-0.15653,51.49235]}},{"type":"Feature","properties":{"name":"Stratford","kind":"tfl","nr":false,"modes":["tube"],"lines":["Central","Jubilee"],"zone":"2/3"},"geometry":{"type":"Point","coordinates":[-0.00388,51.54149]}},{"type":"Feature","properties":{"name":"Stanmore","kind":"tfl","nr":false,"modes":["tube"],"lines":["Jubilee"],"zone":"5"},"geometry":{"type":"Point","coordinates":[-0.30302,51.61939]}},{"type":"Feature","properties":{"name":"Sudbury Hill","kind":"tfl","nr":false,"modes":["tube"],"lines":["Piccadilly"],"zone":"4"},"geometry":{"type":"Point","coordinates":[-0.33668,51.55699]}},{"type":"Feature","properties":{"name":"Sudbury Town","kind":"tfl","nr":false,"modes":["tube"],"lines":["Piccadilly"],"zone":"4"},"geometry":{"type":"Point","coordinates":[-0.3158,51.55085]}},{"type":"Feature","properties":{"name":"Seven Sisters","kind":"tfl","nr":false,"modes":["tube"],"lines":["Victoria"],"zone":"3"},"geometry":{"type":"Point","coordinates":[-0.07248,51.5836]}},{"type":"Feature","properties":{"name":"Swiss Cottage","kind":"tfl","nr":false,"modes":["tube"],"lines":["Jubilee"],"zone":"2"},"geometry":{"type":"Point","coordinates":[-0.17466,51.54334]}},{"type":"Feature","properties":{"name":"South Woodford","kind":"tfl","nr":false,"modes":["tube"],"lines":["Central"],"zone":"4"},"geometry":{"type":"Point","coordinates":[0.02739,51.59193]}},{"type":"Feature","properties":{"name":"Southwark","kind":"tfl","nr":false,"modes":["tube"],"lines":["Jubilee"],"zone":"1"},"geometry":{"type":"Point","coordinates":[-0.10515,51.50408]}},{"type":"Feature","properties":{"name":"South Wimbledon","kind":"tfl","nr":false,"modes":["tube"],"lines":["Northern"],"zone":"3/4"},"geometry":{"type":"Point","coordinates":[-0.19214,51.41533]}},{"type":"Feature","properties":{"name":"Totteridge & Whetstone","kind":"tfl","nr":false,"modes":["tube"],"lines":["Northern"],"zone":"4"},"geometry":{"type":"Point","coordinates":[-0.17915,51.63037]}},{"type":"Feature","properties":{"name":"Tooting Bec","kind":"tfl","nr":false,"modes":["tube"],"lines":["Northern"],"zone":"3"},"geometry":{"type":"Point","coordinates":[-0.15965,51.4356]}},{"type":"Feature","properties":{"name":"Tooting Broadway","kind":"tfl","nr":false,"modes":["tube"],"lines":["Northern"],"zone":"3"},"geometry":{"type":"Point","coordinates":[-0.16819,51.42775]}},{"type":"Feature","properties":{"name":"Tottenham Court Road","kind":"tfl","nr":false,"modes":["tube"],"lines":["Central","Northern"],"zone":"1"},"geometry":{"type":"Point","coordinates":[-0.13052,51.51647]}},{"type":"Feature","properties":{"name":"Tufnell Park","kind":"tfl","nr":false,"modes":["tube"],"lines":["Northern"],"zone":"2"},"geometry":{"type":"Point","coordinates":[-0.13843,51.55681]}},{"type":"Feature","properties":{"name":"Theydon Bois","kind":"tfl","nr":false,"modes":["tube"],"lines":["Central"],"zone":"6"},"geometry":{"type":"Point","coordinates":[0.10321,51.67174]}},{"type":"Feature","properties":{"name":"Tottenham Hale","kind":"tfl","nr":true,"modes":["nationalrail","tube"],"lines":["Victoria"],"zone":"3"},"geometry":{"type":"Point","coordinates":[-0.05987,51.58843]}},{"type":"Feature","properties":{"name":"Temple","kind":"tfl","nr":false,"modes":["tube"],"lines":["Circle","District"],"zone":"1"},"geometry":{"type":"Point","coordinates":[-0.11375,51.51106]}},{"type":"Feature","properties":{"name":"Turnham Green","kind":"tfl","nr":false,"modes":["tube"],"lines":["District","Piccadilly"],"zone":"2/3"},"geometry":{"type":"Point","coordinates":[-0.25453,51.49514]}},{"type":"Feature","properties":{"name":"Turnpike Lane","kind":"tfl","nr":false,"modes":["tube"],"lines":["Piccadilly"],"zone":"3"},"geometry":{"type":"Point","coordinates":[-0.10285,51.59035]}},{"type":"Feature","properties":{"name":"Tower Hill","kind":"tfl","nr":false,"modes":["tube"],"lines":["Circle","District"],"zone":"1"},"geometry":{"type":"Point","coordinates":[-0.07775,51.50981]}},{"type":"Feature","properties":{"name":"Upminster Bridge","kind":"tfl","nr":false,"modes":["tube"],"lines":["District"],"zone":"6"},"geometry":{"type":"Point","coordinates":[0.23469,51.55833]}},{"type":"Feature","properties":{"name":"Upton Park","kind":"tfl","nr":false,"modes":["tube"],"lines":["District","Hammersmith & City"],"zone":"3"},"geometry":{"type":"Point","coordinates":[0.03441,51.53522]}},{"type":"Feature","properties":{"name":"Upminster","kind":"tfl","nr":false,"modes":["tube"],"lines":["District"],"zone":"6"},"geometry":{"type":"Point","coordinates":[0.25302,51.55901]}},{"type":"Feature","properties":{"name":"Upminster (Rail)","kind":"tfl","nr":true,"modes":["nationalrail","overground"],"lines":["Liberty line"],"zone":"6"},"geometry":{"type":"Point","coordinates":[0.253,51.5595]}},{"type":"Feature","properties":{"name":"Upney","kind":"tfl","nr":false,"modes":["tube"],"lines":["District"],"zone":"4"},"geometry":{"type":"Point","coordinates":[0.09973,51.53827]}},{"type":"Feature","properties":{"name":"Uxbridge","kind":"tfl","nr":false,"modes":["tube"],"lines":["Metropolitan","Piccadilly"],"zone":"6"},"geometry":{"type":"Point","coordinates":[-0.47841,51.54643]}},{"type":"Feature","properties":{"name":"Victoria","kind":"tfl","nr":true,"modes":["nationalrail","tube"],"lines":["Circle","District","Victoria"],"zone":"1"},"geometry":{"type":"Point","coordinates":[-0.14323,51.49636]}},{"type":"Feature","properties":{"name":"Vauxhall","kind":"tfl","nr":true,"modes":["nationalrail","tube"],"lines":["Victoria"],"zone":"1/2"},"geometry":{"type":"Point","coordinates":[-0.12308,51.48497]}},{"type":"Feature","properties":{"name":"Watford","kind":"tfl","nr":false,"modes":["tube"],"lines":["Metropolitan"],"zone":"7"},"geometry":{"type":"Point","coordinates":[-0.41737,51.65737]}},{"type":"Feature","properties":{"name":"West Brompton","kind":"tfl","nr":true,"modes":["nationalrail","overground","tube"],"lines":["District","Mildmay line"],"zone":"2"},"geometry":{"type":"Point","coordinates":[-0.19549,51.48703]}},{"type":"Feature","properties":{"name":"White City","kind":"tfl","nr":false,"modes":["tube"],"lines":["Central"],"zone":"2"},"geometry":{"type":"Point","coordinates":[-0.22439,51.51207]}},{"type":"Feature","properties":{"name":"West Finchley","kind":"tfl","nr":false,"modes":["tube"],"lines":["Northern"],"zone":"4"},"geometry":{"type":"Point","coordinates":[-0.1883,51.60949]}},{"type":"Feature","properties":{"name":"West Ham","kind":"tfl","nr":true,"modes":["nationalrail","tube"],"lines":["District","Hammersmith & City","Jubilee"],"zone":"2/3"},"geometry":{"type":"Point","coordinates":[0.0044,51.52834]}},{"type":"Feature","properties":{"name":"West Hampstead","kind":"tfl","nr":false,"modes":["tube"],"lines":["Jubilee"],"zone":"2"},"geometry":{"type":"Point","coordinates":[-0.1908,51.54686]}},{"type":"Feature","properties":{"name":"West Harrow","kind":"tfl","nr":false,"modes":["tube"],"lines":["Metropolitan"],"zone":"5"},"geometry":{"type":"Point","coordinates":[-0.35377,51.57939]}},{"type":"Feature","properties":{"name":"Willesden Green","kind":"tfl","nr":false,"modes":["tube"],"lines":["Jubilee"],"zone":"2/3"},"geometry":{"type":"Point","coordinates":[-0.22185,51.54933]}},{"type":"Feature","properties":{"name":"Wimbledon","kind":"tfl","nr":true,"modes":["nationalrail","tube"],"lines":["District"],"zone":"3"},"geometry":{"type":"Point","coordinates":[-0.20616,51.42164]}},{"type":"Feature","properties":{"name":"Wimbledon Park","kind":"tfl","nr":false,"modes":["tube"],"lines":["District"],"zone":"3"},"geometry":{"type":"Point","coordinates":[-0.19963,51.43446]}},{"type":"Feature","properties":{"name":"Willesden Junction","kind":"tfl","nr":false,"modes":["overground","tube"],"lines":["Bakerloo","Lioness line","Mildmay line"],"zone":"2/3"},"geometry":{"type":"Point","coordinates":[-0.24318,51.53225]}},{"type":"Feature","properties":{"name":"Warwick Avenue","kind":"tfl","nr":false,"modes":["tube"],"lines":["Bakerloo"],"zone":"2"},"geometry":{"type":"Point","coordinates":[-0.18401,51.5233]}},{"type":"Feature","properties":{"name":"West Kensington","kind":"tfl","nr":false,"modes":["tube"],"lines":["District"],"zone":"2"},"geometry":{"type":"Point","coordinates":[-0.20598,51.4907]}},{"type":"Feature","properties":{"name":"Wood Lane","kind":"tfl","nr":false,"modes":["tube"],"lines":["Circle","Hammersmith & City"],"zone":"2"},"geometry":{"type":"Point","coordinates":[-0.22371,51.51007]}},{"type":"Feature","properties":{"name":"Waterloo","kind":"tfl","nr":true,"modes":["nationalrail","tube"],"lines":["Bakerloo","Jubilee","Northern","Waterloo & City"],"zone":"1"},"geometry":{"type":"Point","coordinates":[-0.11436,51.50306]}},{"type":"Feature","properties":{"name":"Woodford","kind":"tfl","nr":false,"modes":["tube"],"lines":["Central"],"zone":"4"},"geometry":{"type":"Point","coordinates":[0.03386,51.60665]}},{"type":"Feature","properties":{"name":"Wood Green","kind":"tfl","nr":false,"modes":["tube"],"lines":["Piccadilly"],"zone":"3"},"geometry":{"type":"Point","coordinates":[-0.10976,51.59742]}},{"type":"Feature","properties":{"name":"Woodside Park","kind":"tfl","nr":false,"modes":["tube"],"lines":["Northern"],"zone":"4"},"geometry":{"type":"Point","coordinates":[-0.18562,51.61779]}},{"type":"Feature","properties":{"name":"Whitechapel","kind":"tfl","nr":false,"modes":["overground","tube"],"lines":["District","Hammersmith & City"],"zone":"2"},"geometry":{"type":"Point","coordinates":[-0.061,51.5196]}},{"type":"Feature","properties":{"name":"West Ruislip","kind":"tfl","nr":true,"modes":["nationalrail","tube"],"lines":["Central"],"zone":"6"},"geometry":{"type":"Point","coordinates":[-0.43766,51.56963]}},{"type":"Feature","properties":{"name":"Warren Street","kind":"tfl","nr":false,"modes":["tube"],"lines":["Northern","Victoria"],"zone":"1"},"geometry":{"type":"Point","coordinates":[-0.1381,51.52465]}},{"type":"Feature","properties":{"name":"Wanstead","kind":"tfl","nr":false,"modes":["tube"],"lines":["Central"],"zone":"4"},"geometry":{"type":"Point","coordinates":[0.02862,51.57567]}},{"type":"Feature","properties":{"name":"Westminster","kind":"tfl","nr":false,"modes":["tube"],"lines":["Circle","District","Jubilee"],"zone":"1"},"geometry":{"type":"Point","coordinates":[-0.12596,51.50088]}},{"type":"Feature","properties":{"name":"Westbourne Park","kind":"tfl","nr":false,"modes":["tube"],"lines":["Circle","Hammersmith & City"],"zone":"2"},"geometry":{"type":"Point","coordinates":[-0.20151,51.52095]}},{"type":"Feature","properties":{"name":"West Acton","kind":"tfl","nr":false,"modes":["tube"],"lines":["Central"],"zone":"3"},"geometry":{"type":"Point","coordinates":[-0.28061,51.5182]}},{"type":"Feature","properties":{"name":"Walthamstow Central","kind":"tfl","nr":false,"modes":["tube"],"lines":["Victoria"],"zone":"3"},"geometry":{"type":"Point","coordinates":[-0.0201,51.5839]}},{"type":"Feature","properties":{"name":"Wembley Central","kind":"tfl","nr":true,"modes":["nationalrail","overground","tube"],"lines":["Bakerloo","Lioness line"],"zone":"4"},"geometry":{"type":"Point","coordinates":[-0.29588,51.5514]}},{"type":"Feature","properties":{"name":"Wembley Park","kind":"tfl","nr":false,"modes":["tube"],"lines":["Jubilee","Metropolitan"],"zone":"4"},"geometry":{"type":"Point","coordinates":[-0.28004,51.56377]}},{"type":"Feature","properties":{"name":"Cassiobridge","kind":"tfl","nr":false,"modes":["tube"],"lines":["Metropolitan"],"zone":"M"},"geometry":{"type":"Point","coordinates":[-0.42437,51.65063]}},{"type":"Feature","properties":{"name":"Watford Vicarage Road","kind":"tfl","nr":false,"modes":["tube"],"lines":["Metropolitan"],"zone":"M"},"geometry":{"type":"Point","coordinates":[-0.40866,51.64679]}},{"type":"Feature","properties":{"name":"Nine Elms","kind":"tfl","nr":false,"modes":["tube"],"lines":["Northern"],"zone":"2"},"geometry":{"type":"Point","coordinates":[-0.12862,51.48015]}},{"type":"Feature","properties":{"name":"Battersea Power Station","kind":"tfl","nr":false,"modes":["tube"],"lines":["Northern"],"zone":"2"},"geometry":{"type":"Point","coordinates":[-0.14299,51.47943]}},{"type":"Feature","properties":{"name":"Abbey Road","kind":"tfl","nr":false,"modes":["dlr"],"lines":["DLR"],"zone":"2/3"},"geometry":{"type":"Point","coordinates":[0.00353,51.53239]}},{"type":"Feature","properties":{"name":"All Saints","kind":"tfl","nr":false,"modes":["dlr"],"lines":["DLR"],"zone":"2"},"geometry":{"type":"Point","coordinates":[-0.01307,51.51072]}},{"type":"Feature","properties":{"name":"Beckton","kind":"tfl","nr":false,"modes":["dlr"],"lines":["DLR"],"zone":"3"},"geometry":{"type":"Point","coordinates":[0.06105,51.51428]}},{"type":"Feature","properties":{"name":"Blackwall","kind":"tfl","nr":false,"modes":["dlr"],"lines":["DLR"],"zone":"2"},"geometry":{"type":"Point","coordinates":[-0.00723,51.50794]}},{"type":"Feature","properties":{"name":"Bank (DLR)","kind":"tfl","nr":false,"modes":["dlr"],"lines":["DLR"],"zone":"1"},"geometry":{"type":"Point","coordinates":[-0.087,51.5123]}},{"type":"Feature","properties":{"name":"Bow Church","kind":"tfl","nr":false,"modes":["dlr"],"lines":["DLR"],"zone":"2"},"geometry":{"type":"Point","coordinates":[-0.02091,51.52773]}},{"type":"Feature","properties":{"name":"Beckton Park","kind":"tfl","nr":false,"modes":["dlr"],"lines":["DLR"],"zone":"3"},"geometry":{"type":"Point","coordinates":[0.05498,51.50873]}},{"type":"Feature","properties":{"name":"Canary Wharf","kind":"tfl","nr":false,"modes":["dlr"],"lines":["DLR"],"zone":"2"},"geometry":{"type":"Point","coordinates":[-0.0209,51.50517]}},{"type":"Feature","properties":{"name":"Canning Town (DLR)","kind":"tfl","nr":false,"modes":["dlr"],"lines":["DLR"],"zone":"2/3"},"geometry":{"type":"Point","coordinates":[0.008,51.5135]}},{"type":"Feature","properties":{"name":"Crossharbour","kind":"tfl","nr":false,"modes":["dlr"],"lines":["DLR"],"zone":"2"},"geometry":{"type":"Point","coordinates":[-0.01447,51.49584]}},{"type":"Feature","properties":{"name":"Custom House","kind":"tfl","nr":false,"modes":["dlr"],"lines":["DLR"],"zone":"3"},"geometry":{"type":"Point","coordinates":[0.02637,51.5097]}},{"type":"Feature","properties":{"name":"Cutty Sark","kind":"tfl","nr":false,"modes":["dlr"],"lines":["DLR"],"zone":"2/3"},"geometry":{"type":"Point","coordinates":[-0.01072,51.48174]}},{"type":"Feature","properties":{"name":"Cyprus","kind":"tfl","nr":false,"modes":["dlr"],"lines":["DLR"],"zone":"3"},"geometry":{"type":"Point","coordinates":[0.06397,51.50843]}},{"type":"Feature","properties":{"name":"Deptford Bridge","kind":"tfl","nr":false,"modes":["dlr"],"lines":["DLR"],"zone":"2/3"},"geometry":{"type":"Point","coordinates":[-0.02239,51.47411]}},{"type":"Feature","properties":{"name":"Devons Road","kind":"tfl","nr":false,"modes":["dlr"],"lines":["DLR"],"zone":"2"},"geometry":{"type":"Point","coordinates":[-0.0175,51.52247]}},{"type":"Feature","properties":{"name":"East India","kind":"tfl","nr":false,"modes":["dlr"],"lines":["DLR"],"zone":"2/3"},"geometry":{"type":"Point","coordinates":[-0.00226,51.50939]}},{"type":"Feature","properties":{"name":"Elverson Road","kind":"tfl","nr":false,"modes":["dlr"],"lines":["DLR"],"zone":"2/3"},"geometry":{"type":"Point","coordinates":[-0.01679,51.4691]}},{"type":"Feature","properties":{"name":"Gallions Reach","kind":"tfl","nr":false,"modes":["dlr"],"lines":["DLR"],"zone":"3"},"geometry":{"type":"Point","coordinates":[0.07177,51.50896]}},{"type":"Feature","properties":{"name":"Greenwich","kind":"tfl","nr":true,"modes":["dlr","nationalrail"],"lines":["DLR"],"zone":"2/3"},"geometry":{"type":"Point","coordinates":[-0.01549,51.47804]}},{"type":"Feature","properties":{"name":"Heron Quays","kind":"tfl","nr":false,"modes":["dlr"],"lines":["DLR"],"zone":"2"},"geometry":{"type":"Point","coordinates":[-0.02144,51.50326]}},{"type":"Feature","properties":{"name":"Island Gardens","kind":"tfl","nr":false,"modes":["dlr"],"lines":["DLR"],"zone":"2"},"geometry":{"type":"Point","coordinates":[-0.01029,51.48792]}},{"type":"Feature","properties":{"name":"King George V","kind":"tfl","nr":false,"modes":["dlr"],"lines":["DLR"],"zone":"3"},"geometry":{"type":"Point","coordinates":[0.06216,51.50195]}},{"type":"Feature","properties":{"name":"London City Airport","kind":"tfl","nr":false,"modes":["dlr"],"lines":["DLR"],"zone":"3"},"geometry":{"type":"Point","coordinates":[0.04801,51.50368]}},{"type":"Feature","properties":{"name":"Langdon Park","kind":"tfl","nr":false,"modes":["dlr"],"lines":["DLR"],"zone":"2"},"geometry":{"type":"Point","coordinates":[-0.01411,51.51514]}},{"type":"Feature","properties":{"name":"Lewisham","kind":"tfl","nr":true,"modes":["dlr","nationalrail"],"lines":["DLR"],"zone":"2/3"},"geometry":{"type":"Point","coordinates":[-0.01291,51.46471]}},{"type":"Feature","properties":{"name":"Limehouse","kind":"tfl","nr":true,"modes":["dlr","nationalrail"],"lines":["DLR"],"zone":"2"},"geometry":{"type":"Point","coordinates":[-0.03969,51.51237]}},{"type":"Feature","properties":{"name":"Mudchute","kind":"tfl","nr":false,"modes":["dlr"],"lines":["DLR"],"zone":"2"},"geometry":{"type":"Point","coordinates":[-0.01495,51.4917]}},{"type":"Feature","properties":{"name":"Pontoon Dock","kind":"tfl","nr":false,"modes":["dlr"],"lines":["DLR"],"zone":"3"},"geometry":{"type":"Point","coordinates":[0.0327,51.50221]}},{"type":"Feature","properties":{"name":"Poplar","kind":"tfl","nr":false,"modes":["dlr"],"lines":["DLR"],"zone":"2"},"geometry":{"type":"Point","coordinates":[-0.01748,51.50784]}},{"type":"Feature","properties":{"name":"Prince Regent","kind":"tfl","nr":false,"modes":["dlr"],"lines":["DLR"],"zone":"3"},"geometry":{"type":"Point","coordinates":[0.03362,51.50949]}},{"type":"Feature","properties":{"name":"Pudding Mill Lane","kind":"tfl","nr":false,"modes":["dlr"],"lines":["DLR"],"zone":"2/3"},"geometry":{"type":"Point","coordinates":[-0.01352,51.53384]}},{"type":"Feature","properties":{"name":"Royal Albert","kind":"tfl","nr":false,"modes":["dlr"],"lines":["DLR"],"zone":"3"},"geometry":{"type":"Point","coordinates":[0.04566,51.50834]}},{"type":"Feature","properties":{"name":"Royal Victoria","kind":"tfl","nr":false,"modes":["dlr"],"lines":["DLR"],"zone":"3"},"geometry":{"type":"Point","coordinates":[0.01793,51.50917]}},{"type":"Feature","properties":{"name":"Shadwell","kind":"tfl","nr":false,"modes":["dlr"],"lines":["DLR"],"zone":"2"},"geometry":{"type":"Point","coordinates":[-0.0562,51.51175]}},{"type":"Feature","properties":{"name":"Stratford High Street","kind":"tfl","nr":false,"modes":["dlr"],"lines":["DLR"],"zone":"2/3"},"geometry":{"type":"Point","coordinates":[-0.00034,51.5377]}},{"type":"Feature","properties":{"name":"Stratford International","kind":"tfl","nr":true,"modes":["dlr","nationalrail"],"lines":["DLR"],"zone":"2/3"},"geometry":{"type":"Point","coordinates":[-0.00886,51.54576]}},{"type":"Feature","properties":{"name":"South Quay","kind":"tfl","nr":false,"modes":["dlr"],"lines":["DLR"],"zone":"2"},"geometry":{"type":"Point","coordinates":[-0.01619,51.50001]}},{"type":"Feature","properties":{"name":"Stratford (DLR 1)","kind":"tfl","nr":false,"modes":["dlr"],"lines":["DLR"],"zone":"2/3"},"geometry":{"type":"Point","coordinates":[-0.00486,51.54033]}},{"type":"Feature","properties":{"name":"Star Lane","kind":"tfl","nr":false,"modes":["dlr"],"lines":["DLR"],"zone":"2/3"},"geometry":{"type":"Point","coordinates":[0.00417,51.52056]}},{"type":"Feature","properties":{"name":"Tower Gateway","kind":"tfl","nr":false,"modes":["dlr"],"lines":["DLR"],"zone":"1"},"geometry":{"type":"Point","coordinates":[-0.07441,51.51062]}},{"type":"Feature","properties":{"name":"Westferry","kind":"tfl","nr":false,"modes":["dlr"],"lines":["DLR"],"zone":"2"},"geometry":{"type":"Point","coordinates":[-0.02674,51.50945]}},{"type":"Feature","properties":{"name":"West Ham (DLR)","kind":"tfl","nr":false,"modes":["dlr"],"lines":["DLR"],"zone":"2/3"},"geometry":{"type":"Point","coordinates":[0.005,51.528]}},{"type":"Feature","properties":{"name":"West India Quay","kind":"tfl","nr":false,"modes":["dlr"],"lines":["DLR"],"zone":"2"},"geometry":{"type":"Point","coordinates":[-0.0204,51.5069]}},{"type":"Feature","properties":{"name":"Woolwich Arsenal","kind":"tfl","nr":true,"modes":["dlr","nationalrail"],"lines":["DLR"],"zone":"4"},"geometry":{"type":"Point","coordinates":[0.06938,51.4903]}},{"type":"Feature","properties":{"name":"West Silvertown","kind":"tfl","nr":false,"modes":["dlr"],"lines":["DLR"],"zone":"3"},"geometry":{"type":"Point","coordinates":[0.02213,51.50293]}},{"type":"Feature","properties":{"name":"Addiscombe","kind":"tfl","nr":false,"modes":["tram"],"lines":["Tramlink"],"zone":"T"},"geometry":{"type":"Point","coordinates":[-0.07327,51.37994]}},{"type":"Feature","properties":{"name":"Addington Village","kind":"tfl","nr":false,"modes":["tram"],"lines":["Tramlink"],"zone":"T"},"geometry":{"type":"Point","coordinates":[-0.0325,51.35621]}},{"type":"Feature","properties":{"name":"Ampere Way","kind":"tfl","nr":false,"modes":["tram"],"lines":["Tramlink"],"zone":"T"},"geometry":{"type":"Point","coordinates":[-0.12369,51.38236]}},{"type":"Feature","properties":{"name":"Arena","kind":"tfl","nr":false,"modes":["tram"],"lines":["Tramlink"],"zone":"T"},"geometry":{"type":"Point","coordinates":[-0.05825,51.39161]}},{"type":"Feature","properties":{"name":"Avenue Road","kind":"tfl","nr":false,"modes":["tram"],"lines":["Tramlink"],"zone":"T"},"geometry":{"type":"Point","coordinates":[-0.049,51.40704]}},{"type":"Feature","properties":{"name":"Beddington Lane","kind":"tfl","nr":false,"modes":["tram"],"lines":["Tramlink"],"zone":"T"},"geometry":{"type":"Point","coordinates":[-0.14285,51.38945]}},{"type":"Feature","properties":{"name":"Beckenham Junction","kind":"tfl","nr":false,"modes":["tram"],"lines":["Tramlink"],"zone":"4/T"},"geometry":{"type":"Point","coordinates":[-0.02616,51.41072]}},{"type":"Feature","properties":{"name":"Belgrave Walk","kind":"tfl","nr":false,"modes":["tram"],"lines":["Tramlink"],"zone":"T"},"geometry":{"type":"Point","coordinates":[-0.17836,51.40098]}},{"type":"Feature","properties":{"name":"Birkbeck","kind":"tfl","nr":false,"modes":["tram"],"lines":["Tramlink"],"zone":"4/T"},"geometry":{"type":"Point","coordinates":[-0.0558,51.40375]}},{"type":"Feature","properties":{"name":"Blackhorse Lane","kind":"tfl","nr":false,"modes":["tram"],"lines":["Tramlink"],"zone":"T"},"geometry":{"type":"Point","coordinates":[-0.07046,51.38482]}},{"type":"Feature","properties":{"name":"Beckenham Road","kind":"tfl","nr":false,"modes":["tram"],"lines":["Tramlink"],"zone":"T"},"geometry":{"type":"Point","coordinates":[-0.04316,51.40964]}},{"type":"Feature","properties":{"name":"George Street","kind":"tfl","nr":false,"modes":["tram"],"lines":["Tramlink"],"zone":"T"},"geometry":{"type":"Point","coordinates":[-0.09871,51.37393]}},{"type":"Feature","properties":{"name":"Church Street","kind":"tfl","nr":false,"modes":["tram"],"lines":["Tramlink"],"zone":"T"},"geometry":{"type":"Point","coordinates":[-0.10403,51.37359]}},{"type":"Feature","properties":{"name":"Coombe Lane","kind":"tfl","nr":false,"modes":["tram"],"lines":["Tramlink"],"zone":"T"},"geometry":{"type":"Point","coordinates":[-0.06009,51.35978]}},{"type":"Feature","properties":{"name":"Centrale","kind":"tfl","nr":false,"modes":["tram"],"lines":["Tramlink"],"zone":"T"},"geometry":{"type":"Point","coordinates":[-0.10377,51.37588]}},{"type":"Feature","properties":{"name":"Dundonald Road","kind":"tfl","nr":false,"modes":["tram"],"lines":["Tramlink"],"zone":"T"},"geometry":{"type":"Point","coordinates":[-0.20762,51.41751]}},{"type":"Feature","properties":{"name":"East Croydon","kind":"tfl","nr":false,"modes":["tram"],"lines":["Tramlink"],"zone":"5/T"},"geometry":{"type":"Point","coordinates":[-0.09271,51.37481]}},{"type":"Feature","properties":{"name":"Elmers End","kind":"tfl","nr":false,"modes":["tram"],"lines":["Tramlink"],"zone":"4/T"},"geometry":{"type":"Point","coordinates":[-0.04969,51.39825]}},{"type":"Feature","properties":{"name":"Fieldway","kind":"tfl","nr":false,"modes":["tram"],"lines":["Tramlink"],"zone":"T"},"geometry":{"type":"Point","coordinates":[-0.02421,51.35097]}},{"type":"Feature","properties":{"name":"Gravel Hill","kind":"tfl","nr":false,"modes":["tram"],"lines":["Tramlink"],"zone":"T"},"geometry":{"type":"Point","coordinates":[-0.04286,51.35453]}},{"type":"Feature","properties":{"name":"Harrington Road","kind":"tfl","nr":false,"modes":["tram"],"lines":["Tramlink"],"zone":"T"},"geometry":{"type":"Point","coordinates":[-0.06048,51.39966]}},{"type":"Feature","properties":{"name":"King Henry's Drive","kind":"tfl","nr":false,"modes":["tram"],"lines":["Tramlink"],"zone":"T"},"geometry":{"type":"Point","coordinates":[-0.02039,51.34551]}},{"type":"Feature","properties":{"name":"Lebanon Road","kind":"tfl","nr":false,"modes":["tram"],"lines":["Tramlink"],"zone":"T"},"geometry":{"type":"Point","coordinates":[-0.0845,51.37515]}},{"type":"Feature","properties":{"name":"Lloyd Park","kind":"tfl","nr":false,"modes":["tram"],"lines":["Tramlink"],"zone":"T"},"geometry":{"type":"Point","coordinates":[-0.0807,51.36417]}},{"type":"Feature","properties":{"name":"Mitcham","kind":"tfl","nr":false,"modes":["tram"],"lines":["Tramlink"],"zone":"T"},"geometry":{"type":"Point","coordinates":[-0.17114,51.39756]}},{"type":"Feature","properties":{"name":"Morden Road","kind":"tfl","nr":false,"modes":["tram"],"lines":["Tramlink"],"zone":"T"},"geometry":{"type":"Point","coordinates":[-0.19291,51.40888]}},{"type":"Feature","properties":{"name":"Mitcham Junction","kind":"tfl","nr":false,"modes":["tram"],"lines":["Tramlink"],"zone":"4/T"},"geometry":{"type":"Point","coordinates":[-0.1573,51.39264]}},{"type":"Feature","properties":{"name":"Merton Park","kind":"tfl","nr":false,"modes":["tram"],"lines":["Tramlink"],"zone":"T"},"geometry":{"type":"Point","coordinates":[-0.20139,51.41376]}},{"type":"Feature","properties":{"name":"New Addington","kind":"tfl","nr":false,"modes":["tram"],"lines":["Tramlink"],"zone":"T"},"geometry":{"type":"Point","coordinates":[-0.01734,51.3425]}},{"type":"Feature","properties":{"name":"Phipps Bridge","kind":"tfl","nr":false,"modes":["tram"],"lines":["Tramlink"],"zone":"T"},"geometry":{"type":"Point","coordinates":[-0.18211,51.40333]}},{"type":"Feature","properties":{"name":"Reeves Corner","kind":"tfl","nr":false,"modes":["tram"],"lines":["Tramlink"],"zone":"T"},"geometry":{"type":"Point","coordinates":[-0.10632,51.37489]}},{"type":"Feature","properties":{"name":"Sandilands","kind":"tfl","nr":false,"modes":["tram"],"lines":["Tramlink"],"zone":"T"},"geometry":{"type":"Point","coordinates":[-0.07773,51.37493]}},{"type":"Feature","properties":{"name":"Therapia Lane","kind":"tfl","nr":false,"modes":["tram"],"lines":["Tramlink"],"zone":"T"},"geometry":{"type":"Point","coordinates":[-0.12909,51.3857]}},{"type":"Feature","properties":{"name":"Waddon Marsh","kind":"tfl","nr":false,"modes":["tram"],"lines":["Tramlink"],"zone":"T"},"geometry":{"type":"Point","coordinates":[-0.11783,51.377]}},{"type":"Feature","properties":{"name":"Wandle Park","kind":"tfl","nr":false,"modes":["tram"],"lines":["Tramlink"],"zone":"T"},"geometry":{"type":"Point","coordinates":[-0.11336,51.37348]}},{"type":"Feature","properties":{"name":"West Croydon (Tram)","kind":"tfl","nr":false,"modes":["tram"],"lines":["Tramlink"],"zone":"T"},"geometry":{"type":"Point","coordinates":[-0.10164,51.37904]}},{"type":"Feature","properties":{"name":"Wellesley Road","kind":"tfl","nr":false,"modes":["tram"],"lines":["Tramlink"],"zone":"T"},"geometry":{"type":"Point","coordinates":[-0.09762,51.37562]}},{"type":"Feature","properties":{"name":"Wimbledon (Tram)","kind":"tfl","nr":false,"modes":["tram"],"lines":["Tramlink"],"zone":"T"},"geometry":{"type":"Point","coordinates":[-0.20517,51.42151]}},{"type":"Feature","properties":{"name":"Woodside","kind":"tfl","nr":false,"modes":["tram"],"lines":["Tramlink"],"zone":"T"},"geometry":{"type":"Point","coordinates":[-0.06566,51.38693]}},{"type":"Feature","properties":{"name":"Emirates Greenwich Peninsula","kind":"tfl","nr":false,"modes":["cablecar"],"lines":["IFS Cloud Cable Car"],"zone":"C"},"geometry":{"type":"Point","coordinates":[0.00821,51.49969]}},{"type":"Feature","properties":{"name":"Emirates Royal Docks","kind":"tfl","nr":false,"modes":["cablecar"],"lines":["IFS Cloud Cable Car"],"zone":"C"},"geometry":{"type":"Point","coordinates":[0.01809,51.50777]}},{"type":"Feature","properties":{"name":"Abbey Wood","kind":"tfl","nr":false,"modes":["elizabeth"],"lines":["Elizabeth line"],"zone":"4"},"geometry":{"type":"Point","coordinates":[0.12041,51.49109]}},{"type":"Feature","properties":{"name":"Acton Central","kind":"tfl","nr":false,"modes":["overground"],"lines":["Mildmay line"],"zone":"3"},"geometry":{"type":"Point","coordinates":[-0.26283,51.50871]}},{"type":"Feature","properties":{"name":"Acton Main Line","kind":"tfl","nr":false,"modes":["elizabeth"],"lines":["Elizabeth line"],"zone":"3"},"geometry":{"type":"Point","coordinates":[-0.26716,51.51711]}},{"type":"Feature","properties":{"name":"Anerley","kind":"tfl","nr":true,"modes":["nationalrail","overground"],"lines":["Windrush line"],"zone":"4"},"geometry":{"type":"Point","coordinates":[-0.0658,51.41226]}},{"type":"Feature","properties":{"name":"Angel Road","kind":"tfl","nr":true,"modes":["nationalrail"],"lines":[],"zone":"4"},"geometry":{"type":"Point","coordinates":[-0.04906,51.61267]}},{"type":"Feature","properties":{"name":"Barking (Rail)","kind":"tfl","nr":true,"modes":["nationalrail","overground"],"lines":["Suffragette line"],"zone":"4"},"geometry":{"type":"Point","coordinates":[0.0809,51.5392]}},{"type":"Feature","properties":{"name":"Battersea Park","kind":"tfl","nr":true,"modes":["nationalrail","overground"],"lines":["Windrush line"],"zone":"2"},"geometry":{"type":"Point","coordinates":[-0.14744,51.47804]}},{"type":"Feature","properties":{"name":"Bush Hill Park","kind":"tfl","nr":false,"modes":["overground"],"lines":["Weaver line"],"zone":"5"},"geometry":{"type":"Point","coordinates":[-0.06903,51.64121]}},{"type":"Feature","properties":{"name":"Blackhorse Road (Rail)","kind":"tfl","nr":false,"modes":["overground"],"lines":["Suffragette line"],"zone":"3"},"geometry":{"type":"Point","coordinates":[-0.04134,51.58664]}},{"type":"Feature","properties":{"name":"Burnham","kind":"tfl","nr":true,"modes":["elizabeth","nationalrail"],"lines":["Elizabeth line"],"zone":"X"},"geometry":{"type":"Point","coordinates":[-0.64635,51.5234]}},{"type":"Feature","properties":{"name":"Bond Street","kind":"tfl","nr":true,"modes":["elizabeth","nationalrail"],"lines":["Elizabeth line"],"zone":"1"},"geometry":{"type":"Point","coordinates":[-0.148,51.5134]}},{"type":"Feature","properties":{"name":"Brondesbury","kind":"tfl","nr":false,"modes":["overground"],"lines":["Mildmay line"],"zone":"2"},"geometry":{"type":"Point","coordinates":[-0.20232,51.54512]}},{"type":"Feature","properties":{"name":"Brondesbury Park","kind":"tfl","nr":false,"modes":["overground"],"lines":["Mildmay line"],"zone":"2"},"geometry":{"type":"Point","coordinates":[-0.21015,51.5407]}},{"type":"Feature","properties":{"name":"Brimsdown","kind":"tfl","nr":true,"modes":["nationalrail"],"lines":[],"zone":"5"},"geometry":{"type":"Point","coordinates":[-0.03086,51.65556]}},{"type":"Feature","properties":{"name":"Berrylands","kind":"tfl","nr":true,"modes":["nationalrail"],"lines":[],"zone":"5"},"geometry":{"type":"Point","coordinates":[-0.28093,51.399]}},{"type":"Feature","properties":{"name":"Brockley","kind":"tfl","nr":true,"modes":["nationalrail","overground"],"lines":["Windrush line"],"zone":"2"},"geometry":{"type":"Point","coordinates":[-0.03747,51.46464]}},{"type":"Feature","properties":{"name":"Broxbourne","kind":"tfl","nr":true,"modes":["nationalrail"],"lines":[],"zone":"11"},"geometry":{"type":"Point","coordinates":[-0.01075,51.7469]}},{"type":"Feature","properties":{"name":"Brentwood","kind":"tfl","nr":false,"modes":["elizabeth"],"lines":["Elizabeth line"],"zone":"9"},"geometry":{"type":"Point","coordinates":[0.29983,51.61354]}},{"type":"Feature","properties":{"name":"Bruce Grove","kind":"tfl","nr":false,"modes":["overground"],"lines":["Weaver line"],"zone":"3"},"geometry":{"type":"Point","coordinates":[-0.07008,51.59371]}},{"type":"Feature","properties":{"name":"Bethnal Green","kind":"tfl","nr":false,"modes":["overground"],"lines":["Weaver line"],"zone":"2"},"geometry":{"type":"Point","coordinates":[-0.05943,51.52391]}},{"type":"Feature","properties":{"name":"Bushey","kind":"tfl","nr":true,"modes":["nationalrail","overground"],"lines":["Lioness line"],"zone":"8"},"geometry":{"type":"Point","coordinates":[-0.3852,51.64575]}},{"type":"Feature","properties":{"name":"Cambridge Heath","kind":"tfl","nr":false,"modes":["overground"],"lines":["Weaver line"],"zone":"2"},"geometry":{"type":"Point","coordinates":[-0.05759,51.53243]}},{"type":"Feature","properties":{"name":"Canada Water (Rail)","kind":"tfl","nr":false,"modes":["overground"],"lines":["Windrush line"],"zone":"2"},"geometry":{"type":"Point","coordinates":[-0.04995,51.4975]}},{"type":"Feature","properties":{"name":"Chadwell Heath","kind":"tfl","nr":false,"modes":["elizabeth"],"lines":["Elizabeth line"],"zone":"5"},"geometry":{"type":"Point","coordinates":[0.12906,51.56794]}},{"type":"Feature","properties":{"name":"Cheshunt","kind":"tfl","nr":true,"modes":["nationalrail","overground"],"lines":["Weaver line"],"zone":"8"},"geometry":{"type":"Point","coordinates":[-0.02397,51.70287]}},{"type":"Feature","properties":{"name":"Chingford","kind":"tfl","nr":false,"modes":["overground"],"lines":["Weaver line"],"zone":"5"},"geometry":{"type":"Point","coordinates":[0.01008,51.63322]}},{"type":"Feature","properties":{"name":"Chessington North","kind":"tfl","nr":true,"modes":["nationalrail"],"lines":[],"zone":"6"},"geometry":{"type":"Point","coordinates":[-0.30067,51.36396]}},{"type":"Feature","properties":{"name":"Chessington South","kind":"tfl","nr":true,"modes":["nationalrail"],"lines":[],"zone":"6"},"geometry":{"type":"Point","coordinates":[-0.30826,51.35673]}},{"type":"Feature","properties":{"name":"Clapton","kind":"tfl","nr":false,"modes":["overground"],"lines":["Weaver line"],"zone":"2/3"},"geometry":{"type":"Point","coordinates":[-0.05683,51.56166]}},{"type":"Feature","properties":{"name":"Caledonian Road & Barnsbury","kind":"tfl","nr":false,"modes":["overground"],"lines":["Mildmay line"],"zone":"2"},"geometry":{"type":"Point","coordinates":[-0.11499,51.54361]}},{"type":"Feature","properties":{"name":"Clapham High Street","kind":"tfl","nr":true,"modes":["nationalrail","overground"],"lines":["Windrush line"],"zone":"2"},"geometry":{"type":"Point","coordinates":[-0.13239,51.46551]}},{"type":"Feature","properties":{"name":"Clapham Junction","kind":"tfl","nr":true,"modes":["nationalrail","overground"],"lines":["Mildmay line","Windrush line"],"zone":"2"},"geometry":{"type":"Point","coordinates":[-0.17197,51.4648]}},{"type":"Feature","properties":{"name":"Camden Road","kind":"tfl","nr":false,"modes":["overground"],"lines":["Mildmay line"],"zone":"2"},"geometry":{"type":"Point","coordinates":[-0.13946,51.54195]}},{"type":"Feature","properties":{"name":"Canonbury","kind":"tfl","nr":false,"modes":["overground"],"lines":["Mildmay line","Windrush line"],"zone":"2"},"geometry":{"type":"Point","coordinates":[-0.09268,51.54868]}},{"type":"Feature","properties":{"name":"Crouch Hill","kind":"tfl","nr":false,"modes":["overground"],"lines":["Suffragette line"],"zone":"3"},"geometry":{"type":"Point","coordinates":[-0.1172,51.57128]}},{"type":"Feature","properties":{"name":"Carpenders Park","kind":"tfl","nr":false,"modes":["overground"],"lines":["Lioness line"],"zone":"7"},"geometry":{"type":"Point","coordinates":[-0.38567,51.62841]}},{"type":"Feature","properties":{"name":"Crystal Palace","kind":"tfl","nr":true,"modes":["nationalrail","overground"],"lines":["Windrush line"],"zone":"3/4"},"geometry":{"type":"Point","coordinates":[-0.0722,51.41794]}},{"type":"Feature","properties":{"name":"Imperial Wharf","kind":"tfl","nr":true,"modes":["nationalrail","overground"],"lines":["Mildmay line"],"zone":"2"},"geometry":{"type":"Point","coordinates":[-0.18314,51.47529]}},{"type":"Feature","properties":{"name":"Custom House","kind":"tfl","nr":false,"modes":["elizabeth"],"lines":["Elizabeth line"],"zone":"3"},"geometry":{"type":"Point","coordinates":[0.0267,51.5099]}},{"type":"Feature","properties":{"name":"Dalston Junction","kind":"tfl","nr":false,"modes":["overground"],"lines":["Windrush line"],"zone":"2"},"geometry":{"type":"Point","coordinates":[-0.07491,51.54614]}},{"type":"Feature","properties":{"name":"Dalston Kingsland","kind":"tfl","nr":false,"modes":["overground"],"lines":["Mildmay line"],"zone":"2"},"geometry":{"type":"Point","coordinates":[-0.07582,51.54817]}},{"type":"Feature","properties":{"name":"Denmark Hill","kind":"tfl","nr":true,"modes":["nationalrail","overground"],"lines":["Windrush line"],"zone":"2"},"geometry":{"type":"Point","coordinates":[-0.08901,51.46816]}},{"type":"Feature","properties":{"name":"Ealing Broadway (Rail)","kind":"tfl","nr":true,"modes":["elizabeth","nationalrail"],"lines":["Elizabeth line"],"zone":"3"},"geometry":{"type":"Point","coordinates":[-0.30154,51.51478]}},{"type":"Feature","properties":{"name":"Edmonton Green","kind":"tfl","nr":true,"modes":["nationalrail","overground"],"lines":["Weaver line"],"zone":"4"},"geometry":{"type":"Point","coordinates":[-0.06124,51.62497]}},{"type":"Feature","properties":{"name":"Emerson Park","kind":"tfl","nr":false,"modes":["overground"],"lines":["Liberty line"],"zone":"6"},"geometry":{"type":"Point","coordinates":[0.22027,51.56859]}},{"type":"Feature","properties":{"name":"Enfield Lock","kind":"tfl","nr":true,"modes":["nationalrail"],"lines":[],"zone":"6"},"geometry":{"type":"Point","coordinates":[-0.0286,51.67088]}},{"type":"Feature","properties":{"name":"Enfield Town","kind":"tfl","nr":false,"modes":["overground"],"lines":["Weaver line"],"zone":"5"},"geometry":{"type":"Point","coordinates":[-0.07939,51.65197]}},{"type":"Feature","properties":{"name":"Epsom","kind":"tfl","nr":true,"modes":["nationalrail"],"lines":[],"zone":"X"},"geometry":{"type":"Point","coordinates":[-0.26851,51.33461]}},{"type":"Feature","properties":{"name":"Euston (Rail)","kind":"tfl","nr":true,"modes":["nationalrail","overground"],"lines":["Lioness line"],"zone":"1"},"geometry":{"type":"Point","coordinates":[-0.1348,51.529]}},{"type":"Feature","properties":{"name":"Ewell West","kind":"tfl","nr":true,"modes":["nationalrail"],"lines":[],"zone":"6"},"geometry":{"type":"Point","coordinates":[-0.25707,51.35023]}},{"type":"Feature","properties":{"name":"Finchley Road & Frognal","kind":"tfl","nr":false,"modes":["overground"],"lines":["Mildmay line"],"zone":"2"},"geometry":{"type":"Point","coordinates":[-0.18395,51.54999]}},{"type":"Feature","properties":{"name":"Farringdon (Rail)","kind":"tfl","nr":true,"modes":["elizabeth","nationalrail"],"lines":["Elizabeth line"],"zone":"1"},"geometry":{"type":"Point","coordinates":[-0.1033,51.5192]}},{"type":"Feature","properties":{"name":"Forest Hill","kind":"tfl","nr":true,"modes":["nationalrail","overground"],"lines":["Windrush line"],"zone":"3"},"geometry":{"type":"Point","coordinates":[-0.05283,51.43977]}},{"type":"Feature","properties":{"name":"Forest Gate","kind":"tfl","nr":false,"modes":["elizabeth"],"lines":["Elizabeth line"],"zone":"3"},"geometry":{"type":"Point","coordinates":[0.02412,51.54955]}},{"type":"Feature","properties":{"name":"Fulwell","kind":"tfl","nr":true,"modes":["nationalrail"],"lines":[],"zone":"6"},"geometry":{"type":"Point","coordinates":[-0.34967,51.43375]}},{"type":"Feature","properties":{"name":"Gidea Park","kind":"tfl","nr":false,"modes":["elizabeth"],"lines":["Elizabeth line"],"zone":"6"},"geometry":{"type":"Point","coordinates":[0.20529,51.58162]}},{"type":"Feature","properties":{"name":"Goodmayes","kind":"tfl","nr":false,"modes":["elizabeth"],"lines":["Elizabeth line"],"zone":"4"},"geometry":{"type":"Point","coordinates":[0.111,51.5655]}},{"type":"Feature","properties":{"name":"Gospel Oak","kind":"tfl","nr":false,"modes":["overground"],"lines":["Mildmay line","Suffragette line"],"zone":"2"},"geometry":{"type":"Point","coordinates":[-0.15215,51.55568]}},{"type":"Feature","properties":{"name":"Hackney Central","kind":"tfl","nr":false,"modes":["overground"],"lines":["Mildmay line"],"zone":"2"},"geometry":{"type":"Point","coordinates":[-0.05732,51.54706]}},{"type":"Feature","properties":{"name":"Hackney Wick","kind":"tfl","nr":false,"modes":["overground"],"lines":["Mildmay line"],"zone":"2"},"geometry":{"type":"Point","coordinates":[-0.02483,51.54341]}},{"type":"Feature","properties":{"name":"Haggerston","kind":"tfl","nr":false,"modes":["overground"],"lines":["Windrush line"],"zone":"2"},"geometry":{"type":"Point","coordinates":[-0.07554,51.53893]}},{"type":"Feature","properties":{"name":"Hackney Downs","kind":"tfl","nr":true,"modes":["nationalrail","overground"],"lines":["Weaver line"],"zone":"2"},"geometry":{"type":"Point","coordinates":[-0.06115,51.54907]}},{"type":"Feature","properties":{"name":"Hampton","kind":"tfl","nr":true,"modes":["nationalrail"],"lines":[],"zone":"6"},"geometry":{"type":"Point","coordinates":[-0.37215,51.41591]}},{"type":"Feature","properties":{"name":"Hampton Wick","kind":"tfl","nr":true,"modes":["nationalrail"],"lines":[],"zone":"6"},"geometry":{"type":"Point","coordinates":[-0.31234,51.41455]}},{"type":"Feature","properties":{"name":"Hanwell","kind":"tfl","nr":true,"modes":["elizabeth","nationalrail"],"lines":["Elizabeth line"],"zone":"4"},"geometry":{"type":"Point","coordinates":[-0.3386,51.51181]}},{"type":"Feature","properties":{"name":"Hayes & Harlington","kind":"tfl","nr":true,"modes":["elizabeth","nationalrail"],"lines":["Elizabeth line"],"zone":"5"},"geometry":{"type":"Point","coordinates":[-0.41962,51.50297]}},{"type":"Feature","properties":{"name":"Hampton Court","kind":"tfl","nr":true,"modes":["nationalrail"],"lines":[],"zone":"6"},"geometry":{"type":"Point","coordinates":[-0.3426,51.40198]}},{"type":"Feature","properties":{"name":"Headstone Lane","kind":"tfl","nr":false,"modes":["overground"],"lines":["Lioness line"],"zone":"5"},"geometry":{"type":"Point","coordinates":[-0.35663,51.60242]}},{"type":"Feature","properties":{"name":"Highbury & Islington (Rail)","kind":"tfl","nr":true,"modes":["nationalrail","overground"],"lines":["Mildmay line","Windrush line"],"zone":"2"},"geometry":{"type":"Point","coordinates":[-0.105,51.54597]}},{"type":"Feature","properties":{"name":"Highams Park","kind":"tfl","nr":false,"modes":["overground"],"lines":["Weaver line"],"zone":"4"},"geometry":{"type":"Point","coordinates":[-0.0002,51.60892]}},{"type":"Feature","properties":{"name":"Hampstead Heath","kind":"tfl","nr":false,"modes":["overground"],"lines":["Mildmay line"],"zone":"2"},"geometry":{"type":"Point","coordinates":[-0.16534,51.55525]}},{"type":"Feature","properties":{"name":"Homerton","kind":"tfl","nr":false,"modes":["overground"],"lines":["Mildmay line"],"zone":"2"},"geometry":{"type":"Point","coordinates":[-0.0425,51.54707]}},{"type":"Feature","properties":{"name":"Honor Oak Park","kind":"tfl","nr":true,"modes":["nationalrail","overground"],"lines":["Windrush line"],"zone":"3"},"geometry":{"type":"Point","coordinates":[-0.04536,51.45001]}},{"type":"Feature","properties":{"name":"Hoxton","kind":"tfl","nr":false,"modes":["overground"],"lines":["Windrush line"],"zone":"1/2"},"geometry":{"type":"Point","coordinates":[-0.07563,51.53147]}},{"type":"Feature","properties":{"name":"Harringay Green Lanes","kind":"tfl","nr":false,"modes":["overground"],"lines":["Suffragette line"],"zone":"3"},"geometry":{"type":"Point","coordinates":[-0.09782,51.57724]}},{"type":"Feature","properties":{"name":"Harold Wood","kind":"tfl","nr":false,"modes":["elizabeth"],"lines":["Elizabeth line"],"zone":"6"},"geometry":{"type":"Point","coordinates":[0.23301,51.59268]}},{"type":"Feature","properties":{"name":"Hatch End","kind":"tfl","nr":false,"modes":["overground"],"lines":["Lioness line"],"zone":"6"},"geometry":{"type":"Point","coordinates":[-0.36861,51.60946]}},{"type":"Feature","properties":{"name":"Ilford","kind":"tfl","nr":false,"modes":["elizabeth"],"lines":["Elizabeth line"],"zone":"4"},"geometry":{"type":"Point","coordinates":[0.06992,51.55905]}},{"type":"Feature","properties":{"name":"Iver","kind":"tfl","nr":true,"modes":["elizabeth","nationalrail"],"lines":["Elizabeth line"],"zone":"X"},"geometry":{"type":"Point","coordinates":[-0.50654,51.50864]}},{"type":"Feature","properties":{"name":"Kensal Rise","kind":"tfl","nr":false,"modes":["overground"],"lines":["Mildmay line"],"zone":"2"},"geometry":{"type":"Point","coordinates":[-0.22023,51.53441]}},{"type":"Feature","properties":{"name":"Kingston","kind":"tfl","nr":true,"modes":["nationalrail"],"lines":[],"zone":"6"},"geometry":{"type":"Point","coordinates":[-0.30182,51.41287]}},{"type":"Feature","properties":{"name":"Kilburn High Road","kind":"tfl","nr":false,"modes":["overground"],"lines":["Lioness line"],"zone":"2"},"geometry":{"type":"Point","coordinates":[-0.1915,51.53767]}},{"type":"Feature","properties":{"name":"Kempton Park","kind":"tfl","nr":true,"modes":["nationalrail"],"lines":[],"zone":"X"},"geometry":{"type":"Point","coordinates":[-0.40948,51.42099]}},{"type":"Feature","properties":{"name":"Kentish Town West","kind":"tfl","nr":false,"modes":["overground"],"lines":["Mildmay line"],"zone":"2"},"geometry":{"type":"Point","coordinates":[-0.14675,51.54708]}},{"type":"Feature","properties":{"name":"Langley","kind":"tfl","nr":true,"modes":["elizabeth","nationalrail"],"lines":["Elizabeth line"],"zone":"X"},"geometry":{"type":"Point","coordinates":[-0.54121,51.50795]}},{"type":"Feature","properties":{"name":"Leyton Midland Road","kind":"tfl","nr":false,"modes":["overground"],"lines":["Suffragette line"],"zone":"3"},"geometry":{"type":"Point","coordinates":[-0.00727,51.56953]}},{"type":"Feature","properties":{"name":"Liverpool Street","kind":"tfl","nr":false,"modes":["elizabeth","overground"],"lines":["Elizabeth line","Weaver line"],"zone":"1"},"geometry":{"type":"Point","coordinates":[-0.0807,51.5181]}},{"type":"Feature","properties":{"name":"Liverpool Street","kind":"tfl","nr":false,"modes":["elizabeth"],"lines":["Elizabeth line"],"zone":"1"},"geometry":{"type":"Point","coordinates":[-0.0842,51.5181]}},{"type":"Feature","properties":{"name":"London Fields","kind":"tfl","nr":false,"modes":["overground"],"lines":["Weaver line"],"zone":"2"},"geometry":{"type":"Point","coordinates":[-0.05785,51.54116]}},{"type":"Feature","properties":{"name":"Leytonstone High Road","kind":"tfl","nr":false,"modes":["overground"],"lines":["Suffragette line"],"zone":"3"},"geometry":{"type":"Point","coordinates":[0.00771,51.5639]}},{"type":"Feature","properties":{"name":"Malden Manor","kind":"tfl","nr":true,"modes":["nationalrail"],"lines":[],"zone":"4"},"geometry":{"type":"Point","coordinates":[-0.26125,51.38472]}},{"type":"Feature","properties":{"name":"Manor Park","kind":"tfl","nr":false,"modes":["elizabeth"],"lines":["Elizabeth line"],"zone":"3/4"},"geometry":{"type":"Point","coordinates":[0.04578,51.55245]}},{"type":"Feature","properties":{"name":"Maidenhead","kind":"tfl","nr":true,"modes":["elizabeth","nationalrail"],"lines":["Elizabeth line"],"zone":"X"},"geometry":{"type":"Point","coordinates":[-0.72276,51.51832]}},{"type":"Feature","properties":{"name":"Motspur Park","kind":"tfl","nr":true,"modes":["nationalrail"],"lines":[],"zone":"4"},"geometry":{"type":"Point","coordinates":[-0.23962,51.39485]}},{"type":"Feature","properties":{"name":"Maryland","kind":"tfl","nr":false,"modes":["elizabeth"],"lines":["Elizabeth line"],"zone":"3"},"geometry":{"type":"Point","coordinates":[0.00623,51.5462]}},{"type":"Feature","properties":{"name":"New Malden","kind":"tfl","nr":true,"modes":["nationalrail"],"lines":[],"zone":"4"},"geometry":{"type":"Point","coordinates":[-0.25576,51.40394]}},{"type":"Feature","properties":{"name":"New Southgate","kind":"tfl","nr":true,"modes":["nationalrail"],"lines":[],"zone":"4"},"geometry":{"type":"Point","coordinates":[-0.14308,51.61407]}},{"type":"Feature","properties":{"name":"New Cross Gate","kind":"tfl","nr":true,"modes":["nationalrail","overground"],"lines":["Windrush line"],"zone":"2"},"geometry":{"type":"Point","coordinates":[-0.04027,51.47543]}},{"type":"Feature","properties":{"name":"Northumberland Park","kind":"tfl","nr":true,"modes":["nationalrail"],"lines":[],"zone":"3"},"geometry":{"type":"Point","coordinates":[-0.05379,51.60233]}},{"type":"Feature","properties":{"name":"Norwood Junction","kind":"tfl","nr":true,"modes":["nationalrail","overground"],"lines":["Windrush line"],"zone":"4"},"geometry":{"type":"Point","coordinates":[-0.07462,51.39715]}},{"type":"Feature","properties":{"name":"Norbiton","kind":"tfl","nr":true,"modes":["nationalrail"],"lines":[],"zone":"5"},"geometry":{"type":"Point","coordinates":[-0.28412,51.41229]}},{"type":"Feature","properties":{"name":"New Cross","kind":"tfl","nr":true,"modes":["nationalrail","overground"],"lines":["Windrush line"],"zone":"2"},"geometry":{"type":"Point","coordinates":[-0.03234,51.47663]}},{"type":"Feature","properties":{"name":"Paddington","kind":"tfl","nr":false,"modes":["elizabeth"],"lines":["Elizabeth line"],"zone":"1"},"geometry":{"type":"Point","coordinates":[-0.1777,51.5162]}},{"type":"Feature","properties":{"name":"Queens Road Peckham","kind":"tfl","nr":true,"modes":["nationalrail","overground"],"lines":["Windrush line"],"zone":"2"},"geometry":{"type":"Point","coordinates":[-0.05699,51.47406]}},{"type":"Feature","properties":{"name":"Peckham Rye","kind":"tfl","nr":true,"modes":["nationalrail","overground"],"lines":["Windrush line"],"zone":"2"},"geometry":{"type":"Point","coordinates":[-0.07039,51.46945]}},{"type":"Feature","properties":{"name":"Penge West","kind":"tfl","nr":true,"modes":["nationalrail","overground"],"lines":["Windrush line"],"zone":"4"},"geometry":{"type":"Point","coordinates":[-0.06064,51.41748]}},{"type":"Feature","properties":{"name":"Ponders End","kind":"tfl","nr":true,"modes":["nationalrail"],"lines":[],"zone":"5"},"geometry":{"type":"Point","coordinates":[-0.03478,51.64291]}},{"type":"Feature","properties":{"name":"Raynes Park","kind":"tfl","nr":true,"modes":["nationalrail"],"lines":[],"zone":"4"},"geometry":{"type":"Point","coordinates":[-0.23053,51.40898]}},{"type":"Feature","properties":{"name":"Rectory Road","kind":"tfl","nr":false,"modes":["overground"],"lines":["Weaver line"],"zone":"2"},"geometry":{"type":"Point","coordinates":[-0.06844,51.55864]}},{"type":"Feature","properties":{"name":"Reading","kind":"tfl","nr":true,"modes":["elizabeth","nationalrail"],"lines":["Elizabeth line"],"zone":"X"},"geometry":{"type":"Point","coordinates":[-0.97291,51.45924]}},{"type":"Feature","properties":{"name":"Romford","kind":"tfl","nr":true,"modes":["elizabeth","nationalrail","overground"],"lines":["Elizabeth line","Liberty line"],"zone":"6"},"geometry":{"type":"Point","coordinates":[0.18342,51.57491]}},{"type":"Feature","properties":{"name":"Rotherhithe","kind":"tfl","nr":false,"modes":["overground"],"lines":["Windrush line"],"zone":"2"},"geometry":{"type":"Point","coordinates":[-0.05212,51.50103]}},{"type":"Feature","properties":{"name":"South Acton","kind":"tfl","nr":false,"modes":["overground"],"lines":["Mildmay line"],"zone":"3"},"geometry":{"type":"Point","coordinates":[-0.2701,51.49957]}},{"type":"Feature","properties":{"name":"Southbury","kind":"tfl","nr":false,"modes":["overground"],"lines":["Weaver line"],"zone":"5"},"geometry":{"type":"Point","coordinates":[-0.05253,51.64866]}},{"type":"Feature","properties":{"name":"Seven Sisters","kind":"tfl","nr":false,"modes":["overground"],"lines":["Weaver line"],"zone":"3"},"geometry":{"type":"Point","coordinates":[-0.07508,51.5832]}},{"type":"Feature","properties":{"name":"Shadwell","kind":"tfl","nr":false,"modes":["overground"],"lines":["Windrush line"],"zone":"2"},"geometry":{"type":"Point","coordinates":[-0.05687,51.5113]}},{"type":"Feature","properties":{"name":"Shenfield","kind":"tfl","nr":true,"modes":["elizabeth","nationalrail"],"lines":["Elizabeth line"],"zone":"12"},"geometry":{"type":"Point","coordinates":[0.33061,51.63114]}},{"type":"Feature","properties":{"name":"Shepperton","kind":"tfl","nr":true,"modes":["nationalrail"],"lines":[],"zone":"X"},"geometry":{"type":"Point","coordinates":[-0.44712,51.39689]}},{"type":"Feature","properties":{"name":"South Hampstead","kind":"tfl","nr":false,"modes":["overground"],"lines":["Lioness line"],"zone":"2"},"geometry":{"type":"Point","coordinates":[-0.17882,51.54134]}},{"type":"Feature","properties":{"name":"Shoreditch High Street","kind":"tfl","nr":false,"modes":["overground"],"lines":["Windrush line"],"zone":"1"},"geometry":{"type":"Point","coordinates":[-0.07607,51.52329]}},{"type":"Feature","properties":{"name":"Silver Street","kind":"tfl","nr":false,"modes":["overground"],"lines":["Weaver line"],"zone":"4"},"geometry":{"type":"Point","coordinates":[-0.0672,51.61486]}},{"type":"Feature","properties":{"name":"Slough","kind":"tfl","nr":true,"modes":["elizabeth","nationalrail"],"lines":["Elizabeth line"],"zone":"X"},"geometry":{"type":"Point","coordinates":[-0.59239,51.51237]}},{"type":"Feature","properties":{"name":"Stratford","kind":"tfl","nr":true,"modes":["elizabeth","nationalrail","overground"],"lines":["Elizabeth line","Mildmay line"],"zone":"2/3"},"geometry":{"type":"Point","coordinates":[-0.00391,51.54237]}},{"type":"Feature","properties":{"name":"Stratford","kind":"tfl","nr":false,"modes":["dlr"],"lines":["DLR"],"zone":"2/3"},"geometry":{"type":"Point","coordinates":[-0.0029,51.54087]}},{"type":"Feature","properties":{"name":"Southall","kind":"tfl","nr":true,"modes":["elizabeth","nationalrail"],"lines":["Elizabeth line"],"zone":"4"},"geometry":{"type":"Point","coordinates":[-0.37743,51.50619]}},{"type":"Feature","properties":{"name":"St James Street","kind":"tfl","nr":false,"modes":["overground"],"lines":["Weaver line"],"zone":"3"},"geometry":{"type":"Point","coordinates":[-0.03281,51.58098]}},{"type":"Feature","properties":{"name":"Stoke Newington","kind":"tfl","nr":false,"modes":["overground"],"lines":["Weaver line"],"zone":"2"},"geometry":{"type":"Point","coordinates":[-0.07271,51.56506]}},{"type":"Feature","properties":{"name":"Stoneleigh","kind":"tfl","nr":true,"modes":["nationalrail"],"lines":[],"zone":"5"},"geometry":{"type":"Point","coordinates":[-0.2485,51.36326]}},{"type":"Feature","properties":{"name":"Stamford Hill","kind":"tfl","nr":false,"modes":["overground"],"lines":["Weaver line"],"zone":"3"},"geometry":{"type":"Point","coordinates":[-0.07668,51.57444]}},{"type":"Feature","properties":{"name":"South Tottenham","kind":"tfl","nr":false,"modes":["overground"],"lines":["Suffragette line"],"zone":"3"},"geometry":{"type":"Point","coordinates":[-0.07168,51.58051]}},{"type":"Feature","properties":{"name":"Sunbury","kind":"tfl","nr":true,"modes":["nationalrail"],"lines":[],"zone":"X"},"geometry":{"type":"Point","coordinates":[-0.41737,51.41828]}},{"type":"Feature","properties":{"name":"Surbiton","kind":"tfl","nr":true,"modes":["nationalrail"],"lines":[],"zone":"6"},"geometry":{"type":"Point","coordinates":[-0.30398,51.39242]}},{"type":"Feature","properties":{"name":"Surrey Quays","kind":"tfl","nr":false,"modes":["overground"],"lines":["Windrush line"],"zone":"2"},"geometry":{"type":"Point","coordinates":[-0.04762,51.49328]}},{"type":"Feature","properties":{"name":"Seven Kings","kind":"tfl","nr":false,"modes":["elizabeth"],"lines":["Elizabeth line"],"zone":"4"},"geometry":{"type":"Point","coordinates":[0.0971,51.56386]}},{"type":"Feature","properties":{"name":"Sydenham","kind":"tfl","nr":true,"modes":["nationalrail","overground"],"lines":["Windrush line"],"zone":"3"},"geometry":{"type":"Point","coordinates":[-0.05436,51.42728]}},{"type":"Feature","properties":{"name":"Taplow","kind":"tfl","nr":true,"modes":["elizabeth","nationalrail"],"lines":["Elizabeth line"],"zone":"X"},"geometry":{"type":"Point","coordinates":[-0.68168,51.52346]}},{"type":"Feature","properties":{"name":"Thames Ditton","kind":"tfl","nr":true,"modes":["nationalrail"],"lines":[],"zone":"6"},"geometry":{"type":"Point","coordinates":[-0.33915,51.38906]}},{"type":"Feature","properties":{"name":"Teddington","kind":"tfl","nr":true,"modes":["nationalrail"],"lines":[],"zone":"6"},"geometry":{"type":"Point","coordinates":[-0.33256,51.42446]}},{"type":"Feature","properties":{"name":"Theobalds Grove","kind":"tfl","nr":false,"modes":["overground"],"lines":["Weaver line"],"zone":"7"},"geometry":{"type":"Point","coordinates":[-0.03565,51.692]}},{"type":"Feature","properties":{"name":"Tolworth","kind":"tfl","nr":true,"modes":["nationalrail"],"lines":[],"zone":"5"},"geometry":{"type":"Point","coordinates":[-0.27943,51.37688]}},{"type":"Feature","properties":{"name":"Tottenham Court Road","kind":"tfl","nr":false,"modes":["elizabeth"],"lines":["Elizabeth line"],"zone":"1"},"geometry":{"type":"Point","coordinates":[-0.1315,51.5155]}},{"type":"Feature","properties":{"name":"Turkey Street","kind":"tfl","nr":false,"modes":["overground"],"lines":["Weaver line"],"zone":"6"},"geometry":{"type":"Point","coordinates":[-0.04723,51.67266]}},{"type":"Feature","properties":{"name":"Twyford","kind":"tfl","nr":true,"modes":["elizabeth","nationalrail"],"lines":["Elizabeth line"],"zone":"X"},"geometry":{"type":"Point","coordinates":[-0.86374,51.47512]}},{"type":"Feature","properties":{"name":"Upper Halliford","kind":"tfl","nr":true,"modes":["nationalrail"],"lines":[],"zone":"X"},"geometry":{"type":"Point","coordinates":[-0.43079,51.41321]}},{"type":"Feature","properties":{"name":"Upper Holloway","kind":"tfl","nr":false,"modes":["overground"],"lines":["Suffragette line"],"zone":"2"},"geometry":{"type":"Point","coordinates":[-0.12949,51.56363]}},{"type":"Feature","properties":{"name":"Waltham Cross","kind":"tfl","nr":true,"modes":["nationalrail"],"lines":[],"zone":"7"},"geometry":{"type":"Point","coordinates":[-0.02643,51.68522]}},{"type":"Feature","properties":{"name":"Wapping","kind":"tfl","nr":false,"modes":["overground"],"lines":["Windrush line"],"zone":"2"},"geometry":{"type":"Point","coordinates":[-0.0559,51.50432]}},{"type":"Feature","properties":{"name":"Watford High Street","kind":"tfl","nr":false,"modes":["overground","tube"],"lines":["Lioness line","Metropolitan"],"zone":"8"},"geometry":{"type":"Point","coordinates":[-0.39216,51.65231]}},{"type":"Feature","properties":{"name":"Watford Junction","kind":"tfl","nr":true,"modes":["nationalrail","overground","tube"],"lines":["Lioness line","Metropolitan"],"zone":"10"},"geometry":{"type":"Point","coordinates":[-0.39597,51.66346]}},{"type":"Feature","properties":{"name":"Whitechapel","kind":"tfl","nr":false,"modes":["elizabeth","overground"],"lines":["Elizabeth line","Windrush line"],"zone":"2"},"geometry":{"type":"Point","coordinates":[-0.06128,51.5205]}},{"type":"Feature","properties":{"name":"West Croydon","kind":"tfl","nr":true,"modes":["nationalrail","overground"],"lines":["Windrush line"],"zone":"5"},"geometry":{"type":"Point","coordinates":[-0.1023,51.37842]}},{"type":"Feature","properties":{"name":"Woodgrange Park","kind":"tfl","nr":false,"modes":["overground"],"lines":["Suffragette line"],"zone":"3/4"},"geometry":{"type":"Point","coordinates":[0.04455,51.54918]}},{"type":"Feature","properties":{"name":"West Drayton","kind":"tfl","nr":true,"modes":["elizabeth","nationalrail"],"lines":["Elizabeth line"],"zone":"6"},"geometry":{"type":"Point","coordinates":[-0.4719,51.50981]}},{"type":"Feature","properties":{"name":"Wood Street","kind":"tfl","nr":false,"modes":["overground"],"lines":["Weaver line"],"zone":"4"},"geometry":{"type":"Point","coordinates":[-0.00235,51.58663]}},{"type":"Feature","properties":{"name":"West Ealing","kind":"tfl","nr":true,"modes":["elizabeth","nationalrail"],"lines":["Elizabeth line"],"zone":"3"},"geometry":{"type":"Point","coordinates":[-0.32047,51.51351]}},{"type":"Feature","properties":{"name":"White Hart Lane","kind":"tfl","nr":false,"modes":["overground"],"lines":["Weaver line"],"zone":"3"},"geometry":{"type":"Point","coordinates":[-0.07095,51.60448]}},{"type":"Feature","properties":{"name":"West Hampstead","kind":"tfl","nr":false,"modes":["overground"],"lines":["Mildmay line"],"zone":"2"},"geometry":{"type":"Point","coordinates":[-0.19203,51.5473]}},{"type":"Feature","properties":{"name":"Walthamstow Central","kind":"tfl","nr":false,"modes":["overground"],"lines":["Weaver line"],"zone":"3"},"geometry":{"type":"Point","coordinates":[-0.02001,51.58293]}},{"type":"Feature","properties":{"name":"Walthamstow Queens Road","kind":"tfl","nr":false,"modes":["overground"],"lines":["Suffragette line"],"zone":"3"},"geometry":{"type":"Point","coordinates":[-0.0237,51.58151]}},{"type":"Feature","properties":{"name":"Wandsworth Road","kind":"tfl","nr":true,"modes":["nationalrail","overground"],"lines":["Windrush line"],"zone":"2"},"geometry":{"type":"Point","coordinates":[-0.13818,51.46968]}},{"type":"Feature","properties":{"name":"Wanstead Park","kind":"tfl","nr":false,"modes":["overground"],"lines":["Suffragette line"],"zone":"3"},"geometry":{"type":"Point","coordinates":[0.02633,51.5517]}},{"type":"Feature","properties":{"name":"Woolwich","kind":"tfl","nr":false,"modes":["elizabeth"],"lines":["Elizabeth line"],"zone":"4"},"geometry":{"type":"Point","coordinates":[0.07081,51.49179]}},{"type":"Feature","properties":{"name":"Worcester Park","kind":"tfl","nr":true,"modes":["nationalrail"],"lines":[],"zone":"4"},"geometry":{"type":"Point","coordinates":[-0.24496,51.38139]}},{"type":"Feature","properties":{"name":"St. Pancras International","kind":"tfl","nr":true,"modes":["nationalrail"],"lines":[],"zone":"1"},"geometry":{"type":"Point","coordinates":[-0.12719,51.53248]}},{"type":"Feature","properties":{"name":"St.Albans City","kind":"tfl","nr":true,"modes":["nationalrail"],"lines":[],"zone":"?"},"geometry":{"type":"Point","coordinates":[-0.32752,51.75042]}},{"type":"Feature","properties":{"name":"Elephant & Castle","kind":"tfl","nr":true,"modes":["nationalrail"],"lines":[],"zone":"1/2"},"geometry":{"type":"Point","coordinates":[-0.09871,51.49397]}},{"type":"Feature","properties":{"name":"East Croydon","kind":"tfl","nr":true,"modes":["nationalrail"],"lines":[],"zone":"5"},"geometry":{"type":"Point","coordinates":[-0.09276,51.3754]}},{"type":"Feature","properties":{"name":"City Thameslink","kind":"tfl","nr":true,"modes":["nationalrail"],"lines":[],"zone":"1"},"geometry":{"type":"Point","coordinates":[-0.10357,51.51388]}},{"type":"Feature","properties":{"name":"London Bridge","kind":"tfl","nr":true,"modes":["nationalrail"],"lines":[],"zone":"1"},"geometry":{"type":"Point","coordinates":[-0.08532,51.50496]}},{"type":"Feature","properties":{"name":"Finsbury Park","kind":"tfl","nr":true,"modes":["nationalrail"],"lines":[],"zone":"2/3"},"geometry":{"type":"Point","coordinates":[-0.10626,51.56425]}},{"type":"Feature","properties":{"name":"Stevenage","kind":"tfl","nr":true,"modes":["nationalrail"],"lines":[],"zone":"?"},"geometry":{"type":"Point","coordinates":[-0.20709,51.90164]}},{"type":"Feature","properties":{"name":"Gatwick Airport","kind":"tfl","nr":true,"modes":["nationalrail"],"lines":[],"zone":"?"},"geometry":{"type":"Point","coordinates":[-0.16102,51.15643]}},{"type":"Feature","properties":{"name":"Blackfriars (Rail)","kind":"tfl","nr":true,"modes":["nationalrail"],"lines":[],"zone":"1"},"geometry":{"type":"Point","coordinates":[-0.10331,51.51175]}},{"type":"Feature","properties":{"name":"Three Bridges","kind":"tfl","nr":true,"modes":["nationalrail"],"lines":[],"zone":"?"},"geometry":{"type":"Point","coordinates":[-0.16117,51.11686]}},{"type":"Feature","properties":{"name":"Kentish Town","kind":"tfl","nr":true,"modes":["nationalrail"],"lines":[],"zone":"2"},"geometry":{"type":"Point","coordinates":[-0.139,51.5501]}},{"type":"Feature","properties":{"name":"West Hampstead Thameslink","kind":"tfl","nr":true,"modes":["nationalrail"],"lines":[],"zone":"2"},"geometry":{"type":"Point","coordinates":[-0.19182,51.54842]}},{"type":"Feature","properties":{"name":"Luton","kind":"tfl","nr":true,"modes":["nationalrail"],"lines":[],"zone":"?"},"geometry":{"type":"Point","coordinates":[-0.41402,51.88226]}},{"type":"Feature","properties":{"name":"Luton Airport Parkway","kind":"tfl","nr":true,"modes":["nationalrail"],"lines":[],"zone":"?"},"geometry":{"type":"Point","coordinates":[-0.39586,51.87239]}},{"type":"Feature","properties":{"name":"Purley","kind":"tfl","nr":true,"modes":["nationalrail"],"lines":[],"zone":"?"},"geometry":{"type":"Point","coordinates":[-0.11402,51.33752]}},{"type":"Feature","properties":{"name":"Coulsdon South","kind":"tfl","nr":true,"modes":["nationalrail"],"lines":[],"zone":"?"},"geometry":{"type":"Point","coordinates":[-0.13787,51.31578]}},{"type":"Feature","properties":{"name":"Merstham","kind":"tfl","nr":true,"modes":["nationalrail"],"lines":[],"zone":"?"},"geometry":{"type":"Point","coordinates":[-0.15021,51.26409]}},{"type":"Feature","properties":{"name":"Redhill","kind":"tfl","nr":true,"modes":["nationalrail"],"lines":[],"zone":"?"},"geometry":{"type":"Point","coordinates":[-0.16588,51.24014]}},{"type":"Feature","properties":{"name":"Earlswood (Surrey)","kind":"tfl","nr":true,"modes":["nationalrail"],"lines":[],"zone":"?"},"geometry":{"type":"Point","coordinates":[-0.17081,51.22727]}},{"type":"Feature","properties":{"name":"Salfords","kind":"tfl","nr":true,"modes":["nationalrail"],"lines":[],"zone":"?"},"geometry":{"type":"Point","coordinates":[-0.16247,51.20169]}},{"type":"Feature","properties":{"name":"Horley","kind":"tfl","nr":true,"modes":["nationalrail"],"lines":[],"zone":"?"},"geometry":{"type":"Point","coordinates":[-0.16104,51.16871]}},{"type":"Feature","properties":{"name":"Harpenden","kind":"tfl","nr":true,"modes":["nationalrail"],"lines":[],"zone":"?"},"geometry":{"type":"Point","coordinates":[-0.35146,51.8146]}},{"type":"Feature","properties":{"name":"Canary Wharf","kind":"tfl","nr":false,"modes":["elizabeth"],"lines":["Elizabeth line"],"zone":"2"},"geometry":{"type":"Point","coordinates":[-0.01747,51.50628]}},{"type":"Feature","properties":{"name":"Barking Riverside","kind":"tfl","nr":false,"modes":["overground"],"lines":["Suffragette line"],"zone":"4"},"geometry":{"type":"Point","coordinates":[0.11599,51.51955]}},{"type":"Feature","properties":{"name":"Albany Park","kind":"nr","nr":true,"modes":["nationalrail"],"lines":[],"tlc":"AYP"},"geometry":{"type":"Point","coordinates":[0.12576,51.4354]}},{"type":"Feature","properties":{"name":"Alexandra Palace","kind":"nr","nr":true,"modes":["nationalrail"],"lines":[],"tlc":"AAP"},"geometry":{"type":"Point","coordinates":[-0.12021,51.59787]}},{"type":"Feature","properties":{"name":"Ashford (Middlesex)","kind":"nr","nr":true,"modes":["nationalrail"],"lines":[],"tlc":"AFS"},"geometry":{"type":"Point","coordinates":[-0.46806,51.43645]}},{"type":"Feature","properties":{"name":"Banstead","kind":"nr","nr":true,"modes":["nationalrail"],"lines":[],"tlc":"BAD"},"geometry":{"type":"Point","coordinates":[-0.21314,51.32929]}},{"type":"Feature","properties":{"name":"Barnehurst","kind":"nr","nr":true,"modes":["nationalrail"],"lines":[],"tlc":"BNH"},"geometry":{"type":"Point","coordinates":[0.15967,51.4649]}},{"type":"Feature","properties":{"name":"Barnes","kind":"nr","nr":true,"modes":["nationalrail"],"lines":[],"tlc":"BNS"},"geometry":{"type":"Point","coordinates":[-0.24215,51.46703]}},{"type":"Feature","properties":{"name":"Barnes Bridge","kind":"nr","nr":true,"modes":["nationalrail"],"lines":[],"tlc":"BNI"},"geometry":{"type":"Point","coordinates":[-0.25261,51.47195]}},{"type":"Feature","properties":{"name":"Beckenham Hill","kind":"nr","nr":true,"modes":["nationalrail"],"lines":[],"tlc":"BEC"},"geometry":{"type":"Point","coordinates":[-0.01593,51.42453]}},{"type":"Feature","properties":{"name":"Bellingham","kind":"nr","nr":true,"modes":["nationalrail"],"lines":[],"tlc":"BGM"},"geometry":{"type":"Point","coordinates":[-0.01931,51.43286]}},{"type":"Feature","properties":{"name":"Belmont","kind":"nr","nr":true,"modes":["nationalrail"],"lines":[],"tlc":"BLM"},"geometry":{"type":"Point","coordinates":[-0.19884,51.34376]}},{"type":"Feature","properties":{"name":"Belvedere","kind":"nr","nr":true,"modes":["nationalrail"],"lines":[],"tlc":"BVD"},"geometry":{"type":"Point","coordinates":[0.15231,51.49206]}},{"type":"Feature","properties":{"name":"Bexley","kind":"nr","nr":true,"modes":["nationalrail"],"lines":[],"tlc":"BXY"},"geometry":{"type":"Point","coordinates":[0.14793,51.44016]}},{"type":"Feature","properties":{"name":"Bexleyheath","kind":"nr","nr":true,"modes":["nationalrail"],"lines":[],"tlc":"BXH"},"geometry":{"type":"Point","coordinates":[0.13376,51.46344]}},{"type":"Feature","properties":{"name":"Bickley","kind":"nr","nr":true,"modes":["nationalrail"],"lines":[],"tlc":"BKL"},"geometry":{"type":"Point","coordinates":[0.04526,51.40005]}},{"type":"Feature","properties":{"name":"Blackheath","kind":"nr","nr":true,"modes":["nationalrail"],"lines":[],"tlc":"BKH"},"geometry":{"type":"Point","coordinates":[0.00889,51.46574]}},{"type":"Feature","properties":{"name":"Bowes Park","kind":"nr","nr":true,"modes":["nationalrail"],"lines":[],"tlc":"BOP"},"geometry":{"type":"Point","coordinates":[-0.12056,51.60696]}},{"type":"Feature","properties":{"name":"Brentford","kind":"nr","nr":true,"modes":["nationalrail"],"lines":[],"tlc":"BFD"},"geometry":{"type":"Point","coordinates":[-0.30963,51.48749]}},{"type":"Feature","properties":{"name":"Bromley North","kind":"nr","nr":true,"modes":["nationalrail"],"lines":[],"tlc":"BMN"},"geometry":{"type":"Point","coordinates":[0.01701,51.40827]}},{"type":"Feature","properties":{"name":"Bromley South","kind":"nr","nr":true,"modes":["nationalrail"],"lines":[],"tlc":"BMS"},"geometry":{"type":"Point","coordinates":[0.01737,51.39992]}},{"type":"Feature","properties":{"name":"Carshalton","kind":"nr","nr":true,"modes":["nationalrail"],"lines":[],"tlc":"CSH"},"geometry":{"type":"Point","coordinates":[-0.16635,51.3684]}},{"type":"Feature","properties":{"name":"Carshalton Beeches","kind":"nr","nr":true,"modes":["nationalrail"],"lines":[],"tlc":"CSB"},"geometry":{"type":"Point","coordinates":[-0.16978,51.35735]}},{"type":"Feature","properties":{"name":"Castle Bar Park","kind":"nr","nr":true,"modes":["nationalrail"],"lines":[],"tlc":"CBP"},"geometry":{"type":"Point","coordinates":[-0.33153,51.52288]}},{"type":"Feature","properties":{"name":"Catford","kind":"nr","nr":true,"modes":["nationalrail"],"lines":[],"tlc":"CTF"},"geometry":{"type":"Point","coordinates":[-0.0263,51.44435]}},{"type":"Feature","properties":{"name":"Catford Bridge","kind":"nr","nr":true,"modes":["nationalrail"],"lines":[],"tlc":"CFB"},"geometry":{"type":"Point","coordinates":[-0.02477,51.44468]}},{"type":"Feature","properties":{"name":"Charlton","kind":"nr","nr":true,"modes":["nationalrail"],"lines":[],"tlc":"CTN"},"geometry":{"type":"Point","coordinates":[0.03128,51.48676]}},{"type":"Feature","properties":{"name":"Cheam","kind":"nr","nr":true,"modes":["nationalrail"],"lines":[],"tlc":"CHE"},"geometry":{"type":"Point","coordinates":[-0.21415,51.35542]}},{"type":"Feature","properties":{"name":"Chelsfield","kind":"nr","nr":true,"modes":["nationalrail"],"lines":[],"tlc":"CLD"},"geometry":{"type":"Point","coordinates":[0.10909,51.3562]}},{"type":"Feature","properties":{"name":"Chipstead","kind":"nr","nr":true,"modes":["nationalrail"],"lines":[],"tlc":"CHP"},"geometry":{"type":"Point","coordinates":[-0.16949,51.30922]}},{"type":"Feature","properties":{"name":"Chislehurst","kind":"nr","nr":true,"modes":["nationalrail"],"lines":[],"tlc":"CIT"},"geometry":{"type":"Point","coordinates":[0.05744,51.4055]}},{"type":"Feature","properties":{"name":"Chiswick","kind":"nr","nr":true,"modes":["nationalrail"],"lines":[],"tlc":"CHK"},"geometry":{"type":"Point","coordinates":[-0.26782,51.48108]}},{"type":"Feature","properties":{"name":"Clock House","kind":"nr","nr":true,"modes":["nationalrail"],"lines":[],"tlc":"CLK"},"geometry":{"type":"Point","coordinates":[-0.04064,51.40853]}},{"type":"Feature","properties":{"name":"Coulsdon Town","kind":"nr","nr":true,"modes":["nationalrail"],"lines":[],"tlc":"CDN"},"geometry":{"type":"Point","coordinates":[-0.13445,51.32198]}},{"type":"Feature","properties":{"name":"Crayford","kind":"nr","nr":true,"modes":["nationalrail"],"lines":[],"tlc":"CRY"},"geometry":{"type":"Point","coordinates":[0.17896,51.44822]}},{"type":"Feature","properties":{"name":"Crews Hill","kind":"nr","nr":true,"modes":["nationalrail"],"lines":[],"tlc":"CWH"},"geometry":{"type":"Point","coordinates":[-0.10687,51.68443]}},{"type":"Feature","properties":{"name":"Cricklewood","kind":"nr","nr":true,"modes":["nationalrail"],"lines":[],"tlc":"CRI"},"geometry":{"type":"Point","coordinates":[-0.21266,51.5584]}},{"type":"Feature","properties":{"name":"Crofton Park","kind":"nr","nr":true,"modes":["nationalrail"],"lines":[],"tlc":"CFT"},"geometry":{"type":"Point","coordinates":[-0.03648,51.45513]}},{"type":"Feature","properties":{"name":"Dagenham Dock","kind":"nr","nr":true,"modes":["nationalrail"],"lines":[],"tlc":"DDK"},"geometry":{"type":"Point","coordinates":[0.14613,51.52603]}},{"type":"Feature","properties":{"name":"Dalston (Kingsland)","kind":"nr","nr":true,"modes":["nationalrail"],"lines":[],"tlc":"DLK"},"geometry":{"type":"Point","coordinates":[-0.07568,51.54809]}},{"type":"Feature","properties":{"name":"Denham","kind":"nr","nr":true,"modes":["nationalrail"],"lines":[],"tlc":"DNM"},"geometry":{"type":"Point","coordinates":[-0.49742,51.57878]}},{"type":"Feature","properties":{"name":"Deptford","kind":"nr","nr":true,"modes":["nationalrail"],"lines":[],"tlc":"DEP"},"geometry":{"type":"Point","coordinates":[-0.02625,51.47879]}},{"type":"Feature","properties":{"name":"Drayton Green","kind":"nr","nr":true,"modes":["nationalrail"],"lines":[],"tlc":"DRG"},"geometry":{"type":"Point","coordinates":[-0.33018,51.51656]}},{"type":"Feature","properties":{"name":"Drayton Park","kind":"nr","nr":true,"modes":["nationalrail"],"lines":[],"tlc":"DYP"},"geometry":{"type":"Point","coordinates":[-0.10549,51.55272]}},{"type":"Feature","properties":{"name":"Earlsfield","kind":"nr","nr":true,"modes":["nationalrail"],"lines":[],"tlc":"EAD"},"geometry":{"type":"Point","coordinates":[-0.1877,51.44228]}},{"type":"Feature","properties":{"name":"East Dulwich","kind":"nr","nr":true,"modes":["nationalrail"],"lines":[],"tlc":"EDW"},"geometry":{"type":"Point","coordinates":[-0.08055,51.46144]}},{"type":"Feature","properties":{"name":"Eden Park","kind":"nr","nr":true,"modes":["nationalrail"],"lines":[],"tlc":"EDN"},"geometry":{"type":"Point","coordinates":[-0.02633,51.39003]}},{"type":"Feature","properties":{"name":"Elmstead Woods","kind":"nr","nr":true,"modes":["nationalrail"],"lines":[],"tlc":"ESD"},"geometry":{"type":"Point","coordinates":[0.0443,51.41706]}},{"type":"Feature","properties":{"name":"Eltham","kind":"nr","nr":true,"modes":["nationalrail"],"lines":[],"tlc":"ELW"},"geometry":{"type":"Point","coordinates":[0.0525,51.45559]}},{"type":"Feature","properties":{"name":"Enfield Chase","kind":"nr","nr":true,"modes":["nationalrail"],"lines":[],"tlc":"ENC"},"geometry":{"type":"Point","coordinates":[-0.09068,51.6532]}},{"type":"Feature","properties":{"name":"Erith","kind":"nr","nr":true,"modes":["nationalrail"],"lines":[],"tlc":"ERH"},"geometry":{"type":"Point","coordinates":[0.17508,51.48161]}},{"type":"Feature","properties":{"name":"Essex Road","kind":"nr","nr":true,"modes":["nationalrail"],"lines":[],"tlc":"EXR"},"geometry":{"type":"Point","coordinates":[-0.09626,51.54065]}},{"type":"Feature","properties":{"name":"Falconwood","kind":"nr","nr":true,"modes":["nationalrail"],"lines":[],"tlc":"FCN"},"geometry":{"type":"Point","coordinates":[0.07933,51.4591]}},{"type":"Feature","properties":{"name":"Feltham","kind":"nr","nr":true,"modes":["nationalrail"],"lines":[],"tlc":"FEL"},"geometry":{"type":"Point","coordinates":[-0.40982,51.44784]}},{"type":"Feature","properties":{"name":"Fenchurch Street","kind":"nr","nr":true,"modes":["nationalrail"],"lines":[],"tlc":"FST"},"geometry":{"type":"Point","coordinates":[-0.07888,51.51159]}},{"type":"Feature","properties":{"name":"Gipsy Hill","kind":"nr","nr":true,"modes":["nationalrail"],"lines":[],"tlc":"GIP"},"geometry":{"type":"Point","coordinates":[-0.08382,51.4244]}},{"type":"Feature","properties":{"name":"Gordon Hill","kind":"nr","nr":true,"modes":["nationalrail"],"lines":[],"tlc":"GDH"},"geometry":{"type":"Point","coordinates":[-0.09459,51.66328]}},{"type":"Feature","properties":{"name":"Grange Park","kind":"nr","nr":true,"modes":["nationalrail"],"lines":[],"tlc":"GPK"},"geometry":{"type":"Point","coordinates":[-0.09734,51.64255]}},{"type":"Feature","properties":{"name":"Grove Park","kind":"nr","nr":true,"modes":["nationalrail"],"lines":[],"tlc":"GRP"},"geometry":{"type":"Point","coordinates":[0.02175,51.43081]}},{"type":"Feature","properties":{"name":"Hackbridge","kind":"nr","nr":true,"modes":["nationalrail"],"lines":[],"tlc":"HCB"},"geometry":{"type":"Point","coordinates":[-0.15389,51.37781]}},{"type":"Feature","properties":{"name":"Hadley Wood","kind":"nr","nr":true,"modes":["nationalrail"],"lines":[],"tlc":"HDW"},"geometry":{"type":"Point","coordinates":[-0.17615,51.66844]}},{"type":"Feature","properties":{"name":"Harringay","kind":"nr","nr":true,"modes":["nationalrail"],"lines":[],"tlc":"HGY"},"geometry":{"type":"Point","coordinates":[-0.10512,51.5773]}},{"type":"Feature","properties":{"name":"Haydons Road","kind":"nr","nr":true,"modes":["nationalrail"],"lines":[],"tlc":"HYR"},"geometry":{"type":"Point","coordinates":[-0.1888,51.42539]}},{"type":"Feature","properties":{"name":"Hayes (Kent)","kind":"nr","nr":true,"modes":["nationalrail"],"lines":[],"tlc":"HYS"},"geometry":{"type":"Point","coordinates":[0.01058,51.37628]}},{"type":"Feature","properties":{"name":"Hendon","kind":"nr","nr":true,"modes":["nationalrail"],"lines":[],"tlc":"HEN"},"geometry":{"type":"Point","coordinates":[-0.23866,51.58001]}},{"type":"Feature","properties":{"name":"Herne Hill","kind":"nr","nr":true,"modes":["nationalrail"],"lines":[],"tlc":"HNH"},"geometry":{"type":"Point","coordinates":[-0.10227,51.45325]}},{"type":"Feature","properties":{"name":"Hither Green","kind":"nr","nr":true,"modes":["nationalrail"],"lines":[],"tlc":"HGR"},"geometry":{"type":"Point","coordinates":[-0.00092,51.45197]}},{"type":"Feature","properties":{"name":"Hornsey","kind":"nr","nr":true,"modes":["nationalrail"],"lines":[],"tlc":"HRN"},"geometry":{"type":"Point","coordinates":[-0.11195,51.58641]}},{"type":"Feature","properties":{"name":"Hounslow","kind":"nr","nr":true,"modes":["nationalrail"],"lines":[],"tlc":"HOU"},"geometry":{"type":"Point","coordinates":[-0.36226,51.46189]}},{"type":"Feature","properties":{"name":"Isleworth","kind":"nr","nr":true,"modes":["nationalrail"],"lines":[],"tlc":"ISL"},"geometry":{"type":"Point","coordinates":[-0.33689,51.47471]}},{"type":"Feature","properties":{"name":"Kenley","kind":"nr","nr":true,"modes":["nationalrail"],"lines":[],"tlc":"KLY"},"geometry":{"type":"Point","coordinates":[-0.10091,51.32472]}},{"type":"Feature","properties":{"name":"Kensington Olympia","kind":"nr","nr":true,"modes":["nationalrail"],"lines":[],"tlc":"KPA"},"geometry":{"type":"Point","coordinates":[-0.21035,51.49784]}},{"type":"Feature","properties":{"name":"Kent House","kind":"nr","nr":true,"modes":["nationalrail"],"lines":[],"tlc":"KTH"},"geometry":{"type":"Point","coordinates":[-0.04523,51.41216]}},{"type":"Feature","properties":{"name":"Kew Bridge","kind":"nr","nr":true,"modes":["nationalrail"],"lines":[],"tlc":"KWB"},"geometry":{"type":"Point","coordinates":[-0.28709,51.48946]}},{"type":"Feature","properties":{"name":"Kidbrooke","kind":"nr","nr":true,"modes":["nationalrail"],"lines":[],"tlc":"KDB"},"geometry":{"type":"Point","coordinates":[0.02752,51.46206]}},{"type":"Feature","properties":{"name":"King's Cross","kind":"nr","nr":true,"modes":["nationalrail"],"lines":[],"tlc":"KGX"},"geometry":{"type":"Point","coordinates":[-0.12291,51.53083]}},{"type":"Feature","properties":{"name":"Knockholt","kind":"nr","nr":true,"modes":["nationalrail"],"lines":[],"tlc":"KCK"},"geometry":{"type":"Point","coordinates":[0.13087,51.34573]}},{"type":"Feature","properties":{"name":"Ladywell","kind":"nr","nr":true,"modes":["nationalrail"],"lines":[],"tlc":"LAD"},"geometry":{"type":"Point","coordinates":[-0.01902,51.45619]}},{"type":"Feature","properties":{"name":"Lea Bridge","kind":"nr","nr":true,"modes":["nationalrail"],"lines":[],"tlc":"LEB"},"geometry":{"type":"Point","coordinates":[-0.03665,51.56649]}},{"type":"Feature","properties":{"name":"Lee","kind":"nr","nr":true,"modes":["nationalrail"],"lines":[],"tlc":"LEE"},"geometry":{"type":"Point","coordinates":[0.01351,51.4497]}},{"type":"Feature","properties":{"name":"Loughborough Junction","kind":"nr","nr":true,"modes":["nationalrail"],"lines":[],"tlc":"LGJ"},"geometry":{"type":"Point","coordinates":[-0.10216,51.46624]}},{"type":"Feature","properties":{"name":"Lower Sydenham","kind":"nr","nr":true,"modes":["nationalrail"],"lines":[],"tlc":"LSY"},"geometry":{"type":"Point","coordinates":[-0.03332,51.42477]}},{"type":"Feature","properties":{"name":"Maze Hill","kind":"nr","nr":true,"modes":["nationalrail"],"lines":[],"tlc":"MZH"},"geometry":{"type":"Point","coordinates":[0.00294,51.48257]}},{"type":"Feature","properties":{"name":"Mill Hill Broadway","kind":"nr","nr":true,"modes":["nationalrail"],"lines":[],"tlc":"MIL"},"geometry":{"type":"Point","coordinates":[-0.24922,51.61304]}},{"type":"Feature","properties":{"name":"Mitcham Eastfields","kind":"nr","nr":true,"modes":["nationalrail"],"lines":[],"tlc":"MTC"},"geometry":{"type":"Point","coordinates":[-0.15463,51.40768]}},{"type":"Feature","properties":{"name":"Morden South","kind":"nr","nr":true,"modes":["nationalrail"],"lines":[],"tlc":"MDS"},"geometry":{"type":"Point","coordinates":[-0.19944,51.39606]}},{"type":"Feature","properties":{"name":"Mortlake","kind":"nr","nr":true,"modes":["nationalrail"],"lines":[],"tlc":"MTL"},"geometry":{"type":"Point","coordinates":[-0.26709,51.46803]}},{"type":"Feature","properties":{"name":"Mottingham","kind":"nr","nr":true,"modes":["nationalrail"],"lines":[],"tlc":"MTG"},"geometry":{"type":"Point","coordinates":[0.05008,51.44016]}},{"type":"Feature","properties":{"name":"New Barnet","kind":"nr","nr":true,"modes":["nationalrail"],"lines":[],"tlc":"NBA"},"geometry":{"type":"Point","coordinates":[-0.17298,51.64852]}},{"type":"Feature","properties":{"name":"New Beckenham","kind":"nr","nr":true,"modes":["nationalrail"],"lines":[],"tlc":"NBC"},"geometry":{"type":"Point","coordinates":[-0.03525,51.41671]}},{"type":"Feature","properties":{"name":"New Eltham","kind":"nr","nr":true,"modes":["nationalrail"],"lines":[],"tlc":"NEH"},"geometry":{"type":"Point","coordinates":[0.07056,51.438]}},{"type":"Feature","properties":{"name":"Norbury","kind":"nr","nr":true,"modes":["nationalrail"],"lines":[],"tlc":"NRB"},"geometry":{"type":"Point","coordinates":[-0.12191,51.41139]}},{"type":"Feature","properties":{"name":"North Dulwich","kind":"nr","nr":true,"modes":["nationalrail"],"lines":[],"tlc":"NDL"},"geometry":{"type":"Point","coordinates":[-0.0879,51.45445]}},{"type":"Feature","properties":{"name":"North Sheen","kind":"nr","nr":true,"modes":["nationalrail"],"lines":[],"tlc":"NSH"},"geometry":{"type":"Point","coordinates":[-0.28786,51.4651]}},{"type":"Feature","properties":{"name":"Northolt Park","kind":"nr","nr":true,"modes":["nationalrail"],"lines":[],"tlc":"NLT"},"geometry":{"type":"Point","coordinates":[-0.35945,51.55749]}},{"type":"Feature","properties":{"name":"Nunhead","kind":"nr","nr":true,"modes":["nationalrail"],"lines":[],"tlc":"NHD"},"geometry":{"type":"Point","coordinates":[-0.05225,51.46677]}},{"type":"Feature","properties":{"name":"Oakleigh Park","kind":"nr","nr":true,"modes":["nationalrail"],"lines":[],"tlc":"OKL"},"geometry":{"type":"Point","coordinates":[-0.16619,51.63763]}},{"type":"Feature","properties":{"name":"Orpington","kind":"nr","nr":true,"modes":["nationalrail"],"lines":[],"tlc":"ORP"},"geometry":{"type":"Point","coordinates":[0.08911,51.37324]}},{"type":"Feature","properties":{"name":"Palmers Green","kind":"nr","nr":true,"modes":["nationalrail"],"lines":[],"tlc":"PAL"},"geometry":{"type":"Point","coordinates":[-0.11042,51.61826]}},{"type":"Feature","properties":{"name":"Penge East","kind":"nr","nr":true,"modes":["nationalrail"],"lines":[],"tlc":"PNE"},"geometry":{"type":"Point","coordinates":[-0.0542,51.41928]}},{"type":"Feature","properties":{"name":"Petts Wood","kind":"nr","nr":true,"modes":["nationalrail"],"lines":[],"tlc":"PET"},"geometry":{"type":"Point","coordinates":[0.0745,51.38856]}},{"type":"Feature","properties":{"name":"Plumstead","kind":"nr","nr":true,"modes":["nationalrail"],"lines":[],"tlc":"PLU"},"geometry":{"type":"Point","coordinates":[0.08428,51.48974]}},{"type":"Feature","properties":{"name":"Purfleet","kind":"nr","nr":true,"modes":["nationalrail"],"lines":[],"tlc":"PFL"},"geometry":{"type":"Point","coordinates":[0.23679,51.48096]}},{"type":"Feature","properties":{"name":"Purley Oaks","kind":"nr","nr":true,"modes":["nationalrail"],"lines":[],"tlc":"PUO"},"geometry":{"type":"Point","coordinates":[-0.09884,51.34699]}},{"type":"Feature","properties":{"name":"Putney","kind":"nr","nr":true,"modes":["nationalrail"],"lines":[],"tlc":"PUT"},"geometry":{"type":"Point","coordinates":[-0.21646,51.46125]}},{"type":"Feature","properties":{"name":"Queen's Road Peckham","kind":"nr","nr":true,"modes":["nationalrail"],"lines":[],"tlc":"QRP"},"geometry":{"type":"Point","coordinates":[-0.05729,51.47351]}},{"type":"Feature","properties":{"name":"Queenstown Road (Battersea)","kind":"nr","nr":true,"modes":["nationalrail"],"lines":[],"tlc":"QRB"},"geometry":{"type":"Point","coordinates":[-0.14666,51.47491]}},{"type":"Feature","properties":{"name":"Rainham (Essex)","kind":"nr","nr":true,"modes":["nationalrail"],"lines":[],"tlc":"RNM"},"geometry":{"type":"Point","coordinates":[0.19066,51.51667]}},{"type":"Feature","properties":{"name":"Ravensbourne","kind":"nr","nr":true,"modes":["nationalrail"],"lines":[],"tlc":"RVB"},"geometry":{"type":"Point","coordinates":[-0.00754,51.41413]}},{"type":"Feature","properties":{"name":"Reedham (Greater London)","kind":"nr","nr":true,"modes":["nationalrail"],"lines":[],"tlc":"RHM"},"geometry":{"type":"Point","coordinates":[-0.1234,51.33106]}},{"type":"Feature","properties":{"name":"Riddlesdown","kind":"nr","nr":true,"modes":["nationalrail"],"lines":[],"tlc":"RDD"},"geometry":{"type":"Point","coordinates":[-0.09937,51.33243]}},{"type":"Feature","properties":{"name":"Sanderstead","kind":"nr","nr":true,"modes":["nationalrail"],"lines":[],"tlc":"SNR"},"geometry":{"type":"Point","coordinates":[-0.09366,51.34822]}},{"type":"Feature","properties":{"name":"Selhurst","kind":"nr","nr":true,"modes":["nationalrail"],"lines":[],"tlc":"SRS"},"geometry":{"type":"Point","coordinates":[-0.08828,51.39187]}},{"type":"Feature","properties":{"name":"Shepherds Bush","kind":"nr","nr":true,"modes":["nationalrail"],"lines":[],"tlc":"SPB"},"geometry":{"type":"Point","coordinates":[-0.21764,51.50523]}},{"type":"Feature","properties":{"name":"Shortlands","kind":"nr","nr":true,"modes":["nationalrail"],"lines":[],"tlc":"SRT"},"geometry":{"type":"Point","coordinates":[0.00181,51.40574]}},{"type":"Feature","properties":{"name":"Sidcup","kind":"nr","nr":true,"modes":["nationalrail"],"lines":[],"tlc":"SID"},"geometry":{"type":"Point","coordinates":[0.10382,51.43381]}},{"type":"Feature","properties":{"name":"Slade Green","kind":"nr","nr":true,"modes":["nationalrail"],"lines":[],"tlc":"SGR"},"geometry":{"type":"Point","coordinates":[0.19052,51.46773]}},{"type":"Feature","properties":{"name":"South Bermondsey","kind":"nr","nr":true,"modes":["nationalrail"],"lines":[],"tlc":"SBM"},"geometry":{"type":"Point","coordinates":[-0.05466,51.48808]}},{"type":"Feature","properties":{"name":"South Croydon","kind":"nr","nr":true,"modes":["nationalrail"],"lines":[],"tlc":"SCY"},"geometry":{"type":"Point","coordinates":[-0.09344,51.36291]}},{"type":"Feature","properties":{"name":"South Greenford","kind":"nr","nr":true,"modes":["nationalrail"],"lines":[],"tlc":"SGN"},"geometry":{"type":"Point","coordinates":[-0.33669,51.5337]}},{"type":"Feature","properties":{"name":"South Merton","kind":"nr","nr":true,"modes":["nationalrail"],"lines":[],"tlc":"SMO"},"geometry":{"type":"Point","coordinates":[-0.20514,51.40294]}},{"type":"Feature","properties":{"name":"St.Helier","kind":"nr","nr":true,"modes":["nationalrail"],"lines":[],"tlc":"SIH"},"geometry":{"type":"Point","coordinates":[-0.19875,51.38984]}},{"type":"Feature","properties":{"name":"St.John's","kind":"nr","nr":true,"modes":["nationalrail"],"lines":[],"tlc":"SAJ"},"geometry":{"type":"Point","coordinates":[-0.0227,51.46933]}},{"type":"Feature","properties":{"name":"St.Margaret's (Greater London)","kind":"nr","nr":true,"modes":["nationalrail"],"lines":[],"tlc":"SMG"},"geometry":{"type":"Point","coordinates":[-0.32018,51.45518]}},{"type":"Feature","properties":{"name":"St.Mary Cray","kind":"nr","nr":true,"modes":["nationalrail"],"lines":[],"tlc":"SMY"},"geometry":{"type":"Point","coordinates":[0.10641,51.39469]}},{"type":"Feature","properties":{"name":"St.Pancras","kind":"nr","nr":true,"modes":["nationalrail"],"lines":[],"tlc":"STP"},"geometry":{"type":"Point","coordinates":[-0.12717,51.53234]}},{"type":"Feature","properties":{"name":"Strawberry Hill","kind":"nr","nr":true,"modes":["nationalrail"],"lines":[],"tlc":"STW"},"geometry":{"type":"Point","coordinates":[-0.33934,51.43891]}},{"type":"Feature","properties":{"name":"Streatham","kind":"nr","nr":true,"modes":["nationalrail"],"lines":[],"tlc":"STE"},"geometry":{"type":"Point","coordinates":[-0.13153,51.42575]}},{"type":"Feature","properties":{"name":"Streatham Common","kind":"nr","nr":true,"modes":["nationalrail"],"lines":[],"tlc":"SRC"},"geometry":{"type":"Point","coordinates":[-0.13599,51.41867]}},{"type":"Feature","properties":{"name":"Streatham Hill","kind":"nr","nr":true,"modes":["nationalrail"],"lines":[],"tlc":"SRH"},"geometry":{"type":"Point","coordinates":[-0.12714,51.43814]}},{"type":"Feature","properties":{"name":"Sudbury & Harrow Road","kind":"nr","nr":true,"modes":["nationalrail"],"lines":[],"tlc":"SUD"},"geometry":{"type":"Point","coordinates":[-0.31545,51.55434]}},{"type":"Feature","properties":{"name":"Sudbury Hill Harrow","kind":"nr","nr":true,"modes":["nationalrail"],"lines":[],"tlc":"SDH"},"geometry":{"type":"Point","coordinates":[-0.33579,51.55841]}},{"type":"Feature","properties":{"name":"Sundridge Park","kind":"nr","nr":true,"modes":["nationalrail"],"lines":[],"tlc":"SUP"},"geometry":{"type":"Point","coordinates":[0.02147,51.41372]}},{"type":"Feature","properties":{"name":"Sutton (Surrey)","kind":"nr","nr":true,"modes":["nationalrail"],"lines":[],"tlc":"SUO"},"geometry":{"type":"Point","coordinates":[-0.1912,51.35947]}},{"type":"Feature","properties":{"name":"Sutton Common","kind":"nr","nr":true,"modes":["nationalrail"],"lines":[],"tlc":"SUC"},"geometry":{"type":"Point","coordinates":[-0.19633,51.37483]}},{"type":"Feature","properties":{"name":"Swanley","kind":"nr","nr":true,"modes":["nationalrail"],"lines":[],"tlc":"SAY"},"geometry":{"type":"Point","coordinates":[0.16925,51.39333]}},{"type":"Feature","properties":{"name":"Sydenham Hill","kind":"nr","nr":true,"modes":["nationalrail"],"lines":[],"tlc":"SYH"},"geometry":{"type":"Point","coordinates":[-0.08032,51.43266]}},{"type":"Feature","properties":{"name":"Syon Lane","kind":"nr","nr":true,"modes":["nationalrail"],"lines":[],"tlc":"SYL"},"geometry":{"type":"Point","coordinates":[-0.32483,51.48173]}},{"type":"Feature","properties":{"name":"Thornton Heath","kind":"nr","nr":true,"modes":["nationalrail"],"lines":[],"tlc":"TTH"},"geometry":{"type":"Point","coordinates":[-0.10029,51.39872]}},{"type":"Feature","properties":{"name":"Tooting","kind":"nr","nr":true,"modes":["nationalrail"],"lines":[],"tlc":"TOO"},"geometry":{"type":"Point","coordinates":[-0.16126,51.41979]}},{"type":"Feature","properties":{"name":"Tulse Hill","kind":"nr","nr":true,"modes":["nationalrail"],"lines":[],"tlc":"TUH"},"geometry":{"type":"Point","coordinates":[-0.10506,51.4398]}},{"type":"Feature","properties":{"name":"Twickenham","kind":"nr","nr":true,"modes":["nationalrail"],"lines":[],"tlc":"TWI"},"geometry":{"type":"Point","coordinates":[-0.33038,51.44998]}},{"type":"Feature","properties":{"name":"Upper Warlingham","kind":"nr","nr":true,"modes":["nationalrail"],"lines":[],"tlc":"UWL"},"geometry":{"type":"Point","coordinates":[-0.07793,51.30845]}},{"type":"Feature","properties":{"name":"Waddon","kind":"nr","nr":true,"modes":["nationalrail"],"lines":[],"tlc":"WDO"},"geometry":{"type":"Point","coordinates":[-0.11732,51.36734]}},{"type":"Feature","properties":{"name":"Wallington","kind":"nr","nr":true,"modes":["nationalrail"],"lines":[],"tlc":"WLT"},"geometry":{"type":"Point","coordinates":[-0.15081,51.36033]}},{"type":"Feature","properties":{"name":"Wandsworth Common","kind":"nr","nr":true,"modes":["nationalrail"],"lines":[],"tlc":"WSW"},"geometry":{"type":"Point","coordinates":[-0.16337,51.44613]}},{"type":"Feature","properties":{"name":"Wandsworth Town","kind":"nr","nr":true,"modes":["nationalrail"],"lines":[],"tlc":"WNT"},"geometry":{"type":"Point","coordinates":[-0.18811,51.46099]}},{"type":"Feature","properties":{"name":"Waterloo (East)","kind":"nr","nr":true,"modes":["nationalrail"],"lines":[],"tlc":"WAE"},"geometry":{"type":"Point","coordinates":[-0.10888,51.50402]}},{"type":"Feature","properties":{"name":"Welling","kind":"nr","nr":true,"modes":["nationalrail"],"lines":[],"tlc":"WLI"},"geometry":{"type":"Point","coordinates":[0.10171,51.46474]}},{"type":"Feature","properties":{"name":"Wembley Stadium","kind":"nr","nr":true,"modes":["nationalrail"],"lines":[],"tlc":"WCX"},"geometry":{"type":"Point","coordinates":[-0.28559,51.55436]}},{"type":"Feature","properties":{"name":"West Dulwich","kind":"nr","nr":true,"modes":["nationalrail"],"lines":[],"tlc":"WDU"},"geometry":{"type":"Point","coordinates":[-0.09135,51.44066]}},{"type":"Feature","properties":{"name":"West Norwood","kind":"nr","nr":true,"modes":["nationalrail"],"lines":[],"tlc":"WNW"},"geometry":{"type":"Point","coordinates":[-0.10381,51.43169]}},{"type":"Feature","properties":{"name":"West Sutton","kind":"nr","nr":true,"modes":["nationalrail"],"lines":[],"tlc":"WSU"},"geometry":{"type":"Point","coordinates":[-0.20516,51.3658]}},{"type":"Feature","properties":{"name":"West Wickham","kind":"nr","nr":true,"modes":["nationalrail"],"lines":[],"tlc":"WWI"},"geometry":{"type":"Point","coordinates":[-0.01441,51.38124]}},{"type":"Feature","properties":{"name":"Westcombe Park","kind":"nr","nr":true,"modes":["nationalrail"],"lines":[],"tlc":"WCB"},"geometry":{"type":"Point","coordinates":[0.01842,51.48415]}},{"type":"Feature","properties":{"name":"Whitton","kind":"nr","nr":true,"modes":["nationalrail"],"lines":[],"tlc":"WTN"},"geometry":{"type":"Point","coordinates":[-0.35767,51.44955]}},{"type":"Feature","properties":{"name":"Whyteleafe","kind":"nr","nr":true,"modes":["nationalrail"],"lines":[],"tlc":"WHY"},"geometry":{"type":"Point","coordinates":[-0.08113,51.3099]}},{"type":"Feature","properties":{"name":"Whyteleafe South","kind":"nr","nr":true,"modes":["nationalrail"],"lines":[],"tlc":"WHS"},"geometry":{"type":"Point","coordinates":[-0.0769,51.30333]}},{"type":"Feature","properties":{"name":"Wimbledon Chase","kind":"nr","nr":true,"modes":["nationalrail"],"lines":[],"tlc":"WBO"},"geometry":{"type":"Point","coordinates":[-0.21401,51.4095]}},{"type":"Feature","properties":{"name":"Winchmore Hill","kind":"nr","nr":true,"modes":["nationalrail"],"lines":[],"tlc":"WIH"},"geometry":{"type":"Point","coordinates":[-0.10088,51.63389]}},{"type":"Feature","properties":{"name":"Woodmansterne","kind":"nr","nr":true,"modes":["nationalrail"],"lines":[],"tlc":"WME"},"geometry":{"type":"Point","coordinates":[-0.15424,51.31896]}},{"type":"Feature","properties":{"name":"Woolwich Dockyard","kind":"nr","nr":true,"modes":["nationalrail"],"lines":[],"tlc":"WWD"},"geometry":{"type":"Point","coordinates":[0.05467,51.49107]}},{"type":"Feature","properties":{"name":"Heathrow Terminal 5","kind":"nr","nr":true,"modes":["nationalrail"],"lines":[],"tlc":"HWV"},"geometry":{"type":"Point","coordinates":[-0.49058,51.47]}}]}