{"type":"FeatureCollection","features":[{"type":"Feature","properties":{"ward":"Aldersgate","code":"E05009288","borough":"City of London"},"geometry":{"type":"Polygon","coordinates":[[[-0.09605,51.51607],[-0.09698,51.51634],[-0.09693,51.51679],[-0.09855,51.51663],[-0.09852,51.51728],[-0.09704,51.51802],[-0.0974,51.52159],[-0.09553,51.52172],[-0.09528,51.52054],[-0.09434,51.52069],[-0.09442,51.51984],[-0.09522,51.5189],[-0.09534,51.51835],[-0.09493,51.51817],[-0.09605,51.51607]]]}},{"type":"Feature","properties":{"ward":"Aldgate","code":"E05009289","borough":"City of London"},"geometry":{"type":"Polygon","coordinates":[[[-0.08222,51.51265],[-0.08078,51.51483],[-0.07945,51.51577],[-0.07849,51.51605],[-0.07578,51.51465],[-0.07815,51.51362],[-0.07613,51.51375],[-0.0783,51.5128],[-0.07714,51.51186],[-0.07754,51.51152],[-0.07921,51.51183],[-0.07956,51.5123],[-0.08024,51.5121],[-0.08036,51.51258],[-0.08222,51.51265]]]}},{"type":"Feature","properties":{"ward":"Bassishaw","code":"E05009290","borough":"City of London"},"geometry":{"type":"Polygon","coordinates":[[[-0.09605,51.51607],[-0.09539,51.51749],[-0.09419,51.51769],[-0.09309,51.51852],[-0.08956,51.51747],[-0.08997,51.51576],[-0.09103,51.51582],[-0.09107,51.51541],[-0.09232,51.51591],[-0.09281,51.5152],[-0.09605,51.51607]]]}},{"type":"Feature","properties":{"ward":"Billingsgate","code":"E05009291","borough":"City of London"},"geometry":{"type":"Polygon","coordinates":[[[-0.08306,51.51156],[-0.08012,51.51141],[-0.08057,51.50987],[-0.08182,51.51012],[-0.0823,51.50955],[-0.08002,51.50854],[-0.0804,51.50803],[-0.08548,51.5086],[-0.08524,51.50937],[-0.0843,51.50953],[-0.08401,51.51065],[-0.08325,51.51059],[-0.08306,51.51156]]]}},{"type":"Feature","properties":{"ward":"Bishopsgate","code":"E05009292","borough":"City of London"},"geometry":{"type":"Polygon","coordinates":[[[-0.07688,51.51666],[-0.0791,51.51557],[-0.07999,51.5154],[-0.08106,51.5159],[-0.08121,51.51502],[-0.0825,51.51536],[-0.08166,51.51614],[-0.08356,51.51638],[-0.08313,51.51757],[-0.08623,51.51881],[-0.08522,51.52033],[-0.08333,51.51981],[-0.08176,51.52076],[-0.08105,51.52195],[-0.07847,51.52151],[-0.07943,51.51885],[-0.07808,51.51897],[-0.07688,51.51666]]]}},{"type":"Feature","properties":{"ward":"Bread Street","code":"E05009293","borough":"City of London"},"geometry":{"type":"Polygon","coordinates":[[[-0.09722,51.5119],[-0.09848,51.51195],[-0.09844,51.51294],[-0.09912,51.51297],[-0.09911,51.51329],[-0.09707,51.51345],[-0.09725,51.51447],[-0.09985,51.51398],[-0.10019,51.51333],[-0.10109,51.5131],[-0.10055,51.51584],[-0.09449,51.51418],[-0.09517,51.51266],[-0.09654,51.5129],[-0.0967,51.5119],[-0.09722,51.5119]]]}},{"type":"Feature","properties":{"ward":"Bridge","code":"E05009294","borough":"City of London"},"geometry":{"type":"Polygon","coordinates":[[[-0.08868,51.50893],[-0.08798,51.51023],[-0.08602,51.5103],[-0.08516,51.51192],[-0.08306,51.51156],[-0.08325,51.51059],[-0.08401,51.51065],[-0.0843,51.50953],[-0.08524,51.50937],[-0.08548,51.5086],[-0.08868,51.50893]]]}},{"type":"Feature","properties":{"ward":"Broad Street","code":"E05009295","borough":"City of London"},"geometry":{"type":"Polygon","coordinates":[[[-0.08447,51.51778],[-0.08313,51.51757],[-0.08455,51.51525],[-0.08891,51.51471],[-0.08935,51.51569],[-0.08797,51.51565],[-0.08765,51.51712],[-0.08564,51.51685],[-0.08447,51.51778]]]}},{"type":"Feature","properties":{"ward":"Candlewick","code":"E05009296","borough":"City of London"},"geometry":{"type":"Polygon","coordinates":[[[-0.08941,51.51144],[-0.0884,51.51279],[-0.08516,51.51192],[-0.08602,51.5103],[-0.08798,51.51023],[-0.08846,51.51046],[-0.08802,51.51118],[-0.08941,51.51144]]]}},{"type":"Feature","properties":{"ward":"Castle Baynard","code":"E05009297","borough":"City of London"},"geometry":{"type":"Polygon","coordinates":[[[-0.10847,51.51081],[-0.10848,51.5142],[-0.10945,51.51413],[-0.10965,51.51478],[-0.109,51.51593],[-0.109,51.51778],[-0.10782,51.51763],[-0.10624,51.51566],[-0.10449,51.51457],[-0.10396,51.51178],[-0.1018,51.51211],[-0.09985,51.51398],[-0.09725,51.51447],[-0.09707,51.51345],[-0.09911,51.51329],[-0.09844,51.51294],[-0.09848,51.51195],[-0.09957,51.51184],[-0.0999,51.51075],[-0.10847,51.51081]]]}},{"type":"Feature","properties":{"ward":"Cheap","code":"E05009298","borough":"City of London"},"geometry":{"type":"Polygon","coordinates":[[[-0.09118,51.51365],[-0.09633,51.51448],[-0.0987,51.51536],[-0.09855,51.51663],[-0.09693,51.51679],[-0.09698,51.51634],[-0.09281,51.5152],[-0.09232,51.51591],[-0.09178,51.5159],[-0.0919,51.51543],[-0.09107,51.51541],[-0.09181,51.51444],[-0.09087,51.51433],[-0.09118,51.51365]]]}},{"type":"Feature","properties":{"ward":"Coleman Street","code":"E05009299","borough":"City of London"},"geometry":{"type":"Polygon","coordinates":[[[-0.08623,51.51881],[-0.08426,51.5182],[-0.08564,51.51685],[-0.08765,51.51712],[-0.08797,51.51565],[-0.08935,51.51569],[-0.08891,51.51471],[-0.09111,51.51499],[-0.09103,51.51582],[-0.08997,51.51576],[-0.08956,51.51747],[-0.09122,51.51807],[-0.08999,51.51992],[-0.09249,51.52007],[-0.09237,51.52103],[-0.08969,51.52072],[-0.09,51.51997],[-0.08623,51.51881]]]}},{"type":"Feature","properties":{"ward":"Cordwainer","code":"E05009300","borough":"City of London"},"geometry":{"type":"Polygon","coordinates":[[[-0.09517,51.51266],[-0.09449,51.51418],[-0.08975,51.5134],[-0.09066,51.51315],[-0.09012,51.51284],[-0.09075,51.51169],[-0.09517,51.51266]]]}},{"type":"Feature","properties":{"ward":"Cornhill","code":"E05009301","borough":"City of London"},"geometry":{"type":"Polygon","coordinates":[[[-0.0855,51.51484],[-0.08356,51.51638],[-0.08166,51.51614],[-0.08383,51.51418],[-0.08435,51.51303],[-0.08534,51.51278],[-0.08634,51.51303],[-0.0862,51.51336],[-0.08897,51.5134],[-0.08641,51.5141],[-0.0855,51.51484]]]}},{"type":"Feature","properties":{"ward":"Cripplegate","code":"E05009302","borough":"City of London"},"geometry":{"type":"Polygon","coordinates":[[[-0.09539,51.51749],[-0.09434,51.52069],[-0.09528,51.52054],[-0.09553,51.52172],[-0.0974,51.52159],[-0.09797,51.52288],[-0.09679,51.52332],[-0.09647,51.52282],[-0.09509,51.52314],[-0.09434,51.52148],[-0.09252,51.52149],[-0.09249,51.52007],[-0.08999,51.51992],[-0.09122,51.51807],[-0.09309,51.51852],[-0.09419,51.51769],[-0.09539,51.51749]]]}},{"type":"Feature","properties":{"ward":"Dowgate","code":"E05009303","borough":"City of London"},"geometry":{"type":"Polygon","coordinates":[[[-0.08868,51.50893],[-0.09199,51.5094],[-0.09125,51.51051],[-0.09258,51.51076],[-0.09203,51.512],[-0.08802,51.51118],[-0.08846,51.51046],[-0.08798,51.51023],[-0.08868,51.50893]]]}},{"type":"Feature","properties":{"ward":"Farringdon Within","code":"E05009304","borough":"City of London"},"geometry":{"type":"Polygon","coordinates":[[[-0.10667,51.51665],[-0.1062,51.51755],[-0.10508,51.51723],[-0.10518,51.51766],[-0.10476,51.5177],[-0.102,51.51627],[-0.10168,51.51678],[-0.09865,51.51665],[-0.09871,51.51744],[-0.10113,51.51883],[-0.09969,51.5194],[-0.1003,51.52013],[-0.09762,51.52103],[-0.09704,51.51802],[-0.09852,51.51728],[-0.0987,51.51536],[-0.10055,51.51584],[-0.10109,51.5131],[-0.1018,51.51211],[-0.10396,51.51178],[-0.10449,51.51457],[-0.10624,51.51566],[-0.10667,51.51665]]]}},{"type":"Feature","properties":{"ward":"Farringdon Without","code":"E05009305","borough":"City of London"},"geometry":{"type":"Polygon","coordinates":[[[-0.10535,51.51854],[-0.1003,51.52013],[-0.09969,51.5194],[-0.10113,51.51883],[-0.09871,51.51744],[-0.09865,51.51665],[-0.10168,51.51678],[-0.102,51.51627],[-0.10476,51.5177],[-0.10518,51.51766],[-0.10508,51.51723],[-0.1062,51.51755],[-0.10667,51.51665],[-0.10782,51.51763],[-0.109,51.51778],[-0.109,51.51593],[-0.10965,51.51478],[-0.10945,51.51413],[-0.10848,51.5142],[-0.10847,51.51081],[-0.11157,51.51075],[-0.11153,51.51164],[-0.11241,51.51277],[-0.11174,51.5132],[-0.11198,51.51368],[-0.1111,51.51383],[-0.11161,51.51534],[-0.11382,51.51826],[-0.10783,51.51777],[-0.10535,51.51854]]]}},{"type":"Feature","properties":{"ward":"Langbourn","code":"E05009306","borough":"City of London"},"geometry":{"type":"Polygon","coordinates":[[[-0.08516,51.51192],[-0.0886,51.51316],[-0.08714,51.51268],[-0.08694,51.51334],[-0.0862,51.51336],[-0.08634,51.51303],[-0.08534,51.51278],[-0.08523,51.51307],[-0.08242,51.51246],[-0.08036,51.51258],[-0.08024,51.5121],[-0.08306,51.51156],[-0.08516,51.51192]]]}},{"type":"Feature","properties":{"ward":"Lime Street","code":"E05009307","borough":"City of London"},"geometry":{"type":"Polygon","coordinates":[[[-0.07999,51.5154],[-0.08242,51.51246],[-0.08435,51.51303],[-0.08383,51.51418],[-0.0825,51.51536],[-0.08121,51.51502],[-0.08106,51.5159],[-0.07999,51.5154]]]}},{"type":"Feature","properties":{"ward":"Portsoken","code":"E05009308","borough":"City of London"},"geometry":{"type":"Polygon","coordinates":[[[-0.07688,51.51666],[-0.07397,51.51445],[-0.07306,51.51181],[-0.0746,51.51206],[-0.07406,51.51237],[-0.07425,51.51279],[-0.07486,51.51271],[-0.07419,51.51322],[-0.07523,51.51407],[-0.07761,51.51338],[-0.07815,51.51362],[-0.07578,51.51465],[-0.07791,51.51581],[-0.07688,51.51666]]]}},{"type":"Feature","properties":{"ward":"Queenhithe","code":"E05009309","borough":"City of London"},"geometry":{"type":"Polygon","coordinates":[[[-0.0999,51.51075],[-0.09957,51.51184],[-0.09848,51.51195],[-0.09538,51.51114],[-0.09519,51.51184],[-0.09473,51.51181],[-0.09462,51.51114],[-0.09526,51.51012],[-0.09524,51.51056],[-0.09615,51.51021],[-0.0999,51.51075]]]}},{"type":"Feature","properties":{"ward":"Tower","code":"E05009310","borough":"City of London"},"geometry":{"type":"Polygon","coordinates":[[[-0.08158,51.51171],[-0.07956,51.5123],[-0.07921,51.51183],[-0.07754,51.51152],[-0.07714,51.51186],[-0.0783,51.5128],[-0.07523,51.51407],[-0.07419,51.51322],[-0.07486,51.51271],[-0.07425,51.51279],[-0.07406,51.51237],[-0.0746,51.51206],[-0.07306,51.51181],[-0.07276,51.5108],[-0.07299,51.5101],[-0.07558,51.50975],[-0.07629,51.51054],[-0.07779,51.51011],[-0.07888,51.50941],[-0.0791,51.50906],[-0.07872,51.50883],[-0.07938,51.50784],[-0.0804,51.50803],[-0.08002,51.50854],[-0.0823,51.50955],[-0.08182,51.51012],[-0.08057,51.50987],[-0.08012,51.51141],[-0.08153,51.51133],[-0.08158,51.51171]]]}},{"type":"Feature","properties":{"ward":"Vintry","code":"E05009311","borough":"City of London"},"geometry":{"type":"Polygon","coordinates":[[[-0.09722,51.5119],[-0.0967,51.5119],[-0.09654,51.5129],[-0.09203,51.512],[-0.09258,51.51076],[-0.09125,51.51051],[-0.09199,51.5094],[-0.09526,51.51012],[-0.09462,51.51114],[-0.09473,51.51181],[-0.09519,51.51184],[-0.09538,51.51114],[-0.09711,51.51151],[-0.09722,51.5119]]]}},{"type":"Feature","properties":{"ward":"Walbrook","code":"E05009312","borough":"City of London"},"geometry":{"type":"Polygon","coordinates":[[[-0.09118,51.51365],[-0.09087,51.51433],[-0.09181,51.51444],[-0.09111,51.51499],[-0.0855,51.51484],[-0.08641,51.5141],[-0.08897,51.5134],[-0.08694,51.51334],[-0.08714,51.51268],[-0.0886,51.51316],[-0.0884,51.51279],[-0.08941,51.51144],[-0.09075,51.51169],[-0.09012,51.51284],[-0.09066,51.51315],[-0.08975,51.5134],[-0.09118,51.51365]]]}},{"type":"Feature","properties":{"ward":"Abbey","code":"E05000026","borough":"Barking and Dagenham"},"geometry":{"type":"MultiPolygon","coordinates":[[[[0.06937,51.54413],[0.06859,51.54213],[0.0691,51.54138],[0.0685,51.54092],[0.06942,51.5403],[0.06913,51.53881],[0.07045,51.53851],[0.07103,51.53715],[0.06793,51.5362],[0.06826,51.53699],[0.06889,51.53719],[0.06697,51.53961],[0.06665,51.54086],[0.06833,51.54441],[0.06937,51.54413]]],[[[0.0936,51.53767],[0.08689,51.53751],[0.0816,51.53916],[0.08548,51.53704],[0.08233,51.53555],[0.08106,51.53555],[0.07593,51.53359],[0.07482,51.53413],[0.07348,51.53754],[0.07135,51.53725],[0.07043,51.53912],[0.0695,51.53887],[0.06991,51.54091],[0.06894,51.54207],[0.06971,51.54406],[0.07179,51.54357],[0.07554,51.54402],[0.07679,51.54461],[0.07791,51.54403],[0.08011,51.5448],[0.08595,51.54207],[0.0936,51.53767]]]]}},{"type":"Feature","properties":{"ward":"Alibon","code":"E05000027","borough":"Barking and Dagenham"},"geometry":{"type":"Polygon","coordinates":[[[0.1479,51.5416],[0.13418,51.54072],[0.13414,51.54184],[0.1319,51.54376],[0.13677,51.54423],[0.13859,51.54568],[0.14156,51.54456],[0.14302,51.54665],[0.1463,51.54633],[0.14551,51.54726],[0.14581,51.54757],[0.14315,51.54845],[0.14279,51.55097],[0.1531,51.5514],[0.15635,51.55102],[0.15646,51.54837],[0.15723,51.54831],[0.1573,51.54771],[0.15851,51.54775],[0.15888,51.54628],[0.16038,51.54447],[0.16147,51.54392],[0.16157,51.54333],[0.1479,51.5416]]]}},{"type":"Feature","properties":{"ward":"Becontree","code":"E05000028","borough":"Barking and Dagenham"},"geometry":{"type":"Polygon","coordinates":[[[0.10743,51.552],[0.10827,51.55206],[0.1084,51.5527],[0.11111,51.55248],[0.11235,51.553],[0.11233,51.55348],[0.11473,51.55533],[0.11272,51.55652],[0.11333,51.55732],[0.11715,51.55689],[0.11713,51.55739],[0.11894,51.55735],[0.12049,51.55854],[0.11748,51.55916],[0.11975,51.56249],[0.11887,51.56273],[0.11903,51.56306],[0.12499,51.56434],[0.12385,51.56195],[0.12457,51.56179],[0.1253,51.55987],[0.12765,51.55684],[0.12408,51.55169],[0.12431,51.55143],[0.1236,51.55122],[0.12191,51.5474],[0.10912,51.54961],[0.10697,51.54952],[0.10618,51.55096],[0.10743,51.552]]]}},{"type":"Feature","properties":{"ward":"Chadwell Heath","code":"E05000029","borough":"Barking and Dagenham"},"geometry":{"type":"Polygon","coordinates":[[[0.12775,51.58163],[0.12806,51.58286],[0.12722,51.58393],[0.12637,51.58672],[0.131,51.58752],[0.12956,51.59005],[0.13756,51.59388],[0.14656,51.59944],[0.14818,51.59896],[0.14766,51.5968],[0.14815,51.59677],[0.14806,51.59635],[0.14981,51.59708],[0.15113,51.59544],[0.15057,51.59128],[0.1512,51.58912],[0.15093,51.58376],[0.14838,51.58075],[0.14745,51.58079],[0.14698,51.57568],[0.14354,51.57565],[0.14139,51.57473],[0.14158,51.57427],[0.14114,51.57419],[0.14197,51.57225],[0.13003,51.57075],[0.1299,51.57154],[0.13156,51.57183],[0.13089,51.57336],[0.13007,51.57308],[0.12942,51.57396],[0.12917,51.57632],[0.13161,51.57709],[0.1308,51.57936],[0.13353,51.57996],[0.13253,51.58131],[0.12775,51.58163]]]}},{"type":"Feature","properties":{"ward":"Eastbrook","code":"E05000030","borough":"Barking and Dagenham"},"geometry":{"type":"Polygon","coordinates":[[[0.18512,51.56479],[0.18398,51.56387],[0.18262,51.56131],[0.18477,51.55985],[0.1844,51.55796],[0.18502,51.55682],[0.18474,51.55643],[0.18689,51.55578],[0.18788,51.55408],[0.19018,51.55268],[0.18958,51.55145],[0.18746,51.5502],[0.18601,51.54756],[0.16157,51.54333],[0.16147,51.54392],[0.16038,51.54447],[0.15888,51.54628],[0.15851,51.54775],[0.1573,51.54771],[0.15723,51.54831],[0.15646,51.54837],[0.15635,51.55102],[0.16083,51.55155],[0.15977,51.55448],[0.15969,51.55661],[0.16102,51.5566],[0.16133,51.55579],[0.16235,51.55576],[0.16314,51.55581],[0.16317,51.55654],[0.16817,51.55672],[0.16872,51.55903],[0.16832,51.56353],[0.17339,51.5651],[0.18348,51.56463],[0.18515,51.56551],[0.18512,51.56479]]]}},{"type":"Feature","properties":{"ward":"Eastbury","code":"E05000031","borough":"Barking and Dagenham"},"geometry":{"type":"Polygon","coordinates":[[[0.08548,51.53704],[0.0816,51.53916],[0.08406,51.53814],[0.08931,51.53738],[0.122,51.53991],[0.12224,51.53438],[0.11362,51.53444],[0.11301,51.5327],[0.10848,51.53276],[0.10062,51.53148],[0.09188,51.53402],[0.08548,51.53704]]]}},{"type":"Feature","properties":{"ward":"Gascoigne","code":"E05000032","borough":"Barking and Dagenham"},"geometry":{"type":"MultiPolygon","coordinates":[[[[0.08092,51.5278],[0.07809,51.52971],[0.07634,51.52992],[0.07546,51.53199],[0.07394,51.53327],[0.07437,51.53383],[0.07346,51.53421],[0.07135,51.53725],[0.07348,51.53754],[0.07482,51.53413],[0.07593,51.53359],[0.08106,51.53555],[0.08233,51.53555],[0.08548,51.53704],[0.09188,51.53402],[0.10062,51.53148],[0.08092,51.5278]]],[[[0.06871,51.53621],[0.07103,51.53715],[0.07292,51.53453],[0.07289,51.53351],[0.07516,51.53157],[0.07549,51.52982],[0.07271,51.52927],[0.07192,51.53295],[0.06946,51.53629],[0.06871,51.53621]]]]}},{"type":"Feature","properties":{"ward":"Goresbrook","code":"E05000033","borough":"Barking and Dagenham"},"geometry":{"type":"Polygon","coordinates":[[[0.14023,51.54111],[0.14352,51.53772],[0.14233,51.53598],[0.14546,51.53554],[0.14566,51.53515],[0.14814,51.53529],[0.14826,51.5323],[0.14778,51.53168],[0.13995,51.53071],[0.13927,51.53137],[0.13327,51.53184],[0.13474,51.53326],[0.13473,51.5341],[0.12224,51.53438],[0.12212,51.53851],[0.1277,51.53883],[0.12763,51.54028],[0.14023,51.54111]]]}},{"type":"Feature","properties":{"ward":"Heath","code":"E05000034","borough":"Barking and Dagenham"},"geometry":{"type":"Polygon","coordinates":[[[0.14238,51.55578],[0.14228,51.55844],[0.14531,51.55852],[0.1457,51.55768],[0.14696,51.55717],[0.14784,51.55947],[0.14784,51.56107],[0.14999,51.56138],[0.15043,51.56561],[0.15428,51.56614],[0.16187,51.56161],[0.16634,51.56327],[0.16832,51.56353],[0.16872,51.55903],[0.16817,51.55672],[0.16317,51.55654],[0.16314,51.55581],[0.16235,51.55576],[0.16133,51.55579],[0.16102,51.5566],[0.15969,51.55661],[0.15977,51.55448],[0.16083,51.55155],[0.15635,51.55102],[0.1531,51.5514],[0.14279,51.55097],[0.14075,51.55108],[0.13692,51.55248],[0.13684,51.55279],[0.14365,51.55462],[0.14524,51.55584],[0.14238,51.55578]]]}},{"type":"Feature","properties":{"ward":"Longbridge","code":"E05000035","borough":"Barking and Dagenham"},"geometry":{"type":"Polygon","coordinates":[[[0.0936,51.53767],[0.08595,51.54207],[0.08011,51.5448],[0.08599,51.54739],[0.09149,51.54828],[0.09169,51.54911],[0.0926,51.54965],[0.09224,51.54863],[0.0935,51.54585],[0.10423,51.54981],[0.10618,51.55096],[0.10831,51.54824],[0.10974,51.5455],[0.10941,51.54495],[0.10704,51.54436],[0.10423,51.54122],[0.10568,51.53864],[0.0936,51.53767]]]}},{"type":"Feature","properties":{"ward":"Mayesbrook","code":"E05000036","borough":"Barking and Dagenham"},"geometry":{"type":"Polygon","coordinates":[[[0.10568,51.53864],[0.10423,51.54122],[0.10704,51.54436],[0.10941,51.54495],[0.10974,51.5455],[0.10831,51.54824],[0.10697,51.54952],[0.10912,51.54961],[0.12191,51.5474],[0.1236,51.55122],[0.13041,51.55183],[0.13041,51.55137],[0.12546,51.54704],[0.13011,51.54712],[0.13102,51.54453],[0.13414,51.54184],[0.13418,51.54072],[0.12763,51.54028],[0.1277,51.53883],[0.12212,51.53851],[0.122,51.53991],[0.10568,51.53864]]]}},{"type":"Feature","properties":{"ward":"Parsloes","code":"E05000037","borough":"Barking and Dagenham"},"geometry":{"type":"Polygon","coordinates":[[[0.1319,51.54376],[0.13102,51.54453],[0.13011,51.54712],[0.12546,51.54704],[0.13041,51.55137],[0.13041,51.55183],[0.12408,51.55169],[0.12713,51.55561],[0.14524,51.55584],[0.14365,51.55462],[0.13684,51.55279],[0.14075,51.55108],[0.14279,51.55097],[0.14315,51.54845],[0.14581,51.54757],[0.14551,51.54726],[0.1463,51.54633],[0.14302,51.54665],[0.14156,51.54456],[0.13859,51.54568],[0.13677,51.54423],[0.1319,51.54376]]]}},{"type":"Feature","properties":{"ward":"River","code":"E05000038","borough":"Barking and Dagenham"},"geometry":{"type":"Polygon","coordinates":[[[0.1479,51.5416],[0.14814,51.54023],[0.15297,51.54008],[0.15272,51.53854],[0.15115,51.53766],[0.15159,51.5371],[0.15292,51.53743],[0.15295,51.53632],[0.15425,51.53629],[0.15893,51.53477],[0.15855,51.53452],[0.16077,51.53321],[0.16068,51.53275],[0.16598,51.5288],[0.16444,51.52706],[0.16294,51.52388],[0.16224,51.52131],[0.15949,51.51548],[0.15869,51.51219],[0.15826,51.51196],[0.15137,51.51281],[0.14514,51.5146],[0.1458,51.51458],[0.14551,51.51515],[0.14433,51.51545],[0.14388,51.51483],[0.14318,51.51532],[0.14476,51.51686],[0.14769,51.52897],[0.14778,51.53168],[0.14826,51.5323],[0.14814,51.53529],[0.14566,51.53515],[0.14546,51.53554],[0.14233,51.53598],[0.14352,51.53772],[0.14023,51.54111],[0.1479,51.5416]]]}},{"type":"Feature","properties":{"ward":"Thames","code":"E05000039","borough":"Barking and Dagenham"},"geometry":{"type":"Polygon","coordinates":[[[0.08092,51.5278],[0.10848,51.53276],[0.11301,51.5327],[0.11362,51.53444],[0.13473,51.5341],[0.13474,51.53326],[0.13327,51.53184],[0.13927,51.53137],[0.13995,51.53071],[0.14778,51.53168],[0.14769,51.52897],[0.14476,51.51686],[0.14318,51.51532],[0.13949,51.51744],[0.13632,51.51847],[0.12632,51.51945],[0.11916,51.51815],[0.11434,51.51602],[0.11445,51.51569],[0.10905,51.51425],[0.10668,51.51394],[0.10048,51.51457],[0.09557,51.51698],[0.09526,51.51888],[0.09567,51.52057],[0.0928,51.52263],[0.09309,51.52511],[0.09203,51.52666],[0.09048,51.52609],[0.08883,51.52686],[0.08584,51.52605],[0.08092,51.5278]]]}},{"type":"Feature","properties":{"ward":"Valence","code":"E05000040","borough":"Barking and Dagenham"},"geometry":{"type":"Polygon","coordinates":[[[0.12499,51.56434],[0.12762,51.56614],[0.12932,51.56653],[0.13558,51.56665],[0.13693,51.56706],[0.13756,51.56321],[0.13637,51.56315],[0.13618,51.56132],[0.14784,51.56107],[0.14784,51.55947],[0.14696,51.55717],[0.1457,51.55768],[0.14531,51.55852],[0.14228,51.55844],[0.14238,51.55578],[0.12713,51.55561],[0.12765,51.55684],[0.1253,51.55987],[0.12457,51.56179],[0.12385,51.56195],[0.12499,51.56434]]]}},{"type":"Feature","properties":{"ward":"Village","code":"E05000041","borough":"Barking and Dagenham"},"geometry":{"type":"Polygon","coordinates":[[[0.16598,51.5288],[0.16068,51.53275],[0.16077,51.53321],[0.15855,51.53452],[0.15893,51.53477],[0.15425,51.53629],[0.15295,51.53632],[0.15292,51.53743],[0.15159,51.5371],[0.15115,51.53766],[0.15272,51.53854],[0.15297,51.54008],[0.14814,51.54023],[0.1479,51.5416],[0.15392,51.54206],[0.18601,51.54756],[0.18256,51.54584],[0.18036,51.54411],[0.1792,51.54029],[0.17501,51.53849],[0.17378,51.53741],[0.17076,51.53263],[0.16598,51.5288]]]}},{"type":"Feature","properties":{"ward":"Whalebone","code":"E05000042","borough":"Barking and Dagenham"},"geometry":{"type":"Polygon","coordinates":[[[0.12968,51.5681],[0.13046,51.57032],[0.13003,51.57075],[0.14197,51.57225],[0.14114,51.57419],[0.14158,51.57427],[0.14139,51.57473],[0.14185,51.57524],[0.14354,51.57565],[0.14811,51.57562],[0.1479,51.57312],[0.14896,51.57323],[0.14929,51.57027],[0.14975,51.5697],[0.14664,51.56942],[0.14676,51.56877],[0.14875,51.56862],[0.15036,51.56782],[0.15144,51.56799],[0.15428,51.56614],[0.15043,51.56561],[0.14999,51.56138],[0.14784,51.56107],[0.13618,51.56132],[0.13637,51.56315],[0.13756,51.56321],[0.13693,51.56706],[0.13558,51.56665],[0.12932,51.56653],[0.12968,51.5681]]]}},{"type":"Feature","properties":{"ward":"Brunswick Park","code":"E05000043","borough":"Barnet"},"geometry":{"type":"Polygon","coordinates":[[[-0.14454,51.61548],[-0.15628,51.62752],[-0.15734,51.62711],[-0.15906,51.62907],[-0.15835,51.62935],[-0.15931,51.63098],[-0.16224,51.63358],[-0.16002,51.63361],[-0.1609,51.63543],[-0.15767,51.63685],[-0.15304,51.63417],[-0.14977,51.63546],[-0.15005,51.63604],[-0.14906,51.63683],[-0.14232,51.63931],[-0.13844,51.63651],[-0.13453,51.6347],[-0.13444,51.63397],[-0.1333,51.63326],[-0.12915,51.63227],[-0.13115,51.62966],[-0.13047,51.62938],[-0.13354,51.62636],[-0.13421,51.62399],[-0.13507,51.62234],[-0.13557,51.62239],[-0.13546,51.62169],[-0.14129,51.61755],[-0.14206,51.61616],[-0.14454,51.61548]]]}},{"type":"Feature","properties":{"ward":"Burnt Oak","code":"E05000044","borough":"Barnet"},"geometry":{"type":"Polygon","coordinates":[[[-0.26716,51.60037],[-0.27493,51.60697],[-0.2703,51.6084],[-0.25725,51.61046],[-0.25137,51.61011],[-0.25151,51.60961],[-0.24943,51.60764],[-0.24826,51.60808],[-0.24773,51.6072],[-0.24997,51.60596],[-0.24983,51.60306],[-0.25081,51.60114],[-0.24729,51.60107],[-0.24742,51.59943],[-0.25062,51.59925],[-0.25079,51.59778],[-0.24935,51.59707],[-0.25108,51.59622],[-0.25313,51.59765],[-0.25977,51.59417],[-0.26716,51.60037]]]}},{"type":"Feature","properties":{"ward":"Childs Hill","code":"E05000045","borough":"Barnet"},"geometry":{"type":"Polygon","coordinates":[[[-0.18357,51.56801],[-0.18381,51.5675],[-0.18617,51.56692],[-0.18964,51.56525],[-0.19114,51.56164],[-0.19485,51.56048],[-0.19692,51.56062],[-0.19682,51.55918],[-0.19848,51.55876],[-0.19966,51.55698],[-0.19941,51.55619],[-0.20582,51.55531],[-0.20597,51.55642],[-0.20885,51.55573],[-0.21003,51.55675],[-0.2135,51.55519],[-0.21865,51.55942],[-0.22239,51.5633],[-0.21732,51.56468],[-0.21499,51.56293],[-0.20673,51.56709],[-0.20817,51.56931],[-0.21076,51.57192],[-0.20819,51.57259],[-0.20682,51.57363],[-0.20741,51.57386],[-0.20414,51.57572],[-0.20261,51.57485],[-0.20046,51.57638],[-0.19712,51.5771],[-0.19551,51.5718],[-0.18855,51.5705],[-0.18357,51.56801]]]}},{"type":"Feature","properties":{"ward":"Colindale","code":"E05000046","borough":"Barnet"},"geometry":{"type":"Polygon","coordinates":[[[-0.24773,51.6072],[-0.24678,51.60708],[-0.24462,51.60827],[-0.23848,51.60172],[-0.23691,51.59847],[-0.23658,51.59542],[-0.23949,51.58417],[-0.23926,51.58117],[-0.24286,51.58029],[-0.25977,51.59417],[-0.25313,51.59765],[-0.25108,51.59622],[-0.24935,51.59707],[-0.25079,51.59778],[-0.25062,51.59925],[-0.24742,51.59943],[-0.24729,51.60107],[-0.25081,51.60114],[-0.24983,51.60306],[-0.25021,51.60515],[-0.24997,51.60596],[-0.24773,51.6072]]]}},{"type":"Feature","properties":{"ward":"Coppetts","code":"E05000047","borough":"Barnet"},"geometry":{"type":"Polygon","coordinates":[[[-0.15166,51.62278],[-0.13879,51.61019],[-0.14345,51.60885],[-0.1431,51.60635],[-0.14209,51.60459],[-0.14214,51.60329],[-0.1442,51.60111],[-0.1445,51.60013],[-0.15139,51.59745],[-0.15303,51.59923],[-0.15331,51.60268],[-0.15614,51.6051],[-0.15599,51.60544],[-0.15956,51.60697],[-0.16036,51.60823],[-0.15976,51.60862],[-0.16162,51.61179],[-0.16041,51.61257],[-0.16214,51.61605],[-0.16442,51.6171],[-0.1651,51.61913],[-0.16385,51.61957],[-0.16284,51.62075],[-0.16081,51.61989],[-0.15896,51.62091],[-0.15913,51.62202],[-0.15529,51.6219],[-0.15358,51.62333],[-0.15166,51.62278]]]}},{"type":"Feature","properties":{"ward":"East Barnet","code":"E05000048","borough":"Barnet"},"geometry":{"type":"Polygon","coordinates":[[[-0.16224,51.63358],[-0.16877,51.64088],[-0.17361,51.65014],[-0.17506,51.65424],[-0.17555,51.66057],[-0.1635,51.65817],[-0.16052,51.65675],[-0.15479,51.65553],[-0.15472,51.65503],[-0.15378,51.65466],[-0.15349,51.6533],[-0.15423,51.65298],[-0.15256,51.65147],[-0.15227,51.64985],[-0.15102,51.65008],[-0.14992,51.64879],[-0.15227,51.64798],[-0.15238,51.64764],[-0.15107,51.64721],[-0.15217,51.64582],[-0.15133,51.64528],[-0.14917,51.64526],[-0.14792,51.64208],[-0.1451,51.64265],[-0.14232,51.63931],[-0.14906,51.63683],[-0.15005,51.63604],[-0.14977,51.63546],[-0.15304,51.63417],[-0.15767,51.63685],[-0.1609,51.63543],[-0.16002,51.63361],[-0.16224,51.63358]]]}},{"type":"Feature","properties":{"ward":"East Finchley","code":"E05000049","borough":"Barnet"},"geometry":{"type":"Polygon","coordinates":[[[-0.18133,51.59614],[-0.17163,51.60226],[-0.16337,51.60529],[-0.16086,51.60576],[-0.15633,51.60565],[-0.16179,51.59748],[-0.15968,51.59227],[-0.15869,51.59205],[-0.15948,51.59158],[-0.16027,51.58798],[-0.15864,51.58797],[-0.15871,51.58663],[-0.15718,51.5862],[-0.15792,51.58622],[-0.15797,51.58573],[-0.15964,51.58446],[-0.16804,51.58943],[-0.16893,51.589],[-0.16879,51.5871],[-0.16934,51.58694],[-0.18057,51.58803],[-0.18007,51.59028],[-0.17914,51.59191],[-0.18459,51.59439],[-0.18133,51.59614]]]}},{"type":"Feature","properties":{"ward":"Edgware","code":"E05000050","borough":"Barnet"},"geometry":{"type":"Polygon","coordinates":[[[-0.27937,51.61074],[-0.2822,51.61336],[-0.28757,51.61715],[-0.30395,51.63146],[-0.3056,51.63412],[-0.30448,51.63635],[-0.29615,51.63544],[-0.29189,51.63648],[-0.28552,51.63695],[-0.28141,51.63834],[-0.27864,51.63832],[-0.2765,51.63887],[-0.27374,51.63867],[-0.2742,51.6393],[-0.27315,51.64119],[-0.27105,51.63743],[-0.26723,51.63595],[-0.26421,51.63346],[-0.2631,51.63156],[-0.26246,51.62893],[-0.26408,51.62837],[-0.26444,51.62876],[-0.26643,51.62886],[-0.26644,51.62846],[-0.26695,51.62877],[-0.26747,51.62852],[-0.26694,51.62681],[-0.26905,51.62636],[-0.26898,51.62677],[-0.26783,51.62704],[-0.26786,51.62827],[-0.26888,51.6284],[-0.26963,51.62633],[-0.27114,51.62641],[-0.27145,51.62303],[-0.27065,51.62209],[-0.26973,51.62219],[-0.27012,51.62007],[-0.26931,51.61757],[-0.26657,51.61752],[-0.26862,51.61648],[-0.26847,51.61556],[-0.26982,51.61492],[-0.27113,51.61286],[-0.27025,51.61089],[-0.27066,51.6094],[-0.26998,51.609],[-0.27057,51.60876],[-0.2703,51.6084],[-0.27493,51.60697],[-0.27937,51.61074]]]}},{"type":"Feature","properties":{"ward":"Finchley Church End","code":"E05000051","borough":"Barnet"},"geometry":{"type":"Polygon","coordinates":[[[-0.22566,51.59895],[-0.22528,51.59945],[-0.22068,51.59801],[-0.21841,51.59884],[-0.21796,51.59798],[-0.21481,51.59748],[-0.21214,51.59879],[-0.21088,51.60018],[-0.21093,51.60076],[-0.21015,51.60125],[-0.2093,51.60106],[-0.209,51.60165],[-0.20949,51.60203],[-0.20853,51.6032],[-0.20846,51.60443],[-0.20769,51.6044],[-0.20763,51.60497],[-0.20463,51.60393],[-0.20288,51.60418],[-0.20189,51.60498],[-0.18133,51.59614],[-0.19327,51.59005],[-0.19614,51.5896],[-0.19981,51.58979],[-0.20742,51.58882],[-0.20978,51.58957],[-0.21189,51.59135],[-0.21316,51.59368],[-0.2163,51.59484],[-0.22125,51.59756],[-0.22566,51.59895]]]}},{"type":"Feature","properties":{"ward":"Garden Suburb","code":"E05000052","borough":"Barnet"},"geometry":{"type":"Polygon","coordinates":[[[-0.18459,51.59439],[-0.17914,51.59191],[-0.18007,51.59028],[-0.18057,51.58803],[-0.16934,51.58694],[-0.16879,51.5871],[-0.16893,51.589],[-0.16804,51.58943],[-0.16135,51.58527],[-0.16575,51.58322],[-0.16622,51.58204],[-0.1669,51.58196],[-0.16722,51.5813],[-0.16684,51.57865],[-0.16809,51.57693],[-0.16935,51.57743],[-0.16975,51.5764],[-0.16948,51.57398],[-0.17118,51.57361],[-0.17129,51.57243],[-0.17346,51.5711],[-0.17441,51.56925],[-0.17808,51.57043],[-0.17828,51.57004],[-0.18097,51.56967],[-0.18357,51.56801],[-0.18855,51.5705],[-0.19551,51.5718],[-0.19793,51.57904],[-0.19846,51.57896],[-0.19984,51.58117],[-0.19978,51.58201],[-0.19916,51.58215],[-0.20048,51.58281],[-0.20041,51.58899],[-0.19984,51.58902],[-0.19981,51.58979],[-0.19614,51.5896],[-0.19327,51.59005],[-0.18459,51.59439]]]}},{"type":"Feature","properties":{"ward":"Golders Green","code":"E05000053","borough":"Barnet"},"geometry":{"type":"Polygon","coordinates":[[[-0.21203,51.58101],[-0.20911,51.58698],[-0.2071,51.5883],[-0.19981,51.58979],[-0.19984,51.58902],[-0.20041,51.58899],[-0.20048,51.58281],[-0.19916,51.58215],[-0.19978,51.58201],[-0.19984,51.58117],[-0.19846,51.57896],[-0.19793,51.57904],[-0.19712,51.5771],[-0.20046,51.57638],[-0.20261,51.57485],[-0.20414,51.57572],[-0.20741,51.57386],[-0.20682,51.57363],[-0.20819,51.57259],[-0.21076,51.57192],[-0.20817,51.56931],[-0.20673,51.56709],[-0.21499,51.56293],[-0.21732,51.56468],[-0.22239,51.5633],[-0.23224,51.57095],[-0.22834,51.57241],[-0.22194,51.57393],[-0.21901,51.57642],[-0.21428,51.57886],[-0.21203,51.58101]]]}},{"type":"Feature","properties":{"ward":"Hale","code":"E05000054","borough":"Barnet"},"geometry":{"type":"Polygon","coordinates":[[[-0.26827,51.64238],[-0.26729,51.64284],[-0.26512,51.64267],[-0.26179,51.64059],[-0.25588,51.63942],[-0.25558,51.63875],[-0.25496,51.63892],[-0.25176,51.63741],[-0.24917,51.63736],[-0.24893,51.63847],[-0.24434,51.63653],[-0.24249,51.63689],[-0.24265,51.63767],[-0.23951,51.63842],[-0.23746,51.63744],[-0.23595,51.63276],[-0.23601,51.63042],[-0.24013,51.62871],[-0.2435,51.6254],[-0.25139,51.62453],[-0.25249,51.62328],[-0.25459,51.62229],[-0.25627,51.62037],[-0.24462,51.60827],[-0.24744,51.60693],[-0.24826,51.60808],[-0.24943,51.60764],[-0.25151,51.60961],[-0.25137,51.61011],[-0.25725,51.61046],[-0.2703,51.6084],[-0.27057,51.60876],[-0.26998,51.609],[-0.27066,51.6094],[-0.27025,51.61089],[-0.27113,51.61286],[-0.26982,51.61492],[-0.26847,51.61556],[-0.26862,51.61648],[-0.26657,51.61752],[-0.26931,51.61757],[-0.27012,51.62007],[-0.26973,51.62219],[-0.27065,51.62209],[-0.27145,51.62303],[-0.27114,51.62641],[-0.26963,51.62633],[-0.26888,51.6284],[-0.26786,51.62827],[-0.26783,51.62704],[-0.26898,51.62677],[-0.26905,51.62636],[-0.26694,51.62681],[-0.26747,51.62852],[-0.26695,51.62877],[-0.26644,51.62846],[-0.26643,51.62886],[-0.26444,51.62876],[-0.26408,51.62837],[-0.26246,51.62893],[-0.2631,51.63156],[-0.26421,51.63346],[-0.26723,51.63595],[-0.27105,51.63743],[-0.27315,51.64119],[-0.27289,51.6421],[-0.26827,51.64238]]]}},{"type":"Feature","properties":{"ward":"Hendon","code":"E05000055","borough":"Barnet"},"geometry":{"type":"Polygon","coordinates":[[[-0.21203,51.58101],[-0.21874,51.5844],[-0.22396,51.58301],[-0.22708,51.58272],[-0.23218,51.58674],[-0.23846,51.58811],[-0.23658,51.59542],[-0.23691,51.59847],[-0.23848,51.60172],[-0.23478,51.6014],[-0.22125,51.59756],[-0.2163,51.59484],[-0.21316,51.59368],[-0.21189,51.59135],[-0.20978,51.58957],[-0.20742,51.58882],[-0.20488,51.58888],[-0.2071,51.5883],[-0.20911,51.58698],[-0.21203,51.58101]]]}},{"type":"Feature","properties":{"ward":"High Barnet","code":"E05000056","borough":"Barnet"},"geometry":{"type":"Polygon","coordinates":[[[-0.25158,51.64795],[-0.24988,51.65461],[-0.25082,51.65481],[-0.25128,51.65554],[-0.25061,51.65605],[-0.24937,51.65605],[-0.24789,51.65524],[-0.24365,51.65669],[-0.23922,51.6574],[-0.238,51.65779],[-0.2383,51.65825],[-0.2367,51.65877],[-0.23473,51.659],[-0.23425,51.65825],[-0.22894,51.65997],[-0.22851,51.65996],[-0.22808,51.65859],[-0.22649,51.65716],[-0.21983,51.66066],[-0.21927,51.6608],[-0.21892,51.66006],[-0.21342,51.66237],[-0.21216,51.66135],[-0.20789,51.66286],[-0.21116,51.66695],[-0.20986,51.66756],[-0.20798,51.66659],[-0.20566,51.6686],[-0.20225,51.6678],[-0.20263,51.66931],[-0.20338,51.67012],[-0.1999,51.67017],[-0.19903,51.6682],[-0.19488,51.6683],[-0.19669,51.66548],[-0.19256,51.66475],[-0.19109,51.66389],[-0.18782,51.66788],[-0.18583,51.66851],[-0.18211,51.6686],[-0.18589,51.66283],[-0.17555,51.66057],[-0.17506,51.65424],[-0.17361,51.65014],[-0.18204,51.64822],[-0.18527,51.64702],[-0.18775,51.64701],[-0.19001,51.64768],[-0.19982,51.65297],[-0.2122,51.65288],[-0.21518,51.65179],[-0.21807,51.64969],[-0.21978,51.65127],[-0.22146,51.64998],[-0.22103,51.64971],[-0.22138,51.64948],[-0.22509,51.64878],[-0.22453,51.64825],[-0.22511,51.64804],[-0.22579,51.64865],[-0.2277,51.64783],[-0.22827,51.64835],[-0.22896,51.64823],[-0.22922,51.64785],[-0.22769,51.64651],[-0.23204,51.64467],[-0.23164,51.64417],[-0.23344,51.6433],[-0.23374,51.64378],[-0.23715,51.64263],[-0.23994,51.64101],[-0.2417,51.6426],[-0.24478,51.64102],[-0.25021,51.64117],[-0.25548,51.64328],[-0.25407,51.64418],[-0.25158,51.64795]]]}},{"type":"Feature","properties":{"ward":"Mill Hill","code":"E05000057","borough":"Barnet"},"geometry":{"type":"Polygon","coordinates":[[[-0.22566,51.59895],[-0.23478,51.6014],[-0.23848,51.60172],[-0.25627,51.62037],[-0.25459,51.62229],[-0.25249,51.62328],[-0.25139,51.62453],[-0.2435,51.6254],[-0.24013,51.62871],[-0.23601,51.63042],[-0.23305,51.63046],[-0.23335,51.62591],[-0.23106,51.62526],[-0.22485,51.6246],[-0.2206,51.62354],[-0.21974,51.62394],[-0.21608,51.62298],[-0.21459,51.62327],[-0.21266,51.62448],[-0.20881,51.62468],[-0.20687,51.62544],[-0.20472,51.62485],[-0.2037,51.62523],[-0.20186,51.6247],[-0.19931,51.62304],[-0.19911,51.62204],[-0.19824,51.62175],[-0.19859,51.6207],[-0.19803,51.62078],[-0.19785,51.62009],[-0.19711,51.62],[-0.19819,51.61911],[-0.19832,51.61856],[-0.1976,51.61839],[-0.19961,51.61389],[-0.19579,51.61341],[-0.19771,51.61196],[-0.19522,51.61048],[-0.1968,51.61006],[-0.19683,51.60945],[-0.198,51.60907],[-0.19775,51.60879],[-0.19835,51.60826],[-0.19981,51.60799],[-0.19976,51.60724],[-0.20141,51.60645],[-0.20092,51.6056],[-0.20288,51.60418],[-0.20545,51.604],[-0.20763,51.60497],[-0.20769,51.6044],[-0.20846,51.60443],[-0.20853,51.6032],[-0.20949,51.60203],[-0.209,51.60165],[-0.2093,51.60106],[-0.21015,51.60125],[-0.21093,51.60076],[-0.21088,51.60018],[-0.21214,51.59879],[-0.21481,51.59748],[-0.21796,51.59798],[-0.21841,51.59884],[-0.22068,51.59801],[-0.22528,51.59945],[-0.22566,51.59895]]]}},{"type":"Feature","properties":{"ward":"Oakleigh","code":"E05000058","borough":"Barnet"},"geometry":{"type":"Polygon","coordinates":[[[-0.18409,51.63994],[-0.19001,51.64768],[-0.18775,51.64701],[-0.18527,51.64702],[-0.18204,51.64822],[-0.17361,51.65014],[-0.16877,51.64088],[-0.1672,51.63873],[-0.16019,51.63142],[-0.15931,51.63098],[-0.15835,51.62935],[-0.15906,51.62907],[-0.15734,51.62711],[-0.15628,51.62752],[-0.15166,51.62278],[-0.15358,51.62333],[-0.15529,51.6219],[-0.15913,51.62202],[-0.15896,51.62091],[-0.16081,51.61989],[-0.16284,51.62075],[-0.16385,51.61957],[-0.16732,51.6189],[-0.16768,51.61966],[-0.17163,51.62043],[-0.17096,51.62117],[-0.17122,51.62186],[-0.17483,51.62146],[-0.17447,51.62277],[-0.17375,51.62307],[-0.17381,51.62379],[-0.17471,51.62388],[-0.17415,51.62541],[-0.17144,51.62479],[-0.17096,51.62552],[-0.16901,51.62491],[-0.16879,51.62552],[-0.16806,51.62553],[-0.16775,51.62617],[-0.16896,51.62652],[-0.16945,51.62855],[-0.16887,51.62977],[-0.17181,51.63041],[-0.17476,51.62979],[-0.17617,51.63462],[-0.1773,51.63639],[-0.17933,51.63834],[-0.18298,51.63851],[-0.18409,51.63994]]]}},{"type":"Feature","properties":{"ward":"Totteridge","code":"E05000059","borough":"Barnet"},"geometry":{"type":"Polygon","coordinates":[[[-0.19527,51.61074],[-0.19771,51.61196],[-0.19579,51.61341],[-0.19961,51.61389],[-0.1976,51.61839],[-0.19832,51.61856],[-0.19819,51.61911],[-0.19711,51.62],[-0.19785,51.62009],[-0.19803,51.62078],[-0.19859,51.6207],[-0.19824,51.62175],[-0.19911,51.62204],[-0.19931,51.62304],[-0.20186,51.6247],[-0.20687,51.62544],[-0.20881,51.62468],[-0.21266,51.62448],[-0.21459,51.62327],[-0.21608,51.62298],[-0.21974,51.62394],[-0.2206,51.62354],[-0.23335,51.62591],[-0.23305,51.63046],[-0.23601,51.63042],[-0.23595,51.63276],[-0.23746,51.63744],[-0.23441,51.63691],[-0.22813,51.63687],[-0.22337,51.63794],[-0.22238,51.63771],[-0.21933,51.63951],[-0.21883,51.64029],[-0.21782,51.64022],[-0.21501,51.64137],[-0.21077,51.6409],[-0.20749,51.64192],[-0.20396,51.64113],[-0.20355,51.64151],[-0.20281,51.64121],[-0.20026,51.64173],[-0.19886,51.64244],[-0.19587,51.64214],[-0.19027,51.64116],[-0.1893,51.64015],[-0.18741,51.63942],[-0.18409,51.63994],[-0.18298,51.63851],[-0.17933,51.63834],[-0.17617,51.63462],[-0.17476,51.62979],[-0.17181,51.63041],[-0.16887,51.62977],[-0.16945,51.62855],[-0.16896,51.62652],[-0.16775,51.62617],[-0.16806,51.62553],[-0.16879,51.62552],[-0.16901,51.62491],[-0.17096,51.62552],[-0.17144,51.62479],[-0.17415,51.62541],[-0.17471,51.62388],[-0.17645,51.62376],[-0.17649,51.62336],[-0.17808,51.62356],[-0.17971,51.61863],[-0.18041,51.61839],[-0.18049,51.61806],[-0.17992,51.61799],[-0.18018,51.61664],[-0.18131,51.61669],[-0.1819,51.61618],[-0.18905,51.61612],[-0.18922,51.61513],[-0.19094,51.61255],[-0.19375,51.61158],[-0.19359,51.61116],[-0.19421,51.61067],[-0.19527,51.61074]]]}},{"type":"Feature","properties":{"ward":"Underhill","code":"E05000060","borough":"Barnet"},"geometry":{"type":"Polygon","coordinates":[[[-0.19001,51.64768],[-0.18409,51.63994],[-0.18741,51.63942],[-0.1893,51.64015],[-0.19027,51.64116],[-0.19212,51.64134],[-0.19214,51.64171],[-0.19886,51.64244],[-0.20026,51.64173],[-0.20281,51.64121],[-0.20355,51.64151],[-0.20396,51.64113],[-0.20749,51.64192],[-0.21077,51.6409],[-0.21501,51.64137],[-0.21782,51.64022],[-0.21883,51.64029],[-0.21933,51.63951],[-0.22238,51.63771],[-0.22337,51.63794],[-0.22813,51.63687],[-0.23441,51.63691],[-0.23746,51.63744],[-0.23951,51.63842],[-0.24265,51.63767],[-0.24249,51.63689],[-0.24434,51.63653],[-0.24893,51.63847],[-0.24917,51.63736],[-0.25176,51.63741],[-0.25496,51.63892],[-0.25558,51.63875],[-0.25588,51.63942],[-0.26179,51.64059],[-0.26512,51.64267],[-0.26729,51.64284],[-0.26827,51.64238],[-0.26837,51.64383],[-0.26679,51.64411],[-0.26438,51.64362],[-0.2633,51.64483],[-0.26163,51.64399],[-0.26074,51.64267],[-0.25841,51.64199],[-0.25736,51.64183],[-0.2562,51.64349],[-0.25021,51.64117],[-0.24478,51.64102],[-0.2417,51.6426],[-0.23994,51.64101],[-0.23715,51.64263],[-0.23374,51.64378],[-0.23344,51.6433],[-0.23164,51.64417],[-0.23204,51.64467],[-0.22769,51.64651],[-0.22922,51.64785],[-0.22896,51.64823],[-0.22827,51.64835],[-0.2277,51.64783],[-0.22579,51.64865],[-0.22511,51.64804],[-0.22453,51.64825],[-0.22509,51.64878],[-0.22138,51.64948],[-0.22103,51.64971],[-0.22146,51.64998],[-0.21978,51.65127],[-0.21807,51.64969],[-0.21518,51.65179],[-0.2122,51.65288],[-0.19982,51.65297],[-0.19001,51.64768]]]}},{"type":"Feature","properties":{"ward":"West Finchley","code":"E05000061","borough":"Barnet"},"geometry":{"type":"Polygon","coordinates":[[[-0.19527,51.61074],[-0.19421,51.61067],[-0.19359,51.61116],[-0.19375,51.61158],[-0.19094,51.61255],[-0.18922,51.61513],[-0.18905,51.61612],[-0.1819,51.61618],[-0.18131,51.61669],[-0.17683,51.61643],[-0.17551,51.61089],[-0.18067,51.61026],[-0.18422,51.60775],[-0.18253,51.60669],[-0.18293,51.60444],[-0.18019,51.60083],[-0.17791,51.60004],[-0.17694,51.59916],[-0.18133,51.59614],[-0.20189,51.60498],[-0.20092,51.6056],[-0.20141,51.60645],[-0.19976,51.60724],[-0.19981,51.60799],[-0.19835,51.60826],[-0.19775,51.60879],[-0.198,51.60907],[-0.19683,51.60945],[-0.1968,51.61006],[-0.19527,51.61074]]]}},{"type":"Feature","properties":{"ward":"West Hendon","code":"E05000062","borough":"Barnet"},"geometry":{"type":"Polygon","coordinates":[[[-0.24828,51.58436],[-0.24286,51.58029],[-0.23926,51.58117],[-0.23949,51.58417],[-0.23846,51.58811],[-0.23218,51.58674],[-0.22708,51.58272],[-0.22396,51.58301],[-0.21874,51.5844],[-0.21203,51.58101],[-0.21428,51.57886],[-0.21901,51.57642],[-0.22194,51.57393],[-0.22351,51.57334],[-0.22834,51.57241],[-0.23224,51.57095],[-0.23344,51.57198],[-0.23459,51.57177],[-0.23565,51.57227],[-0.2354,51.57257],[-0.23766,51.57247],[-0.23802,51.57177],[-0.23997,51.57239],[-0.24111,51.57212],[-0.24202,51.5728],[-0.24365,51.57232],[-0.24429,51.57256],[-0.24524,51.57191],[-0.24604,51.57219],[-0.24672,51.57157],[-0.24601,51.57096],[-0.24655,51.56903],[-0.24738,51.56897],[-0.24731,51.56846],[-0.24855,51.56853],[-0.25266,51.57169],[-0.2531,51.57258],[-0.25136,51.57314],[-0.25262,51.57492],[-0.25461,51.57949],[-0.25433,51.58158],[-0.25167,51.58346],[-0.24828,51.58436]]]}},{"type":"Feature","properties":{"ward":"Woodhouse","code":"E05000063","borough":"Barnet"},"geometry":{"type":"Polygon","coordinates":[[[-0.17694,51.59916],[-0.17791,51.60004],[-0.18019,51.60083],[-0.18293,51.60444],[-0.18253,51.60669],[-0.18422,51.60775],[-0.18067,51.61026],[-0.17551,51.61089],[-0.17683,51.61643],[-0.18018,51.61664],[-0.17992,51.61799],[-0.18049,51.61806],[-0.18028,51.61871],[-0.17971,51.61863],[-0.17808,51.62356],[-0.17381,51.62379],[-0.17375,51.62307],[-0.17447,51.62277],[-0.17483,51.62146],[-0.17122,51.62186],[-0.17096,51.62117],[-0.17163,51.62043],[-0.16768,51.61966],[-0.16732,51.6189],[-0.1651,51.61913],[-0.16442,51.6171],[-0.16214,51.61605],[-0.16041,51.61257],[-0.16162,51.61179],[-0.15976,51.60862],[-0.16036,51.60823],[-0.15956,51.60697],[-0.15825,51.60663],[-0.15715,51.60565],[-0.16086,51.60576],[-0.16337,51.60529],[-0.17163,51.60226],[-0.17694,51.59916]]]}},{"type":"Feature","properties":{"ward":"Barnehurst","code":"E05000064","borough":"Bexley"},"geometry":{"type":"Polygon","coordinates":[[[0.16253,51.44427],[0.15615,51.44669],[0.15691,51.44822],[0.15643,51.44937],[0.15523,51.45047],[0.15199,51.45213],[0.15215,51.4543],[0.15284,51.45517],[0.15235,51.45532],[0.15255,51.45618],[0.1484,51.45699],[0.14941,51.45745],[0.1487,51.45811],[0.14936,51.45834],[0.14916,51.45875],[0.14664,51.45951],[0.14781,51.46],[0.14732,51.46094],[0.14754,51.46156],[0.14721,51.46156],[0.14809,51.46279],[0.1486,51.46327],[0.14991,51.4633],[0.14978,51.4639],[0.14748,51.46462],[0.15633,51.46508],[0.18194,51.46423],[0.18231,51.46373],[0.17925,51.46202],[0.17891,51.4616],[0.17948,51.46137],[0.17681,51.45915],[0.17566,51.45976],[0.17373,51.45927],[0.17338,51.45876],[0.17219,51.45921],[0.17078,51.45819],[0.1727,51.45768],[0.17123,51.45757],[0.17089,51.45677],[0.17188,51.45654],[0.17223,51.4557],[0.17143,51.45429],[0.1691,51.45444],[0.16638,51.45388],[0.16721,51.45364],[0.16693,51.45271],[0.16826,51.45251],[0.1688,51.45113],[0.16183,51.44913],[0.16434,51.44501],[0.16253,51.44427]]]}},{"type":"Feature","properties":{"ward":"Belvedere","code":"E05000065","borough":"Bexley"},"geometry":{"type":"Polygon","coordinates":[[[0.14306,51.47901],[0.13974,51.4796],[0.13936,51.48068],[0.1382,51.48055],[0.13775,51.48263],[0.13594,51.48215],[0.13557,51.48266],[0.13593,51.48297],[0.1348,51.4844],[0.13641,51.48515],[0.13752,51.48936],[0.13706,51.48936],[0.13692,51.4903],[0.13894,51.49048],[0.13878,51.49172],[0.14909,51.49209],[0.14971,51.49427],[0.15165,51.49448],[0.15283,51.49526],[0.15317,51.49757],[0.14881,51.49844],[0.15146,51.50161],[0.14894,51.50253],[0.15127,51.50628],[0.1598,51.50564],[0.1644,51.50454],[0.15919,51.49037],[0.15739,51.49017],[0.15691,51.48898],[0.15766,51.48835],[0.15644,51.48713],[0.15568,51.4876],[0.15235,51.48768],[0.15208,51.48698],[0.15295,51.4845],[0.15228,51.4844],[0.15372,51.48117],[0.14306,51.47901]]]}},{"type":"Feature","properties":{"ward":"Blackfen and Lamorbey","code":"E05000066","borough":"Bexley"},"geometry":{"type":"Polygon","coordinates":[[[0.08358,51.43645],[0.07842,51.43711],[0.07879,51.43813],[0.08085,51.44041],[0.08179,51.43996],[0.08442,51.44201],[0.08283,51.44284],[0.08281,51.44329],[0.08322,51.44354],[0.08471,51.44261],[0.08738,51.44325],[0.08629,51.44531],[0.08728,51.44575],[0.08804,51.44751],[0.0868,51.45045],[0.08602,51.45562],[0.09314,51.45399],[0.08958,51.45208],[0.09028,51.4517],[0.09067,51.45216],[0.09224,51.45225],[0.09644,51.45174],[0.09662,51.45273],[0.09787,51.4524],[0.09784,51.45182],[0.10323,51.45107],[0.1019,51.4499],[0.10223,51.44938],[0.10177,51.44898],[0.10249,51.44829],[0.10134,51.44769],[0.10203,51.44705],[0.10069,51.44535],[0.10001,51.44546],[0.10005,51.44494],[0.09933,51.44464],[0.0993,51.44396],[0.10001,51.44319],[0.09681,51.44222],[0.0967,51.44006],[0.09376,51.43905],[0.09303,51.43794],[0.08938,51.43846],[0.08917,51.43894],[0.08548,51.43783],[0.08358,51.43645]]]}},{"type":"Feature","properties":{"ward":"Blendon and Penhill","code":"E05000067","borough":"Bexley"},"geometry":{"type":"Polygon","coordinates":[[[0.10001,51.44319],[0.0993,51.44396],[0.09933,51.44464],[0.10005,51.44494],[0.10001,51.44546],[0.10069,51.44535],[0.10203,51.44705],[0.10134,51.44769],[0.10249,51.44829],[0.10177,51.44898],[0.10223,51.44938],[0.1019,51.4499],[0.10239,51.45013],[0.10221,51.45056],[0.10465,51.45076],[0.10516,51.45172],[0.1132,51.45078],[0.11989,51.44933],[0.13011,51.44829],[0.14258,51.44832],[0.14281,51.44738],[0.13082,51.44332],[0.12713,51.44367],[0.1224,51.44309],[0.11566,51.43979],[0.11346,51.44022],[0.11024,51.44204],[0.10723,51.44209],[0.10373,51.44132],[0.1006,51.44254],[0.10001,51.44319]]]}},{"type":"Feature","properties":{"ward":"Brampton","code":"E05000068","borough":"Bexley"},"geometry":{"type":"Polygon","coordinates":[[[0.13586,51.47362],[0.1353,51.47331],[0.13615,51.47261],[0.13604,51.47192],[0.13896,51.472],[0.14206,51.47024],[0.14407,51.46994],[0.14545,51.47161],[0.15138,51.47085],[0.1515,51.4712],[0.15347,51.4707],[0.15418,51.47096],[0.15427,51.47023],[0.1575,51.46987],[0.1584,51.46828],[0.15771,51.46611],[0.15633,51.46508],[0.13632,51.46357],[0.12377,51.4639],[0.12519,51.46794],[0.12484,51.46846],[0.12545,51.46873],[0.12689,51.47289],[0.12528,51.47436],[0.12645,51.47477],[0.129,51.47356],[0.13364,51.47569],[0.13586,51.47362]]]}},{"type":"Feature","properties":{"ward":"Christchurch","code":"E05000069","borough":"Bexley"},"geometry":{"type":"Polygon","coordinates":[[[0.14258,51.44832],[0.13011,51.44829],[0.12894,51.44903],[0.12948,51.44906],[0.12921,51.44943],[0.12716,51.45069],[0.12671,51.45138],[0.12765,51.45163],[0.12823,51.45237],[0.12917,51.45458],[0.12884,51.4546],[0.12909,51.45522],[0.1285,51.45533],[0.13121,51.45598],[0.13054,51.45765],[0.13133,51.45773],[0.1314,51.45852],[0.13053,51.45867],[0.1308,51.45925],[0.13183,51.45953],[0.13188,51.46167],[0.13211,51.46218],[0.1326,51.46214],[0.13286,51.46329],[0.13373,51.46324],[0.13255,51.46359],[0.14748,51.46462],[0.14978,51.4639],[0.14991,51.4633],[0.1486,51.46327],[0.14721,51.46156],[0.14754,51.46156],[0.14732,51.46094],[0.14781,51.46],[0.14664,51.45951],[0.14916,51.45875],[0.14936,51.45834],[0.1487,51.45811],[0.14941,51.45745],[0.1484,51.45699],[0.15255,51.45618],[0.15235,51.45532],[0.15284,51.45517],[0.15215,51.4543],[0.15199,51.45213],[0.15523,51.45047],[0.15643,51.44937],[0.15691,51.44822],[0.15615,51.44669],[0.15075,51.44824],[0.14258,51.44832]]]}},{"type":"Feature","properties":{"ward":"Colyers","code":"E05000070","borough":"Bexley"},"geometry":{"type":"Polygon","coordinates":[[[0.15633,51.46508],[0.15771,51.46611],[0.1584,51.46828],[0.1575,51.46987],[0.15777,51.47056],[0.16172,51.4712],[0.162,51.47165],[0.1674,51.47151],[0.16825,51.47473],[0.16682,51.47532],[0.16578,51.47668],[0.1682,51.47692],[0.1686,51.47725],[0.16789,51.47818],[0.16842,51.47835],[0.16962,51.47681],[0.17059,51.47649],[0.17218,51.47658],[0.17529,51.47777],[0.17552,51.47705],[0.17492,51.47687],[0.17665,51.4745],[0.1791,51.47518],[0.1791,51.47553],[0.18147,51.47577],[0.18091,51.46883],[0.18023,51.46883],[0.18014,51.46793],[0.178,51.46798],[0.17785,51.46524],[0.1769,51.46527],[0.17737,51.46431],[0.15633,51.46508]]]}},{"type":"Feature","properties":{"ward":"Crayford","code":"E05000071","borough":"Bexley"},"geometry":{"type":"Polygon","coordinates":[[[0.17088,51.44121],[0.16752,51.44294],[0.16253,51.44427],[0.16434,51.44501],[0.16183,51.44913],[0.1688,51.45113],[0.16826,51.45251],[0.16693,51.45271],[0.16721,51.45364],[0.16638,51.45388],[0.1691,51.45444],[0.17143,51.45429],[0.17223,51.4557],[0.17188,51.45654],[0.17089,51.45677],[0.17123,51.45757],[0.1727,51.45768],[0.17078,51.45819],[0.17219,51.45921],[0.17338,51.45876],[0.17373,51.45927],[0.17566,51.45976],[0.17681,51.45915],[0.17948,51.46137],[0.17891,51.4616],[0.17925,51.46202],[0.18231,51.46373],[0.18194,51.46423],[0.19284,51.46375],[0.19476,51.46274],[0.1986,51.45848],[0.19728,51.45754],[0.19837,51.45822],[0.19887,51.45793],[0.19836,51.45729],[0.19911,51.45792],[0.2006,51.45628],[0.20378,51.45604],[0.20335,51.45436],[0.20136,51.45385],[0.20021,51.4526],[0.19799,51.45184],[0.19596,51.45178],[0.19586,51.45237],[0.19492,51.45182],[0.19299,51.4517],[0.19172,51.45068],[0.19099,51.44879],[0.18882,51.44913],[0.18841,51.44862],[0.18762,51.4487],[0.18744,51.44687],[0.18425,51.44465],[0.18106,51.44418],[0.18086,51.44352],[0.17955,51.44312],[0.1787,51.44348],[0.17599,51.44201],[0.17283,51.44324],[0.17088,51.44121]]]}},{"type":"Feature","properties":{"ward":"Cray Meadows","code":"E05000072","borough":"Bexley"},"geometry":{"type":"Polygon","coordinates":[[[0.10585,51.42231],[0.1066,51.42307],[0.10816,51.42353],[0.10902,51.42291],[0.11179,51.42424],[0.11148,51.42455],[0.11251,51.4247],[0.11244,51.42543],[0.11369,51.42507],[0.11404,51.42542],[0.11217,51.42785],[0.11465,51.42921],[0.11583,51.43063],[0.11598,51.43193],[0.11453,51.43375],[0.116,51.43388],[0.11611,51.43341],[0.11939,51.43369],[0.12033,51.43427],[0.11998,51.43486],[0.13144,51.43612],[0.13493,51.43421],[0.13461,51.43354],[0.13675,51.43268],[0.139,51.43344],[0.13984,51.43441],[0.14202,51.43444],[0.14329,51.43566],[0.14553,51.43514],[0.14714,51.43623],[0.14905,51.43503],[0.15079,51.43495],[0.15296,51.43611],[0.15374,51.43585],[0.15451,51.43447],[0.15587,51.4338],[0.1567,51.43216],[0.15585,51.43189],[0.15527,51.42898],[0.15374,51.42752],[0.15298,51.42198],[0.15113,51.42043],[0.15461,51.41847],[0.15407,51.41776],[0.15103,51.41762],[0.15113,51.41506],[0.14913,51.41244],[0.14973,51.41166],[0.15374,51.41127],[0.15291,51.40871],[0.14929,51.40914],[0.14888,51.40848],[0.13914,51.41161],[0.13432,51.41382],[0.12978,51.4148],[0.1254,51.41479],[0.11886,51.41328],[0.1131,51.41291],[0.10887,51.41378],[0.1116,51.41773],[0.11051,51.41967],[0.10829,51.42086],[0.10741,51.42154],[0.10762,51.42185],[0.10585,51.42231]]]}},{"type":"Feature","properties":{"ward":"Danson Park","code":"E05000073","borough":"Bexley"},"geometry":{"type":"Polygon","coordinates":[[[0.13011,51.44829],[0.11989,51.44933],[0.1132,51.45078],[0.10361,51.45208],[0.1036,51.45389],[0.10627,51.45559],[0.10597,51.45584],[0.10649,51.4569],[0.10503,51.45794],[0.10428,51.45752],[0.10192,51.45917],[0.10615,51.46055],[0.10699,51.46027],[0.1076,51.46116],[0.10737,51.46153],[0.10784,51.46167],[0.10736,51.46251],[0.10804,51.46282],[0.10705,51.46294],[0.10702,51.46471],[0.13373,51.46324],[0.13286,51.46329],[0.1326,51.46214],[0.13211,51.46218],[0.13188,51.46167],[0.13183,51.45953],[0.1308,51.45925],[0.13053,51.45867],[0.1314,51.45852],[0.13133,51.45773],[0.13054,51.45765],[0.13121,51.45598],[0.1285,51.45533],[0.12909,51.45522],[0.12884,51.4546],[0.12917,51.45458],[0.12823,51.45237],[0.12765,51.45163],[0.12671,51.45138],[0.13011,51.44829]]]}},{"type":"Feature","properties":{"ward":"East Wickham","code":"E05000074","borough":"Bexley"},"geometry":{"type":"Polygon","coordinates":[[[0.08288,51.45983],[0.08227,51.46161],[0.08263,51.46361],[0.08218,51.46474],[0.0823,51.46664],[0.08322,51.46648],[0.08576,51.46943],[0.08905,51.47042],[0.09317,51.47295],[0.09655,51.47323],[0.09822,51.47546],[0.102,51.47447],[0.10247,51.47492],[0.10338,51.4746],[0.10489,51.47552],[0.10616,51.47501],[0.10823,51.47613],[0.11177,51.47319],[0.10997,51.4693],[0.11048,51.46814],[0.1103,51.46604],[0.10884,51.46449],[0.10328,51.46493],[0.09964,51.46448],[0.08939,51.461],[0.08288,51.45983]]]}},{"type":"Feature","properties":{"ward":"Erith","code":"E05000075","borough":"Bexley"},"geometry":{"type":"Polygon","coordinates":[[[0.15372,51.48117],[0.15228,51.4844],[0.15295,51.4845],[0.15208,51.48698],[0.15235,51.48768],[0.15568,51.4876],[0.15644,51.48713],[0.15766,51.48835],[0.15691,51.48898],[0.15739,51.49017],[0.15919,51.49037],[0.1644,51.50454],[0.1667,51.50334],[0.17113,51.49856],[0.17203,51.4965],[0.17259,51.48877],[0.17351,51.48734],[0.17521,51.48608],[0.17485,51.48594],[0.17517,51.48526],[0.17596,51.48525],[0.17802,51.48352],[0.17783,51.48303],[0.17826,51.48332],[0.18353,51.48106],[0.18658,51.48044],[0.18615,51.47882],[0.18387,51.4793],[0.1829,51.47888],[0.18252,51.47629],[0.17665,51.4745],[0.17492,51.47687],[0.17552,51.47705],[0.17529,51.47777],[0.17218,51.47658],[0.17059,51.47649],[0.16962,51.47681],[0.16842,51.47835],[0.16789,51.47818],[0.1686,51.47725],[0.1682,51.47692],[0.16578,51.47668],[0.16581,51.47712],[0.1611,51.47832],[0.161,51.47801],[0.15855,51.47862],[0.15519,51.47848],[0.1554,51.47906],[0.15501,51.47947],[0.15397,51.47972],[0.15372,51.48117]]]}},{"type":"Feature","properties":{"ward":"Falconwood and Welling","code":"E05000076","borough":"Bexley"},"geometry":{"type":"Polygon","coordinates":[[[0.10301,51.45059],[0.10323,51.45107],[0.09784,51.45182],[0.09787,51.4524],[0.09662,51.45273],[0.09644,51.45174],[0.09224,51.45225],[0.09067,51.45216],[0.09028,51.4517],[0.08958,51.45208],[0.09314,51.45399],[0.08602,51.45562],[0.08568,51.45665],[0.08142,51.45777],[0.07864,51.45929],[0.08939,51.461],[0.09964,51.46448],[0.10328,51.46493],[0.10702,51.46471],[0.10705,51.46294],[0.10804,51.46282],[0.10736,51.46251],[0.10784,51.46167],[0.10737,51.46153],[0.1076,51.46116],[0.10699,51.46027],[0.10615,51.46055],[0.10192,51.45917],[0.10428,51.45752],[0.10503,51.45794],[0.10649,51.4569],[0.10597,51.45584],[0.10627,51.45559],[0.1036,51.45389],[0.10361,51.45208],[0.10516,51.45172],[0.10465,51.45076],[0.10301,51.45059]]]}},{"type":"Feature","properties":{"ward":"Lesnes Abbey","code":"E05000077","borough":"Bexley"},"geometry":{"type":"Polygon","coordinates":[[[0.12416,51.47682],[0.1221,51.48243],[0.12108,51.49629],[0.12904,51.49639],[0.12917,51.49137],[0.13878,51.49172],[0.13894,51.49048],[0.13692,51.4903],[0.13706,51.48936],[0.13752,51.48936],[0.13641,51.48515],[0.1348,51.4844],[0.13593,51.48297],[0.13557,51.48266],[0.13594,51.48215],[0.13775,51.48263],[0.1382,51.48055],[0.13936,51.48068],[0.13974,51.4796],[0.14131,51.47962],[0.14444,51.47854],[0.14014,51.47702],[0.13989,51.47526],[0.13586,51.47362],[0.13364,51.47569],[0.129,51.47356],[0.12645,51.47477],[0.12593,51.47461],[0.12416,51.47682]]]}},{"type":"Feature","properties":{"ward":"Longlands","code":"E05000078","borough":"Bexley"},"geometry":{"type":"Polygon","coordinates":[[[0.08358,51.43645],[0.09979,51.43432],[0.09973,51.43342],[0.10158,51.43337],[0.10153,51.43292],[0.10206,51.4329],[0.1019,51.43182],[0.10119,51.4314],[0.10168,51.43043],[0.10111,51.43043],[0.10023,51.42733],[0.10028,51.42695],[0.10102,51.42702],[0.10091,51.4259],[0.09993,51.42587],[0.09969,51.42538],[0.10023,51.42518],[0.10038,51.42372],[0.10216,51.42314],[0.10239,51.42255],[0.10762,51.42185],[0.10741,51.42154],[0.10829,51.42086],[0.11051,51.41967],[0.1116,51.41773],[0.10887,51.41378],[0.10448,51.41522],[0.09566,51.41979],[0.09065,51.42292],[0.08725,51.42562],[0.08291,51.43006],[0.07465,51.43215],[0.07608,51.4333],[0.07565,51.43363],[0.07639,51.434],[0.07589,51.43446],[0.0765,51.43486],[0.07496,51.43586],[0.07654,51.43688],[0.07782,51.43645],[0.07842,51.43711],[0.08358,51.43645]]]}},{"type":"Feature","properties":{"ward":"North End","code":"E05000079","borough":"Bexley"},"geometry":{"type":"MultiPolygon","coordinates":[[[[0.20258,51.45623],[0.2006,51.45628],[0.19911,51.45792],[0.19963,51.45837],[0.20308,51.45797],[0.20258,51.45623]]],[[[0.18194,51.46423],[0.17737,51.46431],[0.1769,51.46527],[0.17785,51.46524],[0.178,51.46798],[0.18014,51.46793],[0.18023,51.46883],[0.18091,51.46883],[0.18146,51.47624],[0.18252,51.47629],[0.1829,51.47888],[0.18387,51.4793],[0.18615,51.47882],[0.18658,51.48044],[0.19033,51.47974],[0.19041,51.47905],[0.19076,51.47973],[0.19418,51.47928],[0.19857,51.47965],[0.19862,51.4793],[0.19956,51.47996],[0.20027,51.47949],[0.20083,51.48017],[0.20147,51.48019],[0.202,51.47907],[0.20082,51.47866],[0.20214,51.47902],[0.20179,51.48023],[0.20223,51.48057],[0.20509,51.48088],[0.20554,51.48044],[0.2063,51.48073],[0.20634,51.48129],[0.20962,51.48164],[0.21036,51.4825],[0.21166,51.48273],[0.21762,51.48045],[0.21593,51.47947],[0.21596,51.47708],[0.21182,51.4758],[0.21117,51.47489],[0.21131,51.47319],[0.20811,51.4708],[0.21102,51.46829],[0.20998,51.46573],[0.21025,51.46256],[0.20442,51.45997],[0.20258,51.45832],[0.1986,51.45848],[0.19476,51.46274],[0.19284,51.46375],[0.18194,51.46423]]],[[[0.19888,51.45817],[0.1987,51.45838],[0.19927,51.4584],[0.19888,51.45817]]]]}},{"type":"Feature","properties":{"ward":"Northumberland Heath","code":"E05000080","borough":"Bexley"},"geometry":{"type":"Polygon","coordinates":[[[0.14306,51.47901],[0.15372,51.48117],[0.15397,51.47972],[0.15501,51.47947],[0.1554,51.47906],[0.15519,51.47848],[0.15855,51.47862],[0.16367,51.47775],[0.16401,51.47731],[0.16581,51.47712],[0.16682,51.47532],[0.16825,51.47473],[0.1674,51.47151],[0.162,51.47165],[0.16172,51.4712],[0.15777,51.47056],[0.1575,51.46987],[0.15427,51.47023],[0.15418,51.47096],[0.15347,51.4707],[0.1515,51.4712],[0.15138,51.47085],[0.14545,51.47161],[0.14407,51.46994],[0.14037,51.47089],[0.13896,51.472],[0.13604,51.47192],[0.13615,51.47261],[0.1353,51.47331],[0.13989,51.47526],[0.14014,51.47702],[0.14444,51.47854],[0.14306,51.47901]]]}},{"type":"Feature","properties":{"ward":"St Mary's","code":"E05000081","borough":"Bexley"},"geometry":{"type":"Polygon","coordinates":[[[0.16253,51.44427],[0.16752,51.44294],[0.17088,51.44121],[0.16666,51.43505],[0.16682,51.43195],[0.16607,51.43143],[0.16667,51.4313],[0.16635,51.43054],[0.16556,51.43035],[0.1643,51.42858],[0.16067,51.42967],[0.15981,51.4292],[0.15906,51.43022],[0.15585,51.43088],[0.15585,51.43189],[0.1567,51.43216],[0.15615,51.4333],[0.15451,51.43447],[0.15374,51.43585],[0.15296,51.43611],[0.15079,51.43495],[0.14905,51.43503],[0.14714,51.43623],[0.14553,51.43514],[0.14329,51.43566],[0.14202,51.43444],[0.13984,51.43441],[0.139,51.43344],[0.13675,51.43268],[0.13461,51.43354],[0.13493,51.43421],[0.13144,51.43612],[0.11998,51.43486],[0.11868,51.43902],[0.11754,51.44083],[0.1224,51.44309],[0.12713,51.44367],[0.13082,51.44332],[0.13527,51.44454],[0.13476,51.44485],[0.14281,51.44738],[0.14258,51.44832],[0.15075,51.44824],[0.15346,51.44772],[0.16253,51.44427]]]}},{"type":"Feature","properties":{"ward":"St Michael's","code":"E05000082","borough":"Bexley"},"geometry":{"type":"Polygon","coordinates":[[[0.11549,51.47616],[0.11845,51.47892],[0.12073,51.47851],[0.12416,51.47682],[0.12593,51.47461],[0.12528,51.47436],[0.12689,51.47289],[0.12545,51.46873],[0.12484,51.46846],[0.12519,51.46794],[0.12377,51.4639],[0.10884,51.46449],[0.1103,51.46604],[0.11048,51.46814],[0.10997,51.4693],[0.11177,51.47319],[0.11549,51.47616]]]}},{"type":"Feature","properties":{"ward":"Sidcup","code":"E05000083","borough":"Bexley"},"geometry":{"type":"Polygon","coordinates":[[[0.10585,51.42231],[0.10239,51.42255],[0.10216,51.42314],[0.10038,51.42372],[0.10023,51.42518],[0.09969,51.42538],[0.09993,51.42587],[0.10091,51.4259],[0.10102,51.42702],[0.10028,51.42695],[0.10023,51.42733],[0.10111,51.43043],[0.10168,51.43043],[0.10119,51.4314],[0.1019,51.43182],[0.10206,51.4329],[0.10153,51.43292],[0.10158,51.43337],[0.09973,51.43342],[0.09979,51.43432],[0.08358,51.43645],[0.08548,51.43783],[0.08917,51.43894],[0.08938,51.43846],[0.09303,51.43794],[0.09376,51.43905],[0.0967,51.44006],[0.09681,51.44222],[0.10001,51.44319],[0.1006,51.44254],[0.10373,51.44132],[0.10723,51.44209],[0.11024,51.44204],[0.11482,51.43972],[0.11754,51.44083],[0.11868,51.43902],[0.12033,51.43427],[0.11939,51.43369],[0.11611,51.43341],[0.116,51.43388],[0.11453,51.43375],[0.11598,51.43193],[0.11583,51.43063],[0.11465,51.42921],[0.11217,51.42785],[0.11404,51.42542],[0.11369,51.42507],[0.11244,51.42543],[0.11251,51.4247],[0.11148,51.42455],[0.11179,51.42424],[0.10902,51.42291],[0.10816,51.42353],[0.1066,51.42307],[0.10585,51.42231]]]}},{"type":"Feature","properties":{"ward":"Thamesmead East","code":"E05000084","borough":"Bexley"},"geometry":{"type":"Polygon","coordinates":[[[0.12108,51.49629],[0.12054,51.51104],[0.12021,51.51144],[0.12515,51.51304],[0.12859,51.51329],[0.13077,51.51285],[0.1439,51.50772],[0.14743,51.50662],[0.14803,51.50681],[0.14805,51.5064],[0.14956,51.50585],[0.14994,51.50637],[0.15127,51.50628],[0.14894,51.50253],[0.15146,51.50161],[0.14881,51.49844],[0.15317,51.49757],[0.15283,51.49526],[0.15165,51.49448],[0.14971,51.49427],[0.14909,51.49209],[0.12917,51.49137],[0.12904,51.49639],[0.12108,51.49629]]]}},{"type":"Feature","properties":{"ward":"Alperton","code":"E05000085","borough":"Brent"},"geometry":{"type":"Polygon","coordinates":[[[-0.30858,51.54324],[-0.308,51.54443],[-0.30889,51.54522],[-0.30712,51.54532],[-0.3086,51.54645],[-0.31149,51.54756],[-0.3126,51.54915],[-0.30775,51.54699],[-0.30594,51.54551],[-0.30345,51.5422],[-0.29922,51.54048],[-0.29797,51.54131],[-0.29687,51.54413],[-0.29757,51.54683],[-0.29435,51.54747],[-0.2936,51.54863],[-0.29212,51.54834],[-0.29081,51.54744],[-0.28626,51.54707],[-0.28652,51.54563],[-0.2769,51.54196],[-0.27969,51.54012],[-0.28675,51.53676],[-0.29329,51.53497],[-0.29659,51.53524],[-0.29956,51.53325],[-0.30273,51.53198],[-0.3075,51.53307],[-0.30626,51.53423],[-0.30597,51.53943],[-0.30473,51.53986],[-0.30858,51.54324]]]}},{"type":"Feature","properties":{"ward":"Barnhill","code":"E05000086","borough":"Brent"},"geometry":{"type":"Polygon","coordinates":[[[-0.27902,51.56334],[-0.28311,51.565],[-0.28821,51.56912],[-0.29121,51.57063],[-0.29878,51.57321],[-0.29539,51.57337],[-0.29505,51.57459],[-0.29548,51.57601],[-0.29316,51.57699],[-0.29346,51.57767],[-0.29271,51.57844],[-0.29332,51.57908],[-0.29335,51.58008],[-0.29273,51.58013],[-0.29201,51.581],[-0.29014,51.57978],[-0.28664,51.57979],[-0.28553,51.58193],[-0.28239,51.58446],[-0.28026,51.5817],[-0.27952,51.58174],[-0.28142,51.57879],[-0.27985,51.57887],[-0.2778,51.57973],[-0.27239,51.57102],[-0.27011,51.57209],[-0.26918,51.57382],[-0.26615,51.57242],[-0.26664,51.57112],[-0.26832,51.56952],[-0.26755,51.56915],[-0.26851,51.56859],[-0.26539,51.56623],[-0.26552,51.56575],[-0.26138,51.56394],[-0.26215,51.56321],[-0.26174,51.56209],[-0.26488,51.56139],[-0.26441,51.56032],[-0.26543,51.55892],[-0.27246,51.56182],[-0.27902,51.56334]]]}},{"type":"Feature","properties":{"ward":"Brondesbury Park","code":"E05000087","borough":"Brent"},"geometry":{"type":"Polygon","coordinates":[[[-0.20359,51.54681],[-0.20193,51.54529],[-0.20766,51.5426],[-0.21502,51.53705],[-0.21865,51.53942],[-0.22235,51.53768],[-0.22194,51.53733],[-0.22256,51.53723],[-0.22215,51.53694],[-0.22621,51.53629],[-0.22646,51.53693],[-0.22736,51.53647],[-0.22725,51.53612],[-0.22901,51.5362],[-0.23056,51.53721],[-0.22747,51.54091],[-0.22795,51.54135],[-0.23308,51.54188],[-0.2325,51.5428],[-0.23252,51.54394],[-0.23191,51.54448],[-0.23231,51.54566],[-0.22929,51.54562],[-0.22827,51.54664],[-0.22862,51.54686],[-0.22784,51.547],[-0.22466,51.54619],[-0.22134,51.54651],[-0.21835,51.54874],[-0.20359,51.54681]]]}},{"type":"Feature","properties":{"ward":"Dollis Hill","code":"E05000088","borough":"Brent"},"geometry":{"type":"Polygon","coordinates":[[[-0.24708,51.56868],[-0.24738,51.56897],[-0.24655,51.56903],[-0.24606,51.56984],[-0.24656,51.56986],[-0.24601,51.57096],[-0.24672,51.57157],[-0.24604,51.57219],[-0.24524,51.57191],[-0.24429,51.57256],[-0.24365,51.57232],[-0.24202,51.5728],[-0.24111,51.57212],[-0.23997,51.57239],[-0.23802,51.57177],[-0.23766,51.57247],[-0.2354,51.57257],[-0.23565,51.57227],[-0.23459,51.57177],[-0.23344,51.57198],[-0.22066,51.56167],[-0.22347,51.56114],[-0.23141,51.55756],[-0.23928,51.55579],[-0.24257,51.55642],[-0.24275,51.55963],[-0.24359,51.5593],[-0.24368,51.55973],[-0.24435,51.55962],[-0.24478,51.56131],[-0.24557,51.5621],[-0.24611,51.56226],[-0.24674,51.56175],[-0.24819,51.56239],[-0.25033,51.5644],[-0.24988,51.56469],[-0.2503,51.56507],[-0.24918,51.56577],[-0.24523,51.56712],[-0.24708,51.56868]]]}},{"type":"Feature","properties":{"ward":"Dudden Hill","code":"E05000089","borough":"Brent"},"geometry":{"type":"Polygon","coordinates":[[[-0.2522,51.54986],[-0.25053,51.55138],[-0.25024,51.55246],[-0.25086,51.55351],[-0.25271,51.55453],[-0.24962,51.55382],[-0.25018,51.55515],[-0.24964,51.55793],[-0.25025,51.55861],[-0.2535,51.55986],[-0.25164,51.56365],[-0.2503,51.56507],[-0.24988,51.56469],[-0.25033,51.5644],[-0.24982,51.56425],[-0.24999,51.56396],[-0.24819,51.56239],[-0.24674,51.56175],[-0.24611,51.56226],[-0.24557,51.5621],[-0.24478,51.56131],[-0.24435,51.55962],[-0.24368,51.55973],[-0.24359,51.5593],[-0.24275,51.55963],[-0.24257,51.55642],[-0.23928,51.55579],[-0.23141,51.55756],[-0.23062,51.55685],[-0.23103,51.556],[-0.23064,51.55478],[-0.22883,51.55491],[-0.22686,51.55363],[-0.22314,51.55341],[-0.22303,51.55262],[-0.22377,51.55269],[-0.22417,51.55061],[-0.22358,51.55006],[-0.2208,51.54936],[-0.24301,51.55254],[-0.24048,51.55022],[-0.24229,51.54914],[-0.24422,51.54911],[-0.24301,51.54772],[-0.24746,51.54564],[-0.24944,51.54761],[-0.25134,51.5483],[-0.2522,51.54986]]]}},{"type":"Feature","properties":{"ward":"Fryent","code":"E05000090","borough":"Brent"},"geometry":{"type":"Polygon","coordinates":[[[-0.27854,51.58505],[-0.27606,51.58594],[-0.27133,51.58644],[-0.2702,51.5874],[-0.2703,51.58805],[-0.26625,51.5895],[-0.26572,51.58902],[-0.26397,51.58955],[-0.26171,51.58871],[-0.25763,51.58917],[-0.25718,51.58939],[-0.25992,51.59194],[-0.25804,51.59258],[-0.25254,51.58854],[-0.24828,51.58436],[-0.25167,51.58346],[-0.25433,51.58158],[-0.25461,51.57949],[-0.2536,51.57732],[-0.25493,51.57716],[-0.25461,51.57599],[-0.25744,51.57584],[-0.25658,51.57797],[-0.26204,51.57806],[-0.26171,51.5745],[-0.263,51.57412],[-0.26305,51.5745],[-0.26649,51.57487],[-0.26773,51.57434],[-0.2678,51.57488],[-0.26886,51.57493],[-0.27011,51.57209],[-0.27239,51.57102],[-0.2778,51.57973],[-0.27985,51.57887],[-0.28142,51.57879],[-0.28027,51.58003],[-0.27854,51.58505]]]}},{"type":"Feature","properties":{"ward":"Harlesden","code":"E05000091","borough":"Brent"},"geometry":{"type":"Polygon","coordinates":[[[-0.24716,51.53344],[-0.25077,51.53418],[-0.25567,51.53399],[-0.25667,51.53881],[-0.25639,51.54258],[-0.25486,51.54638],[-0.2522,51.54986],[-0.25134,51.5483],[-0.24944,51.54761],[-0.24495,51.5438],[-0.24307,51.54367],[-0.24249,51.54031],[-0.24448,51.54024],[-0.24383,51.53954],[-0.24799,51.5378],[-0.2454,51.53617],[-0.24842,51.53539],[-0.24716,51.53344]]]}},{"type":"Feature","properties":{"ward":"Kensal Green","code":"E05000092","borough":"Brent"},"geometry":{"type":"Polygon","coordinates":[[[-0.24716,51.53344],[-0.24842,51.53539],[-0.2454,51.53617],[-0.24799,51.5378],[-0.24383,51.53954],[-0.24448,51.54024],[-0.24249,51.54031],[-0.24152,51.53896],[-0.23832,51.53905],[-0.23807,51.53991],[-0.23597,51.53928],[-0.23101,51.53668],[-0.23056,51.53721],[-0.22901,51.5362],[-0.22725,51.53612],[-0.22736,51.53647],[-0.22686,51.53654],[-0.22561,51.53326],[-0.22556,51.53095],[-0.22361,51.53107],[-0.22311,51.53004],[-0.22769,51.52992],[-0.23139,51.53109],[-0.23442,51.53264],[-0.23735,51.53202],[-0.24323,51.53178],[-0.24631,51.53275],[-0.24716,51.53344]]]}},{"type":"Feature","properties":{"ward":"Kenton","code":"E05000093","borough":"Brent"},"geometry":{"type":"Polygon","coordinates":[[[-0.29878,51.57321],[-0.31257,51.5776],[-0.31709,51.5821],[-0.31308,51.58426],[-0.30684,51.58654],[-0.30206,51.58728],[-0.28045,51.58481],[-0.27854,51.58505],[-0.27952,51.58174],[-0.28026,51.5817],[-0.28239,51.58446],[-0.28553,51.58193],[-0.28664,51.57979],[-0.29014,51.57978],[-0.29201,51.581],[-0.29273,51.58013],[-0.29335,51.58008],[-0.29332,51.57908],[-0.29271,51.57844],[-0.29346,51.57767],[-0.29316,51.57699],[-0.29548,51.57601],[-0.29505,51.57459],[-0.29539,51.57337],[-0.29878,51.57321]]]}},{"type":"Feature","properties":{"ward":"Kilburn","code":"E05000094","borough":"Brent"},"geometry":{"type":"Polygon","coordinates":[[[-0.20299,51.5329],[-0.20437,51.53397],[-0.19933,51.53502],[-0.20262,51.5378],[-0.20402,51.54075],[-0.20766,51.5426],[-0.20193,51.54529],[-0.19148,51.53629],[-0.19304,51.53399],[-0.19238,51.53325],[-0.19256,51.53263],[-0.19657,51.52765],[-0.1978,51.5279],[-0.1983,51.53044],[-0.20169,51.53256],[-0.20299,51.5329]]]}},{"type":"Feature","properties":{"ward":"Mapesbury","code":"E05000095","borough":"Brent"},"geometry":{"type":"Polygon","coordinates":[[[-0.20359,51.54681],[-0.22098,51.54916],[-0.22358,51.55006],[-0.22417,51.55061],[-0.22377,51.55269],[-0.22303,51.55262],[-0.22314,51.55341],[-0.22686,51.55363],[-0.22883,51.55491],[-0.23064,51.55478],[-0.23103,51.556],[-0.23062,51.55685],[-0.23141,51.55756],[-0.22347,51.56114],[-0.22066,51.56167],[-0.21865,51.55942],[-0.20359,51.54681]]]}},{"type":"Feature","properties":{"ward":"Northwick Park","code":"E05000096","borough":"Brent"},"geometry":{"type":"Polygon","coordinates":[[[-0.32659,51.57823],[-0.32667,51.57877],[-0.32071,51.58025],[-0.31709,51.5821],[-0.31257,51.5776],[-0.30392,51.56297],[-0.30466,51.56236],[-0.30927,51.56206],[-0.30899,51.56036],[-0.31001,51.56026],[-0.31077,51.56251],[-0.31221,51.56278],[-0.31471,51.56279],[-0.31967,51.56185],[-0.31961,51.56031],[-0.32108,51.55946],[-0.32045,51.55937],[-0.32041,51.55884],[-0.32203,51.55739],[-0.32757,51.55933],[-0.33133,51.56157],[-0.32969,51.56239],[-0.32825,51.56251],[-0.32867,51.56594],[-0.32965,51.56621],[-0.32975,51.56709],[-0.32507,51.56826],[-0.32215,51.56965],[-0.32474,51.57317],[-0.32543,51.57604],[-0.32659,51.57823]]]}},{"type":"Feature","properties":{"ward":"Preston","code":"E05000097","borough":"Brent"},"geometry":{"type":"Polygon","coordinates":[[[-0.31257,51.5776],[-0.29473,51.57212],[-0.29121,51.57063],[-0.28821,51.56912],[-0.28311,51.565],[-0.27902,51.56334],[-0.28064,51.56229],[-0.28236,51.56307],[-0.28307,51.56188],[-0.28585,51.56171],[-0.28931,51.56075],[-0.29024,51.55994],[-0.29194,51.55682],[-0.29281,51.55626],[-0.29681,51.55615],[-0.29941,51.5567],[-0.29972,51.55719],[-0.30036,51.55702],[-0.31257,51.5776]]]}},{"type":"Feature","properties":{"ward":"Queens Park","code":"E05000098","borough":"Brent"},"geometry":{"type":"Polygon","coordinates":[[[-0.22363,51.52992],[-0.22311,51.53004],[-0.22361,51.53107],[-0.22556,51.53095],[-0.22561,51.53326],[-0.22698,51.53686],[-0.22646,51.53693],[-0.22621,51.53629],[-0.22215,51.53694],[-0.22256,51.53723],[-0.22194,51.53733],[-0.22235,51.53768],[-0.21865,51.53942],[-0.21502,51.53705],[-0.20766,51.5426],[-0.20402,51.54075],[-0.20262,51.5378],[-0.19933,51.53502],[-0.20437,51.53397],[-0.20299,51.5329],[-0.20765,51.53282],[-0.21521,51.53139],[-0.2151,51.53026],[-0.21588,51.52973],[-0.21603,51.52793],[-0.22363,51.52992]]]}},{"type":"Feature","properties":{"ward":"Queensbury","code":"E05000099","borough":"Brent"},"geometry":{"type":"Polygon","coordinates":[[[-0.28247,51.58505],[-0.28227,51.58574],[-0.28336,51.58888],[-0.28465,51.59101],[-0.2866,51.59226],[-0.29042,51.59357],[-0.28407,51.5956],[-0.27652,51.59651],[-0.27698,51.59689],[-0.273,51.59837],[-0.27121,51.59829],[-0.26716,51.60037],[-0.25804,51.59258],[-0.25992,51.59194],[-0.25718,51.58939],[-0.26171,51.58871],[-0.26397,51.58955],[-0.26572,51.58902],[-0.26625,51.5895],[-0.2703,51.58805],[-0.2702,51.5874],[-0.27133,51.58644],[-0.27606,51.58594],[-0.28045,51.58481],[-0.28247,51.58505]]]}},{"type":"Feature","properties":{"ward":"Stonebridge","code":"E05000100","borough":"Brent"},"geometry":{"type":"Polygon","coordinates":[[[-0.25271,51.55453],[-0.25086,51.55351],[-0.25024,51.55246],[-0.25053,51.55138],[-0.25486,51.54638],[-0.25639,51.54258],[-0.25667,51.53881],[-0.25567,51.53399],[-0.25605,51.53395],[-0.25645,51.53494],[-0.25781,51.53534],[-0.26043,51.53453],[-0.26485,51.53218],[-0.26488,51.53164],[-0.26661,51.53051],[-0.26902,51.52974],[-0.27146,51.52995],[-0.28048,51.52841],[-0.28575,51.52918],[-0.28939,51.53167],[-0.28404,51.53352],[-0.28354,51.53282],[-0.28151,51.53324],[-0.28095,51.53258],[-0.27901,51.53321],[-0.2778,51.53507],[-0.28249,51.53866],[-0.27769,51.54159],[-0.27727,51.54145],[-0.27457,51.54398],[-0.27196,51.54544],[-0.26905,51.54892],[-0.26902,51.55068],[-0.26597,51.55307],[-0.26698,51.55416],[-0.26634,51.55533],[-0.26663,51.55614],[-0.2681,51.5564],[-0.26872,51.55697],[-0.26798,51.55715],[-0.26773,51.55822],[-0.26543,51.55892],[-0.26093,51.55692],[-0.25271,51.55453]]]}},{"type":"Feature","properties":{"ward":"Sudbury","code":"E05000101","borough":"Brent"},"geometry":{"type":"Polygon","coordinates":[[[-0.30775,51.54699],[-0.31778,51.55162],[-0.32702,51.55501],[-0.33558,51.55658],[-0.33491,51.55783],[-0.33398,51.55771],[-0.33392,51.55887],[-0.33133,51.56157],[-0.32757,51.55933],[-0.32203,51.55739],[-0.32041,51.55884],[-0.32045,51.55937],[-0.32108,51.55946],[-0.31961,51.56031],[-0.31967,51.56185],[-0.31471,51.56279],[-0.31221,51.56278],[-0.31077,51.56251],[-0.31001,51.56026],[-0.30899,51.56036],[-0.30927,51.56206],[-0.30466,51.56236],[-0.30392,51.56297],[-0.30202,51.55977],[-0.30335,51.55954],[-0.30344,51.5544],[-0.30101,51.55451],[-0.30055,51.5537],[-0.30069,51.55216],[-0.30605,51.5519],[-0.30631,51.55088],[-0.30678,51.55088],[-0.30641,51.54754],[-0.30775,51.54699]]]}},{"type":"Feature","properties":{"ward":"Tokyngton","code":"E05000102","borough":"Brent"},"geometry":{"type":"Polygon","coordinates":[[[-0.2769,51.54196],[-0.28652,51.54563],[-0.28604,51.54797],[-0.28689,51.54976],[-0.28368,51.55091],[-0.284,51.55117],[-0.28351,51.55133],[-0.2865,51.55344],[-0.28653,51.55431],[-0.29379,51.55464],[-0.29393,51.55548],[-0.29194,51.55682],[-0.29024,51.55994],[-0.28931,51.56075],[-0.28585,51.56171],[-0.28307,51.56188],[-0.28236,51.56307],[-0.28064,51.56229],[-0.27902,51.56334],[-0.27246,51.56182],[-0.26543,51.55892],[-0.26773,51.55822],[-0.26798,51.55715],[-0.26872,51.55697],[-0.2681,51.5564],[-0.26663,51.55614],[-0.26634,51.55533],[-0.26698,51.55416],[-0.26597,51.55307],[-0.26902,51.55068],[-0.26905,51.54892],[-0.27196,51.54544],[-0.27457,51.54398],[-0.2769,51.54196]]]}},{"type":"Feature","properties":{"ward":"Welsh Harp","code":"E05000103","borough":"Brent"},"geometry":{"type":"Polygon","coordinates":[[[-0.25271,51.55453],[-0.26093,51.55692],[-0.26543,51.55892],[-0.26441,51.56032],[-0.26488,51.56139],[-0.26174,51.56209],[-0.26215,51.56321],[-0.26138,51.56394],[-0.26552,51.56575],[-0.26539,51.56623],[-0.26851,51.56859],[-0.26755,51.56915],[-0.26832,51.56952],[-0.26664,51.57112],[-0.26615,51.57242],[-0.26918,51.57382],[-0.26886,51.57493],[-0.2678,51.57488],[-0.26773,51.57434],[-0.26649,51.57487],[-0.26305,51.5745],[-0.263,51.57412],[-0.26171,51.5745],[-0.26204,51.57806],[-0.25658,51.57797],[-0.25744,51.57584],[-0.25461,51.57599],[-0.25493,51.57716],[-0.2536,51.57732],[-0.25136,51.57314],[-0.2531,51.57258],[-0.25266,51.57169],[-0.24943,51.5689],[-0.24708,51.56868],[-0.24523,51.56712],[-0.24918,51.56577],[-0.25164,51.56365],[-0.2535,51.55986],[-0.25025,51.55861],[-0.24964,51.55793],[-0.25018,51.55515],[-0.24962,51.55382],[-0.25271,51.55453]]]}},{"type":"Feature","properties":{"ward":"Wembley Central","code":"E05000104","borough":"Brent"},"geometry":{"type":"Polygon","coordinates":[[[-0.30775,51.54699],[-0.30641,51.54754],[-0.30678,51.55088],[-0.30631,51.55088],[-0.30605,51.5519],[-0.30069,51.55216],[-0.30055,51.5537],[-0.30101,51.55451],[-0.30344,51.5544],[-0.30335,51.55954],[-0.30202,51.55977],[-0.30036,51.55702],[-0.29972,51.55719],[-0.29941,51.5567],[-0.29681,51.55615],[-0.29281,51.55626],[-0.29393,51.55548],[-0.29379,51.55464],[-0.28653,51.55431],[-0.2865,51.55344],[-0.28351,51.55133],[-0.284,51.55117],[-0.28368,51.55091],[-0.28689,51.54976],[-0.28604,51.54797],[-0.28626,51.54707],[-0.29081,51.54744],[-0.29212,51.54834],[-0.2936,51.54863],[-0.29435,51.54747],[-0.29757,51.54683],[-0.29687,51.54413],[-0.29797,51.54131],[-0.29922,51.54048],[-0.30345,51.5422],[-0.30594,51.54551],[-0.30775,51.54699]]]}},{"type":"Feature","properties":{"ward":"Willesden Green","code":"E05000105","borough":"Brent"},"geometry":{"type":"Polygon","coordinates":[[[-0.24699,51.54581],[-0.24301,51.54772],[-0.24422,51.54911],[-0.24229,51.54914],[-0.24048,51.55022],[-0.24301,51.55254],[-0.21835,51.54874],[-0.22134,51.54651],[-0.22466,51.54619],[-0.22784,51.547],[-0.22862,51.54686],[-0.22827,51.54664],[-0.22929,51.54562],[-0.23231,51.54566],[-0.23191,51.54448],[-0.23252,51.54394],[-0.2325,51.5428],[-0.23308,51.54188],[-0.22795,51.54135],[-0.22747,51.54091],[-0.23101,51.53668],[-0.23597,51.53928],[-0.23807,51.53991],[-0.23832,51.53905],[-0.24152,51.53896],[-0.24249,51.54031],[-0.24307,51.54367],[-0.24495,51.5438],[-0.24699,51.54581]]]}},{"type":"Feature","properties":{"ward":"Bickley","code":"E05000106","borough":"Bromley"},"geometry":{"type":"Polygon","coordinates":[[[0.02645,51.4069],[0.02666,51.40768],[0.02601,51.40773],[0.02641,51.4092],[0.02919,51.41119],[0.02966,51.41082],[0.03958,51.41407],[0.04526,51.4138],[0.04585,51.4148],[0.04569,51.41551],[0.04484,51.41601],[0.04522,51.41625],[0.0513,51.41044],[0.05846,51.40455],[0.06674,51.39638],[0.06382,51.39372],[0.06547,51.39128],[0.06421,51.39117],[0.06445,51.38919],[0.05474,51.39111],[0.05447,51.39067],[0.04852,51.38942],[0.04556,51.39002],[0.04301,51.38945],[0.04199,51.39053],[0.04081,51.39412],[0.04024,51.39426],[0.04069,51.39471],[0.03739,51.39772],[0.03667,51.39966],[0.02836,51.39986],[0.02832,51.40099],[0.02739,51.40101],[0.0275,51.40285],[0.02843,51.40296],[0.02841,51.40395],[0.02706,51.40427],[0.02707,51.40481],[0.0277,51.40473],[0.02748,51.40533],[0.02789,51.40582],[0.02644,51.40605],[0.02645,51.4069]]]}},{"type":"Feature","properties":{"ward":"Biggin Hill","code":"E05000107","borough":"Bromley"},"geometry":{"type":"Polygon","coordinates":[[[0.01213,51.2996],[0.00836,51.31036],[0.01032,51.31614],[0.00655,51.31566],[0.00484,51.32208],[0.00227,51.32914],[0.00328,51.33216],[0.01086,51.3314],[0.01381,51.32841],[0.01548,51.32851],[0.01532,51.32881],[0.01723,51.32968],[0.0201,51.32978],[0.02047,51.32967],[0.02057,51.32767],[0.02247,51.32761],[0.02366,51.32892],[0.02636,51.32964],[0.02752,51.3331],[0.0285,51.33288],[0.02935,51.33453],[0.03056,51.33521],[0.03194,51.33443],[0.03888,51.33341],[0.03807,51.33199],[0.0421,51.33086],[0.03928,51.32579],[0.04419,51.32031],[0.03932,51.31643],[0.04137,51.31554],[0.04347,51.31556],[0.04372,51.31346],[0.04428,51.31342],[0.04415,51.31254],[0.04323,51.31229],[0.04342,51.31028],[0.04443,51.30781],[0.04336,51.30773],[0.04335,51.30737],[0.04201,51.30753],[0.04056,51.3068],[0.04129,51.30609],[0.04094,51.30585],[0.04107,51.30486],[0.04188,51.30339],[0.04089,51.30272],[0.03631,51.30586],[0.03288,51.30752],[0.03025,51.30556],[0.02795,51.30469],[0.02481,51.30216],[0.02357,51.2997],[0.02093,51.29678],[0.02085,51.29557],[0.01907,51.29169],[0.01498,51.29179],[0.01213,51.2996]]]}},{"type":"Feature","properties":{"ward":"Bromley Common and Keston","code":"E05000108","borough":"Bromley"},"geometry":{"type":"Polygon","coordinates":[[[0.01935,51.39303],[0.02026,51.39295],[0.02012,51.39341],[0.02151,51.39398],[0.02363,51.39339],[0.02599,51.39421],[0.02981,51.39225],[0.0311,51.39298],[0.0309,51.39373],[0.03885,51.39636],[0.04069,51.39471],[0.04024,51.39426],[0.04081,51.39412],[0.04199,51.39053],[0.04301,51.38945],[0.04556,51.39002],[0.04852,51.38942],[0.05447,51.39067],[0.05474,51.39111],[0.06445,51.38919],[0.06421,51.39117],[0.06547,51.39128],[0.06591,51.39037],[0.06576,51.38944],[0.0637,51.38639],[0.06221,51.38521],[0.06204,51.38322],[0.06119,51.38252],[0.05903,51.38201],[0.05819,51.3809],[0.05687,51.37863],[0.05702,51.37716],[0.05626,51.37648],[0.05715,51.37586],[0.05375,51.37593],[0.05435,51.37487],[0.0542,51.37377],[0.05077,51.37193],[0.0484,51.36998],[0.05065,51.36727],[0.05543,51.36481],[0.05446,51.36355],[0.05494,51.36328],[0.05332,51.36234],[0.04962,51.36221],[0.04907,51.35971],[0.04818,51.35989],[0.04771,51.35822],[0.04639,51.35618],[0.04658,51.35505],[0.04409,51.35411],[0.04575,51.35253],[0.04252,51.35025],[0.03983,51.34934],[0.03829,51.35029],[0.03685,51.34764],[0.03409,51.34775],[0.03396,51.34893],[0.02685,51.34954],[0.0202,51.35268],[0.02161,51.3555],[0.02053,51.35512],[0.01931,51.35576],[0.02039,51.35741],[0.01995,51.3581],[0.0264,51.36128],[0.03136,51.36726],[0.0336,51.36762],[0.03346,51.36966],[0.03505,51.37337],[0.03537,51.37662],[0.03526,51.37759],[0.03418,51.37905],[0.03374,51.38215],[0.03275,51.38361],[0.03184,51.38403],[0.03068,51.38695],[0.02975,51.38779],[0.02397,51.38966],[0.02379,51.39059],[0.02219,51.39111],[0.01935,51.39303]]]}},{"type":"Feature","properties":{"ward":"Bromley Town","code":"E05000109","borough":"Bromley"},"geometry":{"type":"Polygon","coordinates":[[[0.00735,51.39198],[0.00649,51.39311],[0.01164,51.39474],[0.01032,51.39624],[0.01549,51.39859],[0.01411,51.40018],[0.01018,51.4009],[0.00711,51.40218],[0.00174,51.40622],[-0.00439,51.40974],[-0.00769,51.41448],[-0.00663,51.41466],[-0.00657,51.41599],[-0.00553,51.41579],[-0.00499,51.41459],[-0.00328,51.41505],[-0.0034,51.41566],[-0.00075,51.41591],[-0.00008,51.41765],[0.00173,51.41856],[0.00591,51.41586],[0.0102,51.41021],[0.01431,51.41049],[0.01426,51.40963],[0.01473,51.40962],[0.01475,51.40994],[0.01659,51.40994],[0.01668,51.41033],[0.01743,51.4099],[0.01868,51.4107],[0.01932,51.41041],[0.01862,51.4099],[0.01851,51.4089],[0.02012,51.40969],[0.02018,51.40777],[0.01858,51.40631],[0.02265,51.40705],[0.02645,51.4069],[0.02644,51.40605],[0.02789,51.40582],[0.02748,51.40533],[0.0277,51.40473],[0.02707,51.40481],[0.02706,51.40427],[0.02841,51.40395],[0.02843,51.40296],[0.0275,51.40285],[0.02739,51.40101],[0.02832,51.40099],[0.02836,51.39986],[0.03667,51.39966],[0.03739,51.39772],[0.03885,51.39636],[0.0309,51.39373],[0.0311,51.39298],[0.02981,51.39225],[0.02599,51.39421],[0.02363,51.39339],[0.02151,51.39398],[0.02012,51.39341],[0.02026,51.39295],[0.01983,51.39326],[0.01789,51.39201],[0.01746,51.39243],[0.01607,51.39186],[0.01316,51.39211],[0.01312,51.3925],[0.01251,51.39249],[0.01259,51.39307],[0.01162,51.39351],[0.00735,51.39198]]]}},{"type":"Feature","properties":{"ward":"Chelsfield and Pratts Bottom","code":"E05000110","borough":"Bromley"},"geometry":{"type":"Polygon","coordinates":[[[0.08605,51.35736],[0.08393,51.35925],[0.07817,51.36165],[0.08032,51.36311],[0.07931,51.36353],[0.07989,51.36413],[0.08092,51.36396],[0.08206,51.36461],[0.08088,51.365],[0.0807,51.36562],[0.08194,51.36566],[0.08439,51.36719],[0.08562,51.36818],[0.08532,51.36887],[0.08585,51.36926],[0.08688,51.3686],[0.08796,51.36929],[0.08737,51.36966],[0.08804,51.37009],[0.09047,51.37029],[0.09001,51.37101],[0.09039,51.37146],[0.09538,51.36558],[0.10228,51.36039],[0.103,51.36081],[0.10357,51.36045],[0.11201,51.36089],[0.11315,51.36135],[0.11264,51.36188],[0.11383,51.36344],[0.11384,51.36416],[0.11449,51.36424],[0.1143,51.36472],[0.11734,51.36544],[0.11981,51.36483],[0.12059,51.36555],[0.12207,51.3652],[0.12241,51.36569],[0.12448,51.36518],[0.12873,51.36656],[0.12755,51.36787],[0.12873,51.3691],[0.12707,51.36956],[0.12725,51.37062],[0.12849,51.37199],[0.13222,51.36978],[0.13983,51.36903],[0.14173,51.3678],[0.14382,51.36787],[0.14832,51.36637],[0.14502,51.36285],[0.14536,51.3625],[0.14447,51.36106],[0.14536,51.36034],[0.14482,51.35844],[0.14587,51.35822],[0.14509,51.35576],[0.14402,51.35486],[0.1436,51.35302],[0.14285,51.35266],[0.14259,51.35073],[0.14096,51.35015],[0.14126,51.34978],[0.13869,51.34752],[0.13941,51.34698],[0.13824,51.34708],[0.13717,51.34587],[0.13617,51.34594],[0.13708,51.3448],[0.13693,51.34417],[0.13175,51.34551],[0.13164,51.34519],[0.12519,51.34587],[0.12221,51.34466],[0.11843,51.34415],[0.1172,51.34316],[0.11665,51.3413],[0.11726,51.33978],[0.11844,51.33998],[0.11899,51.33868],[0.11827,51.3384],[0.11998,51.33474],[0.12166,51.33364],[0.11786,51.33062],[0.11788,51.32966],[0.11734,51.32948],[0.11661,51.33],[0.11572,51.32951],[0.11418,51.3274],[0.11013,51.32804],[0.10973,51.32668],[0.10721,51.32752],[0.10487,51.32741],[0.10321,51.326],[0.10076,51.32559],[0.0995,51.32351],[0.0938,51.32024],[0.09465,51.32269],[0.09557,51.32316],[0.09549,51.32421],[0.09534,51.32515],[0.09437,51.32575],[0.09309,51.32829],[0.09671,51.33117],[0.09696,51.33213],[0.09766,51.3321],[0.09669,51.33319],[0.09575,51.33686],[0.09926,51.34482],[0.09361,51.34568],[0.09046,51.3477],[0.08841,51.35072],[0.08715,51.35549],[0.08605,51.35736]]]}},{"type":"Feature","properties":{"ward":"Chislehurst","code":"E05000111","borough":"Bromley"},"geometry":{"type":"Polygon","coordinates":[[[0.05846,51.40455],[0.0513,51.41044],[0.04522,51.41625],[0.03439,51.42317],[0.03619,51.42237],[0.03903,51.42467],[0.04679,51.42339],[0.04784,51.42282],[0.04941,51.42286],[0.04982,51.4234],[0.0566,51.42047],[0.05702,51.42279],[0.05819,51.42376],[0.05832,51.42412],[0.05763,51.42441],[0.0582,51.42488],[0.0586,51.42459],[0.0609,51.42508],[0.06171,51.42373],[0.0632,51.4242],[0.06444,51.42505],[0.06419,51.42537],[0.06658,51.42602],[0.0664,51.42634],[0.06694,51.42672],[0.07194,51.42965],[0.07347,51.43126],[0.07304,51.43138],[0.07333,51.43177],[0.07484,51.43083],[0.07534,51.43199],[0.08291,51.43006],[0.08725,51.42562],[0.09065,51.42292],[0.09566,51.41979],[0.10448,51.41522],[0.10261,51.41135],[0.09953,51.41073],[0.10037,51.40952],[0.08836,51.40638],[0.0904,51.40446],[0.0896,51.40365],[0.09104,51.40282],[0.0939,51.40272],[0.09444,51.40238],[0.09406,51.40181],[0.09734,51.4004],[0.09748,51.39995],[0.09977,51.40013],[0.09891,51.39757],[0.09541,51.39809],[0.09482,51.39634],[0.09539,51.39497],[0.08086,51.39511],[0.07514,51.39646],[0.06412,51.40078],[0.05846,51.40455]]]}},{"type":"Feature","properties":{"ward":"Clock House","code":"E05000112","borough":"Bromley"},"geometry":{"type":"Polygon","coordinates":[[[-0.0686,51.40384],[-0.0596,51.40863],[-0.0593,51.40822],[-0.05834,51.40835],[-0.0573,51.4071],[-0.05816,51.40682],[-0.05697,51.40631],[-0.05579,51.40673],[-0.05535,51.40638],[-0.05455,51.40677],[-0.055,51.40714],[-0.05369,51.40788],[-0.05182,51.4087],[-0.05133,51.40833],[-0.05061,51.40868],[-0.05079,51.40933],[-0.04827,51.41071],[-0.04024,51.4088],[-0.03566,51.41124],[-0.03523,51.41226],[-0.03528,51.41555],[-0.03467,51.41411],[-0.03298,51.4126],[-0.02886,51.41132],[-0.03033,51.41033],[-0.03202,51.40695],[-0.03377,51.40572],[-0.03417,51.40467],[-0.03782,51.40223],[-0.04111,51.39916],[-0.04207,51.39896],[-0.0433,51.39915],[-0.04706,51.3982],[-0.04941,51.39897],[-0.05086,51.39772],[-0.05213,51.39829],[-0.05065,51.39956],[-0.05299,51.40146],[-0.06059,51.39912],[-0.06018,51.39955],[-0.06219,51.40153],[-0.06464,51.40172],[-0.0645,51.40204],[-0.0686,51.40384]]]}},{"type":"Feature","properties":{"ward":"Copers Cope","code":"E05000113","borough":"Bromley"},"geometry":{"type":"Polygon","coordinates":[[[-0.03528,51.41555],[-0.03337,51.42464],[-0.03182,51.42471],[-0.032,51.42554],[-0.03011,51.42565],[-0.02443,51.42315],[-0.02261,51.42156],[-0.02226,51.42177],[-0.02095,51.42093],[-0.02167,51.42045],[-0.02078,51.41994],[-0.02138,51.41841],[-0.02256,51.41754],[-0.02174,51.41729],[-0.02219,51.41675],[-0.02104,51.41602],[-0.01785,51.41574],[-0.01799,51.41506],[-0.01415,51.4151],[-0.01456,51.41392],[-0.01426,51.41366],[-0.01055,51.41355],[-0.00769,51.41448],[-0.00439,51.40974],[0.00174,51.40622],[0.00128,51.40627],[0.00109,51.40577],[0.00028,51.40599],[0.00002,51.40508],[-0.00216,51.40342],[-0.00147,51.40304],[-0.00271,51.40293],[-0.00231,51.40262],[-0.00412,51.40184],[-0.00362,51.40161],[-0.00404,51.40119],[-0.00562,51.40183],[-0.00661,51.40049],[-0.00717,51.40074],[-0.00858,51.39976],[-0.00861,51.39924],[-0.00924,51.39915],[-0.00985,51.39969],[-0.00957,51.40039],[-0.01346,51.40234],[-0.0138,51.40349],[-0.01469,51.40384],[-0.01529,51.40352],[-0.01686,51.40436],[-0.01672,51.40483],[-0.01958,51.40448],[-0.01956,51.40637],[-0.02013,51.40724],[-0.0256,51.4077],[-0.02524,51.40708],[-0.02582,51.40636],[-0.02863,51.4064],[-0.0284,51.40563],[-0.02904,51.40567],[-0.02898,51.40625],[-0.03,51.40633],[-0.0301,51.40554],[-0.03162,51.40593],[-0.03145,51.40649],[-0.0328,51.40648],[-0.03202,51.40695],[-0.03033,51.41033],[-0.02886,51.41132],[-0.03298,51.4126],[-0.03467,51.41411],[-0.03528,51.41555]]]}},{"type":"Feature","properties":{"ward":"Cray Valley East","code":"E05000114","borough":"Bromley"},"geometry":{"type":"Polygon","coordinates":[[[0.10329,51.38002],[0.10168,51.38155],[0.09863,51.38098],[0.09642,51.38122],[0.09332,51.38317],[0.09168,51.38328],[0.09047,51.3839],[0.09292,51.38457],[0.09684,51.38655],[0.10199,51.38553],[0.10558,51.39323],[0.10578,51.39473],[0.11184,51.39465],[0.11304,51.39771],[0.11313,51.40032],[0.11388,51.4003],[0.11432,51.40222],[0.11551,51.40208],[0.11641,51.40283],[0.11606,51.40337],[0.11631,51.40434],[0.11789,51.40568],[0.11795,51.40695],[0.11555,51.40742],[0.11677,51.40844],[0.11681,51.40915],[0.11491,51.40956],[0.11506,51.41099],[0.11554,51.41147],[0.117,51.41141],[0.11726,51.41217],[0.11875,51.41189],[0.11886,51.41328],[0.1254,51.41479],[0.12978,51.4148],[0.13432,51.41382],[0.13914,51.41161],[0.14888,51.40848],[0.14867,51.40813],[0.15103,51.40667],[0.1528,51.40627],[0.15641,51.40249],[0.15733,51.40078],[0.1577,51.39815],[0.15895,51.39582],[0.16236,51.39249],[0.15825,51.39224],[0.14771,51.3928],[0.14751,51.39216],[0.14981,51.39087],[0.14863,51.38867],[0.14939,51.38785],[0.14888,51.38757],[0.15043,51.38602],[0.14997,51.38584],[0.14977,51.38487],[0.14976,51.38367],[0.15044,51.38345],[0.15035,51.38109],[0.14958,51.38109],[0.14959,51.38009],[0.15111,51.3799],[0.15095,51.37909],[0.15321,51.37804],[0.15251,51.37523],[0.15171,51.37544],[0.14957,51.37358],[0.15081,51.37292],[0.15118,51.37219],[0.1501,51.37016],[0.15203,51.36969],[0.15159,51.36838],[0.14941,51.36916],[0.14885,51.36812],[0.14725,51.36701],[0.14382,51.36787],[0.14173,51.3678],[0.13983,51.36903],[0.13222,51.36978],[0.1241,51.37471],[0.12125,51.37927],[0.11809,51.37883],[0.11851,51.3803],[0.116,51.38092],[0.11096,51.38332],[0.10544,51.38156],[0.10329,51.38002]]]}},{"type":"Feature","properties":{"ward":"Cray Valley West","code":"E05000115","borough":"Bromley"},"geometry":{"type":"Polygon","coordinates":[[[0.10887,51.41378],[0.1131,51.41291],[0.11886,51.41328],[0.11875,51.41189],[0.11726,51.41217],[0.117,51.41141],[0.11554,51.41147],[0.11506,51.41099],[0.11491,51.40956],[0.11681,51.40915],[0.11677,51.40844],[0.11555,51.40742],[0.11795,51.40695],[0.11789,51.40568],[0.11631,51.40434],[0.11606,51.40337],[0.11641,51.40283],[0.11551,51.40208],[0.11432,51.40222],[0.11388,51.4003],[0.11313,51.40032],[0.11304,51.39771],[0.11184,51.39465],[0.10578,51.39473],[0.10558,51.39323],[0.10199,51.38553],[0.09684,51.38655],[0.09292,51.38457],[0.09047,51.3839],[0.08727,51.38571],[0.08796,51.38786],[0.08942,51.38844],[0.09058,51.39114],[0.08963,51.39282],[0.08754,51.39477],[0.09539,51.39497],[0.09482,51.39634],[0.09541,51.39809],[0.09891,51.39757],[0.09977,51.40013],[0.09748,51.39995],[0.09734,51.4004],[0.09406,51.40181],[0.09444,51.40238],[0.0939,51.40272],[0.09104,51.40282],[0.0896,51.40365],[0.0904,51.40446],[0.08836,51.40638],[0.10037,51.40952],[0.09953,51.41073],[0.10261,51.41135],[0.10448,51.41522],[0.10887,51.41378]]]}},{"type":"Feature","properties":{"ward":"Crystal Palace","code":"E05000116","borough":"Bromley"},"geometry":{"type":"Polygon","coordinates":[[[-0.07831,51.42061],[-0.07497,51.4257],[-0.07394,51.42615],[-0.07088,51.42623],[-0.06888,51.42562],[-0.06869,51.426],[-0.06792,51.42593],[-0.06606,51.42507],[-0.0626,51.4252],[-0.05813,51.42317],[-0.05642,51.42297],[-0.05923,51.41894],[-0.06592,51.41215],[-0.06602,51.41163],[-0.06413,51.41075],[-0.06316,51.41063],[-0.06309,51.41109],[-0.0621,51.41079],[-0.06247,51.40956],[-0.0595,51.40955],[-0.06025,51.4092],[-0.0596,51.40863],[-0.0686,51.40384],[-0.06977,51.40576],[-0.07329,51.40924],[-0.07349,51.41106],[-0.07276,51.41269],[-0.07653,51.41444],[-0.08048,51.41557],[-0.08099,51.4171],[-0.07831,51.42061]]]}},{"type":"Feature","properties":{"ward":"Darwin","code":"E05000117","borough":"Bromley"},"geometry":{"type":"Polygon","coordinates":[[[0.08605,51.35736],[0.08715,51.35549],[0.08841,51.35072],[0.09046,51.3477],[0.09361,51.34568],[0.09926,51.34482],[0.09575,51.33686],[0.09669,51.33319],[0.09766,51.3321],[0.09696,51.33213],[0.09671,51.33117],[0.09309,51.32829],[0.09437,51.32575],[0.09534,51.32515],[0.09557,51.32316],[0.09465,51.32269],[0.0938,51.32024],[0.08776,51.31831],[0.085,51.31602],[0.08561,51.31478],[0.08504,51.3126],[0.08354,51.31053],[0.08472,51.30835],[0.08406,51.30805],[0.08485,51.30605],[0.08279,51.30563],[0.0854,51.30252],[0.08631,51.30017],[0.09116,51.29683],[0.08923,51.29609],[0.08567,51.29309],[0.08155,51.29184],[0.07334,51.29161],[0.06754,51.29038],[0.05848,51.28936],[0.05602,51.2924],[0.05436,51.29209],[0.05076,51.29399],[0.0457,51.29401],[0.04474,51.29309],[0.04237,51.29267],[0.04329,51.29658],[0.04427,51.29858],[0.04307,51.29906],[0.04278,51.30099],[0.04149,51.30299],[0.04188,51.30339],[0.04107,51.30486],[0.04094,51.30585],[0.04129,51.30609],[0.04056,51.3068],[0.04201,51.30753],[0.04335,51.30737],[0.04336,51.30773],[0.04443,51.30781],[0.04342,51.31028],[0.04323,51.31229],[0.04415,51.31254],[0.04428,51.31342],[0.04372,51.31346],[0.04347,51.31556],[0.04137,51.31554],[0.03932,51.31643],[0.04419,51.32031],[0.03928,51.32579],[0.0421,51.33086],[0.03807,51.33199],[0.03888,51.33341],[0.03194,51.33443],[0.03056,51.33521],[0.02935,51.33453],[0.0285,51.33288],[0.02752,51.3331],[0.02636,51.32964],[0.02366,51.32892],[0.02247,51.32761],[0.02057,51.32767],[0.02047,51.32967],[0.0201,51.32978],[0.01723,51.32968],[0.01532,51.32881],[0.01548,51.32851],[0.01381,51.32841],[0.01086,51.3314],[0.00328,51.33216],[0.00084,51.33359],[-0.00292,51.34552],[0.00081,51.34624],[0.00256,51.34802],[0.00425,51.34849],[0.00447,51.35011],[0.00673,51.35179],[0.00902,51.35098],[0.00942,51.34992],[0.01475,51.34948],[0.01738,51.3526],[0.0202,51.35268],[0.02685,51.34954],[0.03396,51.34893],[0.03409,51.34775],[0.03685,51.34764],[0.03829,51.35029],[0.03983,51.34934],[0.04252,51.35025],[0.0444,51.35171],[0.04732,51.34943],[0.04864,51.35059],[0.05063,51.35137],[0.0554,51.35212],[0.05985,51.35128],[0.06835,51.35143],[0.07615,51.35329],[0.07862,51.35448],[0.08058,51.35606],[0.08474,51.3578],[0.08605,51.35736]]]}},{"type":"Feature","properties":{"ward":"Farnborough and Crofton","code":"E05000118","borough":"Bromley"},"geometry":{"type":"Polygon","coordinates":[[[0.08798,51.37446],[0.09039,51.37146],[0.09001,51.37101],[0.09047,51.37029],[0.08804,51.37009],[0.08737,51.36966],[0.08796,51.36929],[0.08688,51.3686],[0.08585,51.36926],[0.08532,51.36887],[0.08562,51.36818],[0.08439,51.36719],[0.08194,51.36566],[0.0807,51.36562],[0.08088,51.365],[0.08206,51.36461],[0.08092,51.36396],[0.07989,51.36413],[0.07931,51.36353],[0.08032,51.36311],[0.07817,51.36165],[0.08393,51.35925],[0.08605,51.35736],[0.08474,51.3578],[0.08058,51.35606],[0.07862,51.35448],[0.07615,51.35329],[0.06835,51.35143],[0.05985,51.35128],[0.0554,51.35212],[0.05063,51.35137],[0.04864,51.35059],[0.04732,51.34943],[0.0444,51.35171],[0.04575,51.35253],[0.04409,51.35411],[0.04658,51.35505],[0.04639,51.35618],[0.04771,51.35822],[0.04818,51.35989],[0.04907,51.35971],[0.04962,51.36221],[0.05332,51.36234],[0.05494,51.36328],[0.05446,51.36355],[0.05543,51.36481],[0.05065,51.36727],[0.0484,51.36998],[0.05077,51.37193],[0.0542,51.37377],[0.05435,51.37487],[0.05375,51.37593],[0.05715,51.37586],[0.05626,51.37648],[0.05702,51.37716],[0.05687,51.37863],[0.05819,51.3809],[0.06147,51.38037],[0.06862,51.3774],[0.07053,51.37811],[0.07179,51.37925],[0.07716,51.37704],[0.07849,51.37825],[0.08006,51.38099],[0.08154,51.38119],[0.08798,51.37446]]]}},{"type":"Feature","properties":{"ward":"Hayes and Coney Hall","code":"E05000119","borough":"Bromley"},"geometry":{"type":"Polygon","coordinates":[[[-0.00534,51.35258],[-0.00869,51.35583],[-0.01188,51.35728],[-0.01313,51.35721],[-0.01565,51.35888],[-0.01829,51.36125],[-0.01981,51.36363],[-0.01585,51.36458],[-0.00556,51.36846],[-0.00139,51.37111],[0.00209,51.3743],[0.00395,51.37664],[-0.00227,51.37725],[-0.00074,51.37833],[-0.00061,51.37898],[-0.00007,51.37878],[0.00292,51.38063],[0.00255,51.38087],[0.00277,51.38151],[0.00368,51.38243],[0.00264,51.38393],[0.0026,51.38808],[0.00434,51.38854],[0.00419,51.38889],[0.0051,51.38929],[0.00626,51.38912],[0.00619,51.38983],[0.00712,51.39102],[0.00802,51.39139],[0.00735,51.39198],[0.01162,51.39351],[0.01259,51.39307],[0.01251,51.39249],[0.01312,51.3925],[0.01316,51.39211],[0.01607,51.39186],[0.01746,51.39243],[0.01789,51.39201],[0.01935,51.39303],[0.02219,51.39111],[0.02379,51.39059],[0.02397,51.38966],[0.02975,51.38779],[0.03068,51.38695],[0.03184,51.38403],[0.03275,51.38361],[0.03374,51.38215],[0.03418,51.37905],[0.03526,51.37759],[0.03505,51.37337],[0.03346,51.36966],[0.0336,51.36762],[0.03136,51.36726],[0.0264,51.36128],[0.01995,51.3581],[0.02039,51.35741],[0.01931,51.35576],[0.02053,51.35512],[0.02161,51.3555],[0.0202,51.35268],[0.01738,51.3526],[0.01475,51.34948],[0.00942,51.34992],[0.00902,51.35098],[0.00673,51.35179],[0.00447,51.35011],[0.00425,51.34849],[0.00256,51.34802],[0.00081,51.34624],[-0.00292,51.34552],[-0.00463,51.34957],[-0.00534,51.35258]]]}},{"type":"Feature","properties":{"ward":"Kelsey and Eden Park","code":"E05000120","borough":"Bromley"},"geometry":{"type":"Polygon","coordinates":[[[-0.04177,51.38929],[-0.04371,51.38987],[-0.04624,51.392],[-0.04683,51.39185],[-0.04776,51.39304],[-0.05172,51.39358],[-0.05173,51.394],[-0.05351,51.39492],[-0.04941,51.39897],[-0.04706,51.3982],[-0.0433,51.39915],[-0.04111,51.39916],[-0.03782,51.40223],[-0.03417,51.40467],[-0.03377,51.40572],[-0.0328,51.40648],[-0.03145,51.40649],[-0.03162,51.40593],[-0.0301,51.40554],[-0.03,51.40633],[-0.02898,51.40625],[-0.02904,51.40567],[-0.0284,51.40563],[-0.02863,51.4064],[-0.02582,51.40636],[-0.02524,51.40708],[-0.0256,51.4077],[-0.02013,51.40724],[-0.01956,51.40637],[-0.01958,51.40448],[-0.01672,51.40483],[-0.01686,51.40436],[-0.01529,51.40352],[-0.01469,51.40384],[-0.0138,51.40349],[-0.01346,51.40234],[-0.00957,51.40039],[-0.00985,51.39969],[-0.0092,51.39951],[-0.00924,51.39915],[-0.01807,51.39912],[-0.01748,51.39764],[-0.01793,51.396],[-0.01655,51.39532],[-0.01369,51.39214],[-0.01368,51.39134],[-0.01183,51.38891],[-0.01146,51.38761],[-0.01488,51.3877],[-0.01592,51.38819],[-0.01651,51.38777],[-0.01858,51.38786],[-0.01807,51.3854],[-0.02056,51.38507],[-0.02291,51.38697],[-0.02294,51.38617],[-0.02442,51.38438],[-0.02519,51.38147],[-0.02584,51.38154],[-0.02682,51.37938],[-0.02804,51.37936],[-0.02827,51.3782],[-0.02983,51.37733],[-0.03695,51.37701],[-0.03635,51.379],[-0.03693,51.37895],[-0.0379,51.38323],[-0.03653,51.38846],[-0.04177,51.38929]]]}},{"type":"Feature","properties":{"ward":"Mottingham and Chislehurst North","code":"E05000121","borough":"Bromley"},"geometry":{"type":"Polygon","coordinates":[[[0.02936,51.44171],[0.03059,51.44432],[0.03347,51.44359],[0.03975,51.441],[0.04218,51.43948],[0.04331,51.43775],[0.04518,51.4366],[0.04778,51.43375],[0.05105,51.43153],[0.05483,51.42752],[0.0582,51.42488],[0.05763,51.42441],[0.05832,51.42412],[0.05819,51.42376],[0.05702,51.42279],[0.0566,51.42047],[0.04982,51.4234],[0.04941,51.42286],[0.04784,51.42282],[0.04679,51.42339],[0.03903,51.42467],[0.03846,51.42759],[0.03786,51.4276],[0.03833,51.42803],[0.03752,51.43138],[0.0377,51.43335],[0.0337,51.4317],[0.03322,51.43224],[0.03245,51.43189],[0.03159,51.43256],[0.03115,51.4321],[0.03138,51.43258],[0.02858,51.43403],[0.02907,51.43467],[0.02867,51.43641],[0.02724,51.43656],[0.02538,51.43569],[0.02479,51.43824],[0.02881,51.43879],[0.02858,51.44045],[0.02936,51.44171]]]}},{"type":"Feature","properties":{"ward":"Orpington","code":"E05000122","borough":"Bromley"},"geometry":{"type":"Polygon","coordinates":[[[0.08798,51.37446],[0.08919,51.37455],[0.09114,51.37223],[0.09262,51.37246],[0.09245,51.3727],[0.09475,51.37373],[0.09523,51.37463],[0.09457,51.3748],[0.0949,51.37524],[0.09636,51.37544],[0.09666,51.3762],[0.09718,51.37629],[0.09744,51.37736],[0.09778,51.37727],[0.09906,51.37921],[0.10095,51.37866],[0.10121,51.3791],[0.10199,51.37889],[0.10544,51.38156],[0.11096,51.38332],[0.116,51.38092],[0.11851,51.3803],[0.11809,51.37883],[0.12125,51.37927],[0.1241,51.37471],[0.12849,51.37199],[0.12725,51.37062],[0.12707,51.36956],[0.12873,51.3691],[0.12755,51.36787],[0.12873,51.36656],[0.12448,51.36518],[0.12241,51.36569],[0.12207,51.3652],[0.12059,51.36555],[0.11981,51.36483],[0.11734,51.36544],[0.1143,51.36472],[0.11449,51.36424],[0.11384,51.36416],[0.11383,51.36344],[0.11264,51.36188],[0.11315,51.36135],[0.11201,51.36089],[0.10357,51.36045],[0.103,51.36081],[0.10228,51.36039],[0.09538,51.36558],[0.08798,51.37446]]]}},{"type":"Feature","properties":{"ward":"Penge and Cator","code":"E05000123","borough":"Bromley"},"geometry":{"type":"Polygon","coordinates":[[[-0.03992,51.42425],[-0.03848,51.42396],[-0.03749,51.42499],[-0.03423,51.4251],[-0.03424,51.42476],[-0.03337,51.42464],[-0.03528,51.41555],[-0.03523,51.41226],[-0.03566,51.41124],[-0.03687,51.41031],[-0.04024,51.4088],[-0.04827,51.41071],[-0.05079,51.40933],[-0.05061,51.40868],[-0.05133,51.40833],[-0.05182,51.4087],[-0.05369,51.40788],[-0.055,51.40714],[-0.05455,51.40677],[-0.05535,51.40638],[-0.05579,51.40673],[-0.05697,51.40631],[-0.05816,51.40682],[-0.0573,51.4071],[-0.05834,51.40835],[-0.0593,51.40822],[-0.06025,51.4092],[-0.0595,51.40955],[-0.06247,51.40956],[-0.0621,51.41079],[-0.06309,51.41109],[-0.06316,51.41063],[-0.06413,51.41075],[-0.06602,51.41163],[-0.05923,51.41894],[-0.05642,51.42297],[-0.05515,51.42294],[-0.05478,51.42373],[-0.05181,51.42358],[-0.05177,51.42252],[-0.04602,51.4228],[-0.04629,51.42237],[-0.04161,51.42365],[-0.04107,51.42425],[-0.03992,51.42425]]]}},{"type":"Feature","properties":{"ward":"Petts Wood and Knoll","code":"E05000124","borough":"Bromley"},"geometry":{"type":"Polygon","coordinates":[[[0.05846,51.40455],[0.06412,51.40078],[0.07514,51.39646],[0.08086,51.39511],[0.08754,51.39477],[0.08963,51.39282],[0.09058,51.39114],[0.08942,51.38844],[0.08796,51.38786],[0.08727,51.38571],[0.09168,51.38328],[0.09332,51.38317],[0.09642,51.38122],[0.09863,51.38098],[0.10168,51.38155],[0.10329,51.38002],[0.10199,51.37889],[0.10121,51.3791],[0.10095,51.37866],[0.09906,51.37921],[0.09636,51.37544],[0.0949,51.37524],[0.09457,51.3748],[0.09523,51.37463],[0.09475,51.37373],[0.09245,51.3727],[0.09262,51.37246],[0.09114,51.37223],[0.08919,51.37455],[0.08798,51.37446],[0.08154,51.38119],[0.08006,51.38099],[0.07849,51.37825],[0.07716,51.37704],[0.07179,51.37925],[0.07053,51.37811],[0.06862,51.3774],[0.06147,51.38037],[0.05819,51.3809],[0.05903,51.38201],[0.06119,51.38252],[0.06204,51.38322],[0.06221,51.38521],[0.0637,51.38639],[0.06576,51.38944],[0.06591,51.39037],[0.06382,51.39372],[0.06674,51.39638],[0.05846,51.40455]]]}},{"type":"Feature","properties":{"ward":"Plaistow and Sundridge","code":"E05000125","borough":"Bromley"},"geometry":{"type":"Polygon","coordinates":[[[0.00349,51.4174],[0.00567,51.41851],[0.00523,51.41932],[0.0063,51.42102],[0.00735,51.42138],[0.00808,51.42304],[0.00997,51.42248],[0.01181,51.42405],[0.0144,51.42523],[0.01411,51.42618],[0.01605,51.42621],[0.01878,51.42705],[0.02091,51.42682],[0.02541,51.42899],[0.04522,51.41625],[0.04484,51.41601],[0.04569,51.41551],[0.04585,51.4148],[0.04526,51.4138],[0.03958,51.41407],[0.02966,51.41082],[0.02919,51.41119],[0.02641,51.4092],[0.02601,51.40773],[0.02666,51.40768],[0.02645,51.4069],[0.02265,51.40705],[0.01858,51.40631],[0.02018,51.40777],[0.02012,51.40969],[0.01851,51.4089],[0.01862,51.4099],[0.01932,51.41041],[0.01868,51.4107],[0.01743,51.4099],[0.01668,51.41033],[0.01659,51.40994],[0.01475,51.40994],[0.01473,51.40962],[0.01426,51.40963],[0.01431,51.41049],[0.0102,51.41021],[0.00591,51.41586],[0.00349,51.4174]]]}},{"type":"Feature","properties":{"ward":"Shortlands","code":"E05000126","borough":"Bromley"},"geometry":{"type":"Polygon","coordinates":[[[0.00174,51.40622],[0.00711,51.40218],[0.01018,51.4009],[0.01411,51.40018],[0.01549,51.39859],[0.01032,51.39624],[0.01164,51.39474],[0.00649,51.39311],[0.00802,51.39139],[0.00712,51.39102],[0.00619,51.38983],[0.00626,51.38912],[0.0051,51.38929],[0.00419,51.38889],[0.00434,51.38854],[0.0026,51.38808],[-0.0003,51.39242],[-0.00208,51.39211],[-0.00653,51.38944],[-0.00787,51.38932],[-0.00788,51.38871],[-0.00995,51.38817],[-0.01044,51.38752],[-0.01146,51.38761],[-0.01183,51.38891],[-0.01368,51.39134],[-0.01369,51.39214],[-0.01655,51.39532],[-0.01793,51.396],[-0.01748,51.39764],[-0.01807,51.39912],[-0.00861,51.39924],[-0.00858,51.39976],[-0.00717,51.40074],[-0.00661,51.40049],[-0.00562,51.40183],[-0.00404,51.40119],[-0.00362,51.40161],[-0.00412,51.40184],[-0.00231,51.40262],[-0.00271,51.40293],[-0.00147,51.40304],[-0.00216,51.40342],[0.00002,51.40508],[0.00028,51.40599],[0.00109,51.40577],[0.00128,51.40627],[0.00174,51.40622]]]}},{"type":"Feature","properties":{"ward":"West Wickham","code":"E05000127","borough":"Bromley"},"geometry":{"type":"Polygon","coordinates":[[[-0.02359,51.36529],[-0.0245,51.36678],[-0.02312,51.36701],[-0.02382,51.37132],[-0.02359,51.37222],[-0.02615,51.37645],[-0.02682,51.37938],[-0.02584,51.38154],[-0.02519,51.38147],[-0.02442,51.38438],[-0.02294,51.38617],[-0.02291,51.38697],[-0.02056,51.38507],[-0.01807,51.3854],[-0.01858,51.38786],[-0.01651,51.38777],[-0.01592,51.38819],[-0.01488,51.3877],[-0.01044,51.38752],[-0.00995,51.38817],[-0.00788,51.38871],[-0.00787,51.38932],[-0.00653,51.38944],[-0.00208,51.39211],[-0.0003,51.39242],[0.0026,51.38808],[0.00264,51.38393],[0.00368,51.38243],[0.00277,51.38151],[0.00255,51.38087],[0.00292,51.38063],[-0.00007,51.37878],[-0.00061,51.37898],[-0.00074,51.37833],[-0.00227,51.37725],[0.00395,51.37664],[0.00209,51.3743],[-0.00139,51.37111],[-0.00556,51.36846],[-0.01585,51.36458],[-0.01981,51.36363],[-0.02227,51.36588],[-0.02359,51.36529]]]}},{"type":"Feature","properties":{"ward":"Belsize","code":"E05000128","borough":"Camden"},"geometry":{"type":"Polygon","coordinates":[[[-0.17492,51.54372],[-0.17495,51.54468],[-0.17308,51.5456],[-0.17232,51.54767],[-0.17085,51.54868],[-0.17171,51.54916],[-0.16701,51.55197],[-0.15807,51.54665],[-0.16063,51.54489],[-0.15959,51.54416],[-0.15957,51.54381],[-0.1603,51.54379],[-0.16023,51.54282],[-0.16223,51.54234],[-0.17039,51.54174],[-0.1712,51.54197],[-0.17307,51.54416],[-0.17492,51.54372]]]}},{"type":"Feature","properties":{"ward":"Bloomsbury","code":"E05000129","borough":"Camden"},"geometry":{"type":"Polygon","coordinates":[[[-0.13037,51.51645],[-0.13083,51.5171],[-0.13247,51.51672],[-0.13362,51.51773],[-0.13407,51.51756],[-0.13526,51.51893],[-0.13703,51.51888],[-0.1429,51.52388],[-0.14352,51.52395],[-0.13559,51.52573],[-0.13087,51.5273],[-0.12791,51.5247],[-0.12374,51.5261],[-0.12185,51.52297],[-0.12501,51.52216],[-0.1222,51.51991],[-0.12765,51.51779],[-0.12692,51.51693],[-0.13037,51.51645]]]}},{"type":"Feature","properties":{"ward":"Camden Town with Primrose Hill","code":"E05000130","borough":"Camden"},"geometry":{"type":"Polygon","coordinates":[[[-0.15273,51.53752],[-0.15944,51.53636],[-0.16167,51.53823],[-0.15985,51.54028],[-0.16121,51.54092],[-0.16223,51.54234],[-0.16023,51.54282],[-0.15518,51.54273],[-0.15474,51.54335],[-0.15268,51.54386],[-0.14735,51.54251],[-0.14576,51.54368],[-0.14643,51.54547],[-0.14155,51.54517],[-0.14191,51.54271],[-0.13999,51.54357],[-0.13621,51.53913],[-0.14375,51.53642],[-0.14624,51.53676],[-0.14682,51.53614],[-0.14999,51.53733],[-0.15273,51.53752]]]}},{"type":"Feature","properties":{"ward":"Cantelowes","code":"E05000131","borough":"Camden"},"geometry":{"type":"Polygon","coordinates":[[[-0.12636,51.54506],[-0.12509,51.54112],[-0.13071,51.54113],[-0.13148,51.54303],[-0.13587,51.54199],[-0.13543,51.5416],[-0.13759,51.54089],[-0.13999,51.54357],[-0.14191,51.54271],[-0.14179,51.54646],[-0.14108,51.54883],[-0.13357,51.54813],[-0.13134,51.54836],[-0.13053,51.54785],[-0.12914,51.54884],[-0.1272,51.54766],[-0.12636,51.54506]]]}},{"type":"Feature","properties":{"ward":"Fortune Green","code":"E05000132","borough":"Camden"},"geometry":{"type":"Polygon","coordinates":[[[-0.19682,51.55918],[-0.19498,51.55654],[-0.18878,51.55295],[-0.19262,51.55193],[-0.19298,51.55223],[-0.19912,51.55155],[-0.19806,51.54942],[-0.19829,51.549],[-0.19765,51.54886],[-0.19782,51.54801],[-0.19989,51.54796],[-0.20374,51.54696],[-0.2135,51.55519],[-0.21003,51.55675],[-0.20885,51.55573],[-0.20597,51.55642],[-0.20582,51.55531],[-0.19941,51.55619],[-0.19966,51.55698],[-0.19848,51.55876],[-0.19682,51.55918]]]}},{"type":"Feature","properties":{"ward":"Frognal and Fitzjohns","code":"E05000133","borough":"Camden"},"geometry":{"type":"Polygon","coordinates":[[[-0.17492,51.54372],[-0.17608,51.54477],[-0.17834,51.5457],[-0.18206,51.5498],[-0.18598,51.55227],[-0.18878,51.55295],[-0.19498,51.55654],[-0.19682,51.55918],[-0.19692,51.56062],[-0.19485,51.56048],[-0.19114,51.56164],[-0.19037,51.56277],[-0.18467,51.56223],[-0.18225,51.55953],[-0.17859,51.5567],[-0.17832,51.55516],[-0.17592,51.55303],[-0.17591,51.55172],[-0.17116,51.54963],[-0.17171,51.54916],[-0.17085,51.54868],[-0.17232,51.54767],[-0.17308,51.5456],[-0.17495,51.54468],[-0.17492,51.54372]]]}},{"type":"Feature","properties":{"ward":"Gospel Oak","code":"E05000134","borough":"Camden"},"geometry":{"type":"Polygon","coordinates":[[[-0.14825,51.55324],[-0.14752,51.55183],[-0.14721,51.54879],[-0.1497,51.55085],[-0.15303,51.5492],[-0.15407,51.55034],[-0.15684,51.55107],[-0.15953,51.55054],[-0.1605,51.54884],[-0.16177,51.54871],[-0.16359,51.54971],[-0.16315,51.55005],[-0.16375,51.55038],[-0.16207,51.55156],[-0.16259,51.55282],[-0.16233,51.55304],[-0.16296,51.55367],[-0.16558,51.55407],[-0.16616,51.55508],[-0.15541,51.55628],[-0.15247,51.55579],[-0.15004,51.55474],[-0.14825,51.55324]]]}},{"type":"Feature","properties":{"ward":"Hampstead Town","code":"E05000135","borough":"Camden"},"geometry":{"type":"Polygon","coordinates":[[[-0.17116,51.54963],[-0.17591,51.55172],[-0.17592,51.55303],[-0.17832,51.55516],[-0.17859,51.5567],[-0.18225,51.55953],[-0.18467,51.56223],[-0.19037,51.56277],[-0.18964,51.56525],[-0.18617,51.56692],[-0.18381,51.5675],[-0.18097,51.56967],[-0.17828,51.57004],[-0.17808,51.57043],[-0.17441,51.56925],[-0.17346,51.5711],[-0.17267,51.57063],[-0.17252,51.56683],[-0.16855,51.56409],[-0.1646,51.5621],[-0.16227,51.55898],[-0.1614,51.55881],[-0.15859,51.55611],[-0.16616,51.55508],[-0.16558,51.55407],[-0.16296,51.55367],[-0.16233,51.55304],[-0.16259,51.55282],[-0.16207,51.55156],[-0.16338,51.5509],[-0.16375,51.55038],[-0.16315,51.55005],[-0.16359,51.54971],[-0.16701,51.55197],[-0.17116,51.54963]]]}},{"type":"Feature","properties":{"ward":"Haverstock","code":"E05000136","borough":"Camden"},"geometry":{"type":"Polygon","coordinates":[[[-0.16177,51.54871],[-0.1605,51.54884],[-0.15953,51.55054],[-0.15684,51.55107],[-0.15407,51.55034],[-0.15303,51.5492],[-0.1497,51.55085],[-0.14721,51.54879],[-0.14576,51.54368],[-0.14735,51.54251],[-0.15268,51.54386],[-0.15474,51.54335],[-0.15518,51.54273],[-0.16023,51.54282],[-0.1603,51.54379],[-0.15957,51.54381],[-0.15959,51.54416],[-0.16063,51.54489],[-0.15807,51.54665],[-0.16177,51.54871]]]}},{"type":"Feature","properties":{"ward":"Highgate","code":"E05000137","borough":"Camden"},"geometry":{"type":"Polygon","coordinates":[[[-0.14825,51.55324],[-0.15004,51.55474],[-0.15247,51.55579],[-0.15911,51.55625],[-0.1614,51.55881],[-0.16227,51.55898],[-0.1646,51.5621],[-0.16855,51.56409],[-0.17252,51.56683],[-0.17248,51.57004],[-0.17346,51.5711],[-0.17129,51.57243],[-0.16737,51.57297],[-0.1643,51.5725],[-0.16046,51.57279],[-0.15886,51.57219],[-0.15035,51.57157],[-0.14386,51.56991],[-0.14242,51.56912],[-0.14068,51.56455],[-0.14103,51.56043],[-0.13945,51.55826],[-0.14586,51.55594],[-0.14459,51.55442],[-0.14553,51.55404],[-0.14585,51.55448],[-0.14703,51.55458],[-0.14825,51.55324]]]}},{"type":"Feature","properties":{"ward":"Holborn and Covent Garden","code":"E05000138","borough":"Camden"},"geometry":{"type":"Polygon","coordinates":[[[-0.12185,51.52297],[-0.11581,51.5244],[-0.11425,51.52552],[-0.11256,51.52379],[-0.10899,51.52302],[-0.10827,51.52209],[-0.10702,51.52219],[-0.10535,51.51854],[-0.10783,51.51777],[-0.11382,51.51826],[-0.11161,51.51534],[-0.11386,51.51482],[-0.11472,51.51604],[-0.11949,51.51451],[-0.1221,51.51463],[-0.12289,51.51514],[-0.12735,51.51267],[-0.12936,51.51348],[-0.13037,51.51645],[-0.12692,51.51693],[-0.12765,51.51779],[-0.1222,51.51991],[-0.12501,51.52216],[-0.12185,51.52297]]]}},{"type":"Feature","properties":{"ward":"Kentish Town","code":"E05000139","borough":"Camden"},"geometry":{"type":"Polygon","coordinates":[[[-0.14721,51.54879],[-0.14752,51.55183],[-0.14825,51.55324],[-0.14703,51.55458],[-0.14585,51.55448],[-0.14553,51.55404],[-0.14459,51.55442],[-0.14586,51.55594],[-0.13945,51.55826],[-0.13718,51.5554],[-0.13526,51.55459],[-0.13103,51.55151],[-0.13016,51.54962],[-0.12914,51.54884],[-0.13053,51.54785],[-0.13134,51.54836],[-0.13357,51.54813],[-0.14108,51.54883],[-0.14179,51.54646],[-0.14155,51.54517],[-0.14643,51.54547],[-0.14721,51.54879]]]}},{"type":"Feature","properties":{"ward":"Kilburn","code":"E05000140","borough":"Camden"},"geometry":{"type":"Polygon","coordinates":[[[-0.18877,51.53452],[-0.19148,51.53629],[-0.20193,51.54529],[-0.19788,51.54635],[-0.19779,51.54597],[-0.19674,51.54592],[-0.19714,51.54505],[-0.19647,51.54438],[-0.19384,51.54416],[-0.19234,51.54459],[-0.19323,51.54243],[-0.1923,51.54113],[-0.18509,51.5407],[-0.18036,51.54186],[-0.17943,51.54164],[-0.17835,51.53979],[-0.18387,51.53838],[-0.18877,51.53452]]]}},{"type":"Feature","properties":{"ward":"King's Cross","code":"E05000141","borough":"Camden"},"geometry":{"type":"Polygon","coordinates":[[[-0.12185,51.52297],[-0.12374,51.5261],[-0.12791,51.5247],[-0.13087,51.5273],[-0.12256,51.53073],[-0.1199,51.53094],[-0.11602,51.52984],[-0.11543,51.52772],[-0.11295,51.52641],[-0.11581,51.5244],[-0.12185,51.52297]]]}},{"type":"Feature","properties":{"ward":"Regent's Park","code":"E05000142","borough":"Camden"},"geometry":{"type":"Polygon","coordinates":[[[-0.1472,51.52504],[-0.15273,51.53752],[-0.14999,51.53733],[-0.14682,51.53614],[-0.14624,51.53676],[-0.14375,51.53642],[-0.14,51.53757],[-0.13738,51.53475],[-0.13549,51.53522],[-0.13618,51.5336],[-0.1393,51.5325],[-0.13906,51.53171],[-0.13658,51.531],[-0.13515,51.53122],[-0.13087,51.5273],[-0.14151,51.5242],[-0.14352,51.52395],[-0.1435,51.52462],[-0.14418,51.52464],[-0.14415,51.524],[-0.1452,51.52399],[-0.14582,51.52527],[-0.1472,51.52504]]]}},{"type":"Feature","properties":{"ward":"St Pancras and Somers Town","code":"E05000143","borough":"Camden"},"geometry":{"type":"Polygon","coordinates":[[[-0.14,51.53757],[-0.13621,51.53913],[-0.13759,51.54089],[-0.13543,51.5416],[-0.13587,51.54199],[-0.13148,51.54303],[-0.13071,51.54113],[-0.12509,51.54112],[-0.1224,51.53688],[-0.12256,51.53073],[-0.13087,51.5273],[-0.13515,51.53122],[-0.13658,51.531],[-0.13906,51.53171],[-0.1393,51.5325],[-0.13618,51.5336],[-0.13549,51.53522],[-0.13738,51.53475],[-0.14,51.53757]]]}},{"type":"Feature","properties":{"ward":"Swiss Cottage","code":"E05000144","borough":"Camden"},"geometry":{"type":"Polygon","coordinates":[[[-0.16496,51.53578],[-0.16954,51.5386],[-0.17089,51.53779],[-0.17198,51.53838],[-0.17351,51.53763],[-0.17414,51.5382],[-0.17392,51.53948],[-0.17835,51.53979],[-0.17943,51.54164],[-0.18036,51.54186],[-0.18509,51.5407],[-0.18738,51.54065],[-0.1923,51.54113],[-0.19323,51.54243],[-0.19269,51.54422],[-0.19197,51.54366],[-0.18939,51.54394],[-0.18973,51.54415],[-0.18957,51.54633],[-0.18875,51.54647],[-0.18875,51.54686],[-0.18168,51.54742],[-0.17954,51.54691],[-0.17834,51.5457],[-0.17608,51.54477],[-0.17492,51.54372],[-0.17307,51.54416],[-0.1712,51.54197],[-0.17039,51.54174],[-0.16223,51.54234],[-0.16121,51.54092],[-0.15985,51.54028],[-0.16167,51.53823],[-0.16049,51.53728],[-0.16496,51.53578]]]}},{"type":"Feature","properties":{"ward":"West Hampstead","code":"E05000145","borough":"Camden"},"geometry":{"type":"Polygon","coordinates":[[[-0.19269,51.54422],[-0.19234,51.54459],[-0.19384,51.54416],[-0.19647,51.54438],[-0.19714,51.54505],[-0.19674,51.54592],[-0.19779,51.54597],[-0.19788,51.54635],[-0.20193,51.54529],[-0.20374,51.54696],[-0.19989,51.54796],[-0.19782,51.54801],[-0.19765,51.54886],[-0.19829,51.549],[-0.19806,51.54942],[-0.19912,51.55155],[-0.19298,51.55223],[-0.19262,51.55193],[-0.18878,51.55295],[-0.18598,51.55227],[-0.18206,51.5498],[-0.17954,51.54691],[-0.18296,51.54746],[-0.18875,51.54686],[-0.18875,51.54647],[-0.18957,51.54633],[-0.18973,51.54415],[-0.18939,51.54394],[-0.18977,51.54364],[-0.19197,51.54366],[-0.19269,51.54422]]]}},{"type":"Feature","properties":{"ward":"Addiscombe","code":"E05000146","borough":"Croydon"},"geometry":{"type":"Polygon","coordinates":[[[-0.07092,51.3846],[-0.07286,51.3821],[-0.07355,51.37683],[-0.07475,51.37481],[-0.09096,51.37529],[-0.09267,51.37481],[-0.0922,51.37792],[-0.09057,51.38112],[-0.08743,51.38477],[-0.08234,51.38851],[-0.08114,51.38734],[-0.08049,51.38763],[-0.07928,51.38727],[-0.07799,51.38637],[-0.07358,51.38701],[-0.0725,51.38593],[-0.07164,51.38573],[-0.07092,51.3846]]]}},{"type":"Feature","properties":{"ward":"Ashburton","code":"E05000147","borough":"Croydon"},"geometry":{"type":"Polygon","coordinates":[[[-0.07475,51.37481],[-0.07355,51.37683],[-0.07286,51.3821],[-0.07224,51.38339],[-0.07092,51.3846],[-0.06365,51.38797],[-0.05351,51.39492],[-0.05173,51.394],[-0.05172,51.39358],[-0.04776,51.39304],[-0.04683,51.39185],[-0.04624,51.392],[-0.04371,51.38987],[-0.04177,51.38929],[-0.04199,51.38884],[-0.04141,51.38874],[-0.0415,51.38816],[-0.04455,51.3871],[-0.04363,51.38648],[-0.04344,51.38543],[-0.04303,51.38589],[-0.04185,51.38581],[-0.04194,51.38303],[-0.04375,51.38255],[-0.04572,51.38267],[-0.04624,51.38173],[-0.04676,51.3818],[-0.04655,51.38246],[-0.04705,51.38285],[-0.0487,51.38051],[-0.05072,51.38153],[-0.05468,51.38057],[-0.05489,51.38149],[-0.05542,51.38141],[-0.05623,51.38297],[-0.05707,51.38274],[-0.05712,51.38103],[-0.05779,51.37984],[-0.05742,51.37824],[-0.06099,51.3776],[-0.06002,51.37634],[-0.0695,51.37426],[-0.07293,51.37421],[-0.07475,51.37481]]]}},{"type":"Feature","properties":{"ward":"Bensham Manor","code":"E05000148","borough":"Croydon"},"geometry":{"type":"Polygon","coordinates":[[[-0.10397,51.38893],[-0.10713,51.39028],[-0.10723,51.39136],[-0.11073,51.39473],[-0.10845,51.3958],[-0.11226,51.39568],[-0.11318,51.39704],[-0.11528,51.3962],[-0.11862,51.4019],[-0.11378,51.4029],[-0.10996,51.40531],[-0.09822,51.39724],[-0.09313,51.39504],[-0.0937,51.39403],[-0.09562,51.39353],[-0.10397,51.38893]]]}},{"type":"Feature","properties":{"ward":"Broad Green","code":"E05000149","borough":"Croydon"},"geometry":{"type":"Polygon","coordinates":[[[-0.13263,51.39013],[-0.12109,51.38538],[-0.11569,51.38568],[-0.11112,51.38721],[-0.10761,51.38316],[-0.10426,51.38387],[-0.09853,51.38276],[-0.1003,51.38151],[-0.10274,51.3781],[-0.10041,51.37374],[-0.10351,51.3734],[-0.10598,51.37424],[-0.10702,51.37552],[-0.11057,51.37324],[-0.11388,51.37365],[-0.1137,51.37284],[-0.11572,51.37235],[-0.11647,51.37233],[-0.11686,51.3732],[-0.11784,51.37299],[-0.11737,51.37187],[-0.12336,51.37055],[-0.12334,51.37119],[-0.12477,51.37295],[-0.12474,51.37366],[-0.12785,51.37475],[-0.12667,51.37491],[-0.12687,51.37548],[-0.12583,51.3756],[-0.12696,51.37734],[-0.12808,51.3805],[-0.1303,51.38222],[-0.12866,51.38249],[-0.12953,51.38529],[-0.12876,51.38565],[-0.13066,51.38626],[-0.12949,51.38719],[-0.13326,51.38955],[-0.13263,51.39013]]]}},{"type":"Feature","properties":{"ward":"Coulsdon East","code":"E05000150","borough":"Croydon"},"geometry":{"type":"Polygon","coordinates":[[[-0.12861,51.32565],[-0.12902,51.32485],[-0.12828,51.32314],[-0.12769,51.32302],[-0.12814,51.3212],[-0.12563,51.32109],[-0.12168,51.3222],[-0.12084,51.32264],[-0.12073,51.3237],[-0.12029,51.32382],[-0.11724,51.31941],[-0.11685,51.31623],[-0.11527,51.31483],[-0.11456,51.31517],[-0.11355,51.31443],[-0.11223,51.31236],[-0.11011,51.31093],[-0.11045,51.31056],[-0.10967,51.30824],[-0.10729,51.30677],[-0.10388,51.30731],[-0.10275,51.30607],[-0.10378,51.30503],[-0.10357,51.30361],[-0.10045,51.30148],[-0.10056,51.3023],[-0.09727,51.3003],[-0.09435,51.29936],[-0.11108,51.29225],[-0.11485,51.29244],[-0.11462,51.29153],[-0.11701,51.28938],[-0.1178,51.2871],[-0.12432,51.28676],[-0.12608,51.28839],[-0.12631,51.28953],[-0.13056,51.29312],[-0.13149,51.29471],[-0.13114,51.29548],[-0.13446,51.29838],[-0.13635,51.29827],[-0.13734,51.30078],[-0.14088,51.29955],[-0.14286,51.29998],[-0.14359,51.30126],[-0.14565,51.29983],[-0.14848,51.30071],[-0.15002,51.30029],[-0.14363,51.31002],[-0.13883,51.31455],[-0.13387,51.32083],[-0.12861,51.32565]]]}},{"type":"Feature","properties":{"ward":"Coulsdon West","code":"E05000151","borough":"Croydon"},"geometry":{"type":"Polygon","coordinates":[[[-0.11979,51.33583],[-0.12461,51.33182],[-0.12768,51.32827],[-0.13049,51.3265],[-0.12861,51.32565],[-0.13387,51.32083],[-0.13883,51.31455],[-0.14363,51.31002],[-0.15002,51.30029],[-0.15339,51.30168],[-0.15534,51.30128],[-0.15671,51.30359],[-0.15776,51.30443],[-0.15454,51.30645],[-0.15719,51.30671],[-0.15434,51.31032],[-0.15836,51.31099],[-0.1572,51.31339],[-0.15934,51.31596],[-0.15961,51.31711],[-0.16051,51.31687],[-0.1612,51.31753],[-0.16191,51.31963],[-0.15273,51.32301],[-0.15209,51.32227],[-0.15059,51.32217],[-0.14559,51.3235],[-0.14427,51.32591],[-0.14445,51.32648],[-0.14933,51.32877],[-0.14407,51.33067],[-0.14562,51.33243],[-0.14755,51.33878],[-0.14453,51.33949],[-0.14427,51.33991],[-0.14237,51.33871],[-0.13834,51.33338],[-0.13902,51.33276],[-0.12436,51.33915],[-0.12321,51.33866],[-0.12087,51.33974],[-0.1173,51.33822],[-0.11979,51.33583]]]}},{"type":"Feature","properties":{"ward":"Croham","code":"E05000152","borough":"Croydon"},"geometry":{"type":"Polygon","coordinates":[[[-0.10666,51.34892],[-0.10537,51.35079],[-0.10468,51.35416],[-0.10307,51.35417],[-0.10008,51.35755],[-0.09782,51.35769],[-0.09849,51.36382],[-0.09612,51.36219],[-0.09344,51.36233],[-0.09305,51.36672],[-0.08282,51.36425],[-0.06915,51.36279],[-0.07085,51.36096],[-0.07686,51.3596],[-0.07722,51.35824],[-0.07905,51.35623],[-0.07961,51.35485],[-0.078,51.35425],[-0.07654,51.352],[-0.07421,51.34982],[-0.07818,51.34837],[-0.07716,51.34796],[-0.07918,51.3451],[-0.08106,51.34437],[-0.08212,51.34535],[-0.08405,51.34529],[-0.08698,51.34717],[-0.08872,51.34558],[-0.09116,51.34458],[-0.09601,51.3501],[-0.09756,51.34815],[-0.10076,51.34938],[-0.10299,51.34672],[-0.10357,51.34687],[-0.10359,51.34736],[-0.10504,51.34717],[-0.10542,51.34864],[-0.10666,51.34892]]]}},{"type":"Feature","properties":{"ward":"Fairfield","code":"E05000153","borough":"Croydon"},"geometry":{"type":"Polygon","coordinates":[[[-0.07475,51.37481],[-0.07293,51.37421],[-0.0695,51.37426],[-0.06379,51.37556],[-0.06347,51.37263],[-0.06418,51.37258],[-0.06421,51.37189],[-0.06367,51.37008],[-0.0651,51.36903],[-0.06483,51.36759],[-0.06522,51.36701],[-0.06654,51.36634],[-0.06666,51.36544],[-0.06854,51.36421],[-0.0676,51.36335],[-0.06888,51.36274],[-0.08282,51.36425],[-0.09305,51.36672],[-0.09344,51.36233],[-0.09612,51.36219],[-0.09849,51.36382],[-0.09909,51.36488],[-0.103,51.36816],[-0.10474,51.36916],[-0.10671,51.37135],[-0.10701,51.37236],[-0.10673,51.3751],[-0.10598,51.37424],[-0.10351,51.3734],[-0.10041,51.37374],[-0.10274,51.3781],[-0.1003,51.38151],[-0.09853,51.38276],[-0.09057,51.38112],[-0.0922,51.37792],[-0.09267,51.37481],[-0.09096,51.37529],[-0.07475,51.37481]]]}},{"type":"Feature","properties":{"ward":"Fieldway","code":"E05000154","borough":"Croydon"},"geometry":{"type":"Polygon","coordinates":[[[-0.02235,51.34803],[-0.02506,51.35234],[-0.03059,51.3556],[-0.02641,51.35796],[-0.02528,51.35721],[-0.01829,51.36125],[-0.01313,51.35721],[-0.01188,51.35728],[-0.00869,51.35583],[-0.00534,51.35258],[-0.00659,51.35327],[-0.0092,51.35356],[-0.00861,51.35204],[-0.0103,51.35068],[-0.01075,51.34812],[-0.01263,51.34718],[-0.01568,51.34719],[-0.01917,51.34624],[-0.01986,51.34719],[-0.02167,51.34708],[-0.02235,51.34803]]]}},{"type":"Feature","properties":{"ward":"Heathfield","code":"E05000155","borough":"Croydon"},"geometry":{"type":"Polygon","coordinates":[[[-0.06379,51.37556],[-0.06002,51.37634],[-0.06099,51.3776],[-0.05398,51.37852],[-0.05216,51.37577],[-0.05328,51.37479],[-0.05297,51.37406],[-0.04536,51.37545],[-0.04631,51.37401],[-0.04512,51.37385],[-0.04469,51.37288],[-0.04393,51.37289],[-0.04322,51.37112],[-0.04388,51.37085],[-0.04335,51.36984],[-0.04451,51.3694],[-0.04058,51.36723],[-0.03957,51.36768],[-0.03578,51.36698],[-0.03192,51.36706],[-0.03151,51.36679],[-0.0316,51.36606],[-0.02437,51.3648],[-0.02227,51.36588],[-0.01893,51.36279],[-0.01829,51.36125],[-0.02528,51.35721],[-0.02641,51.35796],[-0.03059,51.3556],[-0.02506,51.35234],[-0.02235,51.34803],[-0.02621,51.34744],[-0.02853,51.34775],[-0.02247,51.34266],[-0.02214,51.34124],[-0.02027,51.34148],[-0.02085,51.34092],[-0.01861,51.33954],[-0.01749,51.3381],[-0.0156,51.33661],[-0.01427,51.33659],[-0.01482,51.3359],[-0.01336,51.33497],[-0.0116,51.33527],[-0.01254,51.33451],[-0.01069,51.33309],[-0.01191,51.33289],[-0.01363,51.33153],[-0.01436,51.3298],[-0.01597,51.33201],[-0.01706,51.3329],[-0.01781,51.33293],[-0.02058,51.33714],[-0.02208,51.3381],[-0.02598,51.33856],[-0.0328,51.33744],[-0.03799,51.33864],[-0.03985,51.3396],[-0.04358,51.3436],[-0.04569,51.34414],[-0.04995,51.3465],[-0.04842,51.34706],[-0.04881,51.34775],[-0.05216,51.3474],[-0.0531,51.3479],[-0.05601,51.34815],[-0.05794,51.35206],[-0.0545,51.3532],[-0.05452,51.35419],[-0.0573,51.35613],[-0.05913,51.35642],[-0.0589,51.35822],[-0.05659,51.35891],[-0.0622,51.35999],[-0.06417,51.36078],[-0.06511,51.36187],[-0.06888,51.36274],[-0.0676,51.36335],[-0.06854,51.36421],[-0.06666,51.36544],[-0.06654,51.36634],[-0.06522,51.36701],[-0.06483,51.36759],[-0.0651,51.36903],[-0.06367,51.37008],[-0.06421,51.37189],[-0.06418,51.37258],[-0.06347,51.37263],[-0.06379,51.37556]]]}},{"type":"Feature","properties":{"ward":"Kenley","code":"E05000156","borough":"Croydon"},"geometry":{"type":"Polygon","coordinates":[[[-0.09727,51.3003],[-0.10056,51.3023],[-0.10045,51.30148],[-0.10357,51.30361],[-0.10378,51.30503],[-0.10275,51.30607],[-0.10388,51.30731],[-0.10729,51.30677],[-0.10967,51.30824],[-0.11045,51.31056],[-0.11011,51.31093],[-0.11223,51.31236],[-0.11355,51.31443],[-0.11456,51.31517],[-0.11527,51.31483],[-0.11685,51.31623],[-0.11724,51.31941],[-0.12029,51.32382],[-0.12073,51.3237],[-0.12084,51.32264],[-0.12168,51.3222],[-0.12563,51.32109],[-0.12814,51.3212],[-0.12769,51.32302],[-0.12828,51.32314],[-0.12902,51.32485],[-0.12861,51.32565],[-0.13049,51.3265],[-0.12768,51.32827],[-0.12461,51.33182],[-0.11979,51.33583],[-0.11774,51.33497],[-0.11528,51.33652],[-0.11601,51.3353],[-0.11569,51.33401],[-0.11262,51.33159],[-0.11036,51.32858],[-0.10934,51.32899],[-0.10959,51.32963],[-0.1085,51.33008],[-0.10813,51.32975],[-0.10788,51.33014],[-0.10409,51.33067],[-0.1041,51.32838],[-0.10103,51.32946],[-0.09989,51.32831],[-0.0891,51.32319],[-0.08412,51.31794],[-0.08362,51.31638],[-0.08483,51.31587],[-0.08192,51.31261],[-0.08196,51.31065],[-0.0866,51.30886],[-0.08885,51.30722],[-0.08876,51.30511],[-0.08973,51.30398],[-0.09074,51.30395],[-0.0912,51.30339],[-0.0912,51.30147],[-0.09441,51.30061],[-0.09606,51.30152],[-0.0974,51.30112],[-0.09727,51.3003]]]}},{"type":"Feature","properties":{"ward":"New Addington","code":"E05000157","borough":"Croydon"},"geometry":{"type":"Polygon","coordinates":[[[-0.00534,51.35258],[0.00084,51.33359],[0.00328,51.33216],[0.00227,51.32914],[-0.00053,51.32878],[-0.00171,51.33031],[-0.00724,51.33339],[-0.00715,51.33369],[-0.0109,51.33363],[-0.01254,51.33451],[-0.01183,51.33543],[-0.01336,51.33497],[-0.01499,51.33611],[-0.01427,51.33659],[-0.0156,51.33661],[-0.01861,51.33954],[-0.02085,51.34092],[-0.02027,51.34148],[-0.02214,51.34124],[-0.02247,51.34266],[-0.02853,51.34775],[-0.02621,51.34744],[-0.02235,51.34803],[-0.02167,51.34708],[-0.01986,51.34719],[-0.01917,51.34624],[-0.01568,51.34719],[-0.01263,51.34718],[-0.01075,51.34812],[-0.0103,51.35068],[-0.00861,51.35204],[-0.0092,51.35356],[-0.00659,51.35327],[-0.00534,51.35258]]]}},{"type":"Feature","properties":{"ward":"Norbury","code":"E05000158","borough":"Croydon"},"geometry":{"type":"Polygon","coordinates":[[[-0.12542,51.39882],[-0.12799,51.4017],[-0.13051,51.40328],[-0.13153,51.40493],[-0.13248,51.40841],[-0.13196,51.40846],[-0.13209,51.40917],[-0.12948,51.40957],[-0.12819,51.41093],[-0.12775,51.41232],[-0.12626,51.41293],[-0.12579,51.41263],[-0.12447,51.41337],[-0.12407,51.41461],[-0.12248,51.41503],[-0.11985,51.41881],[-0.11572,51.42058],[-0.11269,51.42324],[-0.10599,51.42258],[-0.10663,51.41963],[-0.10544,51.41902],[-0.10543,51.41855],[-0.10645,51.41781],[-0.10617,51.41759],[-0.11001,51.41543],[-0.10925,51.41537],[-0.10989,51.41492],[-0.10863,51.4134],[-0.11116,51.41239],[-0.11181,51.41268],[-0.11358,51.41114],[-0.11536,51.41033],[-0.11498,51.41001],[-0.11556,51.40971],[-0.11486,51.4093],[-0.11553,51.40875],[-0.10996,51.40531],[-0.11378,51.4029],[-0.11862,51.4019],[-0.12542,51.39882]]]}},{"type":"Feature","properties":{"ward":"Purley","code":"E05000159","borough":"Croydon"},"geometry":{"type":"Polygon","coordinates":[[[-0.10666,51.34892],[-0.10542,51.34864],[-0.10504,51.34717],[-0.10359,51.34736],[-0.10357,51.34687],[-0.10299,51.34672],[-0.10076,51.34938],[-0.09756,51.34815],[-0.09601,51.3501],[-0.09389,51.34749],[-0.10006,51.33892],[-0.10059,51.33652],[-0.09997,51.33337],[-0.10189,51.33287],[-0.10296,51.33316],[-0.10167,51.33135],[-0.10211,51.33069],[-0.10103,51.32946],[-0.1041,51.32838],[-0.10409,51.33067],[-0.10788,51.33014],[-0.10813,51.32975],[-0.1085,51.33008],[-0.10959,51.32963],[-0.10934,51.32899],[-0.11036,51.32858],[-0.11262,51.33159],[-0.11569,51.33401],[-0.11601,51.3353],[-0.11528,51.33652],[-0.11774,51.33497],[-0.11979,51.33583],[-0.1173,51.33822],[-0.12087,51.33974],[-0.12321,51.33866],[-0.12436,51.33915],[-0.13902,51.33276],[-0.13834,51.33338],[-0.13961,51.3355],[-0.14237,51.33871],[-0.14427,51.33991],[-0.14346,51.34056],[-0.1446,51.34209],[-0.14421,51.34229],[-0.13673,51.34476],[-0.13251,51.3443],[-0.13289,51.34544],[-0.13113,51.34547],[-0.13143,51.34602],[-0.12899,51.34659],[-0.12837,51.34745],[-0.12735,51.34719],[-0.12686,51.34486],[-0.11866,51.3458],[-0.11731,51.34568],[-0.1172,51.34504],[-0.11405,51.34571],[-0.11428,51.34745],[-0.11365,51.34882],[-0.11138,51.34875],[-0.11134,51.34989],[-0.10709,51.34905],[-0.10772,51.34838],[-0.10724,51.34821],[-0.10666,51.34892]]]}},{"type":"Feature","properties":{"ward":"Sanderstead","code":"E05000160","borough":"Croydon"},"geometry":{"type":"Polygon","coordinates":[[[-0.08358,51.31668],[-0.08412,51.31794],[-0.0891,51.32319],[-0.09989,51.32831],[-0.10211,51.33069],[-0.10167,51.33135],[-0.10296,51.33316],[-0.10189,51.33287],[-0.09997,51.33337],[-0.10059,51.33652],[-0.10006,51.33892],[-0.09389,51.34749],[-0.09116,51.34458],[-0.08872,51.34558],[-0.08698,51.34717],[-0.08405,51.34529],[-0.08212,51.34535],[-0.08106,51.34437],[-0.07918,51.3451],[-0.07944,51.3447],[-0.07837,51.34307],[-0.07732,51.34325],[-0.07643,51.3414],[-0.07519,51.34031],[-0.0707,51.34161],[-0.06937,51.34287],[-0.06834,51.34224],[-0.0694,51.34199],[-0.06895,51.34084],[-0.06976,51.34046],[-0.06847,51.3394],[-0.07137,51.33884],[-0.07347,51.33746],[-0.07272,51.3365],[-0.07277,51.33577],[-0.07331,51.33581],[-0.07313,51.33504],[-0.06976,51.33209],[-0.06809,51.33294],[-0.06746,51.33255],[-0.06822,51.33218],[-0.06769,51.3317],[-0.06555,51.33266],[-0.06395,51.33068],[-0.05869,51.33055],[-0.05523,51.32483],[-0.05628,51.32166],[-0.05842,51.32038],[-0.06068,51.32007],[-0.06402,51.31864],[-0.07006,51.31889],[-0.07104,51.32123],[-0.07895,51.31977],[-0.07886,51.31809],[-0.08022,51.31782],[-0.08157,51.3167],[-0.08358,51.31668]]]}},{"type":"Feature","properties":{"ward":"Selhurst","code":"E05000161","borough":"Croydon"},"geometry":{"type":"Polygon","coordinates":[[[-0.09313,51.39504],[-0.09251,51.39638],[-0.09284,51.3975],[-0.08579,51.39977],[-0.08175,51.39668],[-0.07966,51.39393],[-0.07709,51.39323],[-0.0789,51.39105],[-0.08743,51.38477],[-0.09057,51.38112],[-0.10426,51.38387],[-0.10761,51.38316],[-0.11069,51.38647],[-0.10372,51.38867],[-0.10397,51.38893],[-0.09562,51.39353],[-0.0937,51.39403],[-0.09313,51.39504]]]}},{"type":"Feature","properties":{"ward":"Selsdon and Ballards","code":"E05000162","borough":"Croydon"},"geometry":{"type":"Polygon","coordinates":[[[-0.05628,51.32166],[-0.05523,51.32483],[-0.05869,51.33055],[-0.06395,51.33068],[-0.06555,51.33266],[-0.06769,51.3317],[-0.06822,51.33218],[-0.06746,51.33255],[-0.06809,51.33294],[-0.06976,51.33209],[-0.07313,51.33504],[-0.07331,51.33581],[-0.07277,51.33577],[-0.07272,51.3365],[-0.07347,51.33746],[-0.07137,51.33884],[-0.06847,51.3394],[-0.06976,51.34046],[-0.06895,51.34084],[-0.0694,51.34199],[-0.06834,51.34224],[-0.06937,51.34287],[-0.0707,51.34161],[-0.07519,51.34031],[-0.07643,51.3414],[-0.07732,51.34325],[-0.07837,51.34307],[-0.07944,51.3447],[-0.07716,51.34796],[-0.07818,51.34837],[-0.07421,51.34982],[-0.07654,51.352],[-0.078,51.35425],[-0.07961,51.35485],[-0.078,51.35777],[-0.07722,51.35824],[-0.07686,51.3596],[-0.07085,51.36096],[-0.06915,51.36279],[-0.06511,51.36187],[-0.06417,51.36078],[-0.0622,51.35999],[-0.05659,51.35891],[-0.0589,51.35822],[-0.05913,51.35642],[-0.0573,51.35613],[-0.05452,51.35419],[-0.0545,51.3532],[-0.05794,51.35206],[-0.05601,51.34815],[-0.0531,51.3479],[-0.05216,51.3474],[-0.04881,51.34775],[-0.04842,51.34706],[-0.04995,51.3465],[-0.04569,51.34414],[-0.04358,51.3436],[-0.03985,51.3396],[-0.03799,51.33864],[-0.03984,51.33723],[-0.04199,51.33381],[-0.04658,51.33348],[-0.05029,51.33264],[-0.0501,51.33205],[-0.05107,51.33159],[-0.05111,51.33085],[-0.04878,51.32872],[-0.0491,51.32861],[-0.04785,51.32651],[-0.0479,51.32525],[-0.04979,51.32527],[-0.05129,51.32344],[-0.05133,51.32245],[-0.05251,51.32238],[-0.05491,51.32126],[-0.05628,51.32166]]]}},{"type":"Feature","properties":{"ward":"Shirley","code":"E05000163","borough":"Croydon"},"geometry":{"type":"Polygon","coordinates":[[[-0.05742,51.37824],[-0.05779,51.37984],[-0.05712,51.38103],[-0.05707,51.38274],[-0.05623,51.38297],[-0.05542,51.38141],[-0.05489,51.38149],[-0.05468,51.38057],[-0.05072,51.38153],[-0.0487,51.38051],[-0.04705,51.38285],[-0.04655,51.38246],[-0.04676,51.3818],[-0.04624,51.38173],[-0.04572,51.38267],[-0.04375,51.38255],[-0.04194,51.38303],[-0.04185,51.38581],[-0.04303,51.38589],[-0.04344,51.38543],[-0.04363,51.38648],[-0.04455,51.3871],[-0.0415,51.38816],[-0.04141,51.38874],[-0.04199,51.38884],[-0.04177,51.38929],[-0.03653,51.38846],[-0.0379,51.38323],[-0.03693,51.37895],[-0.03635,51.379],[-0.03695,51.37701],[-0.02983,51.37733],[-0.02827,51.3782],[-0.02804,51.37936],[-0.02682,51.37938],[-0.02615,51.37645],[-0.02359,51.37222],[-0.02382,51.37132],[-0.02312,51.36701],[-0.0245,51.36678],[-0.02359,51.36529],[-0.02437,51.3648],[-0.02709,51.36503],[-0.0316,51.36606],[-0.03151,51.36679],[-0.03192,51.36706],[-0.03578,51.36698],[-0.03957,51.36768],[-0.04058,51.36723],[-0.04451,51.3694],[-0.04335,51.36984],[-0.04388,51.37085],[-0.04322,51.37112],[-0.04393,51.37289],[-0.04469,51.37288],[-0.04512,51.37385],[-0.04631,51.37401],[-0.04536,51.37545],[-0.05297,51.37406],[-0.05328,51.37479],[-0.05216,51.37577],[-0.05398,51.37852],[-0.05742,51.37824]]]}},{"type":"Feature","properties":{"ward":"South Norwood","code":"E05000164","borough":"Croydon"},"geometry":{"type":"Polygon","coordinates":[[[-0.07709,51.39323],[-0.07966,51.39393],[-0.08175,51.39668],[-0.08579,51.39977],[-0.08402,51.40164],[-0.08636,51.40227],[-0.08744,51.40323],[-0.08301,51.40544],[-0.08483,51.40663],[-0.08661,51.40867],[-0.08703,51.41031],[-0.08832,51.4123],[-0.09001,51.41309],[-0.08908,51.41407],[-0.09017,51.41438],[-0.08861,51.41556],[-0.08702,51.41428],[-0.08503,51.41623],[-0.08644,51.4168],[-0.08396,51.41744],[-0.08176,51.41646],[-0.08099,51.4171],[-0.08048,51.41557],[-0.07653,51.41444],[-0.07276,51.41269],[-0.07349,51.41106],[-0.07329,51.40924],[-0.07232,51.40791],[-0.06977,51.40576],[-0.0686,51.40384],[-0.0645,51.40204],[-0.06464,51.40172],[-0.06311,51.40095],[-0.06656,51.39979],[-0.06639,51.39881],[-0.06899,51.39857],[-0.07094,51.3976],[-0.07058,51.39738],[-0.07088,51.39722],[-0.07365,51.39903],[-0.07709,51.39323]]]}},{"type":"Feature","properties":{"ward":"Thornton Heath","code":"E05000165","borough":"Croydon"},"geometry":{"type":"Polygon","coordinates":[[[-0.09313,51.39504],[-0.09822,51.39724],[-0.11002,51.40535],[-0.10528,51.40749],[-0.09877,51.40839],[-0.09478,51.41038],[-0.09441,51.41023],[-0.09476,51.4096],[-0.0903,51.40846],[-0.08941,51.40744],[-0.08661,51.40867],[-0.08483,51.40663],[-0.08301,51.40544],[-0.08744,51.40323],[-0.08636,51.40227],[-0.08402,51.40164],[-0.0868,51.39915],[-0.09284,51.3975],[-0.09251,51.39638],[-0.09313,51.39504]]]}},{"type":"Feature","properties":{"ward":"Upper Norwood","code":"E05000166","borough":"Croydon"},"geometry":{"type":"Polygon","coordinates":[[[-0.09691,51.42267],[-0.09273,51.42254],[-0.08643,51.41931],[-0.07855,51.41985],[-0.08176,51.41646],[-0.08396,51.41744],[-0.08582,51.41701],[-0.08644,51.4168],[-0.08503,51.41623],[-0.08702,51.41428],[-0.08861,51.41556],[-0.09017,51.41438],[-0.08908,51.41407],[-0.09001,51.41309],[-0.08832,51.4123],[-0.08703,51.41031],[-0.08661,51.40867],[-0.08941,51.40744],[-0.0903,51.40846],[-0.09476,51.4096],[-0.09441,51.41023],[-0.09478,51.41038],[-0.09877,51.40839],[-0.10528,51.40749],[-0.11002,51.40535],[-0.11553,51.40875],[-0.11486,51.4093],[-0.11556,51.40971],[-0.11498,51.41001],[-0.11536,51.41033],[-0.11358,51.41114],[-0.11181,51.41268],[-0.11116,51.41239],[-0.10863,51.4134],[-0.10989,51.41492],[-0.10925,51.41537],[-0.11001,51.41543],[-0.10617,51.41759],[-0.10645,51.41781],[-0.10543,51.41855],[-0.10544,51.41902],[-0.10663,51.41963],[-0.10599,51.42258],[-0.09691,51.42267]]]}},{"type":"Feature","properties":{"ward":"Waddon","code":"E05000167","borough":"Croydon"},"geometry":{"type":"Polygon","coordinates":[[[-0.10673,51.3751],[-0.10671,51.37135],[-0.10474,51.36916],[-0.09909,51.36488],[-0.09849,51.36382],[-0.09782,51.35769],[-0.10008,51.35755],[-0.10307,51.35417],[-0.10468,51.35416],[-0.10537,51.35079],[-0.10724,51.34821],[-0.10772,51.34838],[-0.10709,51.34905],[-0.11134,51.34989],[-0.11138,51.34875],[-0.11365,51.34882],[-0.11428,51.34745],[-0.11405,51.34571],[-0.1172,51.34504],[-0.11699,51.34666],[-0.11737,51.34664],[-0.11912,51.35314],[-0.12018,51.35305],[-0.12143,51.35773],[-0.1242,51.35743],[-0.12472,51.35887],[-0.12186,51.35906],[-0.12293,51.35992],[-0.12184,51.35999],[-0.12205,51.36098],[-0.12138,51.36107],[-0.12128,51.36312],[-0.12093,51.36331],[-0.1213,51.36473],[-0.12237,51.36453],[-0.12411,51.3654],[-0.12209,51.36581],[-0.12336,51.37055],[-0.11737,51.37187],[-0.11784,51.37299],[-0.11686,51.3732],[-0.11647,51.37233],[-0.11572,51.37235],[-0.1137,51.37284],[-0.11388,51.37365],[-0.11057,51.37324],[-0.10702,51.37552],[-0.10673,51.3751]]]}},{"type":"Feature","properties":{"ward":"West Thornton","code":"E05000168","borough":"Croydon"},"geometry":{"type":"Polygon","coordinates":[[[-0.12542,51.39882],[-0.11862,51.4019],[-0.11528,51.3962],[-0.11318,51.39704],[-0.11226,51.39568],[-0.10845,51.3958],[-0.11073,51.39473],[-0.10723,51.39136],[-0.10713,51.39028],[-0.10372,51.38867],[-0.11069,51.38647],[-0.11112,51.38721],[-0.11569,51.38568],[-0.12109,51.38538],[-0.13438,51.39089],[-0.12876,51.39348],[-0.12969,51.39365],[-0.12415,51.39762],[-0.12572,51.39831],[-0.12542,51.39882]]]}},{"type":"Feature","properties":{"ward":"Woodside","code":"E05000169","borough":"Croydon"},"geometry":{"type":"Polygon","coordinates":[[[-0.07092,51.3846],[-0.07164,51.38573],[-0.0725,51.38593],[-0.07358,51.38701],[-0.07799,51.38637],[-0.07928,51.38727],[-0.08049,51.38763],[-0.08114,51.38734],[-0.08234,51.38851],[-0.0789,51.39105],[-0.07709,51.39323],[-0.07365,51.39903],[-0.07088,51.39722],[-0.07058,51.39738],[-0.07094,51.3976],[-0.06899,51.39857],[-0.06639,51.39881],[-0.06656,51.39979],[-0.06311,51.40095],[-0.06378,51.40156],[-0.06219,51.40153],[-0.06018,51.39955],[-0.06059,51.39912],[-0.05299,51.40146],[-0.05065,51.39956],[-0.05213,51.39829],[-0.05086,51.39772],[-0.05047,51.39804],[-0.05098,51.39713],[-0.05351,51.39492],[-0.06365,51.38797],[-0.07092,51.3846]]]}},{"type":"Feature","properties":{"ward":"Acton Central","code":"E05000170","borough":"Ealing"},"geometry":{"type":"Polygon","coordinates":[[[-0.28839,51.5149],[-0.28864,51.51512],[-0.28436,51.51574],[-0.27178,51.52443],[-0.27038,51.52394],[-0.27006,51.52297],[-0.26916,51.52275],[-0.26803,51.51948],[-0.26514,51.51934],[-0.26644,51.51725],[-0.26188,51.51843],[-0.26131,51.51758],[-0.26185,51.5174],[-0.26158,51.51691],[-0.26058,51.51619],[-0.25994,51.51651],[-0.25913,51.51612],[-0.26157,51.51225],[-0.26372,51.50652],[-0.26941,51.5068],[-0.27358,51.50791],[-0.27418,51.50821],[-0.27395,51.50883],[-0.27493,51.51008],[-0.27435,51.51022],[-0.27491,51.51087],[-0.27313,51.51],[-0.27268,51.51044],[-0.27942,51.51454],[-0.28235,51.51384],[-0.28243,51.51505],[-0.28839,51.5149]]]}},{"type":"Feature","properties":{"ward":"Cleveland","code":"E05000171","borough":"Ealing"},"geometry":{"type":"Polygon","coordinates":[[[-0.30846,51.52281],[-0.31149,51.52131],[-0.31619,51.52198],[-0.3172,51.52128],[-0.32307,51.52082],[-0.3226,51.51709],[-0.31972,51.51353],[-0.3358,51.51207],[-0.33123,51.51302],[-0.32978,51.51457],[-0.33027,51.51693],[-0.33076,51.51692],[-0.33134,51.52039],[-0.33194,51.52063],[-0.33226,51.52133],[-0.3319,51.52145],[-0.33465,51.52704],[-0.3336,51.52726],[-0.33414,51.52834],[-0.33282,51.52869],[-0.33244,51.53084],[-0.33125,51.53145],[-0.32769,51.53095],[-0.32794,51.53026],[-0.32596,51.52894],[-0.32477,51.52921],[-0.32444,51.52993],[-0.32345,51.53019],[-0.32361,51.53094],[-0.32221,51.53159],[-0.32012,51.53094],[-0.32005,51.52997],[-0.31874,51.52882],[-0.31586,51.52922],[-0.31543,51.53047],[-0.3139,51.53121],[-0.31272,51.531],[-0.31322,51.53008],[-0.31137,51.53043],[-0.31135,51.52978],[-0.31009,51.52965],[-0.30905,51.52748],[-0.30846,51.52281]]]}},{"type":"Feature","properties":{"ward":"Dormers Wells","code":"E05000172","borough":"Ealing"},"geometry":{"type":"Polygon","coordinates":[[[-0.38029,51.51644],[-0.36981,51.51516],[-0.36898,51.51763],[-0.36416,51.52376],[-0.35982,51.5243],[-0.35722,51.52381],[-0.35762,51.52313],[-0.35405,51.52254],[-0.35443,51.52118],[-0.35366,51.52112],[-0.35304,51.52182],[-0.35112,51.52157],[-0.34846,51.51888],[-0.34829,51.5178],[-0.34926,51.51673],[-0.34825,51.5157],[-0.34908,51.51431],[-0.35076,51.51413],[-0.35069,51.51342],[-0.34979,51.5131],[-0.34999,51.51257],[-0.35169,51.51223],[-0.35064,51.51135],[-0.34619,51.5116],[-0.34384,51.51101],[-0.3548,51.50942],[-0.36695,51.51131],[-0.37159,51.5107],[-0.37557,51.51121],[-0.37555,51.51162],[-0.37631,51.51175],[-0.38014,51.5118],[-0.3803,51.5129],[-0.38081,51.51295],[-0.38029,51.51644]]]}},{"type":"Feature","properties":{"ward":"Ealing Broadway","code":"E05000173","borough":"Ealing"},"geometry":{"type":"Polygon","coordinates":[[[-0.30846,51.52281],[-0.30696,51.52184],[-0.30205,51.52318],[-0.29881,51.52308],[-0.29874,51.52256],[-0.29708,51.52248],[-0.29649,51.52041],[-0.29686,51.52041],[-0.29715,51.51936],[-0.2982,51.51934],[-0.29908,51.5179],[-0.29851,51.51774],[-0.29904,51.51706],[-0.30166,51.51575],[-0.29922,51.51543],[-0.29902,51.51381],[-0.30036,51.51406],[-0.29965,51.51116],[-0.30559,51.51042],[-0.30542,51.51096],[-0.30764,51.51141],[-0.30808,51.51273],[-0.3195,51.5109],[-0.31972,51.51353],[-0.3226,51.51709],[-0.32307,51.52082],[-0.3172,51.52128],[-0.31619,51.52198],[-0.31149,51.52131],[-0.30846,51.52281]]]}},{"type":"Feature","properties":{"ward":"Ealing Common","code":"E05000174","borough":"Ealing"},"geometry":{"type":"Polygon","coordinates":[[[-0.28839,51.5149],[-0.28773,51.51383],[-0.28822,51.51061],[-0.28732,51.50736],[-0.28548,51.50566],[-0.28052,51.50309],[-0.28507,51.50098],[-0.28681,51.50066],[-0.29405,51.50156],[-0.30072,51.49935],[-0.30583,51.49833],[-0.30702,51.50295],[-0.30693,51.50419],[-0.30577,51.50478],[-0.30518,51.50573],[-0.30559,51.51042],[-0.29965,51.51116],[-0.30036,51.51406],[-0.29902,51.51381],[-0.29922,51.51543],[-0.29155,51.51648],[-0.2916,51.5159],[-0.28981,51.5157],[-0.28839,51.5149]]]}},{"type":"Feature","properties":{"ward":"East Acton","code":"E05000175","borough":"Ealing"},"geometry":{"type":"Polygon","coordinates":[[[-0.27851,51.51975],[-0.27982,51.52047],[-0.28052,51.52149],[-0.2806,51.52355],[-0.28362,51.52354],[-0.2841,51.5269],[-0.28298,51.52884],[-0.28048,51.52841],[-0.27146,51.52995],[-0.26902,51.52974],[-0.26661,51.53051],[-0.26488,51.53164],[-0.26485,51.53218],[-0.26043,51.53453],[-0.25781,51.53534],[-0.25645,51.53494],[-0.25605,51.53395],[-0.25077,51.53418],[-0.24716,51.53344],[-0.24631,51.53275],[-0.24699,51.53178],[-0.24527,51.53121],[-0.24696,51.53073],[-0.24964,51.52907],[-0.25047,51.52834],[-0.25007,51.5282],[-0.25062,51.52778],[-0.2503,51.52718],[-0.25264,51.52478],[-0.25192,51.52224],[-0.25031,51.52016],[-0.2506,51.51854],[-0.249,51.51388],[-0.24665,51.51125],[-0.24509,51.50674],[-0.24651,51.50673],[-0.2457,51.50463],[-0.25105,51.50464],[-0.2513,51.5067],[-0.26372,51.50652],[-0.26157,51.51225],[-0.25913,51.51612],[-0.25994,51.51651],[-0.26058,51.51619],[-0.26158,51.51691],[-0.26185,51.5174],[-0.26131,51.51758],[-0.26188,51.51843],[-0.26644,51.51725],[-0.26514,51.51934],[-0.26803,51.51948],[-0.26916,51.52275],[-0.27006,51.52297],[-0.27038,51.52394],[-0.27178,51.52443],[-0.27851,51.51975]]]}},{"type":"Feature","properties":{"ward":"Elthorne","code":"E05000176","borough":"Ealing"},"geometry":{"type":"Polygon","coordinates":[[[-0.33545,51.49621],[-0.33947,51.49844],[-0.34438,51.50261],[-0.34358,51.50334],[-0.34532,51.50497],[-0.34362,51.50596],[-0.34368,51.50697],[-0.34288,51.50857],[-0.34384,51.51101],[-0.31972,51.51353],[-0.3195,51.5109],[-0.3292,51.50959],[-0.32617,51.50396],[-0.33107,51.50241],[-0.32487,51.49593],[-0.32616,51.49503],[-0.32742,51.49604],[-0.32998,51.49508],[-0.33545,51.49621]]]}},{"type":"Feature","properties":{"ward":"Greenford Broadway","code":"E05000177","borough":"Ealing"},"geometry":{"type":"Polygon","coordinates":[[[-0.37638,51.52889],[-0.38099,51.52941],[-0.38011,51.53023],[-0.37908,51.53238],[-0.37897,51.53281],[-0.38041,51.53274],[-0.3788,51.53642],[-0.37727,51.53614],[-0.3771,51.53796],[-0.37524,51.53768],[-0.37469,51.5391],[-0.37594,51.53952],[-0.37444,51.54175],[-0.36958,51.5404],[-0.35629,51.53809],[-0.35689,51.537],[-0.35868,51.53617],[-0.35831,51.53457],[-0.3591,51.5318],[-0.35398,51.5317],[-0.35321,51.53128],[-0.35258,51.53186],[-0.35132,51.53141],[-0.35161,51.53108],[-0.35031,51.53096],[-0.34753,51.53443],[-0.34495,51.53225],[-0.34587,51.53165],[-0.34516,51.53124],[-0.34443,51.52969],[-0.34495,51.5288],[-0.34472,51.52812],[-0.34552,51.52746],[-0.34764,51.52765],[-0.34939,51.52683],[-0.34894,51.52426],[-0.35112,51.52157],[-0.35304,51.52182],[-0.35366,51.52112],[-0.35443,51.52118],[-0.35405,51.52254],[-0.35762,51.52313],[-0.35638,51.52463],[-0.35735,51.52544],[-0.35596,51.5267],[-0.36018,51.52821],[-0.36138,51.52761],[-0.36196,51.52773],[-0.36171,51.52822],[-0.36203,51.5283],[-0.36367,51.52853],[-0.36384,51.52814],[-0.36541,51.52874],[-0.36555,51.52841],[-0.36658,51.52857],[-0.36664,51.52899],[-0.36754,51.52872],[-0.36732,51.52936],[-0.36789,51.52975],[-0.36759,51.53052],[-0.36906,51.53076],[-0.36948,51.52931],[-0.37359,51.5291],[-0.37344,51.52947],[-0.37607,51.52985],[-0.37638,51.52889]]]}},{"type":"Feature","properties":{"ward":"Greenford Green","code":"E05000178","borough":"Ealing"},"geometry":{"type":"Polygon","coordinates":[[[-0.36581,51.53983],[-0.36524,51.54115],[-0.36141,51.54424],[-0.35621,51.54518],[-0.35906,51.54588],[-0.35897,51.54673],[-0.36019,51.54687],[-0.35962,51.54804],[-0.35763,51.54798],[-0.35777,51.54838],[-0.35443,51.5511],[-0.3557,51.55268],[-0.35516,51.55285],[-0.35558,51.55359],[-0.34721,51.55242],[-0.33777,51.55402],[-0.33909,51.55213],[-0.34135,51.54602],[-0.33859,51.5462],[-0.33773,51.54571],[-0.3357,51.54283],[-0.33159,51.54217],[-0.3318,51.54131],[-0.33097,51.53967],[-0.32999,51.53975],[-0.32967,51.53838],[-0.33397,51.5395],[-0.33703,51.53909],[-0.33802,51.53827],[-0.33829,51.53725],[-0.337,51.53441],[-0.34555,51.53597],[-0.34599,51.53522],[-0.34507,51.53503],[-0.34345,51.53275],[-0.34281,51.53293],[-0.34387,51.53207],[-0.34353,51.5317],[-0.34516,51.53124],[-0.34587,51.53165],[-0.34495,51.53225],[-0.34753,51.53443],[-0.35031,51.53096],[-0.35161,51.53108],[-0.35132,51.53141],[-0.35258,51.53186],[-0.35321,51.53128],[-0.35398,51.5317],[-0.3591,51.5318],[-0.35831,51.53457],[-0.35868,51.53617],[-0.35689,51.537],[-0.35629,51.53809],[-0.36581,51.53983]]]}},{"type":"Feature","properties":{"ward":"Hanger Hill","code":"E05000179","borough":"Ealing"},"geometry":{"type":"Polygon","coordinates":[[[-0.28249,51.53866],[-0.2778,51.53507],[-0.27901,51.53321],[-0.28095,51.53258],[-0.28151,51.53324],[-0.28354,51.53282],[-0.28404,51.53352],[-0.28939,51.53167],[-0.28575,51.52918],[-0.28298,51.52884],[-0.2841,51.5269],[-0.28362,51.52354],[-0.2806,51.52355],[-0.28052,51.52149],[-0.27982,51.52047],[-0.27851,51.51975],[-0.28436,51.51574],[-0.28864,51.51512],[-0.2916,51.5159],[-0.29155,51.51648],[-0.29753,51.51586],[-0.29752,51.5154],[-0.30124,51.51541],[-0.30166,51.51575],[-0.29904,51.51706],[-0.29851,51.51774],[-0.29908,51.5179],[-0.2982,51.51934],[-0.29715,51.51936],[-0.29686,51.52041],[-0.29649,51.52041],[-0.29708,51.52248],[-0.29874,51.52256],[-0.29881,51.52308],[-0.30205,51.52318],[-0.30696,51.52184],[-0.30846,51.52281],[-0.30905,51.52748],[-0.31009,51.52965],[-0.30903,51.52992],[-0.30878,51.53115],[-0.30815,51.53156],[-0.30351,51.53151],[-0.29956,51.53325],[-0.29659,51.53524],[-0.29329,51.53497],[-0.28675,51.53676],[-0.28249,51.53866]]]}},{"type":"Feature","properties":{"ward":"Hobbayne","code":"E05000180","borough":"Ealing"},"geometry":{"type":"Polygon","coordinates":[[[-0.34384,51.51101],[-0.34619,51.5116],[-0.35064,51.51135],[-0.35169,51.51223],[-0.34999,51.51257],[-0.34979,51.5131],[-0.35069,51.51342],[-0.35076,51.51413],[-0.34908,51.51431],[-0.34825,51.5157],[-0.34926,51.51673],[-0.34829,51.5178],[-0.34846,51.51888],[-0.35112,51.52157],[-0.34894,51.52426],[-0.34939,51.52683],[-0.34764,51.52765],[-0.34186,51.52756],[-0.34023,51.52817],[-0.33693,51.52791],[-0.33414,51.52834],[-0.3336,51.52726],[-0.33465,51.52704],[-0.3319,51.52145],[-0.33226,51.52133],[-0.33194,51.52063],[-0.33134,51.52039],[-0.33076,51.51692],[-0.33027,51.51693],[-0.32978,51.51457],[-0.33027,51.51364],[-0.33123,51.51302],[-0.3358,51.51207],[-0.34384,51.51101]]]}},{"type":"Feature","properties":{"ward":"Lady Margaret","code":"E05000181","borough":"Ealing"},"geometry":{"type":"Polygon","coordinates":[[[-0.38029,51.51644],[-0.3798,51.51686],[-0.38344,51.5175],[-0.38178,51.51863],[-0.37618,51.52491],[-0.37607,51.52985],[-0.37344,51.52947],[-0.37359,51.5291],[-0.36948,51.52931],[-0.36906,51.53076],[-0.36759,51.53052],[-0.36789,51.52975],[-0.36732,51.52936],[-0.36754,51.52872],[-0.36664,51.52899],[-0.36658,51.52857],[-0.36555,51.52841],[-0.36541,51.52874],[-0.36384,51.52814],[-0.36367,51.52853],[-0.36203,51.5283],[-0.36171,51.52822],[-0.36196,51.52773],[-0.36138,51.52761],[-0.36018,51.52821],[-0.35596,51.5267],[-0.35735,51.52544],[-0.35638,51.52463],[-0.35722,51.52381],[-0.36104,51.52436],[-0.36416,51.52376],[-0.36898,51.51763],[-0.36981,51.51516],[-0.38029,51.51644]]]}},{"type":"Feature","properties":{"ward":"Northfield","code":"E05000182","borough":"Ealing"},"geometry":{"type":"Polygon","coordinates":[[[-0.32487,51.49593],[-0.33107,51.50241],[-0.32243,51.50531],[-0.31712,51.49954],[-0.31675,51.49968],[-0.31701,51.49997],[-0.31531,51.5006],[-0.31533,51.50112],[-0.30702,51.50295],[-0.30583,51.49833],[-0.30072,51.49935],[-0.29755,51.49489],[-0.30111,51.49442],[-0.30136,51.49523],[-0.30585,51.49618],[-0.30544,51.49454],[-0.31192,51.49197],[-0.31394,51.49359],[-0.3151,51.49396],[-0.31448,51.49436],[-0.31573,51.49535],[-0.31529,51.49555],[-0.31579,51.4959],[-0.31921,51.49422],[-0.32343,51.4959],[-0.32487,51.49593]]]}},{"type":"Feature","properties":{"ward":"North Greenford","code":"E05000183","borough":"Ealing"},"geometry":{"type":"Polygon","coordinates":[[[-0.33159,51.54217],[-0.3357,51.54283],[-0.33773,51.54571],[-0.33859,51.5462],[-0.34135,51.54602],[-0.33909,51.55213],[-0.33777,51.55402],[-0.34721,51.55242],[-0.35062,51.5526],[-0.35558,51.55359],[-0.36074,51.55551],[-0.36177,51.55618],[-0.36225,51.55729],[-0.34755,51.55968],[-0.34398,51.55779],[-0.33832,51.55722],[-0.32702,51.55501],[-0.31778,51.55162],[-0.3126,51.54915],[-0.31149,51.54756],[-0.3086,51.54645],[-0.30712,51.54532],[-0.30889,51.54522],[-0.308,51.54443],[-0.30858,51.54324],[-0.31031,51.54447],[-0.31194,51.54472],[-0.31936,51.5432],[-0.32202,51.54183],[-0.32519,51.54232],[-0.32964,51.54165],[-0.33159,51.54217]]]}},{"type":"Feature","properties":{"ward":"Northolt Mandeville","code":"E05000184","borough":"Ealing"},"geometry":{"type":"Polygon","coordinates":[[[-0.36581,51.53983],[-0.37444,51.54175],[-0.38542,51.54549],[-0.39501,51.54802],[-0.39499,51.54876],[-0.39394,51.5487],[-0.38527,51.55117],[-0.37769,51.55469],[-0.37781,51.55499],[-0.37586,51.55306],[-0.37391,51.55391],[-0.37286,51.55372],[-0.36254,51.55603],[-0.36225,51.55729],[-0.36177,51.55618],[-0.36074,51.55551],[-0.35558,51.55359],[-0.35516,51.55285],[-0.3557,51.55268],[-0.35443,51.5511],[-0.35777,51.54838],[-0.35763,51.54798],[-0.35962,51.54804],[-0.36019,51.54687],[-0.35897,51.54673],[-0.35906,51.54588],[-0.35621,51.54518],[-0.36141,51.54424],[-0.36524,51.54115],[-0.36581,51.53983]]]}},{"type":"Feature","properties":{"ward":"Northolt West End","code":"E05000185","borough":"Ealing"},"geometry":{"type":"Polygon","coordinates":[[[-0.41853,51.54025],[-0.41615,51.54024],[-0.40485,51.54251],[-0.39527,51.54255],[-0.39624,51.54553],[-0.39656,51.54596],[-0.39789,51.54566],[-0.39872,51.54789],[-0.39489,51.54764],[-0.39501,51.54802],[-0.38542,51.54549],[-0.37444,51.54175],[-0.37594,51.53952],[-0.37469,51.5391],[-0.37524,51.53768],[-0.3771,51.53796],[-0.37727,51.53614],[-0.3788,51.53642],[-0.38041,51.53274],[-0.37897,51.53281],[-0.37908,51.53238],[-0.38011,51.53023],[-0.38099,51.52941],[-0.38664,51.53039],[-0.38712,51.52956],[-0.38928,51.5308],[-0.41108,51.53429],[-0.41183,51.53408],[-0.41348,51.53469],[-0.41385,51.53575],[-0.41534,51.53657],[-0.41748,51.53666],[-0.41755,51.53786],[-0.41938,51.53826],[-0.41959,51.53869],[-0.41816,51.53915],[-0.41951,51.54024],[-0.41853,51.54025]]]}},{"type":"Feature","properties":{"ward":"Norwood Green","code":"E05000186","borough":"Ealing"},"geometry":{"type":"Polygon","coordinates":[[[-0.34384,51.51101],[-0.34288,51.50857],[-0.34368,51.50697],[-0.34362,51.50596],[-0.34532,51.50497],[-0.34358,51.50334],[-0.34438,51.50261],[-0.33947,51.49844],[-0.33545,51.49621],[-0.34211,51.49604],[-0.3507,51.49911],[-0.35803,51.49779],[-0.363,51.49593],[-0.36538,51.49333],[-0.3658,51.49366],[-0.36838,51.4923],[-0.36792,51.49179],[-0.37187,51.49047],[-0.37195,51.49098],[-0.37381,51.49193],[-0.37584,51.4954],[-0.37789,51.49545],[-0.37785,51.49656],[-0.37613,51.49716],[-0.37678,51.49793],[-0.3765,51.50034],[-0.38272,51.50103],[-0.38224,51.50208],[-0.38023,51.50357],[-0.37876,51.50593],[-0.36617,51.50768],[-0.36695,51.51131],[-0.3548,51.50942],[-0.34384,51.51101]]]}},{"type":"Feature","properties":{"ward":"Perivale","code":"E05000187","borough":"Ealing"},"geometry":{"type":"Polygon","coordinates":[[[-0.33159,51.54217],[-0.32964,51.54165],[-0.32519,51.54232],[-0.32202,51.54183],[-0.31936,51.5432],[-0.31194,51.54472],[-0.31031,51.54447],[-0.30473,51.53986],[-0.30597,51.53943],[-0.30626,51.53423],[-0.3075,51.53307],[-0.30273,51.53198],[-0.30351,51.53151],[-0.30815,51.53156],[-0.30878,51.53115],[-0.30903,51.52992],[-0.31009,51.52965],[-0.31135,51.52978],[-0.31137,51.53043],[-0.31322,51.53008],[-0.31272,51.531],[-0.3139,51.53121],[-0.31543,51.53047],[-0.31586,51.52922],[-0.31874,51.52882],[-0.32005,51.52997],[-0.32012,51.53094],[-0.32221,51.53159],[-0.32361,51.53094],[-0.32345,51.53019],[-0.32444,51.52993],[-0.32477,51.52921],[-0.32596,51.52894],[-0.32794,51.53026],[-0.32769,51.53095],[-0.33125,51.53145],[-0.33244,51.53084],[-0.33282,51.52869],[-0.33693,51.52791],[-0.33863,51.52828],[-0.34186,51.52756],[-0.34552,51.52746],[-0.34472,51.52812],[-0.34495,51.5288],[-0.34443,51.52969],[-0.34516,51.53124],[-0.34353,51.5317],[-0.34387,51.53207],[-0.34281,51.53293],[-0.34345,51.53275],[-0.34507,51.53503],[-0.34599,51.53522],[-0.34555,51.53597],[-0.337,51.53441],[-0.33829,51.53725],[-0.33802,51.53827],[-0.33703,51.53909],[-0.33397,51.5395],[-0.32967,51.53838],[-0.32999,51.53975],[-0.33097,51.53967],[-0.3318,51.54131],[-0.33159,51.54217]]]}},{"type":"Feature","properties":{"ward":"South Acton","code":"E05000188","borough":"Ealing"},"geometry":{"type":"Polygon","coordinates":[[[-0.28078,51.50285],[-0.28052,51.50309],[-0.28548,51.50566],[-0.28732,51.50736],[-0.28822,51.51061],[-0.28773,51.51383],[-0.28839,51.5149],[-0.28243,51.51505],[-0.28235,51.51384],[-0.27942,51.51454],[-0.27268,51.51044],[-0.27313,51.51],[-0.27491,51.51087],[-0.27435,51.51022],[-0.27493,51.51008],[-0.27395,51.50883],[-0.27418,51.50821],[-0.27358,51.50791],[-0.26941,51.5068],[-0.26372,51.50652],[-0.26548,51.50375],[-0.26797,51.50123],[-0.27426,51.49729],[-0.2779,51.49949],[-0.28078,51.50285]]]}},{"type":"Feature","properties":{"ward":"Southall Broadway","code":"E05000189","borough":"Ealing"},"geometry":{"type":"Polygon","coordinates":[[[-0.40389,51.50292],[-0.39359,51.50697],[-0.39044,51.5132],[-0.38902,51.51474],[-0.38499,51.51636],[-0.38344,51.5175],[-0.3798,51.51686],[-0.38029,51.51644],[-0.38081,51.51295],[-0.3803,51.5129],[-0.38014,51.5118],[-0.37631,51.51175],[-0.37555,51.51162],[-0.37557,51.51121],[-0.37159,51.5107],[-0.36695,51.51131],[-0.36617,51.50768],[-0.39301,51.50389],[-0.40389,51.50292]]]}},{"type":"Feature","properties":{"ward":"Southall Green","code":"E05000190","borough":"Ealing"},"geometry":{"type":"Polygon","coordinates":[[[-0.40691,51.49969],[-0.40389,51.50292],[-0.39301,51.50389],[-0.37876,51.50593],[-0.38023,51.50357],[-0.38224,51.50208],[-0.38272,51.50103],[-0.3765,51.50034],[-0.37678,51.49793],[-0.37613,51.49716],[-0.38353,51.49482],[-0.38571,51.49464],[-0.40691,51.49969]]]}},{"type":"Feature","properties":{"ward":"Southfield","code":"E05000191","borough":"Ealing"},"geometry":{"type":"Polygon","coordinates":[[[-0.25105,51.50464],[-0.25509,51.50432],[-0.25337,51.50288],[-0.25279,51.49991],[-0.25551,51.49628],[-0.25543,51.49493],[-0.26892,51.49401],[-0.27143,51.4948],[-0.27248,51.49615],[-0.27426,51.49729],[-0.26797,51.50123],[-0.26548,51.50375],[-0.26372,51.50652],[-0.2513,51.5067],[-0.25105,51.50464]]]}},{"type":"Feature","properties":{"ward":"Walpole","code":"E05000192","borough":"Ealing"},"geometry":{"type":"Polygon","coordinates":[[[-0.30559,51.51042],[-0.30518,51.50573],[-0.30577,51.50478],[-0.30693,51.50419],[-0.30702,51.50295],[-0.31533,51.50112],[-0.31531,51.5006],[-0.31701,51.49997],[-0.31675,51.49968],[-0.31712,51.49954],[-0.32243,51.50531],[-0.32617,51.50396],[-0.3292,51.50959],[-0.30808,51.51273],[-0.30764,51.51141],[-0.30542,51.51096],[-0.30559,51.51042]]]}},{"type":"Feature","properties":{"ward":"Bowes","code":"E05000193","borough":"Enfield"},"geometry":{"type":"Polygon","coordinates":[[[-0.08658,51.61634],[-0.0867,51.61573],[-0.09049,51.61542],[-0.09123,51.61461],[-0.09441,51.61382],[-0.09732,51.61184],[-0.09256,51.61187],[-0.09225,51.61062],[-0.08943,51.60924],[-0.08972,51.60882],[-0.09247,51.6091],[-0.09516,51.60866],[-0.09581,51.6093],[-0.09768,51.60892],[-0.09749,51.60852],[-0.10178,51.60849],[-0.10254,51.60804],[-0.10351,51.60843],[-0.11082,51.60861],[-0.11752,51.6082],[-0.11874,51.60865],[-0.12354,51.60871],[-0.12536,51.61002],[-0.12634,51.6093],[-0.1279,51.60944],[-0.13528,51.61121],[-0.13284,51.61292],[-0.12822,51.61161],[-0.12585,51.6142],[-0.11937,51.6125],[-0.10846,51.61233],[-0.09702,51.61592],[-0.08658,51.61634]]]}},{"type":"Feature","properties":{"ward":"Bush Hill Park","code":"E05000194","borough":"Enfield"},"geometry":{"type":"Polygon","coordinates":[[[-0.09383,51.63516],[-0.09217,51.63536],[-0.0908,51.6365],[-0.08554,51.63582],[-0.08168,51.63669],[-0.08033,51.63804],[-0.07891,51.64124],[-0.07669,51.64257],[-0.0759,51.64373],[-0.07643,51.64533],[-0.07968,51.64727],[-0.07776,51.6475],[-0.07699,51.64874],[-0.07599,51.64802],[-0.07496,51.64829],[-0.07267,51.64556],[-0.07091,51.64535],[-0.07045,51.64489],[-0.06683,51.64508],[-0.06704,51.64317],[-0.06096,51.64242],[-0.06199,51.64108],[-0.07006,51.63414],[-0.07256,51.63244],[-0.07815,51.62994],[-0.08044,51.62655],[-0.08271,51.62181],[-0.08994,51.62347],[-0.08863,51.62631],[-0.08989,51.62994],[-0.08804,51.63122],[-0.08785,51.63188],[-0.09079,51.63148],[-0.09488,51.63171],[-0.09383,51.63516]]]}},{"type":"Feature","properties":{"ward":"Chase","code":"E05000195","borough":"Enfield"},"geometry":{"type":"Polygon","coordinates":[[[-0.06353,51.66154],[-0.06572,51.66297],[-0.06522,51.66418],[-0.06593,51.6643],[-0.06488,51.66625],[-0.06785,51.66796],[-0.07084,51.6668],[-0.07299,51.66656],[-0.07792,51.66256],[-0.07901,51.66111],[-0.08315,51.66212],[-0.08271,51.66262],[-0.08657,51.66285],[-0.08649,51.66383],[-0.09559,51.66413],[-0.09883,51.66729],[-0.10058,51.6702],[-0.10735,51.67274],[-0.10997,51.66724],[-0.11097,51.66776],[-0.1132,51.66537],[-0.13211,51.66687],[-0.1387,51.66852],[-0.14558,51.66718],[-0.15247,51.66691],[-0.15108,51.67209],[-0.14857,51.67227],[-0.1489,51.68097],[-0.14736,51.68106],[-0.14859,51.68152],[-0.15441,51.68159],[-0.16353,51.68592],[-0.16352,51.68811],[-0.15802,51.68724],[-0.15328,51.68585],[-0.1494,51.68551],[-0.1354,51.68872],[-0.12221,51.68854],[-0.11827,51.68893],[-0.10977,51.69167],[-0.1058,51.69187],[-0.0948,51.69011],[-0.08394,51.68996],[-0.07902,51.68891],[-0.06637,51.68384],[-0.06204,51.68301],[-0.05663,51.68299],[-0.04921,51.68427],[-0.04896,51.68405],[-0.05029,51.6822],[-0.05868,51.66004],[-0.06127,51.66027],[-0.06353,51.66154]]]}},{"type":"Feature","properties":{"ward":"Cockfosters","code":"E05000196","borough":"Enfield"},"geometry":{"type":"Polygon","coordinates":[[[-0.14232,51.63931],[-0.1451,51.64265],[-0.14792,51.64208],[-0.14917,51.64526],[-0.15133,51.64528],[-0.15217,51.64582],[-0.15107,51.64721],[-0.15238,51.64764],[-0.15227,51.64798],[-0.14992,51.64879],[-0.15102,51.65008],[-0.15227,51.64985],[-0.15256,51.65147],[-0.15423,51.65298],[-0.15349,51.6533],[-0.15378,51.65466],[-0.15472,51.65503],[-0.15479,51.65553],[-0.16052,51.65675],[-0.1635,51.65817],[-0.18589,51.66283],[-0.18211,51.6686],[-0.17674,51.6721],[-0.17703,51.67268],[-0.17547,51.67259],[-0.17535,51.67345],[-0.1725,51.67309],[-0.16363,51.6824],[-0.16353,51.68592],[-0.15441,51.68159],[-0.14859,51.68152],[-0.14736,51.68106],[-0.1489,51.68097],[-0.14857,51.67227],[-0.15108,51.67209],[-0.15247,51.66691],[-0.14558,51.66718],[-0.1387,51.66852],[-0.13211,51.66687],[-0.12725,51.66677],[-0.12679,51.66333],[-0.1253,51.66351],[-0.12495,51.66167],[-0.12113,51.6616],[-0.12103,51.66038],[-0.12626,51.65929],[-0.12511,51.6515],[-0.12783,51.65005],[-0.12509,51.6478],[-0.12425,51.64632],[-0.12102,51.64571],[-0.11888,51.64614],[-0.11758,51.64434],[-0.11766,51.64381],[-0.11611,51.64375],[-0.11615,51.64334],[-0.12674,51.64186],[-0.12728,51.64333],[-0.13059,51.64261],[-0.1327,51.64118],[-0.13449,51.63864],[-0.13844,51.63651],[-0.14232,51.63931]]]}},{"type":"Feature","properties":{"ward":"Edmonton Green","code":"E05000197","borough":"Enfield"},"geometry":{"type":"Polygon","coordinates":[[[-0.07176,51.61476],[-0.07296,51.61585],[-0.07177,51.61802],[-0.0722,51.62074],[-0.0707,51.62461],[-0.0718,51.62475],[-0.07099,51.6273],[-0.06116,51.62517],[-0.06127,51.62637],[-0.05787,51.62602],[-0.05674,51.62708],[-0.05532,51.62679],[-0.05562,51.62544],[-0.05641,51.62468],[-0.05575,51.62449],[-0.05581,51.62371],[-0.05242,51.62365],[-0.05291,51.62216],[-0.04911,51.62164],[-0.04888,51.62205],[-0.04146,51.62082],[-0.03985,51.62187],[-0.03409,51.62079],[-0.03389,51.61956],[-0.03145,51.61898],[-0.02993,51.61928],[-0.02669,51.62203],[-0.026,51.62176],[-0.03242,51.61662],[-0.03539,51.61299],[-0.03907,51.61305],[-0.04407,51.61156],[-0.04635,51.6113],[-0.05314,51.6132],[-0.06409,51.61463],[-0.07176,51.61476]]]}},{"type":"Feature","properties":{"ward":"Enfield Highway","code":"E05000198","borough":"Enfield"},"geometry":{"type":"Polygon","coordinates":[[[-0.0455,51.66272],[-0.0414,51.66849],[-0.03727,51.66795],[-0.03612,51.66816],[-0.03622,51.66902],[-0.02895,51.66806],[-0.0292,51.66634],[-0.02498,51.66592],[-0.02331,51.66665],[-0.02236,51.66568],[-0.02213,51.6646],[-0.02039,51.66352],[-0.01129,51.66226],[-0.00986,51.66177],[-0.00897,51.66022],[-0.01181,51.65303],[-0.01186,51.64885],[-0.02025,51.65032],[-0.02312,51.64753],[-0.02502,51.64753],[-0.02873,51.64794],[-0.02859,51.64841],[-0.03012,51.64856],[-0.02959,51.6503],[-0.0351,51.65065],[-0.04012,51.6519],[-0.04151,51.65111],[-0.04481,51.65136],[-0.04751,51.65078],[-0.04779,51.65135],[-0.05175,51.65113],[-0.04939,51.66001],[-0.04676,51.6599],[-0.0455,51.66272]]]}},{"type":"Feature","properties":{"ward":"Enfield Lock","code":"E05000199","borough":"Enfield"},"geometry":{"type":"Polygon","coordinates":[[[-0.0414,51.66849],[-0.04012,51.67178],[-0.03457,51.67778],[-0.03342,51.68249],[-0.0284,51.68233],[-0.0198,51.68115],[-0.01109,51.68087],[-0.01035,51.67666],[-0.01138,51.67192],[-0.0114,51.6707],[-0.01058,51.66913],[-0.01124,51.6676],[-0.01152,51.66389],[-0.00986,51.66177],[-0.02039,51.66352],[-0.02213,51.6646],[-0.02236,51.66568],[-0.02331,51.66665],[-0.02498,51.66592],[-0.0292,51.66634],[-0.02895,51.66806],[-0.03622,51.66902],[-0.03612,51.66816],[-0.03727,51.66795],[-0.0414,51.66849]]]}},{"type":"Feature","properties":{"ward":"Grange","code":"E05000200","borough":"Enfield"},"geometry":{"type":"Polygon","coordinates":[[[-0.09383,51.63516],[-0.1,51.63588],[-0.09836,51.63992],[-0.09997,51.64047],[-0.10824,51.63914],[-0.11069,51.63831],[-0.11185,51.64219],[-0.10956,51.64401],[-0.10853,51.6435],[-0.10654,51.64415],[-0.10765,51.64574],[-0.10453,51.64622],[-0.09581,51.64887],[-0.0966,51.64975],[-0.09826,51.65044],[-0.09698,51.652],[-0.09729,51.65384],[-0.08835,51.65352],[-0.0862,51.65231],[-0.07962,51.65233],[-0.07496,51.64829],[-0.07599,51.64802],[-0.07699,51.64874],[-0.07776,51.6475],[-0.07968,51.64727],[-0.07643,51.64533],[-0.0759,51.64373],[-0.07669,51.64257],[-0.07891,51.64124],[-0.08033,51.63804],[-0.08168,51.63669],[-0.08554,51.63582],[-0.0908,51.6365],[-0.09217,51.63536],[-0.09383,51.63516]]]}},{"type":"Feature","properties":{"ward":"Haselbury","code":"E05000201","borough":"Enfield"},"geometry":{"type":"Polygon","coordinates":[[[-0.06127,51.62637],[-0.06116,51.62517],[-0.07099,51.6273],[-0.0718,51.62475],[-0.0707,51.62461],[-0.0722,51.62074],[-0.07177,51.61802],[-0.07296,51.61585],[-0.07176,51.61476],[-0.07694,51.61423],[-0.08658,51.61634],[-0.08586,51.61802],[-0.08271,51.62181],[-0.08044,51.62655],[-0.07815,51.62994],[-0.07256,51.63244],[-0.07006,51.63414],[-0.06685,51.63364],[-0.06651,51.63301],[-0.06462,51.63268],[-0.06127,51.62637]]]}},{"type":"Feature","properties":{"ward":"Highlands","code":"E05000202","borough":"Enfield"},"geometry":{"type":"Polygon","coordinates":[[[-0.11888,51.64614],[-0.12321,51.64583],[-0.12425,51.64632],[-0.12509,51.6478],[-0.12783,51.65005],[-0.12511,51.6515],[-0.12626,51.65929],[-0.12103,51.66038],[-0.12113,51.6616],[-0.12495,51.66167],[-0.1253,51.66351],[-0.12679,51.66333],[-0.12725,51.66677],[-0.1132,51.66537],[-0.11097,51.66776],[-0.10997,51.66724],[-0.10735,51.67274],[-0.10058,51.6702],[-0.09883,51.66729],[-0.0927,51.66136],[-0.09113,51.6589],[-0.0904,51.65641],[-0.09058,51.6536],[-0.09729,51.65384],[-0.09698,51.652],[-0.09826,51.65044],[-0.0966,51.64975],[-0.09581,51.64887],[-0.10453,51.64622],[-0.10765,51.64574],[-0.10654,51.64415],[-0.10853,51.6435],[-0.10956,51.64401],[-0.10924,51.6478],[-0.11316,51.64802],[-0.11888,51.64614]]]}},{"type":"Feature","properties":{"ward":"Jubilee","code":"E05000203","borough":"Enfield"},"geometry":{"type":"Polygon","coordinates":[[[-0.07006,51.63414],[-0.06199,51.64108],[-0.06096,51.64242],[-0.06044,51.64496],[-0.05387,51.64436],[-0.05685,51.64155],[-0.05564,51.64115],[-0.04748,51.64024],[-0.03123,51.63743],[-0.02977,51.63742],[-0.0298,51.63894],[-0.02911,51.63974],[-0.02691,51.64012],[-0.01891,51.63732],[-0.01837,51.63775],[-0.01479,51.63673],[-0.02295,51.62581],[-0.03244,51.62592],[-0.0335,51.62614],[-0.03371,51.6269],[-0.0345,51.62734],[-0.04166,51.62828],[-0.04333,51.62875],[-0.04296,51.63107],[-0.04934,51.63204],[-0.05174,51.63293],[-0.05171,51.63354],[-0.05332,51.63397],[-0.05536,51.63121],[-0.05866,51.6325],[-0.06261,51.63263],[-0.06284,51.63226],[-0.06651,51.63301],[-0.06685,51.63364],[-0.07006,51.63414]]]}},{"type":"Feature","properties":{"ward":"Lower Edmonton","code":"E05000204","borough":"Enfield"},"geometry":{"type":"Polygon","coordinates":[[[-0.06127,51.62637],[-0.06462,51.63268],[-0.06284,51.63226],[-0.06261,51.63263],[-0.05866,51.6325],[-0.05536,51.63121],[-0.05332,51.63397],[-0.05171,51.63354],[-0.05174,51.63293],[-0.04934,51.63204],[-0.04296,51.63107],[-0.04333,51.62875],[-0.04166,51.62828],[-0.0345,51.62734],[-0.03371,51.6269],[-0.0335,51.62614],[-0.03244,51.62592],[-0.02295,51.62581],[-0.026,51.62176],[-0.02669,51.62203],[-0.02993,51.61928],[-0.03145,51.61898],[-0.03389,51.61956],[-0.03409,51.62079],[-0.03985,51.62187],[-0.04146,51.62082],[-0.04888,51.62205],[-0.04911,51.62164],[-0.05291,51.62216],[-0.05242,51.62365],[-0.05581,51.62371],[-0.05575,51.62449],[-0.05641,51.62468],[-0.05562,51.62544],[-0.05532,51.62679],[-0.05674,51.62708],[-0.05787,51.62602],[-0.06127,51.62637]]]}},{"type":"Feature","properties":{"ward":"Palmers Green","code":"E05000205","borough":"Enfield"},"geometry":{"type":"Polygon","coordinates":[[[-0.11206,51.61871],[-0.11061,51.61819],[-0.10792,51.62127],[-0.10632,51.6207],[-0.10436,51.62324],[-0.1007,51.62487],[-0.09885,51.62682],[-0.09293,51.62518],[-0.08903,51.62502],[-0.08994,51.62347],[-0.08271,51.62181],[-0.08586,51.61802],[-0.08658,51.61634],[-0.09702,51.61592],[-0.10846,51.61233],[-0.11568,51.61248],[-0.11413,51.61422],[-0.11629,51.61387],[-0.11534,51.61505],[-0.11592,51.61521],[-0.11242,51.61883],[-0.11206,51.61871]]]}},{"type":"Feature","properties":{"ward":"Ponders End","code":"E05000206","borough":"Enfield"},"geometry":{"type":"Polygon","coordinates":[[[-0.05387,51.64436],[-0.05175,51.65113],[-0.04779,51.65135],[-0.04751,51.65078],[-0.04481,51.65136],[-0.04151,51.65111],[-0.04012,51.6519],[-0.0351,51.65065],[-0.02959,51.6503],[-0.03012,51.64856],[-0.02859,51.64841],[-0.02873,51.64794],[-0.02502,51.64753],[-0.02312,51.64753],[-0.02025,51.65032],[-0.01186,51.64885],[-0.01328,51.63985],[-0.01479,51.63673],[-0.01837,51.63775],[-0.01891,51.63732],[-0.02691,51.64012],[-0.02911,51.63974],[-0.0298,51.63894],[-0.02977,51.63742],[-0.03123,51.63743],[-0.05685,51.64155],[-0.05387,51.64436]]]}},{"type":"Feature","properties":{"ward":"Southbury","code":"E05000207","borough":"Enfield"},"geometry":{"type":"Polygon","coordinates":[[[-0.06353,51.66154],[-0.06127,51.66027],[-0.05868,51.66004],[-0.05675,51.66501],[-0.05394,51.66541],[-0.05272,51.6628],[-0.05284,51.66207],[-0.05014,51.66298],[-0.0455,51.66272],[-0.04676,51.6599],[-0.04939,51.66001],[-0.05387,51.64436],[-0.06044,51.64496],[-0.06096,51.64242],[-0.06704,51.64317],[-0.06683,51.64508],[-0.07045,51.64489],[-0.07091,51.64535],[-0.07267,51.64556],[-0.07739,51.65077],[-0.07962,51.65233],[-0.07375,51.65219],[-0.07213,51.65318],[-0.07144,51.65305],[-0.0702,51.65379],[-0.06563,51.65974],[-0.06353,51.66154]]]}},{"type":"Feature","properties":{"ward":"Southgate","code":"E05000208","borough":"Enfield"},"geometry":{"type":"Polygon","coordinates":[[[-0.11888,51.64614],[-0.11316,51.64802],[-0.10924,51.6478],[-0.10956,51.64401],[-0.11185,51.64219],[-0.11069,51.63831],[-0.10947,51.63723],[-0.1169,51.63494],[-0.11726,51.63397],[-0.11796,51.63357],[-0.1167,51.63195],[-0.1195,51.62945],[-0.11796,51.62891],[-0.12048,51.62778],[-0.12288,51.62566],[-0.12462,51.62531],[-0.12408,51.62478],[-0.12761,51.62495],[-0.13421,51.62399],[-0.13354,51.62636],[-0.13047,51.62938],[-0.13115,51.62966],[-0.12915,51.63227],[-0.1333,51.63326],[-0.13444,51.63397],[-0.13453,51.6347],[-0.13844,51.63651],[-0.13449,51.63864],[-0.1327,51.64118],[-0.13059,51.64261],[-0.12728,51.64333],[-0.12674,51.64186],[-0.11615,51.64334],[-0.11611,51.64375],[-0.11766,51.64381],[-0.11758,51.64434],[-0.11888,51.64614]]]}},{"type":"Feature","properties":{"ward":"Southgate Green","code":"E05000209","borough":"Enfield"},"geometry":{"type":"Polygon","coordinates":[[[-0.13879,51.61019],[-0.14454,51.61548],[-0.14206,51.61616],[-0.14129,51.61755],[-0.13546,51.62169],[-0.13557,51.62239],[-0.13507,51.62234],[-0.13421,51.62399],[-0.12761,51.62495],[-0.12408,51.62478],[-0.12462,51.62531],[-0.12288,51.62566],[-0.12048,51.62778],[-0.11796,51.62891],[-0.11242,51.62691],[-0.11368,51.62466],[-0.11312,51.62449],[-0.11372,51.62425],[-0.11322,51.62381],[-0.11637,51.62037],[-0.11412,51.62],[-0.11175,51.61895],[-0.11242,51.61883],[-0.11592,51.61521],[-0.11534,51.61505],[-0.11629,51.61387],[-0.11413,51.61422],[-0.11568,51.61248],[-0.11937,51.6125],[-0.12585,51.6142],[-0.12822,51.61161],[-0.13284,51.61292],[-0.13528,51.61121],[-0.13879,51.61019]]]}},{"type":"Feature","properties":{"ward":"Town","code":"E05000210","borough":"Enfield"},"geometry":{"type":"Polygon","coordinates":[[[-0.06353,51.66154],[-0.06563,51.65974],[-0.0702,51.65379],[-0.07144,51.65305],[-0.07213,51.65318],[-0.07375,51.65219],[-0.0862,51.65231],[-0.08835,51.65352],[-0.09058,51.6536],[-0.0904,51.65641],[-0.09113,51.6589],[-0.0927,51.66136],[-0.09559,51.66413],[-0.08649,51.66383],[-0.08657,51.66285],[-0.08271,51.66262],[-0.08315,51.66212],[-0.07901,51.66111],[-0.07792,51.66256],[-0.07299,51.66656],[-0.07084,51.6668],[-0.06785,51.66796],[-0.06488,51.66625],[-0.06593,51.6643],[-0.06522,51.66418],[-0.06572,51.66297],[-0.06353,51.66154]]]}},{"type":"Feature","properties":{"ward":"Turkey Street","code":"E05000211","borough":"Enfield"},"geometry":{"type":"Polygon","coordinates":[[[-0.05675,51.66501],[-0.05029,51.6822],[-0.04896,51.68405],[-0.0437,51.68309],[-0.03342,51.68249],[-0.03457,51.67778],[-0.04012,51.67178],[-0.0414,51.66849],[-0.0455,51.66272],[-0.05014,51.66298],[-0.05284,51.66207],[-0.05272,51.6628],[-0.05394,51.66541],[-0.05675,51.66501]]]}},{"type":"Feature","properties":{"ward":"Upper Edmonton","code":"E05000212","borough":"Enfield"},"geometry":{"type":"Polygon","coordinates":[[[-0.07176,51.61476],[-0.06409,51.61463],[-0.05314,51.6132],[-0.04635,51.6113],[-0.03907,51.61305],[-0.03539,51.61299],[-0.03557,51.612],[-0.03402,51.60949],[-0.03528,51.60823],[-0.04145,51.60563],[-0.05023,51.60736],[-0.05438,51.60886],[-0.06505,51.60859],[-0.06714,51.60894],[-0.07563,51.60845],[-0.08972,51.60882],[-0.08943,51.60924],[-0.09225,51.61062],[-0.09256,51.61187],[-0.09732,51.61184],[-0.09441,51.61382],[-0.09123,51.61461],[-0.09049,51.61542],[-0.0867,51.61573],[-0.08658,51.61634],[-0.07694,51.61423],[-0.07176,51.61476]]]}},{"type":"Feature","properties":{"ward":"Winchmore Hill","code":"E05000213","borough":"Enfield"},"geometry":{"type":"Polygon","coordinates":[[[-0.11206,51.61871],[-0.11175,51.61895],[-0.11412,51.62],[-0.11637,51.62037],[-0.11322,51.62381],[-0.11372,51.62425],[-0.11312,51.62449],[-0.11368,51.62466],[-0.11242,51.62691],[-0.1195,51.62945],[-0.1167,51.63195],[-0.11796,51.63357],[-0.11726,51.63397],[-0.1169,51.63494],[-0.10993,51.63692],[-0.10947,51.63723],[-0.11069,51.63831],[-0.10824,51.63914],[-0.09997,51.64047],[-0.09836,51.63992],[-0.1,51.63588],[-0.09383,51.63516],[-0.09488,51.63171],[-0.09079,51.63148],[-0.08785,51.63188],[-0.08804,51.63122],[-0.08989,51.62994],[-0.08863,51.62631],[-0.08903,51.62502],[-0.09293,51.62518],[-0.09885,51.62682],[-0.1007,51.62487],[-0.10436,51.62324],[-0.10632,51.6207],[-0.10792,51.62127],[-0.11061,51.61819],[-0.11206,51.61871]]]}},{"type":"Feature","properties":{"ward":"Abbey Wood","code":"E05000214","borough":"Greenwich"},"geometry":{"type":"Polygon","coordinates":[[[0.11549,51.47616],[0.11107,51.47813],[0.10987,51.47803],[0.10925,51.47907],[0.10514,51.48127],[0.10635,51.48389],[0.10638,51.48465],[0.10438,51.48511],[0.10564,51.48953],[0.10181,51.4894],[0.10356,51.49528],[0.12098,51.50077],[0.1221,51.48243],[0.12416,51.47682],[0.12073,51.47851],[0.11845,51.47892],[0.11549,51.47616]]]}},{"type":"Feature","properties":{"ward":"Blackheath Westcombe","code":"E05000215","borough":"Greenwich"},"geometry":{"type":"Polygon","coordinates":[[[0.01209,51.47317],[0.00518,51.47962],[0.00138,51.48212],[0.00158,51.48275],[0.00525,51.48267],[0.02017,51.48439],[0.02084,51.48155],[0.02894,51.46785],[0.02807,51.46767],[0.02842,51.46703],[0.02788,51.46652],[0.02635,51.46706],[0.02172,51.46452],[0.02013,51.46607],[0.01622,51.4649],[0.00928,51.46404],[0.0091,51.46587],[0.01325,51.46683],[0.01269,51.46736],[0.01307,51.46812],[0.0126,51.46981],[0.01653,51.46913],[0.01498,51.47308],[0.01812,51.47385],[0.01209,51.47317]]]}},{"type":"Feature","properties":{"ward":"Charlton","code":"E05000216","borough":"Greenwich"},"geometry":{"type":"Polygon","coordinates":[[[0.02364,51.47642],[0.02084,51.48155],[0.02017,51.48439],[0.02441,51.48482],[0.03968,51.4894],[0.04264,51.48703],[0.044,51.48757],[0.0447,51.48711],[0.04703,51.4841],[0.04743,51.48444],[0.04803,51.48414],[0.04929,51.48511],[0.04971,51.48481],[0.04909,51.48431],[0.0512,51.48195],[0.05206,51.48019],[0.04882,51.47954],[0.04706,51.47531],[0.04553,51.47715],[0.04582,51.47728],[0.04391,51.47898],[0.03784,51.47955],[0.0365,51.47938],[0.03438,51.47513],[0.02931,51.476],[0.02932,51.47736],[0.02703,51.47745],[0.0271,51.47628],[0.02364,51.47642]]]}},{"type":"Feature","properties":{"ward":"Coldharbour and New Eltham","code":"E05000217","borough":"Greenwich"},"geometry":{"type":"Polygon","coordinates":[[[0.04819,51.44045],[0.07186,51.4379],[0.07639,51.434],[0.07465,51.43215],[0.07534,51.43199],[0.07484,51.43083],[0.07333,51.43177],[0.07304,51.43138],[0.07347,51.43126],[0.07194,51.42965],[0.06694,51.42672],[0.0664,51.42634],[0.06658,51.42602],[0.06419,51.42537],[0.06444,51.42505],[0.0632,51.4242],[0.06171,51.42373],[0.0609,51.42508],[0.0586,51.42459],[0.05483,51.42752],[0.05105,51.43153],[0.04778,51.43375],[0.04518,51.4366],[0.04331,51.43775],[0.04218,51.43948],[0.03975,51.441],[0.04131,51.44204],[0.04819,51.44045]]]}},{"type":"Feature","properties":{"ward":"Eltham North","code":"E05000218","borough":"Greenwich"},"geometry":{"type":"Polygon","coordinates":[[[0.04652,51.46439],[0.0505,51.46692],[0.05335,51.46811],[0.05699,51.46764],[0.05881,51.46361],[0.06371,51.46394],[0.06818,51.46489],[0.06802,51.4625],[0.07156,51.46268],[0.07515,51.46194],[0.08227,51.46161],[0.08288,51.45983],[0.07296,51.45831],[0.07352,51.45676],[0.06659,51.4536],[0.0677,51.45233],[0.06709,51.45216],[0.06736,51.45171],[0.06299,51.45071],[0.05208,51.45078],[0.04882,51.45141],[0.04857,51.45226],[0.05172,51.4529],[0.05019,51.45739],[0.04958,51.45761],[0.04893,51.45932],[0.04838,51.45949],[0.0486,51.46003],[0.04963,51.45996],[0.04947,51.46091],[0.0506,51.46334],[0.04652,51.46439]]]}},{"type":"Feature","properties":{"ward":"Eltham South","code":"E05000219","borough":"Greenwich"},"geometry":{"type":"Polygon","coordinates":[[[0.04714,51.45142],[0.05208,51.45078],[0.06299,51.45071],[0.06736,51.45171],[0.06709,51.45216],[0.0677,51.45233],[0.06659,51.4536],[0.07352,51.45676],[0.07296,51.45831],[0.07883,51.45912],[0.08142,51.45777],[0.08568,51.45665],[0.0868,51.45045],[0.08804,51.44751],[0.08728,51.44575],[0.08629,51.44531],[0.08738,51.44325],[0.08471,51.44261],[0.08322,51.44354],[0.08281,51.44329],[0.08283,51.44284],[0.08442,51.44201],[0.08179,51.43996],[0.08085,51.44041],[0.07782,51.43645],[0.07654,51.43688],[0.07496,51.43586],[0.0765,51.43486],[0.07589,51.43446],[0.07186,51.4379],[0.04819,51.44045],[0.04825,51.44085],[0.0498,51.44101],[0.04671,51.44137],[0.0473,51.44283],[0.04427,51.44375],[0.04543,51.44452],[0.04594,51.44681],[0.04683,51.44825],[0.04714,51.45142]]]}},{"type":"Feature","properties":{"ward":"Eltham West","code":"E05000220","borough":"Greenwich"},"geometry":{"type":"Polygon","coordinates":[[[0.04714,51.45142],[0.03679,51.45289],[0.03631,51.45407],[0.03429,51.45361],[0.03441,51.45295],[0.03054,51.45287],[0.02616,51.45347],[0.02663,51.45649],[0.02627,51.4594],[0.02272,51.45905],[0.02094,51.46245],[0.02124,51.46436],[0.02635,51.46706],[0.02788,51.46652],[0.02842,51.46703],[0.02807,51.46767],[0.02894,51.46785],[0.02997,51.46591],[0.03334,51.46487],[0.03881,51.46225],[0.03873,51.46289],[0.03987,51.46353],[0.04652,51.46439],[0.0506,51.46334],[0.04947,51.46091],[0.04963,51.45996],[0.0486,51.46003],[0.04838,51.45949],[0.04893,51.45932],[0.04958,51.45761],[0.05019,51.45739],[0.05172,51.4529],[0.04857,51.45226],[0.04882,51.45141],[0.04714,51.45142]]]}},{"type":"Feature","properties":{"ward":"Glyndon","code":"E05000221","borough":"Greenwich"},"geometry":{"type":"Polygon","coordinates":[[[0.08015,51.48087],[0.0737,51.48162],[0.07344,51.48226],[0.07402,51.48289],[0.07296,51.48332],[0.07347,51.48564],[0.07289,51.49095],[0.07765,51.49112],[0.07862,51.49391],[0.07812,51.49494],[0.07646,51.49495],[0.07621,51.49589],[0.0824,51.49886],[0.08463,51.49811],[0.08363,51.49412],[0.0825,51.49353],[0.0837,51.49242],[0.08602,51.49241],[0.08602,51.49092],[0.0851,51.49012],[0.08553,51.48983],[0.08539,51.48907],[0.08591,51.48901],[0.08538,51.48781],[0.08489,51.48791],[0.08467,51.4874],[0.08789,51.48686],[0.08712,51.48513],[0.08919,51.48524],[0.09062,51.486],[0.09122,51.48385],[0.08993,51.48078],[0.08762,51.47979],[0.08015,51.48087]]]}},{"type":"Feature","properties":{"ward":"Greenwich West","code":"E05000222","borough":"Greenwich"},"geometry":{"type":"MultiPolygon","coordinates":[[[[-0.01716,51.46934],[-0.01912,51.46995],[-0.01927,51.4705],[-0.01867,51.47065],[-0.01932,51.47199],[-0.02025,51.47218],[-0.02005,51.47308],[-0.02177,51.47403],[-0.02267,51.47399],[-0.0228,51.47446],[-0.02277,51.47535],[-0.02115,51.47524],[-0.02047,51.47569],[-0.02064,51.47647],[-0.01884,51.47732],[-0.01898,51.4782],[-0.01837,51.47938],[-0.01689,51.48007],[-0.01568,51.48168],[-0.01503,51.48177],[-0.01786,51.48252],[-0.01788,51.48322],[-0.01546,51.48282],[-0.01111,51.48305],[-0.00463,51.48468],[-0.00196,51.48141],[0.00138,51.48212],[0.00518,51.47962],[0.01209,51.47317],[-0.00098,51.47181],[-0.00814,51.47276],[-0.01252,51.47234],[-0.01407,51.47268],[-0.01518,51.47177],[-0.01313,51.46894],[-0.01509,51.46804],[-0.01716,51.46934]]],[[[-0.02485,51.48555],[-0.01882,51.48351],[-0.01819,51.482],[-0.01652,51.48164],[-0.01712,51.48041],[-0.0184,51.48085],[-0.02037,51.47994],[-0.02307,51.47963],[-0.02316,51.48074],[-0.02641,51.48151],[-0.02582,51.48219],[-0.02485,51.48555]]]]}},{"type":"Feature","properties":{"ward":"Kidbrooke with Hornfair","code":"E05000223","borough":"Greenwich"},"geometry":{"type":"Polygon","coordinates":[[[0.02364,51.47642],[0.0271,51.47628],[0.02703,51.47745],[0.02932,51.47736],[0.02931,51.476],[0.03438,51.47513],[0.0365,51.47938],[0.04391,51.47898],[0.04582,51.47728],[0.04553,51.47715],[0.04706,51.47531],[0.04754,51.47614],[0.04895,51.47544],[0.04733,51.47391],[0.04809,51.4725],[0.055,51.47112],[0.05455,51.46957],[0.05335,51.46811],[0.0505,51.46692],[0.04652,51.46439],[0.03987,51.46353],[0.03873,51.46289],[0.03881,51.46225],[0.03334,51.46487],[0.02997,51.46591],[0.02364,51.47642]]]}},{"type":"Feature","properties":{"ward":"Middle Park and Sutcliffe","code":"E05000224","borough":"Greenwich"},"geometry":{"type":"Polygon","coordinates":[[[0.02936,51.44171],[0.02542,51.44174],[0.02148,51.44274],[0.0206,51.44421],[0.0215,51.44444],[0.02121,51.44669],[0.02294,51.4472],[0.02193,51.44896],[0.01506,51.45003],[0.01488,51.4506],[0.01512,51.45023],[0.01987,51.45074],[0.01954,51.4517],[0.01833,51.45158],[0.01751,51.45504],[0.01148,51.45669],[0.00995,51.45934],[0.00928,51.46404],[0.01622,51.4649],[0.02013,51.46607],[0.02172,51.46452],[0.02124,51.46436],[0.02094,51.46245],[0.02272,51.45905],[0.02627,51.4594],[0.02663,51.45649],[0.02616,51.45347],[0.03054,51.45287],[0.03441,51.45295],[0.03429,51.45361],[0.03631,51.45407],[0.03679,51.45289],[0.04714,51.45142],[0.04683,51.44825],[0.04594,51.44681],[0.04543,51.44452],[0.04427,51.44375],[0.0473,51.44283],[0.04671,51.44137],[0.0498,51.44101],[0.04825,51.44085],[0.04819,51.44045],[0.04131,51.44204],[0.03975,51.441],[0.03347,51.44359],[0.03059,51.44432],[0.02936,51.44171]]]}},{"type":"Feature","properties":{"ward":"Peninsula","code":"E05000225","borough":"Greenwich"},"geometry":{"type":"Polygon","coordinates":[[[0.02902,51.49392],[0.03003,51.49125],[0.02987,51.49007],[0.03102,51.48796],[0.03414,51.48851],[0.03508,51.48774],[0.0282,51.48624],[0.02441,51.48482],[0.00525,51.48267],[0.00158,51.48275],[0.00138,51.48212],[-0.00196,51.48141],[-0.00463,51.48468],[-0.00337,51.48487],[-0.00205,51.48564],[-0.00231,51.4859],[0.00013,51.48687],[0.00196,51.48846],[0.00245,51.48994],[0.00236,51.493],[0.00195,51.49291],[0.00095,51.49441],[0.00124,51.4948],[0.00086,51.4955],[-0.00029,51.49523],[-0.00104,51.49639],[-0.00227,51.50014],[-0.0023,51.5013],[-0.00154,51.50203],[-0.00202,51.50215],[-0.0017,51.50293],[0.00083,51.50452],[0.0033,51.50487],[0.00515,51.50431],[0.0157,51.49589],[0.0217,51.49445],[0.02158,51.49401],[0.02198,51.49395],[0.0223,51.4943],[0.02438,51.49386],[0.02902,51.49392]]]}},{"type":"Feature","properties":{"ward":"Plumstead","code":"E05000226","borough":"Greenwich"},"geometry":{"type":"Polygon","coordinates":[[[0.09822,51.47546],[0.09849,51.4762],[0.09363,51.47719],[0.09356,51.47756],[0.08969,51.47854],[0.08762,51.47979],[0.08993,51.48078],[0.09068,51.48203],[0.09122,51.48385],[0.09103,51.48553],[0.09062,51.486],[0.08919,51.48524],[0.08712,51.48513],[0.08789,51.48686],[0.08467,51.4874],[0.08489,51.48791],[0.08538,51.48781],[0.08591,51.48901],[0.08539,51.48907],[0.08553,51.48983],[0.10356,51.49528],[0.10181,51.4894],[0.10564,51.48953],[0.10438,51.48511],[0.10638,51.48465],[0.10635,51.48389],[0.10514,51.48127],[0.10925,51.47907],[0.10987,51.47803],[0.11107,51.47813],[0.11549,51.47616],[0.11177,51.47319],[0.10823,51.47613],[0.10616,51.47501],[0.10489,51.47552],[0.10338,51.4746],[0.10247,51.47492],[0.102,51.47447],[0.09822,51.47546]]]}},{"type":"Feature","properties":{"ward":"Shooters Hill","code":"E05000227","borough":"Greenwich"},"geometry":{"type":"Polygon","coordinates":[[[0.08015,51.48087],[0.08762,51.47979],[0.08969,51.47854],[0.09356,51.47756],[0.09363,51.47719],[0.09849,51.4762],[0.09655,51.47323],[0.09317,51.47295],[0.08905,51.47042],[0.08576,51.46943],[0.08322,51.46648],[0.0823,51.46664],[0.08218,51.46474],[0.08263,51.46361],[0.08227,51.46161],[0.07515,51.46194],[0.07156,51.46268],[0.06802,51.4625],[0.06818,51.46489],[0.06371,51.46394],[0.05881,51.46361],[0.05699,51.46764],[0.05335,51.46811],[0.05455,51.46957],[0.055,51.47112],[0.05815,51.47061],[0.05829,51.47108],[0.05894,51.47105],[0.06028,51.47249],[0.06056,51.47358],[0.0614,51.47408],[0.06177,51.47594],[0.06874,51.47955],[0.0691,51.47835],[0.07224,51.47884],[0.07714,51.47809],[0.08015,51.48087]]]}},{"type":"Feature","properties":{"ward":"Thamesmead Moorings","code":"E05000228","borough":"Greenwich"},"geometry":{"type":"Polygon","coordinates":[[[0.12021,51.51144],[0.12098,51.50077],[0.08693,51.48996],[0.0851,51.49012],[0.08602,51.49092],[0.08602,51.49241],[0.0837,51.49242],[0.0825,51.49353],[0.08363,51.49412],[0.08463,51.49811],[0.0824,51.49886],[0.08663,51.50352],[0.08759,51.50397],[0.08793,51.50556],[0.09202,51.50901],[0.10024,51.50968],[0.10688,51.50941],[0.12021,51.51144]]]}},{"type":"Feature","properties":{"ward":"Woolwich Common","code":"E05000229","borough":"Greenwich"},"geometry":{"type":"Polygon","coordinates":[[[0.07324,51.48916],[0.07347,51.48564],[0.07296,51.48332],[0.07402,51.48289],[0.07344,51.48226],[0.0737,51.48162],[0.08015,51.48087],[0.07714,51.47809],[0.07224,51.47884],[0.0691,51.47835],[0.06874,51.47955],[0.06177,51.47594],[0.0614,51.47408],[0.05815,51.47061],[0.04809,51.4725],[0.04733,51.47391],[0.04895,51.47544],[0.04754,51.47614],[0.04882,51.47954],[0.05206,51.48019],[0.0512,51.48195],[0.04909,51.48431],[0.05088,51.48533],[0.05055,51.48565],[0.05372,51.48705],[0.06089,51.48773],[0.06688,51.49014],[0.06749,51.4894],[0.0685,51.49003],[0.07126,51.48919],[0.07324,51.48916]]]}},{"type":"Feature","properties":{"ward":"Woolwich Riverside","code":"E05000230","borough":"Greenwich"},"geometry":{"type":"Polygon","coordinates":[[[0.02902,51.49392],[0.04025,51.49545],[0.05771,51.49446],[0.05803,51.49406],[0.05809,51.49445],[0.06406,51.49451],[0.07593,51.4961],[0.07646,51.49495],[0.07812,51.49494],[0.07862,51.49391],[0.07765,51.49112],[0.07289,51.49095],[0.07324,51.48916],[0.07126,51.48919],[0.0685,51.49003],[0.06749,51.4894],[0.06688,51.49014],[0.06089,51.48773],[0.05372,51.48705],[0.05055,51.48565],[0.05088,51.48533],[0.04703,51.4841],[0.0447,51.48711],[0.044,51.48757],[0.04264,51.48703],[0.03968,51.4894],[0.03508,51.48774],[0.03414,51.48851],[0.03102,51.48796],[0.02987,51.49007],[0.03003,51.49125],[0.02902,51.49392]]]}},{"type":"Feature","properties":{"ward":"Brownswood","code":"E05000231","borough":"Hackney"},"geometry":{"type":"Polygon","coordinates":[[[-0.10439,51.56477],[-0.09612,51.5707],[-0.09073,51.57249],[-0.08761,51.56933],[-0.08833,51.56745],[-0.09194,51.56516],[-0.0918,51.56408],[-0.09246,51.56391],[-0.09172,51.56195],[-0.0917,51.56022],[-0.09603,51.56123],[-0.09859,51.56084],[-0.10439,51.56477]]]}},{"type":"Feature","properties":{"ward":"Cazenove","code":"E05000232","borough":"Hackney"},"geometry":{"type":"Polygon","coordinates":[[[-0.07323,51.56341],[-0.07286,51.57028],[-0.06671,51.57008],[-0.06703,51.56992],[-0.06542,51.56895],[-0.06446,51.5695],[-0.0643,51.56893],[-0.06186,51.56871],[-0.06141,51.56814],[-0.06198,51.56788],[-0.06057,51.56706],[-0.05999,51.56479],[-0.05816,51.56302],[-0.06035,51.56246],[-0.06453,51.56297],[-0.06684,51.56231],[-0.07323,51.56341]]]}},{"type":"Feature","properties":{"ward":"Chatham","code":"E05000233","borough":"Hackney"},"geometry":{"type":"Polygon","coordinates":[[[-0.05539,51.54367],[-0.05505,51.54711],[-0.05131,51.54732],[-0.05194,51.54812],[-0.05323,51.54789],[-0.05439,51.54975],[-0.05496,51.54962],[-0.05604,51.55217],[-0.05298,51.5528],[-0.05225,51.55197],[-0.04893,51.5528],[-0.04868,51.55187],[-0.04475,51.55227],[-0.04488,51.5526],[-0.04393,51.55276],[-0.04407,51.55306],[-0.04158,51.55351],[-0.03977,51.54887],[-0.041,51.54874],[-0.04024,51.54698],[-0.04204,51.54704],[-0.0417,51.54525],[-0.04623,51.54496],[-0.04721,51.54352],[-0.04839,51.54286],[-0.05036,51.54371],[-0.05532,51.54315],[-0.05539,51.54367]]]}},{"type":"Feature","properties":{"ward":"Clissold","code":"E05000234","borough":"Hackney"},"geometry":{"type":"Polygon","coordinates":[[[-0.09042,51.55767],[-0.08475,51.56109],[-0.07859,51.5622],[-0.07858,51.56167],[-0.079,51.56166],[-0.07847,51.56093],[-0.07849,51.56037],[-0.07891,51.56036],[-0.07841,51.55823],[-0.07886,51.55776],[-0.07943,51.55369],[-0.07906,51.55221],[-0.07946,51.55166],[-0.0855,51.55216],[-0.08755,51.55282],[-0.08859,51.55395],[-0.0904,51.55415],[-0.09042,51.55767]]]}},{"type":"Feature","properties":{"ward":"Dalston","code":"E05000235","borough":"Hackney"},"geometry":{"type":"Polygon","coordinates":[[[-0.07906,51.55221],[-0.07696,51.55222],[-0.07708,51.55269],[-0.07631,51.55272],[-0.07596,51.55227],[-0.07496,51.55225],[-0.07491,51.5531],[-0.07132,51.55344],[-0.07114,51.55394],[-0.06999,51.55369],[-0.06867,51.55412],[-0.06815,51.55559],[-0.06667,51.55548],[-0.06546,51.55332],[-0.06395,51.5519],[-0.06804,51.55133],[-0.06768,51.54827],[-0.06902,51.54765],[-0.06524,51.54745],[-0.06453,51.54617],[-0.06387,51.54611],[-0.06352,51.54545],[-0.06467,51.54538],[-0.06445,51.54327],[-0.07549,51.54283],[-0.07554,51.5424],[-0.07633,51.54239],[-0.07572,51.54613],[-0.07684,51.54608],[-0.07636,51.54642],[-0.07664,51.54793],[-0.07946,51.55166],[-0.07906,51.55221]]]}},{"type":"Feature","properties":{"ward":"De Beauvoir","code":"E05000236","borough":"Hackney"},"geometry":{"type":"Polygon","coordinates":[[[-0.08969,51.53601],[-0.08657,51.5374],[-0.08366,51.54506],[-0.08384,51.5466],[-0.07572,51.54613],[-0.07713,51.53336],[-0.08305,51.53257],[-0.08289,51.5349],[-0.08644,51.53491],[-0.08659,51.53608],[-0.08921,51.53537],[-0.08969,51.53601]]]}},{"type":"Feature","properties":{"ward":"Hackney Central","code":"E05000237","borough":"Hackney"},"geometry":{"type":"Polygon","coordinates":[[[-0.05604,51.55217],[-0.05496,51.54962],[-0.05439,51.54975],[-0.05323,51.54789],[-0.05194,51.54812],[-0.05131,51.54732],[-0.05505,51.54711],[-0.05539,51.54367],[-0.06445,51.54327],[-0.06467,51.54538],[-0.06352,51.54545],[-0.06387,51.54611],[-0.06453,51.54617],[-0.06524,51.54745],[-0.06902,51.54765],[-0.06768,51.54827],[-0.06804,51.55133],[-0.05622,51.55297],[-0.05604,51.55217]]]}},{"type":"Feature","properties":{"ward":"Hackney Downs","code":"E05000238","borough":"Hackney"},"geometry":{"type":"Polygon","coordinates":[[[-0.06815,51.55559],[-0.0709,51.56217],[-0.07162,51.56285],[-0.06684,51.56231],[-0.06453,51.56297],[-0.06035,51.56246],[-0.05816,51.56302],[-0.05598,51.55879],[-0.05574,51.55666],[-0.05298,51.5528],[-0.05604,51.55217],[-0.05622,51.55297],[-0.06395,51.5519],[-0.06546,51.55332],[-0.06667,51.55548],[-0.06815,51.55559]]]}},{"type":"Feature","properties":{"ward":"Haggerston","code":"E05000239","borough":"Hackney"},"geometry":{"type":"Polygon","coordinates":[[[-0.08522,51.52033],[-0.08422,51.5239],[-0.08514,51.52392],[-0.08544,51.52451],[-0.08475,51.52542],[-0.08502,51.5262],[-0.08374,51.52655],[-0.08363,51.52808],[-0.08015,51.52816],[-0.08011,51.53319],[-0.07713,51.53336],[-0.07677,51.53842],[-0.07307,51.53856],[-0.07408,51.5392],[-0.07024,51.53905],[-0.0702,51.53586],[-0.06247,51.53552],[-0.06284,51.53463],[-0.06224,51.53325],[-0.06498,51.5329],[-0.06514,51.53322],[-0.06631,51.53123],[-0.07227,51.53084],[-0.07465,51.52979],[-0.07725,51.5273],[-0.07632,51.52715],[-0.07644,51.52429],[-0.07592,51.52432],[-0.07572,51.52359],[-0.07616,51.5222],[-0.07847,51.52151],[-0.08105,51.52195],[-0.08176,51.52076],[-0.08333,51.51981],[-0.08522,51.52033]]]}},{"type":"Feature","properties":{"ward":"Hoxton","code":"E05000240","borough":"Hackney"},"geometry":{"type":"Polygon","coordinates":[[[-0.08969,51.53601],[-0.08921,51.53537],[-0.08659,51.53608],[-0.08644,51.53491],[-0.08289,51.5349],[-0.08305,51.53257],[-0.08017,51.53273],[-0.08015,51.52816],[-0.08363,51.52808],[-0.08374,51.52655],[-0.0868,51.52579],[-0.08878,51.52744],[-0.09541,51.52919],[-0.09511,51.53005],[-0.09703,51.53298],[-0.08969,51.53601]]]}},{"type":"Feature","properties":{"ward":"King's Park","code":"E05000241","borough":"Hackney"},"geometry":{"type":"Polygon","coordinates":[[[-0.04407,51.55306],[-0.04591,51.55686],[-0.04645,51.557],[-0.04432,51.56104],[-0.0451,51.56176],[-0.04239,51.56137],[-0.04008,51.56178],[-0.03884,51.56116],[-0.03642,51.5615],[-0.03331,51.56062],[-0.03012,51.56136],[-0.02589,51.55992],[-0.02438,51.55866],[-0.02397,51.55737],[-0.01847,51.55518],[-0.0175,51.55339],[-0.01717,51.55158],[-0.01991,51.55232],[-0.02059,51.55182],[-0.02967,51.55165],[-0.03335,51.55024],[-0.03977,51.54887],[-0.04158,51.55351],[-0.04407,51.55306]]]}},{"type":"Feature","properties":{"ward":"Leabridge","code":"E05000242","borough":"Hackney"},"geometry":{"type":"Polygon","coordinates":[[[-0.05816,51.56302],[-0.05876,51.56359],[-0.05834,51.56401],[-0.0543,51.56392],[-0.05118,51.56772],[-0.04673,51.56438],[-0.04722,51.56266],[-0.04573,51.56225],[-0.04432,51.56104],[-0.04645,51.557],[-0.04591,51.55686],[-0.04393,51.55276],[-0.04488,51.5526],[-0.04475,51.55227],[-0.04868,51.55187],[-0.04893,51.5528],[-0.05225,51.55197],[-0.05574,51.55666],[-0.05598,51.55879],[-0.05816,51.56302]]]}},{"type":"Feature","properties":{"ward":"Lordship","code":"E05000243","borough":"Hackney"},"geometry":{"type":"Polygon","coordinates":[[[-0.09042,51.55767],[-0.0917,51.56022],[-0.09172,51.56195],[-0.09246,51.56391],[-0.0918,51.56408],[-0.09194,51.56516],[-0.08833,51.56745],[-0.08761,51.56933],[-0.08699,51.56871],[-0.07973,51.57053],[-0.07286,51.57028],[-0.07323,51.56341],[-0.07439,51.56363],[-0.07458,51.56271],[-0.07674,51.56286],[-0.07724,51.56221],[-0.08035,51.56212],[-0.08263,51.56127],[-0.08475,51.56109],[-0.09042,51.55767]]]}},{"type":"Feature","properties":{"ward":"New River","code":"E05000244","borough":"Hackney"},"geometry":{"type":"Polygon","coordinates":[[[-0.08761,51.56933],[-0.09073,51.57249],[-0.09612,51.5707],[-0.09766,51.57365],[-0.08687,51.57429],[-0.08723,51.5747],[-0.08088,51.57564],[-0.07625,51.57493],[-0.07578,51.57549],[-0.06674,51.57636],[-0.06662,51.57576],[-0.06578,51.57555],[-0.06883,51.57507],[-0.06833,51.57324],[-0.06951,51.57242],[-0.06957,51.57118],[-0.06911,51.57092],[-0.06972,51.57064],[-0.06969,51.57019],[-0.07973,51.57053],[-0.08699,51.56871],[-0.08761,51.56933]]]}},{"type":"Feature","properties":{"ward":"Queensbridge","code":"E05000245","borough":"Hackney"},"geometry":{"type":"Polygon","coordinates":[[[-0.06247,51.53552],[-0.0702,51.53586],[-0.07024,51.53905],[-0.07408,51.5392],[-0.07307,51.53856],[-0.07677,51.53842],[-0.07633,51.54239],[-0.07554,51.5424],[-0.07549,51.54283],[-0.05539,51.54367],[-0.05532,51.54074],[-0.05707,51.5385],[-0.0573,51.53443],[-0.05991,51.53416],[-0.06247,51.53552]]]}},{"type":"Feature","properties":{"ward":"Springfield","code":"E05000246","borough":"Hackney"},"geometry":{"type":"Polygon","coordinates":[[[-0.06674,51.57636],[-0.06118,51.57778],[-0.05843,51.57252],[-0.0564,51.57079],[-0.05429,51.5702],[-0.05316,51.56857],[-0.05118,51.56772],[-0.0543,51.56392],[-0.05707,51.56421],[-0.05876,51.56359],[-0.05999,51.56479],[-0.06057,51.56706],[-0.06198,51.56788],[-0.06141,51.56814],[-0.06186,51.56871],[-0.0643,51.56893],[-0.06446,51.5695],[-0.06542,51.56895],[-0.06703,51.56992],[-0.06671,51.57008],[-0.06969,51.57019],[-0.06972,51.57064],[-0.06911,51.57092],[-0.06957,51.57118],[-0.06951,51.57242],[-0.06833,51.57324],[-0.06883,51.57507],[-0.06578,51.57555],[-0.06662,51.57576],[-0.06674,51.57636]]]}},{"type":"Feature","properties":{"ward":"Stoke Newington Central","code":"E05000247","borough":"Hackney"},"geometry":{"type":"Polygon","coordinates":[[[-0.07323,51.56341],[-0.0709,51.56217],[-0.06815,51.55559],[-0.06867,51.55412],[-0.07491,51.5531],[-0.07496,51.55225],[-0.07596,51.55227],[-0.07631,51.55272],[-0.07708,51.55269],[-0.07696,51.55222],[-0.07906,51.55221],[-0.07943,51.55369],[-0.07886,51.55776],[-0.07841,51.55823],[-0.07891,51.56036],[-0.07849,51.56037],[-0.07847,51.56093],[-0.079,51.56166],[-0.07858,51.56167],[-0.07859,51.5622],[-0.07724,51.56221],[-0.07674,51.56286],[-0.07458,51.56271],[-0.07439,51.56363],[-0.07323,51.56341]]]}},{"type":"Feature","properties":{"ward":"Victoria","code":"E05000248","borough":"Hackney"},"geometry":{"type":"Polygon","coordinates":[[[-0.03747,51.54126],[-0.04144,51.53746],[-0.04486,51.53581],[-0.04757,51.53553],[-0.05096,51.53646],[-0.05239,51.53591],[-0.05284,51.53493],[-0.0547,51.53516],[-0.0573,51.53443],[-0.05707,51.5385],[-0.05532,51.54074],[-0.05532,51.54315],[-0.05036,51.54371],[-0.04839,51.54286],[-0.04882,51.54261],[-0.04887,51.54161],[-0.0476,51.54121],[-0.03747,51.54126]]]}},{"type":"Feature","properties":{"ward":"Wick","code":"E05000249","borough":"Hackney"},"geometry":{"type":"Polygon","coordinates":[[[-0.04839,51.54286],[-0.04721,51.54352],[-0.04623,51.54496],[-0.0417,51.54525],[-0.04204,51.54704],[-0.04024,51.54698],[-0.041,51.54874],[-0.03335,51.55024],[-0.02967,51.55165],[-0.02059,51.55182],[-0.01991,51.55232],[-0.01808,51.55157],[-0.019,51.5516],[-0.01894,51.55048],[-0.01746,51.54754],[-0.01657,51.54336],[-0.02561,51.54336],[-0.02901,51.54227],[-0.02947,51.54303],[-0.03317,51.54469],[-0.03776,51.54179],[-0.03716,51.54143],[-0.03747,51.54126],[-0.0476,51.54121],[-0.04887,51.54161],[-0.04882,51.54261],[-0.04839,51.54286]]]}},{"type":"Feature","properties":{"ward":"Addison","code":"E05000250","borough":"Hammersmith and Fulham"},"geometry":{"type":"Polygon","coordinates":[[[-0.22602,51.49879],[-0.22656,51.50123],[-0.22405,51.50206],[-0.22294,51.50343],[-0.21701,51.50446],[-0.21413,51.50077],[-0.20992,51.49778],[-0.21167,51.49758],[-0.21531,51.49937],[-0.21613,51.4977],[-0.21755,51.49754],[-0.21917,51.49668],[-0.22185,51.49734],[-0.22163,51.49787],[-0.22197,51.49792],[-0.22237,51.49724],[-0.22481,51.49728],[-0.22508,51.49846],[-0.22602,51.49879]]]}},{"type":"Feature","properties":{"ward":"Askew","code":"E05000251","borough":"Hammersmith and Fulham"},"geometry":{"type":"Polygon","coordinates":[[[-0.25308,51.5014],[-0.25337,51.50288],[-0.25509,51.50432],[-0.25254,51.50471],[-0.2457,51.50463],[-0.24651,51.50673],[-0.24509,51.50674],[-0.23456,51.50646],[-0.2337,51.50434],[-0.23334,51.50445],[-0.23245,51.50123],[-0.23999,51.49958],[-0.24099,51.50012],[-0.24183,51.50177],[-0.24307,51.50181],[-0.24344,51.50254],[-0.24892,51.50116],[-0.2492,51.50149],[-0.24967,51.50134],[-0.24939,51.50099],[-0.25076,51.50061],[-0.25107,51.50097],[-0.25214,51.50066],[-0.25308,51.5014]]]}},{"type":"Feature","properties":{"ward":"Avonmore and Brook Green","code":"E05000252","borough":"Hammersmith and Fulham"},"geometry":{"type":"Polygon","coordinates":[[[-0.2175,51.49089],[-0.21932,51.49124],[-0.21941,51.49324],[-0.22045,51.49316],[-0.22031,51.49486],[-0.22398,51.49495],[-0.22394,51.49541],[-0.22535,51.49539],[-0.22602,51.49879],[-0.22508,51.49846],[-0.22481,51.49728],[-0.22237,51.49724],[-0.22197,51.49792],[-0.22163,51.49787],[-0.22185,51.49734],[-0.21917,51.49668],[-0.21755,51.49754],[-0.21613,51.4977],[-0.21531,51.49937],[-0.21167,51.49758],[-0.20992,51.49778],[-0.208,51.49602],[-0.20739,51.49615],[-0.20303,51.49332],[-0.20184,51.49185],[-0.20902,51.49053],[-0.2175,51.49089]]]}},{"type":"Feature","properties":{"ward":"College Park and Old Oak","code":"E05000253","borough":"Hammersmith and Fulham"},"geometry":{"type":"Polygon","coordinates":[[[-0.22834,51.51174],[-0.22738,51.51228],[-0.23009,51.51399],[-0.23008,51.51485],[-0.249,51.51388],[-0.2506,51.51854],[-0.25031,51.52016],[-0.25192,51.52224],[-0.25264,51.52478],[-0.2503,51.52718],[-0.25062,51.52778],[-0.25007,51.5282],[-0.25047,51.52834],[-0.24696,51.53073],[-0.24527,51.53121],[-0.24699,51.53178],[-0.24631,51.53275],[-0.24323,51.53178],[-0.23735,51.53202],[-0.23442,51.53264],[-0.23139,51.53109],[-0.2285,51.53035],[-0.22873,51.52988],[-0.22741,51.52789],[-0.2272,51.52479],[-0.22662,51.5248],[-0.22673,51.52198],[-0.2283,51.5211],[-0.2226,51.51564],[-0.22027,51.51173],[-0.22455,51.50948],[-0.22488,51.51187],[-0.22682,51.51069],[-0.22834,51.51174]]]}},{"type":"Feature","properties":{"ward":"Fulham Broadway","code":"E05000254","borough":"Hammersmith and Fulham"},"geometry":{"type":"Polygon","coordinates":[[[-0.20371,51.47926],[-0.20511,51.48061],[-0.2099,51.48126],[-0.20939,51.48143],[-0.21065,51.48255],[-0.21062,51.4831],[-0.20446,51.48457],[-0.2026,51.48556],[-0.19599,51.48737],[-0.19079,51.48316],[-0.19535,51.48005],[-0.1991,51.4808],[-0.20371,51.47926]]]}},{"type":"Feature","properties":{"ward":"Fulham Reach","code":"E05000255","borough":"Hammersmith and Fulham"},"geometry":{"type":"Polygon","coordinates":[[[-0.2175,51.49089],[-0.21327,51.49072],[-0.21325,51.4902],[-0.21374,51.49022],[-0.2124,51.48814],[-0.21326,51.48799],[-0.21303,51.48749],[-0.21371,51.48739],[-0.21352,51.48697],[-0.21283,51.48698],[-0.21246,51.48622],[-0.21116,51.48615],[-0.20994,51.48444],[-0.20802,51.48377],[-0.21812,51.48138],[-0.21841,51.48212],[-0.21971,51.48241],[-0.22325,51.48144],[-0.2237,51.48208],[-0.22318,51.48221],[-0.22336,51.48259],[-0.22409,51.48245],[-0.22762,51.48745],[-0.22301,51.48922],[-0.22224,51.48849],[-0.21979,51.48925],[-0.2175,51.49017],[-0.2175,51.49089]]]}},{"type":"Feature","properties":{"ward":"Hammersmith Broadway","code":"E05000256","borough":"Hammersmith and Fulham"},"geometry":{"type":"Polygon","coordinates":[[[-0.23245,51.50123],[-0.22677,51.50239],[-0.22535,51.49539],[-0.22394,51.49541],[-0.22398,51.49495],[-0.22031,51.49486],[-0.22045,51.49316],[-0.21941,51.49324],[-0.21932,51.49124],[-0.2175,51.49089],[-0.2175,51.49017],[-0.22224,51.48849],[-0.22301,51.48922],[-0.22762,51.48745],[-0.22863,51.4888],[-0.2344,51.49043],[-0.2347,51.49103],[-0.23434,51.49283],[-0.23498,51.49289],[-0.23462,51.49443],[-0.23143,51.49446],[-0.23194,51.49689],[-0.23265,51.4969],[-0.2327,51.49864],[-0.23367,51.50023],[-0.23249,51.50063],[-0.23245,51.50123]]]}},{"type":"Feature","properties":{"ward":"Munster","code":"E05000257","borough":"Hammersmith and Fulham"},"geometry":{"type":"Polygon","coordinates":[[[-0.21062,51.4831],[-0.21065,51.48255],[-0.20939,51.48143],[-0.2099,51.48126],[-0.20511,51.48061],[-0.20371,51.47926],[-0.2099,51.47713],[-0.20755,51.47452],[-0.20829,51.47365],[-0.21141,51.47191],[-0.2173,51.4785],[-0.21812,51.48138],[-0.21062,51.4831]]]}},{"type":"Feature","properties":{"ward":"North End","code":"E05000258","borough":"Hammersmith and Fulham"},"geometry":{"type":"Polygon","coordinates":[[[-0.21327,51.49072],[-0.20902,51.49053],[-0.20239,51.49167],[-0.19822,51.48806],[-0.19645,51.48721],[-0.20802,51.48377],[-0.20994,51.48444],[-0.21116,51.48615],[-0.21246,51.48622],[-0.21283,51.48698],[-0.21352,51.48697],[-0.21371,51.48739],[-0.21303,51.48749],[-0.21326,51.48799],[-0.2124,51.48814],[-0.21374,51.49022],[-0.21325,51.4902],[-0.21327,51.49072]]]}},{"type":"Feature","properties":{"ward":"Palace Riverside","code":"E05000259","borough":"Hammersmith and Fulham"},"geometry":{"type":"Polygon","coordinates":[[[-0.21141,51.47191],[-0.21021,51.46933],[-0.20053,51.47082],[-0.1974,51.46521],[-0.20239,51.4653],[-0.21045,51.46713],[-0.21055,51.46772],[-0.21101,51.46731],[-0.21669,51.46957],[-0.22267,51.47492],[-0.22364,51.47762],[-0.22406,51.48171],[-0.22369,51.48191],[-0.22409,51.48245],[-0.22336,51.48259],[-0.22318,51.48221],[-0.2237,51.48208],[-0.22325,51.48144],[-0.21971,51.48241],[-0.21841,51.48212],[-0.2173,51.4785],[-0.21141,51.47191]]]}},{"type":"Feature","properties":{"ward":"Parsons Green and Walham","code":"E05000260","borough":"Hammersmith and Fulham"},"geometry":{"type":"Polygon","coordinates":[[[-0.19583,51.48],[-0.19079,51.48316],[-0.18537,51.4786],[-0.18738,51.47824],[-0.18947,51.47719],[-0.18821,51.47669],[-0.18895,51.47583],[-0.18578,51.47464],[-0.18663,51.47376],[-0.18918,51.47458],[-0.1887,51.47486],[-0.18939,51.47523],[-0.19196,51.47364],[-0.19151,51.47194],[-0.19728,51.46996],[-0.19865,51.47097],[-0.20854,51.46947],[-0.20601,51.47146],[-0.20048,51.47264],[-0.20072,51.47552],[-0.19727,51.47734],[-0.19583,51.48]]]}},{"type":"Feature","properties":{"ward":"Ravenscourt Park","code":"E05000261","borough":"Hammersmith and Fulham"},"geometry":{"type":"Polygon","coordinates":[[[-0.24456,51.4887],[-0.24561,51.49021],[-0.24442,51.49794],[-0.245,51.49789],[-0.24529,51.49838],[-0.24923,51.49695],[-0.25214,51.50066],[-0.25107,51.50097],[-0.25076,51.50061],[-0.24939,51.50099],[-0.24967,51.50134],[-0.2492,51.50149],[-0.24892,51.50116],[-0.24344,51.50254],[-0.24307,51.50181],[-0.24183,51.50177],[-0.24099,51.50012],[-0.23999,51.49958],[-0.23271,51.50114],[-0.23249,51.50063],[-0.23367,51.50023],[-0.2327,51.49864],[-0.23265,51.4969],[-0.23194,51.49689],[-0.23143,51.49446],[-0.23462,51.49443],[-0.23498,51.49289],[-0.23434,51.49283],[-0.2347,51.49103],[-0.2344,51.49043],[-0.24056,51.49011],[-0.24456,51.4887]]]}},{"type":"Feature","properties":{"ward":"Sands End","code":"E05000262","borough":"Hammersmith and Fulham"},"geometry":{"type":"Polygon","coordinates":[[[-0.20053,51.47082],[-0.19865,51.47097],[-0.19728,51.46996],[-0.19151,51.47194],[-0.19196,51.47364],[-0.18939,51.47523],[-0.1887,51.47486],[-0.18918,51.47458],[-0.18663,51.47376],[-0.18578,51.47464],[-0.18895,51.47583],[-0.18821,51.47669],[-0.18947,51.47719],[-0.18738,51.47824],[-0.18537,51.4786],[-0.18388,51.47742],[-0.18411,51.47716],[-0.17942,51.47759],[-0.18117,51.47231],[-0.18449,51.46765],[-0.18638,51.46644],[-0.19052,51.46523],[-0.19717,51.46497],[-0.20053,51.47082]]]}},{"type":"Feature","properties":{"ward":"Shepherd's Bush Green","code":"E05000263","borough":"Hammersmith and Fulham"},"geometry":{"type":"Polygon","coordinates":[[[-0.23456,51.50646],[-0.23461,51.50981],[-0.23163,51.51002],[-0.22834,51.51174],[-0.22682,51.51069],[-0.22488,51.51187],[-0.22455,51.50948],[-0.22027,51.51173],[-0.21929,51.50957],[-0.21789,51.50976],[-0.21805,51.51023],[-0.21721,51.51039],[-0.21684,51.50944],[-0.21582,51.50911],[-0.2152,51.50765],[-0.21614,51.50752],[-0.21596,51.5064],[-0.21799,51.50615],[-0.21701,51.50446],[-0.22294,51.50343],[-0.22405,51.50206],[-0.22596,51.50114],[-0.22656,51.50123],[-0.22677,51.50239],[-0.23245,51.50123],[-0.23334,51.50445],[-0.2337,51.50434],[-0.23456,51.50646]]]}},{"type":"Feature","properties":{"ward":"Town","code":"E05000264","borough":"Hammersmith and Fulham"},"geometry":{"type":"Polygon","coordinates":[[[-0.20371,51.47926],[-0.1991,51.4808],[-0.19557,51.47985],[-0.19727,51.47734],[-0.20072,51.47552],[-0.20048,51.47264],[-0.20601,51.47146],[-0.20854,51.46947],[-0.21021,51.46933],[-0.21141,51.47191],[-0.20829,51.47365],[-0.20755,51.47452],[-0.2099,51.47713],[-0.20371,51.47926]]]}},{"type":"Feature","properties":{"ward":"Wormholt and White City","code":"E05000265","borough":"Hammersmith and Fulham"},"geometry":{"type":"Polygon","coordinates":[[[-0.23456,51.50646],[-0.24509,51.50674],[-0.24665,51.51125],[-0.249,51.51388],[-0.23008,51.51485],[-0.23009,51.51399],[-0.22738,51.51228],[-0.23163,51.51002],[-0.23461,51.50981],[-0.23456,51.50646]]]}},{"type":"Feature","properties":{"ward":"Alexandra","code":"E05000266","borough":"Haringey"},"geometry":{"type":"Polygon","coordinates":[[[-0.13954,51.59189],[-0.14186,51.59346],[-0.14137,51.59371],[-0.14176,51.59402],[-0.14151,51.59443],[-0.14326,51.5938],[-0.14437,51.59586],[-0.14515,51.59564],[-0.14566,51.5975],[-0.147,51.5992],[-0.1445,51.60013],[-0.1442,51.60111],[-0.14214,51.60329],[-0.14209,51.60459],[-0.1431,51.60635],[-0.14345,51.60885],[-0.13879,51.61019],[-0.12436,51.60117],[-0.12017,51.59765],[-0.11637,51.5931],[-0.11668,51.59287],[-0.11599,51.5917],[-0.11826,51.59104],[-0.12039,51.5919],[-0.12384,51.59182],[-0.13147,51.58979],[-0.13305,51.58821],[-0.13361,51.58845],[-0.1336,51.59039],[-0.13275,51.59161],[-0.13513,51.59345],[-0.13954,51.59189]]]}},{"type":"Feature","properties":{"ward":"Bounds Green","code":"E05000267","borough":"Haringey"},"geometry":{"type":"Polygon","coordinates":[[[-0.11888,51.5975],[-0.12017,51.59765],[-0.12436,51.60117],[-0.13879,51.61019],[-0.13528,51.61121],[-0.1279,51.60944],[-0.12634,51.6093],[-0.1249,51.60994],[-0.12354,51.60871],[-0.11874,51.60865],[-0.11752,51.6082],[-0.11042,51.60834],[-0.11179,51.60536],[-0.1123,51.60241],[-0.11166,51.6008],[-0.11586,51.60099],[-0.11683,51.60004],[-0.11727,51.59875],[-0.11653,51.59837],[-0.11888,51.5975]]]}},{"type":"Feature","properties":{"ward":"Bruce Grove","code":"E05000268","borough":"Haringey"},"geometry":{"type":"Polygon","coordinates":[[[-0.08436,51.58817],[-0.08575,51.58986],[-0.08505,51.59156],[-0.08565,51.59156],[-0.0857,51.59245],[-0.08315,51.59222],[-0.08344,51.59312],[-0.079,51.59403],[-0.0795,51.59816],[-0.06806,51.59859],[-0.0681,51.59743],[-0.06964,51.59357],[-0.07058,51.58849],[-0.07738,51.58951],[-0.08436,51.58817]]]}},{"type":"Feature","properties":{"ward":"Crouch End","code":"E05000269","borough":"Haringey"},"geometry":{"type":"Polygon","coordinates":[[[-0.13889,51.58008],[-0.13655,51.58129],[-0.13437,51.58152],[-0.13395,51.58214],[-0.1342,51.58242],[-0.13295,51.58313],[-0.13134,51.58321],[-0.13006,51.58384],[-0.1256,51.58116],[-0.12431,51.58086],[-0.12424,51.58165],[-0.12521,51.58191],[-0.12365,51.58212],[-0.12331,51.58121],[-0.12258,51.58107],[-0.11911,51.58241],[-0.11437,51.57624],[-0.11889,51.57473],[-0.11965,51.57551],[-0.12488,51.5741],[-0.1275,51.57415],[-0.13343,51.57287],[-0.13489,51.57451],[-0.13939,51.57513],[-0.14259,51.57673],[-0.14442,51.57674],[-0.14428,51.5773],[-0.1462,51.57807],[-0.1438,51.5788],[-0.14001,51.57869],[-0.1383,51.5791],[-0.13889,51.58008]]]}},{"type":"Feature","properties":{"ward":"Fortis Green","code":"E05000270","borough":"Haringey"},"geometry":{"type":"Polygon","coordinates":[[[-0.13954,51.59189],[-0.14056,51.59068],[-0.143,51.59126],[-0.14361,51.59082],[-0.14568,51.59139],[-0.14749,51.59106],[-0.14707,51.59065],[-0.14749,51.5902],[-0.14797,51.59038],[-0.14795,51.58909],[-0.14958,51.58899],[-0.14939,51.58815],[-0.15056,51.58804],[-0.14998,51.58682],[-0.14824,51.58683],[-0.14816,51.58623],[-0.15105,51.58546],[-0.15163,51.58574],[-0.15481,51.58318],[-0.15821,51.58328],[-0.15619,51.58227],[-0.15561,51.58132],[-0.15659,51.58174],[-0.15718,51.58094],[-0.15836,51.58101],[-0.1588,51.58046],[-0.16355,51.58202],[-0.16622,51.58204],[-0.16575,51.58322],[-0.16135,51.58527],[-0.15964,51.58446],[-0.15797,51.58573],[-0.15792,51.58622],[-0.15718,51.5862],[-0.15871,51.58663],[-0.15864,51.58797],[-0.16027,51.58798],[-0.15948,51.59158],[-0.15869,51.59205],[-0.15968,51.59227],[-0.16179,51.59748],[-0.15637,51.60536],[-0.15599,51.60544],[-0.15614,51.6051],[-0.15331,51.60268],[-0.15303,51.59923],[-0.15139,51.59745],[-0.147,51.5992],[-0.14566,51.5975],[-0.14515,51.59564],[-0.14437,51.59586],[-0.14326,51.5938],[-0.14151,51.59443],[-0.14176,51.59402],[-0.14137,51.59371],[-0.14186,51.59346],[-0.13954,51.59189]]]}},{"type":"Feature","properties":{"ward":"Harringay","code":"E05000271","borough":"Haringey"},"geometry":{"type":"Polygon","coordinates":[[[-0.10974,51.58334],[-0.11264,51.58822],[-0.1034,51.59045],[-0.10217,51.5889],[-0.0983,51.5873],[-0.09944,51.58674],[-0.09834,51.58395],[-0.09935,51.58319],[-0.09934,51.58238],[-0.09975,51.58241],[-0.09841,51.57505],[-0.09612,51.5707],[-0.1007,51.56713],[-0.10487,51.56464],[-0.1062,51.56554],[-0.10506,51.57664],[-0.10662,51.5801],[-0.10974,51.58334]]]}},{"type":"Feature","properties":{"ward":"Highgate","code":"E05000272","borough":"Haringey"},"geometry":{"type":"Polygon","coordinates":[[[-0.17129,51.57243],[-0.17118,51.57361],[-0.16948,51.57398],[-0.16975,51.5764],[-0.16935,51.57743],[-0.16809,51.57693],[-0.16684,51.57865],[-0.16722,51.5813],[-0.1669,51.58196],[-0.16355,51.58202],[-0.1588,51.58046],[-0.15836,51.58101],[-0.15718,51.58094],[-0.15659,51.58174],[-0.15535,51.58148],[-0.15821,51.58328],[-0.15782,51.58352],[-0.15631,51.58304],[-0.15481,51.58318],[-0.15163,51.58574],[-0.15105,51.58546],[-0.14816,51.58623],[-0.14761,51.58622],[-0.14743,51.58434],[-0.14701,51.58438],[-0.14626,51.5825],[-0.1465,51.58187],[-0.14563,51.58155],[-0.14615,51.5813],[-0.1398,51.58033],[-0.13994,51.57978],[-0.13889,51.58008],[-0.1383,51.5791],[-0.14001,51.57869],[-0.1438,51.5788],[-0.1462,51.57807],[-0.14428,51.5773],[-0.14442,51.57674],[-0.14259,51.57673],[-0.13939,51.57513],[-0.13489,51.57451],[-0.13343,51.57287],[-0.14071,51.5694],[-0.14242,51.56912],[-0.14386,51.56991],[-0.15035,51.57157],[-0.15886,51.57219],[-0.16046,51.57279],[-0.1643,51.5725],[-0.16737,51.57297],[-0.17129,51.57243]]]}},{"type":"Feature","properties":{"ward":"Hornsey","code":"E05000273","borough":"Haringey"},"geometry":{"type":"Polygon","coordinates":[[[-0.11264,51.58822],[-0.10974,51.58334],[-0.11155,51.58272],[-0.11126,51.58224],[-0.11167,51.5819],[-0.11194,51.58215],[-0.11743,51.58027],[-0.11911,51.58241],[-0.12258,51.58107],[-0.12331,51.58121],[-0.12361,51.58243],[-0.12434,51.5825],[-0.12427,51.58375],[-0.12523,51.58394],[-0.12416,51.58463],[-0.12313,51.58461],[-0.12277,51.58518],[-0.12469,51.58517],[-0.12498,51.58681],[-0.1261,51.58678],[-0.12627,51.58845],[-0.12717,51.58842],[-0.12764,51.59087],[-0.12384,51.59182],[-0.12039,51.5919],[-0.11826,51.59104],[-0.11599,51.5917],[-0.11668,51.59287],[-0.11637,51.5931],[-0.11264,51.58822]]]}},{"type":"Feature","properties":{"ward":"Muswell Hill","code":"E05000274","borough":"Haringey"},"geometry":{"type":"Polygon","coordinates":[[[-0.12764,51.59087],[-0.12717,51.58842],[-0.12627,51.58845],[-0.1261,51.58678],[-0.12498,51.58681],[-0.12469,51.58517],[-0.12277,51.58518],[-0.12313,51.58461],[-0.12416,51.58463],[-0.12523,51.58394],[-0.12427,51.58375],[-0.12434,51.5825],[-0.12361,51.58243],[-0.12521,51.58191],[-0.12424,51.58165],[-0.12431,51.58086],[-0.1256,51.58116],[-0.13006,51.58384],[-0.13134,51.58321],[-0.13295,51.58313],[-0.1342,51.58242],[-0.13395,51.58214],[-0.13437,51.58152],[-0.13655,51.58129],[-0.13814,51.58019],[-0.13994,51.57978],[-0.1398,51.58033],[-0.14615,51.5813],[-0.14563,51.58155],[-0.1465,51.58187],[-0.14626,51.5825],[-0.14701,51.58438],[-0.14743,51.58434],[-0.14761,51.58622],[-0.14816,51.58623],[-0.14824,51.58683],[-0.14998,51.58682],[-0.15056,51.58804],[-0.14939,51.58815],[-0.14958,51.58899],[-0.14795,51.58909],[-0.14797,51.59038],[-0.14749,51.5902],[-0.14707,51.59065],[-0.14749,51.59106],[-0.14568,51.59139],[-0.14361,51.59082],[-0.143,51.59126],[-0.14056,51.59068],[-0.13954,51.59189],[-0.13513,51.59345],[-0.13275,51.59161],[-0.1336,51.59039],[-0.13361,51.58845],[-0.13305,51.58821],[-0.13147,51.58979],[-0.12764,51.59087]]]}},{"type":"Feature","properties":{"ward":"Noel Park","code":"E05000275","borough":"Haringey"},"geometry":{"type":"Polygon","coordinates":[[[-0.11264,51.58822],[-0.12017,51.59765],[-0.11941,51.59782],[-0.11781,51.59701],[-0.11424,51.59639],[-0.10842,51.59732],[-0.1,51.59959],[-0.09552,51.59815],[-0.09301,51.59814],[-0.09507,51.59527],[-0.1034,51.59045],[-0.11264,51.58822]]]}},{"type":"Feature","properties":{"ward":"Northumberland Park","code":"E05000276","borough":"Haringey"},"geometry":{"type":"Polygon","coordinates":[[[-0.0503,51.59685],[-0.05099,51.59716],[-0.05041,51.59787],[-0.05053,51.59883],[-0.04827,51.60167],[-0.05544,51.60226],[-0.05631,51.60024],[-0.06257,51.59895],[-0.06245,51.60105],[-0.06785,51.60075],[-0.06806,51.59859],[-0.07203,51.59871],[-0.07297,51.60198],[-0.0754,51.60167],[-0.07564,51.60219],[-0.07278,51.60502],[-0.07323,51.60605],[-0.07508,51.60621],[-0.07563,51.60845],[-0.06714,51.60894],[-0.06505,51.60859],[-0.05438,51.60886],[-0.05023,51.60736],[-0.04145,51.60563],[-0.04647,51.59979],[-0.0503,51.59685]]]}},{"type":"Feature","properties":{"ward":"St Ann's","code":"E05000277","borough":"Haringey"},"geometry":{"type":"Polygon","coordinates":[[[-0.0987,51.57704],[-0.09975,51.58241],[-0.09934,51.58238],[-0.09935,51.58319],[-0.09834,51.58395],[-0.09944,51.58674],[-0.0983,51.5873],[-0.09389,51.58602],[-0.08877,51.58648],[-0.08425,51.58567],[-0.08452,51.58367],[-0.0795,51.5829],[-0.08033,51.58193],[-0.07809,51.58112],[-0.07834,51.58081],[-0.07546,51.58172],[-0.07577,51.57997],[-0.09216,51.57856],[-0.0987,51.57704]]]}},{"type":"Feature","properties":{"ward":"Seven Sisters","code":"E05000278","borough":"Haringey"},"geometry":{"type":"Polygon","coordinates":[[[-0.09766,51.57365],[-0.09841,51.57505],[-0.0987,51.57704],[-0.09216,51.57856],[-0.07085,51.58058],[-0.06393,51.58199],[-0.0616,51.58309],[-0.0604,51.58431],[-0.05976,51.58151],[-0.06224,51.57959],[-0.06118,51.57778],[-0.07093,51.57569],[-0.07578,51.57549],[-0.07625,51.57493],[-0.08088,51.57564],[-0.08723,51.5747],[-0.08687,51.57429],[-0.09766,51.57365]]]}},{"type":"Feature","properties":{"ward":"Stroud Green","code":"E05000279","borough":"Haringey"},"geometry":{"type":"Polygon","coordinates":[[[-0.1062,51.56554],[-0.11071,51.56861],[-0.11517,51.57067],[-0.11541,51.57189],[-0.11613,51.57219],[-0.11559,51.57257],[-0.11759,51.57415],[-0.11957,51.57438],[-0.11437,51.57624],[-0.11743,51.58027],[-0.11194,51.58215],[-0.11167,51.5819],[-0.11126,51.58224],[-0.11155,51.58272],[-0.10974,51.58334],[-0.10662,51.5801],[-0.10506,51.57664],[-0.1062,51.56554]]]}},{"type":"Feature","properties":{"ward":"Tottenham Green","code":"E05000280","borough":"Haringey"},"geometry":{"type":"Polygon","coordinates":[[[-0.08877,51.58648],[-0.08436,51.58817],[-0.07738,51.58951],[-0.07058,51.58849],[-0.07036,51.58901],[-0.06806,51.5887],[-0.06422,51.58955],[-0.06308,51.58829],[-0.06001,51.58801],[-0.0604,51.58431],[-0.0616,51.58309],[-0.06393,51.58199],[-0.07577,51.57997],[-0.07546,51.58172],[-0.07795,51.58066],[-0.07834,51.58081],[-0.07809,51.58112],[-0.08033,51.58193],[-0.0795,51.5829],[-0.08452,51.58367],[-0.08425,51.58567],[-0.08877,51.58648]]]}},{"type":"Feature","properties":{"ward":"Tottenham Hale","code":"E05000281","borough":"Haringey"},"geometry":{"type":"Polygon","coordinates":[[[-0.0604,51.58431],[-0.06001,51.58801],[-0.06308,51.58829],[-0.06422,51.58955],[-0.06806,51.5887],[-0.07036,51.58901],[-0.06964,51.59357],[-0.0681,51.59743],[-0.06785,51.60075],[-0.06245,51.60105],[-0.06257,51.59895],[-0.05631,51.60024],[-0.05544,51.60226],[-0.04827,51.60167],[-0.05053,51.59883],[-0.05041,51.59787],[-0.05099,51.59716],[-0.0503,51.59685],[-0.05125,51.59496],[-0.05225,51.59405],[-0.05341,51.59083],[-0.05338,51.58961],[-0.05217,51.58783],[-0.05473,51.58591],[-0.05603,51.58399],[-0.05976,51.58151],[-0.0604,51.58431]]]}},{"type":"Feature","properties":{"ward":"West Green","code":"E05000282","borough":"Haringey"},"geometry":{"type":"Polygon","coordinates":[[[-0.1034,51.59045],[-0.09507,51.59527],[-0.09301,51.59814],[-0.08471,51.59784],[-0.0795,51.59816],[-0.079,51.59403],[-0.08344,51.59312],[-0.08315,51.59222],[-0.0857,51.59245],[-0.08565,51.59156],[-0.08505,51.59156],[-0.08575,51.58986],[-0.08436,51.58817],[-0.08679,51.58694],[-0.09389,51.58602],[-0.10217,51.5889],[-0.1034,51.59045]]]}},{"type":"Feature","properties":{"ward":"White Hart Lane","code":"E05000283","borough":"Haringey"},"geometry":{"type":"Polygon","coordinates":[[[-0.07203,51.59871],[-0.08471,51.59784],[-0.09214,51.59805],[-0.09196,51.6001],[-0.09124,51.60145],[-0.0942,51.60321],[-0.09448,51.60386],[-0.09408,51.60433],[-0.0953,51.60496],[-0.09725,51.60498],[-0.0991,51.60846],[-0.09749,51.60852],[-0.09768,51.60892],[-0.09581,51.6093],[-0.09516,51.60866],[-0.09247,51.6091],[-0.08585,51.60847],[-0.07563,51.60845],[-0.07508,51.60621],[-0.07323,51.60605],[-0.07278,51.60502],[-0.07564,51.60219],[-0.0754,51.60167],[-0.07297,51.60198],[-0.07203,51.59871]]]}},{"type":"Feature","properties":{"ward":"Woodside","code":"E05000284","borough":"Haringey"},"geometry":{"type":"Polygon","coordinates":[[[-0.11888,51.5975],[-0.11653,51.59837],[-0.11727,51.59875],[-0.11683,51.60004],[-0.11586,51.60099],[-0.11166,51.6008],[-0.1123,51.60241],[-0.11179,51.60536],[-0.11042,51.60834],[-0.10351,51.60843],[-0.10254,51.60804],[-0.10178,51.60849],[-0.0991,51.60846],[-0.09725,51.60498],[-0.0953,51.60496],[-0.09408,51.60433],[-0.09448,51.60386],[-0.0942,51.60321],[-0.09124,51.60145],[-0.09196,51.6001],[-0.09214,51.59805],[-0.09552,51.59815],[-0.1,51.59959],[-0.10842,51.59732],[-0.11424,51.59639],[-0.11888,51.5975]]]}},{"type":"Feature","properties":{"ward":"Belmont","code":"E05000285","borough":"Harrow"},"geometry":{"type":"Polygon","coordinates":[[[-0.32638,51.60479],[-0.32451,51.60563],[-0.32429,51.60526],[-0.31548,51.60479],[-0.3128,51.60788],[-0.31243,51.60885],[-0.31305,51.60924],[-0.3127,51.6101],[-0.31313,51.61092],[-0.31226,51.61063],[-0.31187,51.61209],[-0.31041,51.61218],[-0.31023,51.61259],[-0.30785,51.61222],[-0.30793,51.6126],[-0.30491,51.61279],[-0.30243,51.60995],[-0.30094,51.60694],[-0.2977,51.60293],[-0.29836,51.60276],[-0.29673,51.59966],[-0.30315,51.59869],[-0.30345,51.59923],[-0.30406,51.59926],[-0.30427,51.59967],[-0.3037,51.59978],[-0.30466,51.60155],[-0.3092,51.60003],[-0.30812,51.59883],[-0.30968,51.59831],[-0.30946,51.59806],[-0.31005,51.5979],[-0.31035,51.59831],[-0.3126,51.59762],[-0.31276,51.59806],[-0.3134,51.59787],[-0.31412,51.59911],[-0.31777,51.60108],[-0.32412,51.6002],[-0.32594,51.60296],[-0.32802,51.60445],[-0.32638,51.60479]]]}},{"type":"Feature","properties":{"ward":"Canons","code":"E05000286","borough":"Harrow"},"geometry":{"type":"Polygon","coordinates":[[[-0.33248,51.63382],[-0.32657,51.63672],[-0.31982,51.63822],[-0.31809,51.63993],[-0.3167,51.64053],[-0.3054,51.6371],[-0.30448,51.63635],[-0.3056,51.63412],[-0.30546,51.63337],[-0.30395,51.63146],[-0.28757,51.61715],[-0.2822,51.61336],[-0.27937,51.61074],[-0.28032,51.61015],[-0.27913,51.60901],[-0.28035,51.60835],[-0.28187,51.60948],[-0.28515,51.60789],[-0.28576,51.60826],[-0.28945,51.60731],[-0.29442,51.60696],[-0.29333,51.60362],[-0.2977,51.60293],[-0.30094,51.60694],[-0.30243,51.60995],[-0.30491,51.61279],[-0.30857,51.6192],[-0.3105,51.62086],[-0.31304,51.62207],[-0.31643,51.62518],[-0.3177,51.62561],[-0.31711,51.62686],[-0.3224,51.62614],[-0.33191,51.62979],[-0.33298,51.63183],[-0.33304,51.63314],[-0.33227,51.63346],[-0.33248,51.63382]]]}},{"type":"Feature","properties":{"ward":"Edgware","code":"E05000287","borough":"Harrow"},"geometry":{"type":"Polygon","coordinates":[[[-0.29183,51.60709],[-0.28629,51.60821],[-0.28515,51.60789],[-0.28187,51.60948],[-0.28035,51.60835],[-0.27913,51.60901],[-0.28032,51.61015],[-0.27937,51.61074],[-0.26716,51.60037],[-0.27121,51.59829],[-0.273,51.59837],[-0.27698,51.59689],[-0.27652,51.59651],[-0.27935,51.59623],[-0.28036,51.59844],[-0.28486,51.59849],[-0.28567,51.60014],[-0.28616,51.59998],[-0.2865,51.60043],[-0.28598,51.60057],[-0.28684,51.60174],[-0.28832,51.60206],[-0.2881,51.60234],[-0.29183,51.60709]]]}},{"type":"Feature","properties":{"ward":"Greenhill","code":"E05000288","borough":"Harrow"},"geometry":{"type":"Polygon","coordinates":[[[-0.34357,51.57467],[-0.34259,51.57868],[-0.34184,51.57944],[-0.34322,51.58349],[-0.34436,51.58367],[-0.3444,51.5845],[-0.34389,51.58469],[-0.34375,51.58418],[-0.3426,51.58446],[-0.34271,51.58484],[-0.34227,51.58445],[-0.34088,51.58484],[-0.34126,51.58598],[-0.3409,51.58595],[-0.34069,51.58503],[-0.33964,51.58485],[-0.33466,51.58559],[-0.33553,51.58689],[-0.33496,51.58713],[-0.33213,51.5868],[-0.33329,51.59146],[-0.32237,51.58593],[-0.31709,51.5821],[-0.32071,51.58025],[-0.32667,51.57877],[-0.32659,51.57823],[-0.33515,51.57717],[-0.33501,51.57627],[-0.33879,51.5751],[-0.33815,51.57418],[-0.34069,51.57406],[-0.34357,51.57467]]]}},{"type":"Feature","properties":{"ward":"Harrow on the Hill","code":"E05000289","borough":"Harrow"},"geometry":{"type":"Polygon","coordinates":[[[-0.34357,51.57467],[-0.34069,51.57406],[-0.33815,51.57418],[-0.33879,51.5751],[-0.33501,51.57627],[-0.33515,51.57717],[-0.32659,51.57823],[-0.32543,51.57604],[-0.32474,51.57317],[-0.32215,51.56965],[-0.32507,51.56826],[-0.32975,51.56709],[-0.32965,51.56621],[-0.32867,51.56594],[-0.32825,51.56251],[-0.32969,51.56239],[-0.33133,51.56157],[-0.33392,51.55887],[-0.33398,51.55771],[-0.33491,51.55783],[-0.33558,51.55658],[-0.34398,51.55779],[-0.34755,51.55968],[-0.35263,51.56494],[-0.3493,51.56759],[-0.3531,51.56897],[-0.35679,51.56815],[-0.35814,51.56929],[-0.35831,51.57167],[-0.35771,51.57313],[-0.35683,51.57382],[-0.35845,51.57524],[-0.35185,51.57577],[-0.35177,51.57525],[-0.35132,51.57524],[-0.3512,51.57581],[-0.35008,51.57585],[-0.34991,51.57522],[-0.34897,51.57555],[-0.34443,51.57473],[-0.34467,51.57418],[-0.34371,51.57402],[-0.34357,51.57467]]]}},{"type":"Feature","properties":{"ward":"Harrow Weald","code":"E05000290","borough":"Harrow"},"geometry":{"type":"Polygon","coordinates":[[[-0.35083,51.59977],[-0.35524,51.60957],[-0.36293,51.61724],[-0.36629,51.61844],[-0.3682,51.62065],[-0.36556,51.62133],[-0.3597,51.62526],[-0.34925,51.62691],[-0.33991,51.63072],[-0.34081,51.63004],[-0.33906,51.62809],[-0.34336,51.62419],[-0.34255,51.6226],[-0.34256,51.62089],[-0.3377,51.6166],[-0.33168,51.61329],[-0.33093,51.61339],[-0.33073,51.61206],[-0.32911,51.61025],[-0.32986,51.61017],[-0.3288,51.6088],[-0.32913,51.60871],[-0.3287,51.60657],[-0.32739,51.60482],[-0.32638,51.60479],[-0.32802,51.60445],[-0.32766,51.60403],[-0.32924,51.60383],[-0.32932,51.60339],[-0.33279,51.60315],[-0.33285,51.60366],[-0.33354,51.6038],[-0.33729,51.60268],[-0.33798,51.60271],[-0.33904,51.60427],[-0.34081,51.60438],[-0.34067,51.60396],[-0.34281,51.60387],[-0.3425,51.60335],[-0.34361,51.60291],[-0.3444,51.60423],[-0.345,51.6042],[-0.3448,51.60382],[-0.34644,51.60373],[-0.3453,51.60242],[-0.34617,51.60123],[-0.34975,51.60031],[-0.34918,51.59981],[-0.34979,51.59929],[-0.35083,51.59977]]]}},{"type":"Feature","properties":{"ward":"Hatch End","code":"E05000291","borough":"Harrow"},"geometry":{"type":"Polygon","coordinates":[[[-0.3846,51.61616],[-0.38201,51.61743],[-0.37541,51.6183],[-0.3682,51.62065],[-0.36629,51.61844],[-0.36293,51.61724],[-0.35524,51.60957],[-0.35083,51.59977],[-0.3651,51.6072],[-0.37048,51.60561],[-0.37204,51.60313],[-0.37255,51.60119],[-0.37521,51.59993],[-0.37636,51.60149],[-0.37717,51.60161],[-0.37902,51.60313],[-0.38027,51.60347],[-0.38083,51.60308],[-0.38165,51.60393],[-0.38328,51.60387],[-0.38417,51.60307],[-0.38464,51.60368],[-0.38654,51.60361],[-0.38747,51.6056],[-0.38935,51.60528],[-0.3897,51.60613],[-0.38895,51.60627],[-0.3897,51.60633],[-0.38846,51.60745],[-0.38631,51.608],[-0.38674,51.60963],[-0.38577,51.60985],[-0.38549,51.61073],[-0.386,51.61367],[-0.38343,51.61426],[-0.3846,51.61616]]]}},{"type":"Feature","properties":{"ward":"Headstone North","code":"E05000292","borough":"Harrow"},"geometry":{"type":"Polygon","coordinates":[[[-0.35083,51.59977],[-0.34618,51.59758],[-0.34916,51.59681],[-0.34809,51.5953],[-0.35307,51.59377],[-0.35169,51.59248],[-0.3578,51.58974],[-0.35806,51.58925],[-0.36077,51.58988],[-0.36053,51.5902],[-0.36206,51.59066],[-0.36263,51.59047],[-0.36324,51.58941],[-0.36234,51.5894],[-0.36197,51.58775],[-0.36062,51.58641],[-0.36817,51.57811],[-0.3703,51.57792],[-0.37047,51.57913],[-0.37092,51.57908],[-0.37314,51.58381],[-0.3739,51.58658],[-0.37511,51.58709],[-0.37628,51.58838],[-0.37304,51.58936],[-0.37375,51.58968],[-0.37299,51.59034],[-0.37292,51.59091],[-0.37354,51.5912],[-0.37178,51.59123],[-0.37147,51.59183],[-0.37327,51.59287],[-0.37222,51.59335],[-0.37108,51.59291],[-0.37102,51.59375],[-0.37036,51.59375],[-0.37012,51.59463],[-0.37172,51.59448],[-0.37424,51.59539],[-0.37451,51.59577],[-0.37375,51.5962],[-0.37538,51.59877],[-0.37473,51.59915],[-0.37521,51.59993],[-0.37255,51.60119],[-0.37204,51.60313],[-0.37048,51.60561],[-0.3651,51.6072],[-0.35083,51.59977]]]}},{"type":"Feature","properties":{"ward":"Headstone South","code":"E05000293","borough":"Harrow"},"geometry":{"type":"Polygon","coordinates":[[[-0.34194,51.5798],[-0.35074,51.58091],[-0.36212,51.5847],[-0.36062,51.58641],[-0.36197,51.58775],[-0.36234,51.5894],[-0.36324,51.58941],[-0.36206,51.59066],[-0.36053,51.5902],[-0.36077,51.58988],[-0.35806,51.58925],[-0.3578,51.58974],[-0.35169,51.59248],[-0.35307,51.59377],[-0.34809,51.5953],[-0.34153,51.5846],[-0.34271,51.58484],[-0.3426,51.58446],[-0.34375,51.58418],[-0.34389,51.58469],[-0.3444,51.5845],[-0.34436,51.58367],[-0.34322,51.58349],[-0.34194,51.5798]]]}},{"type":"Feature","properties":{"ward":"Kenton East","code":"E05000294","borough":"Harrow"},"geometry":{"type":"Polygon","coordinates":[[[-0.28247,51.58505],[-0.30206,51.58728],[-0.3024,51.58869],[-0.30124,51.59046],[-0.30431,51.59049],[-0.30456,51.58989],[-0.3088,51.59027],[-0.31096,51.59296],[-0.3102,51.59313],[-0.30993,51.59261],[-0.30627,51.59338],[-0.30643,51.59365],[-0.30512,51.59413],[-0.29864,51.59509],[-0.29501,51.59531],[-0.29517,51.59478],[-0.29472,51.59464],[-0.29388,51.59532],[-0.29332,51.59434],[-0.2866,51.59226],[-0.28465,51.59101],[-0.28336,51.58888],[-0.28227,51.58574],[-0.28247,51.58505]]]}},{"type":"Feature","properties":{"ward":"Kenton West","code":"E05000295","borough":"Harrow"},"geometry":{"type":"Polygon","coordinates":[[[-0.31967,51.60096],[-0.31777,51.60108],[-0.31412,51.59911],[-0.31096,51.59296],[-0.3088,51.59027],[-0.30456,51.58989],[-0.30431,51.59049],[-0.30124,51.59046],[-0.3024,51.58869],[-0.30206,51.58728],[-0.30684,51.58654],[-0.31308,51.58426],[-0.31709,51.5821],[-0.32237,51.58593],[-0.33183,51.59074],[-0.32882,51.59037],[-0.32817,51.59091],[-0.32554,51.59088],[-0.32322,51.5921],[-0.32193,51.5939],[-0.32116,51.59856],[-0.31967,51.60096]]]}},{"type":"Feature","properties":{"ward":"Marlborough","code":"E05000296","borough":"Harrow"},"geometry":{"type":"Polygon","coordinates":[[[-0.34618,51.59758],[-0.33817,51.59381],[-0.33527,51.59449],[-0.33556,51.59663],[-0.31967,51.60096],[-0.32116,51.59856],[-0.32193,51.5939],[-0.32322,51.5921],[-0.32554,51.59088],[-0.32817,51.59091],[-0.32882,51.59037],[-0.33183,51.59074],[-0.33329,51.59146],[-0.33213,51.5868],[-0.33304,51.58676],[-0.3332,51.58715],[-0.33553,51.58689],[-0.33466,51.58559],[-0.33526,51.58534],[-0.3393,51.5852],[-0.33964,51.58485],[-0.34069,51.58503],[-0.3409,51.58595],[-0.34126,51.58598],[-0.34088,51.58484],[-0.34153,51.5846],[-0.34916,51.59681],[-0.34618,51.59758]]]}},{"type":"Feature","properties":{"ward":"Pinner","code":"E05000297","borough":"Harrow"},"geometry":{"type":"Polygon","coordinates":[[[-0.37375,51.58968],[-0.38585,51.59473],[-0.40033,51.59742],[-0.39997,51.59822],[-0.40128,51.59968],[-0.40236,51.60194],[-0.40253,51.60519],[-0.40178,51.60662],[-0.40324,51.6091],[-0.40407,51.61318],[-0.39949,51.6134],[-0.3927,51.61518],[-0.3846,51.61616],[-0.38343,51.61426],[-0.386,51.61367],[-0.38549,51.61073],[-0.38577,51.60985],[-0.38674,51.60963],[-0.38631,51.608],[-0.38846,51.60745],[-0.38961,51.60665],[-0.3897,51.60633],[-0.38895,51.60627],[-0.3897,51.60613],[-0.38935,51.60528],[-0.38747,51.6056],[-0.38654,51.60361],[-0.38464,51.60368],[-0.38417,51.60307],[-0.38328,51.60387],[-0.38165,51.60393],[-0.38083,51.60308],[-0.38027,51.60347],[-0.3782,51.60282],[-0.37717,51.60161],[-0.37636,51.60149],[-0.37473,51.59915],[-0.37538,51.59877],[-0.37375,51.5962],[-0.37451,51.59577],[-0.37424,51.59539],[-0.37172,51.59448],[-0.37012,51.59463],[-0.37036,51.59375],[-0.37102,51.59375],[-0.37108,51.59291],[-0.37222,51.59335],[-0.37327,51.59287],[-0.37147,51.59183],[-0.37178,51.59123],[-0.37354,51.5912],[-0.37292,51.59091],[-0.37299,51.59034],[-0.37375,51.58968]]]}},{"type":"Feature","properties":{"ward":"Pinner South","code":"E05000298","borough":"Harrow"},"geometry":{"type":"Polygon","coordinates":[[[-0.38593,51.57096],[-0.38646,51.57155],[-0.38571,51.57215],[-0.38808,51.57497],[-0.38751,51.57529],[-0.38841,51.57725],[-0.39157,51.58156],[-0.39105,51.58172],[-0.39103,51.58307],[-0.39203,51.58833],[-0.39447,51.59045],[-0.39549,51.5902],[-0.39651,51.59509],[-0.3977,51.59686],[-0.38585,51.59473],[-0.37304,51.58936],[-0.37628,51.58838],[-0.37511,51.58709],[-0.3739,51.58658],[-0.37314,51.58381],[-0.3747,51.58353],[-0.37644,51.58392],[-0.3769,51.58323],[-0.37892,51.5823],[-0.37962,51.58053],[-0.37878,51.57954],[-0.38006,51.57795],[-0.37992,51.57636],[-0.38102,51.57499],[-0.38075,51.57414],[-0.38327,51.57297],[-0.38593,51.57096]]]}},{"type":"Feature","properties":{"ward":"Queensbury","code":"E05000299","borough":"Harrow"},"geometry":{"type":"Polygon","coordinates":[[[-0.29183,51.60709],[-0.2881,51.60234],[-0.28832,51.60206],[-0.28684,51.60174],[-0.28598,51.60057],[-0.2865,51.60043],[-0.28616,51.59998],[-0.28567,51.60014],[-0.28486,51.59849],[-0.28036,51.59844],[-0.27935,51.59623],[-0.28407,51.5956],[-0.29042,51.59357],[-0.29101,51.59386],[-0.2915,51.59354],[-0.29332,51.59434],[-0.29388,51.59532],[-0.29472,51.59464],[-0.29517,51.59478],[-0.29501,51.59531],[-0.30512,51.59413],[-0.30643,51.59365],[-0.30627,51.59338],[-0.30993,51.59261],[-0.3102,51.59313],[-0.31096,51.59296],[-0.3134,51.59787],[-0.30946,51.59806],[-0.30968,51.59831],[-0.30812,51.59883],[-0.3092,51.60003],[-0.30466,51.60155],[-0.3037,51.59978],[-0.30427,51.59967],[-0.30406,51.59926],[-0.30345,51.59923],[-0.30315,51.59869],[-0.29673,51.59966],[-0.29836,51.60276],[-0.29333,51.60362],[-0.29442,51.60696],[-0.29183,51.60709]]]}},{"type":"Feature","properties":{"ward":"Rayners Lane","code":"E05000300","borough":"Harrow"},"geometry":{"type":"Polygon","coordinates":[[[-0.38593,51.57096],[-0.38327,51.57297],[-0.38075,51.57414],[-0.38102,51.57499],[-0.37992,51.57636],[-0.38006,51.57795],[-0.37878,51.57954],[-0.37962,51.58053],[-0.37892,51.5823],[-0.3769,51.58323],[-0.37644,51.58392],[-0.3747,51.58353],[-0.37314,51.58381],[-0.37092,51.57908],[-0.37047,51.57913],[-0.3703,51.57792],[-0.36817,51.57811],[-0.37062,51.5751],[-0.36515,51.57338],[-0.36537,51.57065],[-0.36599,51.57064],[-0.36604,51.56948],[-0.37641,51.56949],[-0.37908,51.56843],[-0.37931,51.56802],[-0.37739,51.56514],[-0.38197,51.56307],[-0.3825,51.56372],[-0.3824,51.56471],[-0.3833,51.56725],[-0.38593,51.57096]]]}},{"type":"Feature","properties":{"ward":"Roxbourne","code":"E05000301","borough":"Harrow"},"geometry":{"type":"Polygon","coordinates":[[[-0.38197,51.56307],[-0.37739,51.56514],[-0.37931,51.56802],[-0.37908,51.56843],[-0.37641,51.56949],[-0.36604,51.56948],[-0.36599,51.57064],[-0.36537,51.57065],[-0.36515,51.57338],[-0.35679,51.56815],[-0.3531,51.56897],[-0.3493,51.56759],[-0.35411,51.56418],[-0.35662,51.56523],[-0.36187,51.56503],[-0.36554,51.56391],[-0.36511,51.56335],[-0.37539,51.56053],[-0.37449,51.55922],[-0.37557,51.55897],[-0.37643,51.56021],[-0.37928,51.55937],[-0.38011,51.55958],[-0.38031,51.56068],[-0.38238,51.5629],[-0.38197,51.56307]]]}},{"type":"Feature","properties":{"ward":"Roxeth","code":"E05000302","borough":"Harrow"},"geometry":{"type":"Polygon","coordinates":[[[-0.34755,51.55968],[-0.36225,51.55729],[-0.36254,51.55603],[-0.37286,51.55372],[-0.37391,51.55391],[-0.37586,51.55306],[-0.37781,51.55499],[-0.38029,51.55911],[-0.37957,51.55974],[-0.37928,51.55937],[-0.37643,51.56021],[-0.37557,51.55897],[-0.37449,51.55922],[-0.37539,51.56053],[-0.36511,51.56335],[-0.36554,51.56391],[-0.36187,51.56503],[-0.35662,51.56523],[-0.35411,51.56418],[-0.35263,51.56494],[-0.34755,51.55968]]]}},{"type":"Feature","properties":{"ward":"Stanmore Park","code":"E05000303","borough":"Harrow"},"geometry":{"type":"Polygon","coordinates":[[[-0.32638,51.60479],[-0.32739,51.60482],[-0.3287,51.60657],[-0.32913,51.60871],[-0.3288,51.6088],[-0.32986,51.61017],[-0.32911,51.61025],[-0.33073,51.61206],[-0.33093,51.61339],[-0.33168,51.61329],[-0.3377,51.6166],[-0.34256,51.62089],[-0.34255,51.6226],[-0.34336,51.62419],[-0.33906,51.62809],[-0.34081,51.63004],[-0.33991,51.63072],[-0.33831,51.62947],[-0.333,51.63383],[-0.33227,51.63346],[-0.33304,51.63314],[-0.33298,51.63183],[-0.33191,51.62979],[-0.3224,51.62614],[-0.31711,51.62686],[-0.3177,51.62561],[-0.31643,51.62518],[-0.31304,51.62207],[-0.3105,51.62086],[-0.30857,51.6192],[-0.30491,51.61279],[-0.30793,51.6126],[-0.30785,51.61222],[-0.31023,51.61259],[-0.31041,51.61218],[-0.31187,51.61209],[-0.31226,51.61063],[-0.31313,51.61092],[-0.3127,51.6101],[-0.31305,51.60924],[-0.31243,51.60885],[-0.3128,51.60788],[-0.31548,51.60479],[-0.32429,51.60526],[-0.32451,51.60563],[-0.32638,51.60479]]]}},{"type":"Feature","properties":{"ward":"Wealdstone","code":"E05000304","borough":"Harrow"},"geometry":{"type":"Polygon","coordinates":[[[-0.34618,51.59758],[-0.34979,51.59929],[-0.34918,51.59981],[-0.34975,51.60031],[-0.34617,51.60123],[-0.3453,51.60242],[-0.34644,51.60373],[-0.3448,51.60382],[-0.345,51.6042],[-0.3444,51.60423],[-0.34361,51.60291],[-0.3425,51.60335],[-0.34281,51.60387],[-0.34067,51.60396],[-0.34081,51.60438],[-0.33904,51.60427],[-0.33798,51.60271],[-0.33729,51.60268],[-0.33354,51.6038],[-0.33285,51.60366],[-0.33279,51.60315],[-0.33167,51.60346],[-0.33114,51.60309],[-0.32766,51.60403],[-0.32594,51.60296],[-0.32357,51.59999],[-0.33556,51.59663],[-0.33527,51.59449],[-0.33817,51.59381],[-0.34618,51.59758]]]}},{"type":"Feature","properties":{"ward":"West Harrow","code":"E05000305","borough":"Harrow"},"geometry":{"type":"Polygon","coordinates":[[[-0.36515,51.57338],[-0.37062,51.5751],[-0.36212,51.5847],[-0.35074,51.58091],[-0.34194,51.5798],[-0.34184,51.57944],[-0.34259,51.57868],[-0.34371,51.57402],[-0.34467,51.57418],[-0.34443,51.57473],[-0.34897,51.57555],[-0.34991,51.57522],[-0.35008,51.57585],[-0.3512,51.57581],[-0.35132,51.57524],[-0.35177,51.57525],[-0.35185,51.57577],[-0.35845,51.57524],[-0.35683,51.57382],[-0.35771,51.57313],[-0.35831,51.57167],[-0.35814,51.56929],[-0.36515,51.57338]]]}},{"type":"Feature","properties":{"ward":"Brooklands","code":"E05000306","borough":"Havering"},"geometry":{"type":"Polygon","coordinates":[[[0.17237,51.58624],[0.17279,51.58626],[0.17304,51.58511],[0.17854,51.57996],[0.1772,51.57867],[0.1767,51.57592],[0.17522,51.57515],[0.1704,51.57439],[0.17163,51.57207],[0.17887,51.57367],[0.1814,51.57073],[0.18496,51.56806],[0.18581,51.56651],[0.18665,51.5667],[0.18701,51.56557],[0.18611,51.5656],[0.18512,51.56479],[0.18515,51.56551],[0.18348,51.56463],[0.17339,51.5651],[0.16187,51.56161],[0.15144,51.56799],[0.15036,51.56782],[0.14875,51.56862],[0.14676,51.56877],[0.14664,51.56942],[0.14975,51.5697],[0.14929,51.57027],[0.14896,51.57323],[0.1479,51.57312],[0.14811,51.57562],[0.14698,51.57568],[0.14745,51.58079],[0.1595,51.58038],[0.16215,51.58069],[0.16426,51.58142],[0.17237,51.58624]]]}},{"type":"Feature","properties":{"ward":"Cranham","code":"E05000307","borough":"Havering"},"geometry":{"type":"Polygon","coordinates":[[[0.24881,51.5787],[0.26261,51.5778],[0.26702,51.57701],[0.26951,51.58199],[0.26934,51.5838],[0.26797,51.58639],[0.2679,51.58766],[0.26886,51.58993],[0.2709,51.59029],[0.27207,51.58774],[0.27381,51.58686],[0.282,51.57883],[0.28507,51.57413],[0.28672,51.57346],[0.28714,51.57255],[0.28668,51.5715],[0.29017,51.5645],[0.26056,51.55923],[0.25399,51.55884],[0.23949,51.55907],[0.23968,51.55987],[0.23334,51.56251],[0.23713,51.56511],[0.2366,51.56544],[0.2376,51.56674],[0.23897,51.56651],[0.23769,51.56688],[0.23803,51.56743],[0.23908,51.56717],[0.2406,51.56864],[0.24585,51.56705],[0.24783,51.56926],[0.249,51.56902],[0.24904,51.56962],[0.24851,51.56995],[0.25001,51.57114],[0.25046,51.5722],[0.24915,51.57267],[0.24915,51.57345],[0.24964,51.57381],[0.24946,51.57459],[0.25105,51.57489],[0.25145,51.57579],[0.24996,51.57716],[0.25031,51.5777],[0.24881,51.5787]]]}},{"type":"Feature","properties":{"ward":"Elm Park","code":"E05000308","borough":"Havering"},"geometry":{"type":"Polygon","coordinates":[[[0.19844,51.55646],[0.19808,51.55495],[0.19728,51.55417],[0.20061,51.5469],[0.2017,51.54598],[0.20903,51.54441],[0.20909,51.5435],[0.21187,51.54301],[0.21224,51.5433],[0.21702,51.54212],[0.21597,51.54119],[0.21555,51.53996],[0.21635,51.53823],[0.21406,51.53366],[0.21038,51.53049],[0.2094,51.53005],[0.20376,51.53309],[0.20432,51.53373],[0.20039,51.5348],[0.20126,51.53644],[0.19926,51.53713],[0.19802,51.53655],[0.19281,51.53935],[0.19194,51.53831],[0.19259,51.53809],[0.19215,51.53769],[0.19006,51.53847],[0.18765,51.53723],[0.18615,51.53577],[0.18328,51.53658],[0.18195,51.53571],[0.17947,51.53655],[0.17378,51.53741],[0.17501,51.53849],[0.1792,51.54029],[0.18036,51.54411],[0.18256,51.54584],[0.18601,51.54756],[0.18746,51.5502],[0.18958,51.55145],[0.19098,51.5539],[0.1951,51.55602],[0.19844,51.55646]]]}},{"type":"Feature","properties":{"ward":"Emerson Park","code":"E05000309","borough":"Havering"},"geometry":{"type":"Polygon","coordinates":[[[0.21294,51.57044],[0.20628,51.57217],[0.20154,51.57432],[0.20553,51.57527],[0.2079,51.5782],[0.21133,51.57518],[0.216,51.57365],[0.21779,51.57356],[0.21917,51.57936],[0.21996,51.58057],[0.22316,51.57954],[0.22395,51.57995],[0.22338,51.58022],[0.22499,51.58143],[0.2269,51.58064],[0.22787,51.58123],[0.22719,51.58155],[0.23157,51.58328],[0.22409,51.58694],[0.22996,51.58845],[0.23022,51.58809],[0.22964,51.58791],[0.23021,51.58716],[0.23279,51.58783],[0.23382,51.58611],[0.23438,51.58631],[0.23504,51.58571],[0.23712,51.58663],[0.2385,51.58567],[0.24048,51.58669],[0.24272,51.58578],[0.2428,51.58487],[0.2433,51.58498],[0.24312,51.58456],[0.24366,51.58455],[0.24338,51.58424],[0.24418,51.58393],[0.24344,51.5838],[0.24436,51.58254],[0.24515,51.58235],[0.24518,51.5819],[0.24737,51.58183],[0.24717,51.58138],[0.24833,51.58055],[0.24803,51.58027],[0.24876,51.58041],[0.24881,51.5787],[0.25031,51.5777],[0.24996,51.57716],[0.25145,51.57579],[0.25105,51.57489],[0.24946,51.57459],[0.24964,51.57381],[0.24915,51.57345],[0.24915,51.57267],[0.25046,51.5722],[0.25001,51.57114],[0.24851,51.56995],[0.24904,51.56962],[0.249,51.56902],[0.24783,51.56926],[0.24585,51.56705],[0.2406,51.56864],[0.23908,51.56717],[0.23803,51.56743],[0.23769,51.56688],[0.23897,51.56651],[0.2376,51.56674],[0.2366,51.56544],[0.23713,51.56511],[0.23334,51.56251],[0.22117,51.56829],[0.21294,51.57044]]]}},{"type":"Feature","properties":{"ward":"Gooshays","code":"E05000310","borough":"Havering"},"geometry":{"type":"Polygon","coordinates":[[[0.20028,51.62493],[0.20359,51.62517],[0.20844,51.62668],[0.21222,51.62698],[0.21752,51.62909],[0.22205,51.63012],[0.22406,51.63173],[0.23732,51.62407],[0.25277,51.61743],[0.25767,51.61418],[0.25902,51.61228],[0.26323,51.60919],[0.25949,51.6072],[0.23668,51.59989],[0.23474,51.60136],[0.23535,51.60168],[0.23387,51.60348],[0.23068,51.60524],[0.22751,51.60436],[0.22785,51.60391],[0.22285,51.60206],[0.22171,51.60031],[0.21968,51.60092],[0.2155,51.60383],[0.21363,51.60594],[0.21411,51.60608],[0.21192,51.60934],[0.21093,51.60971],[0.21316,51.61024],[0.21581,51.60999],[0.21821,51.61099],[0.21872,51.61262],[0.21858,51.61418],[0.21708,51.61554],[0.2213,51.61803],[0.22083,51.61859],[0.21928,51.61934],[0.21871,51.6202],[0.21596,51.62091],[0.2153,51.62102],[0.21532,51.62043],[0.21285,51.62061],[0.21259,51.62157],[0.20945,51.6215],[0.20965,51.62066],[0.20811,51.62073],[0.20691,51.6187],[0.20378,51.61715],[0.20168,51.61872],[0.20158,51.61946],[0.19927,51.62135],[0.19934,51.62191],[0.19766,51.62281],[0.19583,51.62462],[0.19696,51.62556],[0.20028,51.62493]]]}},{"type":"Feature","properties":{"ward":"Hacton","code":"E05000311","borough":"Havering"},"geometry":{"type":"Polygon","coordinates":[[[0.19931,51.54982],[0.21129,51.55233],[0.21157,51.55407],[0.21247,51.5557],[0.21702,51.55563],[0.22049,51.5567],[0.22375,51.55677],[0.22365,51.55499],[0.23375,51.55798],[0.23949,51.55907],[0.23956,51.55812],[0.23777,51.55719],[0.23719,51.55587],[0.23775,51.5551],[0.23577,51.55188],[0.23003,51.54974],[0.22984,51.54926],[0.22804,51.54916],[0.22476,51.54774],[0.22348,51.54693],[0.2229,51.54594],[0.22075,51.54486],[0.22106,51.54446],[0.21751,51.54248],[0.21765,51.54209],[0.21224,51.5433],[0.21187,51.54301],[0.20909,51.5435],[0.20903,51.54441],[0.2017,51.54598],[0.20061,51.5469],[0.19931,51.54982]]]}},{"type":"Feature","properties":{"ward":"Harold Wood","code":"E05000312","borough":"Havering"},"geometry":{"type":"Polygon","coordinates":[[[0.22409,51.58694],[0.21274,51.59267],[0.22168,51.59524],[0.21816,51.59796],[0.22063,51.59929],[0.22285,51.60206],[0.22785,51.60391],[0.22751,51.60436],[0.23068,51.60524],[0.23387,51.60348],[0.23535,51.60168],[0.23474,51.60136],[0.23668,51.59989],[0.25949,51.6072],[0.26323,51.60919],[0.26454,51.60832],[0.2643,51.60783],[0.25805,51.60651],[0.25797,51.60491],[0.25713,51.60492],[0.2566,51.6036],[0.25467,51.60273],[0.25398,51.6016],[0.25789,51.60127],[0.26437,51.59977],[0.26985,51.59957],[0.27031,51.59731],[0.26931,51.59527],[0.2701,51.59152],[0.2709,51.59029],[0.26886,51.58993],[0.2679,51.58766],[0.26797,51.58639],[0.26934,51.5838],[0.26951,51.58199],[0.26702,51.57701],[0.26261,51.5778],[0.24881,51.5787],[0.24876,51.58041],[0.24803,51.58027],[0.24833,51.58055],[0.24717,51.58138],[0.24737,51.58183],[0.24518,51.5819],[0.24344,51.5838],[0.24418,51.58393],[0.24338,51.58424],[0.24366,51.58455],[0.24312,51.58456],[0.2433,51.58498],[0.2428,51.58487],[0.24272,51.58578],[0.24048,51.58669],[0.2385,51.58567],[0.23712,51.58663],[0.23504,51.58571],[0.23438,51.58631],[0.23382,51.58611],[0.23279,51.58783],[0.23021,51.58716],[0.22964,51.58791],[0.23022,51.58809],[0.22996,51.58845],[0.22409,51.58694]]]}},{"type":"Feature","properties":{"ward":"Havering Park","code":"E05000313","borough":"Havering"},"geometry":{"type":"Polygon","coordinates":[[[0.14895,51.60155],[0.14949,51.6029],[0.14859,51.60449],[0.14868,51.60868],[0.14747,51.61235],[0.14548,51.61455],[0.14447,51.61668],[0.13816,51.62354],[0.15552,51.62334],[0.16581,51.62238],[0.16887,51.62142],[0.17528,51.62358],[0.18037,51.62447],[0.18058,51.62573],[0.18247,51.62581],[0.1859,51.62437],[0.18624,51.62456],[0.18597,51.62552],[0.18834,51.62541],[0.18937,51.62449],[0.18979,51.6251],[0.19696,51.62556],[0.19583,51.62462],[0.19766,51.62281],[0.19934,51.62191],[0.19927,51.62135],[0.20158,51.61946],[0.20168,51.61872],[0.20378,51.61715],[0.20577,51.61795],[0.20769,51.61621],[0.20681,51.61573],[0.20707,51.61496],[0.21013,51.61407],[0.20727,51.6128],[0.20791,51.61222],[0.20698,51.61202],[0.2071,51.61159],[0.20568,51.61129],[0.20601,51.61081],[0.20528,51.60928],[0.20547,51.60883],[0.19864,51.60499],[0.19352,51.6032],[0.18999,51.60288],[0.18517,51.60297],[0.18045,51.60375],[0.17965,51.60147],[0.17552,51.59784],[0.17113,51.60083],[0.16524,51.60002],[0.16319,51.59916],[0.16274,51.59959],[0.16378,51.60132],[0.16214,51.60152],[0.15911,51.60076],[0.15565,51.60091],[0.15498,51.59989],[0.15445,51.59984],[0.15407,51.59985],[0.1539,51.6008],[0.15428,51.60151],[0.14895,51.60155]]]}},{"type":"Feature","properties":{"ward":"Heaton","code":"E05000314","borough":"Havering"},"geometry":{"type":"Polygon","coordinates":[[[0.19352,51.6032],[0.19864,51.60499],[0.20547,51.60883],[0.20528,51.60928],[0.20601,51.61081],[0.20568,51.61129],[0.2071,51.61159],[0.20698,51.61202],[0.20791,51.61222],[0.20727,51.6128],[0.21013,51.61407],[0.20707,51.61496],[0.20681,51.61573],[0.20769,51.61621],[0.20577,51.61795],[0.20691,51.6187],[0.20811,51.62073],[0.20965,51.62066],[0.20945,51.6215],[0.21259,51.62157],[0.21285,51.62061],[0.21532,51.62043],[0.2153,51.62102],[0.21871,51.6202],[0.2213,51.61803],[0.21708,51.61554],[0.21858,51.61418],[0.21872,51.61262],[0.21821,51.61099],[0.21581,51.60999],[0.21316,51.61024],[0.21093,51.60971],[0.21192,51.60934],[0.21411,51.60608],[0.21363,51.60594],[0.2155,51.60383],[0.21968,51.60092],[0.22171,51.60031],[0.21816,51.59796],[0.22168,51.59524],[0.21274,51.59267],[0.19863,51.59529],[0.19396,51.59515],[0.19295,51.59648],[0.19626,51.59768],[0.19315,51.59991],[0.19389,51.60058],[0.19352,51.6032]]]}},{"type":"Feature","properties":{"ward":"Hylands","code":"E05000315","borough":"Havering"},"geometry":{"type":"Polygon","coordinates":[[[0.18512,51.56479],[0.18611,51.5656],[0.18701,51.56557],[0.18663,51.56707],[0.19731,51.56934],[0.19711,51.5698],[0.19774,51.56992],[0.19689,51.57106],[0.19932,51.5714],[0.19919,51.57176],[0.20074,51.57209],[0.1999,51.57428],[0.20154,51.57432],[0.20628,51.57217],[0.21294,51.57044],[0.21336,51.56917],[0.21235,51.5661],[0.21175,51.56567],[0.21131,51.56348],[0.21011,51.56205],[0.20975,51.56045],[0.209,51.55951],[0.2038,51.55638],[0.1951,51.55602],[0.19098,51.5539],[0.19018,51.55268],[0.18788,51.55408],[0.18689,51.55578],[0.18474,51.55643],[0.18502,51.55682],[0.1844,51.55796],[0.18477,51.55985],[0.18262,51.56131],[0.18398,51.56387],[0.18512,51.56479]]]}},{"type":"Feature","properties":{"ward":"Mawneys","code":"E05000316","borough":"Havering"},"geometry":{"type":"Polygon","coordinates":[[[0.14818,51.59896],[0.14895,51.60155],[0.15428,51.60151],[0.1539,51.6008],[0.15407,51.59985],[0.15445,51.59984],[0.15498,51.59989],[0.15565,51.60091],[0.15911,51.60076],[0.16214,51.60152],[0.16378,51.60132],[0.16274,51.59959],[0.16319,51.59916],[0.16524,51.60002],[0.17113,51.60083],[0.17552,51.59784],[0.17474,51.59667],[0.17265,51.59513],[0.16533,51.5936],[0.16688,51.58999],[0.16853,51.5892],[0.17029,51.58901],[0.17237,51.58624],[0.16426,51.58142],[0.16215,51.58069],[0.1595,51.58038],[0.14838,51.58075],[0.15093,51.58376],[0.1512,51.58912],[0.15057,51.59128],[0.15113,51.59544],[0.14981,51.59708],[0.14806,51.59635],[0.14815,51.59677],[0.14766,51.5968],[0.14818,51.59896]]]}},{"type":"Feature","properties":{"ward":"Pettits","code":"E05000317","borough":"Havering"},"geometry":{"type":"Polygon","coordinates":[[[0.19352,51.6032],[0.19389,51.60058],[0.19315,51.59991],[0.19626,51.59768],[0.19295,51.59648],[0.19396,51.59515],[0.19863,51.59529],[0.21274,51.59267],[0.20728,51.58879],[0.1997,51.58652],[0.19679,51.58611],[0.19114,51.58365],[0.19064,51.58471],[0.19104,51.58632],[0.18977,51.58755],[0.18627,51.58585],[0.1838,51.58591],[0.18343,51.58509],[0.18149,51.58407],[0.18167,51.58319],[0.17878,51.5822],[0.17882,51.58258],[0.17794,51.58296],[0.17825,51.58317],[0.17531,51.58323],[0.17304,51.58511],[0.17279,51.58626],[0.17237,51.58624],[0.17029,51.58901],[0.16853,51.5892],[0.16688,51.58999],[0.16533,51.5936],[0.17265,51.59513],[0.17965,51.60147],[0.18045,51.60375],[0.18517,51.60297],[0.19352,51.6032]]]}},{"type":"Feature","properties":{"ward":"Rainham and Wennington","code":"E05000318","borough":"Havering"},"geometry":{"type":"Polygon","coordinates":[[[0.17855,51.50528],[0.17898,51.50528],[0.17906,51.50616],[0.1776,51.50773],[0.17582,51.50841],[0.17557,51.50906],[0.17638,51.51027],[0.17698,51.51264],[0.17881,51.51479],[0.18079,51.51495],[0.18123,51.51563],[0.18269,51.51586],[0.18369,51.51706],[0.18642,51.51764],[0.18875,51.5188],[0.18918,51.52066],[0.19319,51.52124],[0.19556,51.52218],[0.19523,51.52249],[0.20029,51.52457],[0.2053,51.52788],[0.21038,51.53049],[0.21406,51.53366],[0.21635,51.53823],[0.22574,51.53704],[0.22976,51.53761],[0.23083,51.53638],[0.22965,51.53368],[0.23361,51.53259],[0.23098,51.52503],[0.24283,51.52439],[0.24101,51.52261],[0.2407,51.52121],[0.24464,51.52015],[0.2442,51.51976],[0.24488,51.51876],[0.24391,51.51834],[0.24017,51.51935],[0.23715,51.51933],[0.24111,51.51374],[0.23995,51.51305],[0.24028,51.51075],[0.24147,51.51062],[0.24189,51.50796],[0.23997,51.50771],[0.23982,51.50728],[0.23341,51.50667],[0.2266,51.50659],[0.22599,51.50588],[0.22659,51.50449],[0.22994,51.49937],[0.22427,51.49731],[0.22358,51.49791],[0.22163,51.49781],[0.21499,51.49648],[0.21305,51.49502],[0.2119,51.49104],[0.20958,51.48975],[0.20872,51.49],[0.20722,51.48953],[0.20108,51.48915],[0.19632,51.48814],[0.18766,51.48786],[0.18739,51.4886],[0.18472,51.49068],[0.18376,51.49235],[0.18337,51.49503],[0.18244,51.4965],[0.18352,51.49702],[0.18299,51.49717],[0.18329,51.49774],[0.18228,51.49892],[0.1824,51.49945],[0.18022,51.50129],[0.18023,51.50221],[0.17855,51.50528]]]}},{"type":"Feature","properties":{"ward":"Romford Town","code":"E05000319","borough":"Havering"},"geometry":{"type":"Polygon","coordinates":[[[0.1997,51.58652],[0.20018,51.58577],[0.19955,51.58532],[0.20127,51.58306],[0.20288,51.58284],[0.20366,51.58182],[0.20471,51.58141],[0.19202,51.57744],[0.19686,51.57718],[0.20154,51.57432],[0.1999,51.57428],[0.20074,51.57209],[0.19919,51.57176],[0.19932,51.5714],[0.19689,51.57106],[0.19774,51.56992],[0.19711,51.5698],[0.19731,51.56934],[0.19075,51.5681],[0.18581,51.56651],[0.18496,51.56806],[0.1814,51.57073],[0.17887,51.57367],[0.17163,51.57207],[0.1704,51.57439],[0.17522,51.57515],[0.1767,51.57592],[0.1772,51.57867],[0.17854,51.57996],[0.17531,51.58323],[0.17587,51.58349],[0.17643,51.58294],[0.17739,51.58338],[0.17825,51.58317],[0.17794,51.58296],[0.17882,51.58258],[0.17878,51.5822],[0.18011,51.58253],[0.18167,51.58319],[0.18149,51.58407],[0.18343,51.58509],[0.1838,51.58591],[0.18627,51.58585],[0.18977,51.58755],[0.19104,51.58632],[0.19064,51.58471],[0.19114,51.58365],[0.19679,51.58611],[0.1997,51.58652]]]}},{"type":"Feature","properties":{"ward":"St Andrew's","code":"E05000320","borough":"Havering"},"geometry":{"type":"Polygon","coordinates":[[[0.19844,51.55646],[0.2038,51.55638],[0.209,51.55951],[0.20975,51.56045],[0.21011,51.56205],[0.21131,51.56348],[0.21175,51.56567],[0.21306,51.56781],[0.21336,51.56917],[0.21294,51.57044],[0.22117,51.56829],[0.23968,51.55987],[0.23949,51.55907],[0.23375,51.55798],[0.22365,51.55499],[0.22375,51.55677],[0.22049,51.5567],[0.21702,51.55563],[0.21247,51.5557],[0.21157,51.55407],[0.21129,51.55233],[0.19931,51.54982],[0.19728,51.55417],[0.19808,51.55495],[0.19844,51.55646]]]}},{"type":"Feature","properties":{"ward":"South Hornchurch","code":"E05000321","borough":"Havering"},"geometry":{"type":"Polygon","coordinates":[[[0.17855,51.50528],[0.17376,51.50819],[0.1721,51.50837],[0.16622,51.51066],[0.16485,51.51169],[0.1599,51.51176],[0.15943,51.51194],[0.15953,51.51234],[0.15869,51.51219],[0.15949,51.51548],[0.16444,51.52706],[0.16797,51.53074],[0.17076,51.53263],[0.17378,51.53741],[0.17947,51.53655],[0.18195,51.53571],[0.18328,51.53658],[0.18615,51.53577],[0.18765,51.53723],[0.19006,51.53847],[0.19215,51.53769],[0.19259,51.53809],[0.19194,51.53831],[0.19281,51.53935],[0.19802,51.53655],[0.19926,51.53713],[0.20126,51.53644],[0.20039,51.5348],[0.20432,51.53373],[0.20376,51.53309],[0.2094,51.53005],[0.20029,51.52457],[0.19523,51.52249],[0.19556,51.52218],[0.19319,51.52124],[0.18918,51.52066],[0.18875,51.5188],[0.18642,51.51764],[0.18369,51.51706],[0.18269,51.51586],[0.18123,51.51563],[0.18079,51.51495],[0.17881,51.51479],[0.17698,51.51264],[0.17638,51.51027],[0.17557,51.50906],[0.17582,51.50841],[0.1776,51.50773],[0.17906,51.50616],[0.17898,51.50528],[0.17855,51.50528]]]}},{"type":"Feature","properties":{"ward":"Squirrel's Heath","code":"E05000322","borough":"Havering"},"geometry":{"type":"Polygon","coordinates":[[[0.20154,51.57432],[0.19686,51.57718],[0.19202,51.57744],[0.20471,51.58141],[0.20366,51.58182],[0.20288,51.58284],[0.20127,51.58306],[0.19955,51.58532],[0.20018,51.58577],[0.1997,51.58652],[0.20728,51.58879],[0.21274,51.59267],[0.23157,51.58328],[0.22719,51.58155],[0.22787,51.58123],[0.2269,51.58064],[0.22499,51.58143],[0.22338,51.58022],[0.22395,51.57995],[0.22316,51.57954],[0.21996,51.58057],[0.21917,51.57936],[0.21779,51.57356],[0.216,51.57365],[0.21133,51.57518],[0.2079,51.5782],[0.20553,51.57527],[0.20154,51.57432]]]}},{"type":"Feature","properties":{"ward":"Upminster","code":"E05000323","borough":"Havering"},"geometry":{"type":"Polygon","coordinates":[[[0.21635,51.53823],[0.21555,51.53996],[0.21597,51.54119],[0.21702,51.54212],[0.21765,51.54209],[0.21751,51.54248],[0.21917,51.5437],[0.22106,51.54446],[0.22075,51.54486],[0.2229,51.54594],[0.22348,51.54693],[0.22804,51.54916],[0.22984,51.54926],[0.23003,51.54974],[0.23577,51.55188],[0.23775,51.5551],[0.23719,51.55587],[0.23777,51.55719],[0.23956,51.55812],[0.23949,51.55907],[0.25399,51.55884],[0.26056,51.55923],[0.29017,51.5645],[0.31301,51.56582],[0.31527,51.55783],[0.31841,51.55678],[0.31887,51.55519],[0.32203,51.5542],[0.32228,51.55278],[0.32513,51.55306],[0.32779,51.55099],[0.32795,51.54856],[0.32944,51.54656],[0.32887,51.54584],[0.33142,51.54594],[0.33387,51.54249],[0.3333,51.54126],[0.33381,51.54116],[0.334,51.5405],[0.3314,51.54004],[0.33156,51.5408],[0.32241,51.54052],[0.30069,51.53875],[0.30083,51.53813],[0.29718,51.53766],[0.29773,51.53532],[0.28173,51.53394],[0.27631,51.53293],[0.27068,51.53309],[0.26532,51.53215],[0.26536,51.52495],[0.26672,51.52451],[0.26661,51.52295],[0.26498,51.5229],[0.26401,51.52108],[0.26365,51.51787],[0.26027,51.51837],[0.2589,51.51776],[0.25381,51.51788],[0.2523,51.52479],[0.25151,51.52597],[0.25082,51.52882],[0.24894,51.52867],[0.24885,51.52741],[0.24826,51.52755],[0.2463,51.52653],[0.24706,51.52509],[0.24581,51.52352],[0.24283,51.52439],[0.23098,51.52503],[0.23361,51.53259],[0.22965,51.53368],[0.23083,51.53638],[0.22976,51.53761],[0.22574,51.53704],[0.21635,51.53823]]]}},{"type":"Feature","properties":{"ward":"Barnhill","code":"E05000324","borough":"Hillingdon"},"geometry":{"type":"Polygon","coordinates":[[[-0.40124,51.51607],[-0.40394,51.51738],[-0.41084,51.51877],[-0.42205,51.52288],[-0.41932,51.52624],[-0.41681,51.52542],[-0.41695,51.52598],[-0.41492,51.52565],[-0.41431,51.52634],[-0.41577,51.52686],[-0.41487,51.52754],[-0.41538,51.52802],[-0.41217,51.53089],[-0.41183,51.53408],[-0.41108,51.53429],[-0.39683,51.53202],[-0.39921,51.52797],[-0.39936,51.52458],[-0.39676,51.52306],[-0.39542,51.52166],[-0.39784,51.51977],[-0.40124,51.51607]]]}},{"type":"Feature","properties":{"ward":"Botwell","code":"E05000325","borough":"Hillingdon"},"geometry":{"type":"Polygon","coordinates":[[[-0.44286,51.50573],[-0.45075,51.50732],[-0.45049,51.50823],[-0.44995,51.50812],[-0.4496,51.50939],[-0.45109,51.5157],[-0.44913,51.51569],[-0.44706,51.51782],[-0.44466,51.51831],[-0.44377,51.51897],[-0.44556,51.52027],[-0.44761,51.5229],[-0.44228,51.52301],[-0.44104,51.52422],[-0.44083,51.52602],[-0.43836,51.52644],[-0.43562,51.52547],[-0.42407,51.52335],[-0.42638,51.51991],[-0.42569,51.51961],[-0.42736,51.51718],[-0.42472,51.51334],[-0.41985,51.51318],[-0.41891,51.51248],[-0.41964,51.51236],[-0.41968,51.51166],[-0.41757,51.51115],[-0.42024,51.50811],[-0.41873,51.50715],[-0.41959,51.50464],[-0.40929,51.50032],[-0.41066,51.4982],[-0.41358,51.49799],[-0.41616,51.4985],[-0.42981,51.50371],[-0.44286,51.50573]]]}},{"type":"Feature","properties":{"ward":"Brunel","code":"E05000326","borough":"Hillingdon"},"geometry":{"type":"Polygon","coordinates":[[[-0.45265,51.53272],[-0.44414,51.52861],[-0.43836,51.52644],[-0.44083,51.52602],[-0.44104,51.52422],[-0.44228,51.52301],[-0.44761,51.5229],[-0.45117,51.52653],[-0.45317,51.5256],[-0.45245,51.52482],[-0.45467,51.52428],[-0.45527,51.52245],[-0.45642,51.52215],[-0.4572,51.52403],[-0.46179,51.5238],[-0.4652,51.52464],[-0.46563,51.52353],[-0.46804,51.52337],[-0.46823,51.52208],[-0.47257,51.52155],[-0.47519,51.51834],[-0.47898,51.5168],[-0.48296,51.52016],[-0.48041,51.52091],[-0.48206,51.52352],[-0.4803,51.52372],[-0.48019,51.52505],[-0.48193,51.5252],[-0.4816,51.52601],[-0.47868,51.526],[-0.47848,51.52672],[-0.47646,51.52647],[-0.47655,51.52851],[-0.47565,51.52858],[-0.47606,51.52935],[-0.47579,51.52989],[-0.47638,51.53026],[-0.4761,51.53715],[-0.47707,51.53906],[-0.47287,51.53928],[-0.47262,51.53856],[-0.47017,51.53633],[-0.46862,51.53574],[-0.46199,51.53513],[-0.45882,51.53534],[-0.45265,51.53272]]]}},{"type":"Feature","properties":{"ward":"Cavendish","code":"E05000327","borough":"Hillingdon"},"geometry":{"type":"Polygon","coordinates":[[[-0.40425,51.56336],[-0.40084,51.56528],[-0.40491,51.56948],[-0.40823,51.57654],[-0.39952,51.57873],[-0.39745,51.57652],[-0.38841,51.57725],[-0.38751,51.57529],[-0.38808,51.57497],[-0.38571,51.57215],[-0.38646,51.57155],[-0.38593,51.57096],[-0.38908,51.56876],[-0.38595,51.56589],[-0.39892,51.56028],[-0.40315,51.56313],[-0.40356,51.5629],[-0.40425,51.56336]]]}},{"type":"Feature","properties":{"ward":"Charville","code":"E05000328","borough":"Hillingdon"},"geometry":{"type":"Polygon","coordinates":[[[-0.43836,51.52644],[-0.44148,51.53017],[-0.44152,51.5314],[-0.44071,51.53121],[-0.4404,51.53245],[-0.44188,51.53502],[-0.44138,51.53652],[-0.43731,51.53729],[-0.4326,51.53984],[-0.43143,51.53903],[-0.42438,51.54091],[-0.42425,51.54139],[-0.41916,51.54236],[-0.4175,51.54114],[-0.41853,51.54025],[-0.41951,51.54024],[-0.41816,51.53915],[-0.41959,51.53869],[-0.41938,51.53826],[-0.41755,51.53786],[-0.41748,51.53666],[-0.41534,51.53657],[-0.41385,51.53575],[-0.41348,51.53469],[-0.41183,51.53408],[-0.41217,51.53089],[-0.41538,51.52802],[-0.41487,51.52754],[-0.41577,51.52686],[-0.41431,51.52634],[-0.41492,51.52565],[-0.41695,51.52598],[-0.41681,51.52542],[-0.41932,51.52624],[-0.42205,51.52288],[-0.43562,51.52547],[-0.43836,51.52644]]]}},{"type":"Feature","properties":{"ward":"Eastcote and East Ruislip","code":"E05000329","borough":"Hillingdon"},"geometry":{"type":"Polygon","coordinates":[[[-0.39549,51.5902],[-0.39447,51.59045],[-0.39203,51.58833],[-0.39103,51.58307],[-0.39105,51.58172],[-0.39157,51.58156],[-0.38841,51.57725],[-0.39745,51.57652],[-0.39952,51.57873],[-0.40823,51.57654],[-0.40949,51.57836],[-0.41228,51.57781],[-0.4117,51.57642],[-0.41262,51.57646],[-0.41384,51.57569],[-0.41641,51.57522],[-0.41713,51.57557],[-0.4182,51.57513],[-0.42246,51.57541],[-0.42425,51.57491],[-0.42607,51.57733],[-0.42761,51.57695],[-0.43102,51.5787],[-0.43185,51.58007],[-0.43191,51.58318],[-0.43492,51.58603],[-0.43607,51.58778],[-0.43403,51.58854],[-0.43386,51.58812],[-0.43057,51.58811],[-0.42866,51.58864],[-0.42778,51.59216],[-0.42624,51.59373],[-0.42319,51.58824],[-0.41359,51.59015],[-0.41162,51.58778],[-0.40762,51.58876],[-0.40727,51.59055],[-0.40541,51.59171],[-0.40456,51.59096],[-0.40517,51.59068],[-0.40483,51.58985],[-0.40392,51.58992],[-0.40307,51.58851],[-0.40375,51.58826],[-0.40369,51.58769],[-0.40154,51.58802],[-0.39549,51.5902]]]}},{"type":"Feature","properties":{"ward":"Harefield","code":"E05000330","borough":"Hillingdon"},"geometry":{"type":"Polygon","coordinates":[[[-0.48923,51.57776],[-0.48948,51.57838],[-0.48857,51.57962],[-0.48962,51.58177],[-0.49472,51.58461],[-0.49513,51.58542],[-0.49496,51.58654],[-0.49576,51.58811],[-0.49723,51.58934],[-0.49793,51.59096],[-0.49884,51.59122],[-0.49864,51.5919],[-0.49956,51.59214],[-0.4988,51.59307],[-0.49859,51.59444],[-0.49945,51.5954],[-0.5009,51.60018],[-0.50035,51.60125],[-0.49766,51.60088],[-0.49671,51.60138],[-0.49633,51.60243],[-0.49719,51.60322],[-0.49728,51.6049],[-0.49859,51.60829],[-0.49926,51.60886],[-0.49834,51.60947],[-0.499,51.61015],[-0.49897,51.6111],[-0.49791,51.61324],[-0.49791,51.61424],[-0.49706,51.61491],[-0.49543,51.61892],[-0.49683,51.6205],[-0.49928,51.62111],[-0.5002,51.62218],[-0.50005,51.62368],[-0.49836,51.62478],[-0.49765,51.62667],[-0.50033,51.62892],[-0.49928,51.63048],[-0.49725,51.63165],[-0.49615,51.6317],[-0.49357,51.63055],[-0.49156,51.63076],[-0.48788,51.62676],[-0.47671,51.6219],[-0.46893,51.6167],[-0.46326,51.61433],[-0.45121,51.61036],[-0.45869,51.60716],[-0.45659,51.60505],[-0.457,51.60409],[-0.45659,51.60356],[-0.45704,51.60262],[-0.45675,51.60207],[-0.46158,51.59979],[-0.46306,51.59561],[-0.46133,51.59483],[-0.45993,51.59351],[-0.45055,51.58966],[-0.44897,51.58467],[-0.44874,51.58137],[-0.44794,51.57983],[-0.4483,51.57759],[-0.44745,51.57697],[-0.4444,51.57785],[-0.44333,51.57609],[-0.44204,51.57555],[-0.44247,51.57488],[-0.44116,51.57395],[-0.4416,51.57363],[-0.44155,51.57177],[-0.443,51.57134],[-0.44791,51.57244],[-0.48923,51.57776]]]}},{"type":"Feature","properties":{"ward":"Heathrow Villages","code":"E05000331","borough":"Hillingdon"},"geometry":{"type":"Polygon","coordinates":[[[-0.45866,51.45632],[-0.4613,51.45722],[-0.47358,51.45863],[-0.4759,51.46009],[-0.47614,51.46096],[-0.47714,51.46134],[-0.48588,51.46131],[-0.48963,51.46178],[-0.49223,51.46297],[-0.49388,51.46272],[-0.49701,51.46588],[-0.49814,51.46643],[-0.50376,51.46771],[-0.5063,51.46771],[-0.50734,51.46692],[-0.5088,51.46709],[-0.5103,51.4675],[-0.51017,51.46877],[-0.50769,51.47012],[-0.50596,51.47248],[-0.50351,51.48052],[-0.50197,51.48286],[-0.49872,51.48608],[-0.49902,51.48672],[-0.4997,51.48683],[-0.49904,51.48786],[-0.49919,51.48858],[-0.49833,51.48845],[-0.498,51.48888],[-0.49865,51.48926],[-0.49667,51.48983],[-0.49678,51.49049],[-0.49496,51.49132],[-0.49537,51.49205],[-0.49485,51.49266],[-0.49146,51.49306],[-0.49014,51.49458],[-0.48143,51.49436],[-0.46898,51.49545],[-0.46864,51.49805],[-0.46683,51.50261],[-0.46312,51.49885],[-0.45636,51.49792],[-0.4544,51.49829],[-0.45309,51.49777],[-0.45333,51.4957],[-0.41189,51.49244],[-0.41264,51.48858],[-0.41337,51.48725],[-0.41454,51.48653],[-0.41403,51.48607],[-0.41684,51.48253],[-0.41648,51.48209],[-0.41683,51.48087],[-0.41503,51.4772],[-0.41495,51.47605],[-0.41584,51.47401],[-0.41133,51.47046],[-0.41115,51.46988],[-0.42029,51.46678],[-0.4221,51.46656],[-0.4336,51.46174],[-0.43663,51.45768],[-0.43475,51.45711],[-0.43506,51.45685],[-0.44148,51.45681],[-0.444,51.45327],[-0.44942,51.45384],[-0.45378,51.45485],[-0.45399,51.45546],[-0.45543,51.45563],[-0.45578,51.45525],[-0.45866,51.45632]]]}},{"type":"Feature","properties":{"ward":"Hillingdon East","code":"E05000332","borough":"Hillingdon"},"geometry":{"type":"Polygon","coordinates":[[[-0.45265,51.53272],[-0.45214,51.53609],[-0.45251,51.538],[-0.45016,51.54225],[-0.44883,51.54893],[-0.44894,51.55176],[-0.44784,51.55401],[-0.44356,51.553],[-0.4355,51.54982],[-0.41166,51.54809],[-0.41136,51.54735],[-0.41563,51.54637],[-0.41546,51.5455],[-0.41696,51.54503],[-0.41814,51.54361],[-0.41813,51.54173],[-0.41916,51.54236],[-0.42425,51.54139],[-0.42438,51.54091],[-0.43143,51.53903],[-0.4326,51.53984],[-0.43731,51.53729],[-0.44138,51.53652],[-0.44188,51.53502],[-0.4404,51.53245],[-0.44071,51.53121],[-0.44152,51.5314],[-0.44148,51.53017],[-0.43836,51.52644],[-0.44414,51.52861],[-0.45265,51.53272]]]}},{"type":"Feature","properties":{"ward":"Ickenham","code":"E05000333","borough":"Hillingdon"},"geometry":{"type":"Polygon","coordinates":[[[-0.47701,51.55962],[-0.47754,51.56028],[-0.48106,51.5607],[-0.48077,51.56178],[-0.48281,51.56282],[-0.48227,51.56391],[-0.48324,51.56514],[-0.4826,51.56572],[-0.48478,51.56687],[-0.48403,51.57119],[-0.48508,51.5723],[-0.48555,51.57384],[-0.48402,51.57505],[-0.48774,51.57624],[-0.48923,51.57776],[-0.44791,51.57244],[-0.44594,51.57099],[-0.44708,51.57017],[-0.44536,51.56929],[-0.44272,51.56681],[-0.44313,51.56636],[-0.44256,51.56595],[-0.44292,51.56546],[-0.4402,51.56357],[-0.4369,51.56244],[-0.43459,51.56095],[-0.43414,51.55799],[-0.43278,51.55581],[-0.437,51.5529],[-0.43839,51.55071],[-0.44356,51.553],[-0.44784,51.55401],[-0.45526,51.55469],[-0.46865,51.55854],[-0.47701,51.55962]]]}},{"type":"Feature","properties":{"ward":"Manor","code":"E05000334","borough":"Hillingdon"},"geometry":{"type":"Polygon","coordinates":[[[-0.43116,51.56765],[-0.42279,51.57106],[-0.41812,51.57201],[-0.4198,51.57432],[-0.41893,51.57531],[-0.41384,51.57569],[-0.41262,51.57646],[-0.4117,51.57642],[-0.41228,51.57781],[-0.40949,51.57836],[-0.40491,51.56948],[-0.40084,51.56528],[-0.40218,51.56421],[-0.40807,51.56176],[-0.41152,51.56117],[-0.43116,51.56765]]]}},{"type":"Feature","properties":{"ward":"Northwood","code":"E05000335","borough":"Hillingdon"},"geometry":{"type":"Polygon","coordinates":[[[-0.44362,51.61951],[-0.4406,51.62007],[-0.4383,51.61992],[-0.4265,51.617],[-0.41697,51.61649],[-0.41201,51.61418],[-0.41556,51.61222],[-0.41623,51.61056],[-0.41382,51.60978],[-0.41452,51.60883],[-0.41415,51.60871],[-0.41486,51.60846],[-0.41498,51.60748],[-0.41683,51.60508],[-0.41729,51.60474],[-0.41856,51.60503],[-0.41198,51.60171],[-0.41509,51.59839],[-0.41682,51.59869],[-0.42023,51.59561],[-0.42432,51.59527],[-0.42563,51.59458],[-0.4337,51.5942],[-0.4352,51.595],[-0.43994,51.59376],[-0.44311,51.59659],[-0.44777,51.5958],[-0.44891,51.59605],[-0.453,51.59466],[-0.45393,51.59342],[-0.4528,51.59277],[-0.45388,51.59113],[-0.45368,51.59078],[-0.45993,51.59351],[-0.46133,51.59483],[-0.46306,51.59561],[-0.46158,51.59979],[-0.45675,51.60207],[-0.45704,51.60262],[-0.45659,51.60356],[-0.457,51.60409],[-0.45659,51.60505],[-0.45869,51.60716],[-0.45121,51.61036],[-0.45715,51.61229],[-0.44919,51.61516],[-0.44813,51.61592],[-0.44572,51.61953],[-0.44362,51.61951]]]}},{"type":"Feature","properties":{"ward":"Northwood Hills","code":"E05000336","borough":"Hillingdon"},"geometry":{"type":"Polygon","coordinates":[[[-0.41201,51.61418],[-0.40407,51.61318],[-0.40324,51.6091],[-0.40178,51.60662],[-0.40253,51.60519],[-0.40236,51.60194],[-0.40128,51.59968],[-0.39997,51.59822],[-0.40033,51.59742],[-0.3977,51.59686],[-0.39651,51.59509],[-0.39549,51.59162],[-0.3955,51.58992],[-0.39718,51.58991],[-0.40154,51.58802],[-0.40369,51.58769],[-0.40375,51.58826],[-0.40307,51.58851],[-0.40392,51.58992],[-0.40483,51.58985],[-0.40517,51.59068],[-0.40456,51.59096],[-0.40541,51.59171],[-0.40727,51.59055],[-0.40762,51.58876],[-0.41162,51.58778],[-0.41359,51.59015],[-0.42319,51.58824],[-0.42624,51.59373],[-0.42432,51.59527],[-0.42023,51.59561],[-0.41682,51.59869],[-0.41509,51.59839],[-0.41198,51.60171],[-0.41856,51.60503],[-0.41729,51.60474],[-0.41683,51.60508],[-0.41498,51.60748],[-0.41486,51.60846],[-0.41415,51.60871],[-0.41452,51.60883],[-0.41382,51.60978],[-0.41623,51.61056],[-0.41556,51.61222],[-0.41201,51.61418]]]}},{"type":"Feature","properties":{"ward":"Pinkwell","code":"E05000337","borough":"Hillingdon"},"geometry":{"type":"Polygon","coordinates":[[[-0.45309,51.49777],[-0.45086,51.50246],[-0.44999,51.50238],[-0.44809,51.50493],[-0.44574,51.50585],[-0.42981,51.50371],[-0.41616,51.4985],[-0.41358,51.49799],[-0.41066,51.4982],[-0.41057,51.49622],[-0.41141,51.49499],[-0.41189,51.49244],[-0.45333,51.4957],[-0.45309,51.49777]]]}},{"type":"Feature","properties":{"ward":"South Ruislip","code":"E05000338","borough":"Hillingdon"},"geometry":{"type":"Polygon","coordinates":[[[-0.43839,51.55071],[-0.437,51.5529],[-0.43278,51.55581],[-0.43414,51.55799],[-0.43459,51.56095],[-0.4369,51.56244],[-0.4402,51.56357],[-0.43116,51.56765],[-0.41152,51.56117],[-0.40807,51.56176],[-0.40425,51.56336],[-0.40356,51.5629],[-0.40315,51.56313],[-0.39892,51.56028],[-0.38595,51.56589],[-0.38908,51.56876],[-0.38593,51.57096],[-0.3833,51.56725],[-0.3824,51.56471],[-0.3825,51.56372],[-0.38197,51.56307],[-0.38238,51.5629],[-0.38031,51.56068],[-0.38029,51.55911],[-0.37769,51.55469],[-0.38527,51.55117],[-0.39394,51.5487],[-0.39499,51.54876],[-0.39489,51.54764],[-0.39872,51.54789],[-0.39789,51.54566],[-0.39656,51.54596],[-0.39624,51.54553],[-0.39527,51.54255],[-0.40485,51.54251],[-0.41615,51.54024],[-0.41853,51.54025],[-0.4175,51.54114],[-0.41813,51.54173],[-0.41814,51.54361],[-0.41696,51.54503],[-0.41546,51.5455],[-0.41563,51.54637],[-0.41136,51.54735],[-0.41166,51.54809],[-0.43241,51.54939],[-0.43839,51.55071]]]}},{"type":"Feature","properties":{"ward":"Townfield","code":"E05000339","borough":"Hillingdon"},"geometry":{"type":"Polygon","coordinates":[[[-0.40691,51.49969],[-0.41959,51.50464],[-0.41873,51.50715],[-0.42024,51.50811],[-0.41757,51.51115],[-0.41968,51.51166],[-0.41964,51.51236],[-0.41891,51.51248],[-0.41985,51.51318],[-0.42472,51.51334],[-0.42736,51.51718],[-0.42569,51.51961],[-0.42638,51.51991],[-0.42407,51.52335],[-0.41084,51.51877],[-0.40394,51.51738],[-0.40124,51.51607],[-0.39044,51.5132],[-0.39359,51.50697],[-0.40278,51.50364],[-0.40691,51.49969]]]}},{"type":"Feature","properties":{"ward":"Uxbridge North","code":"E05000340","borough":"Hillingdon"},"geometry":{"type":"Polygon","coordinates":[[[-0.45265,51.53272],[-0.45882,51.53534],[-0.46199,51.53513],[-0.46862,51.53574],[-0.47017,51.53633],[-0.47262,51.53856],[-0.47287,51.53928],[-0.4762,51.53916],[-0.47666,51.54022],[-0.47713,51.54019],[-0.47729,51.5419],[-0.47265,51.54265],[-0.47313,51.54337],[-0.47898,51.54579],[-0.48163,51.54871],[-0.48541,51.55072],[-0.48425,51.55145],[-0.48269,51.55152],[-0.4789,51.55483],[-0.47735,51.55527],[-0.47662,51.55803],[-0.47701,51.55962],[-0.46865,51.55854],[-0.45526,51.55469],[-0.44784,51.55401],[-0.44894,51.55176],[-0.44883,51.54893],[-0.45016,51.54225],[-0.45251,51.538],[-0.45214,51.53609],[-0.45265,51.53272]]]}},{"type":"Feature","properties":{"ward":"Uxbridge South","code":"E05000341","borough":"Hillingdon"},"geometry":{"type":"Polygon","coordinates":[[[-0.49165,51.5189],[-0.49039,51.52017],[-0.49119,51.52128],[-0.49054,51.52248],[-0.49028,51.52458],[-0.49088,51.52623],[-0.489,51.52861],[-0.49013,51.53204],[-0.49121,51.53327],[-0.4905,51.53416],[-0.49335,51.53584],[-0.49551,51.53843],[-0.49361,51.541],[-0.49183,51.54157],[-0.49212,51.54245],[-0.49081,51.54507],[-0.4916,51.54536],[-0.49138,51.54612],[-0.48939,51.54633],[-0.48951,51.54721],[-0.48817,51.54743],[-0.48706,51.54966],[-0.48541,51.55072],[-0.48163,51.54871],[-0.47898,51.54579],[-0.47313,51.54337],[-0.47265,51.54265],[-0.47729,51.5419],[-0.47713,51.54019],[-0.47666,51.54022],[-0.4762,51.53916],[-0.47707,51.53906],[-0.4761,51.53715],[-0.47638,51.53026],[-0.47579,51.52989],[-0.47606,51.52935],[-0.47565,51.52858],[-0.47655,51.52851],[-0.47646,51.52647],[-0.47848,51.52672],[-0.47868,51.526],[-0.4816,51.52601],[-0.48193,51.5252],[-0.48019,51.52505],[-0.4803,51.52372],[-0.48206,51.52352],[-0.48041,51.52091],[-0.48678,51.51882],[-0.49125,51.51853],[-0.49165,51.5189]]]}},{"type":"Feature","properties":{"ward":"West Drayton","code":"E05000342","borough":"Hillingdon"},"geometry":{"type":"Polygon","coordinates":[[[-0.48556,51.51003],[-0.46573,51.50932],[-0.45075,51.50732],[-0.44286,51.50573],[-0.44574,51.50585],[-0.44809,51.50493],[-0.44999,51.50238],[-0.45086,51.50246],[-0.45309,51.49777],[-0.4544,51.49829],[-0.45636,51.49792],[-0.46312,51.49885],[-0.46683,51.50261],[-0.46864,51.49805],[-0.46898,51.49545],[-0.48143,51.49436],[-0.49014,51.49458],[-0.48966,51.49547],[-0.48869,51.49597],[-0.48861,51.49677],[-0.48949,51.49757],[-0.48887,51.49856],[-0.48976,51.49897],[-0.48876,51.50021],[-0.48748,51.50035],[-0.48731,51.50098],[-0.48619,51.50091],[-0.48626,51.50182],[-0.48468,51.50358],[-0.48518,51.50393],[-0.48506,51.50507],[-0.48467,51.50562],[-0.48394,51.50562],[-0.48319,51.50665],[-0.48323,51.50724],[-0.484,51.50761],[-0.48353,51.5081],[-0.48584,51.5098],[-0.48556,51.51003]]]}},{"type":"Feature","properties":{"ward":"West Ruislip","code":"E05000343","borough":"Hillingdon"},"geometry":{"type":"Polygon","coordinates":[[[-0.4402,51.56357],[-0.44292,51.56546],[-0.44256,51.56595],[-0.44313,51.56636],[-0.44272,51.56681],[-0.44536,51.56929],[-0.44708,51.57017],[-0.44594,51.57099],[-0.44791,51.57244],[-0.443,51.57134],[-0.44155,51.57177],[-0.4416,51.57363],[-0.44116,51.57395],[-0.44247,51.57488],[-0.44204,51.57555],[-0.44333,51.57609],[-0.4444,51.57785],[-0.44745,51.57697],[-0.4483,51.57759],[-0.44794,51.57983],[-0.44874,51.58137],[-0.44897,51.58467],[-0.45055,51.58966],[-0.45368,51.59078],[-0.45388,51.59113],[-0.4528,51.59277],[-0.45393,51.59342],[-0.453,51.59466],[-0.44891,51.59605],[-0.44777,51.5958],[-0.44311,51.59659],[-0.43994,51.59376],[-0.4352,51.595],[-0.4337,51.5942],[-0.42563,51.59458],[-0.42557,51.59414],[-0.42778,51.59216],[-0.42866,51.58864],[-0.43057,51.58811],[-0.43386,51.58812],[-0.43403,51.58854],[-0.43607,51.58778],[-0.43492,51.58603],[-0.43191,51.58318],[-0.43185,51.58007],[-0.43102,51.5787],[-0.42761,51.57695],[-0.42607,51.57733],[-0.42425,51.57491],[-0.42246,51.57541],[-0.41893,51.57531],[-0.4198,51.57432],[-0.41812,51.57201],[-0.42279,51.57106],[-0.4402,51.56357]]]}},{"type":"Feature","properties":{"ward":"Yeading","code":"E05000344","borough":"Hillingdon"},"geometry":{"type":"Polygon","coordinates":[[[-0.40124,51.51607],[-0.39784,51.51977],[-0.39542,51.52166],[-0.39676,51.52306],[-0.39936,51.52458],[-0.39921,51.52797],[-0.39683,51.53202],[-0.38928,51.5308],[-0.38712,51.52956],[-0.38664,51.53039],[-0.37638,51.52889],[-0.37618,51.52491],[-0.38178,51.51863],[-0.38499,51.51636],[-0.38902,51.51474],[-0.39044,51.5132],[-0.40124,51.51607]]]}},{"type":"Feature","properties":{"ward":"Yiewsley","code":"E05000345","borough":"Hillingdon"},"geometry":{"type":"Polygon","coordinates":[[[-0.45075,51.50732],[-0.46573,51.50932],[-0.48556,51.51003],[-0.48981,51.51153],[-0.48994,51.51341],[-0.48958,51.51408],[-0.49122,51.51526],[-0.49235,51.51708],[-0.49165,51.5189],[-0.49125,51.51853],[-0.48678,51.51882],[-0.48296,51.52016],[-0.47898,51.5168],[-0.47519,51.51834],[-0.47257,51.52155],[-0.46823,51.52208],[-0.46804,51.52337],[-0.46563,51.52353],[-0.4652,51.52464],[-0.46179,51.5238],[-0.4572,51.52403],[-0.45642,51.52215],[-0.45527,51.52245],[-0.45467,51.52428],[-0.45245,51.52482],[-0.45317,51.5256],[-0.45117,51.52653],[-0.44556,51.52027],[-0.44377,51.51897],[-0.44466,51.51831],[-0.44706,51.51782],[-0.44913,51.51569],[-0.45109,51.5157],[-0.4496,51.50939],[-0.44995,51.50812],[-0.45049,51.50823],[-0.45075,51.50732]]]}},{"type":"Feature","properties":{"ward":"Bedfont","code":"E05000346","borough":"Hounslow"},"geometry":{"type":"Polygon","coordinates":[[[-0.45866,51.45632],[-0.45578,51.45525],[-0.45543,51.45563],[-0.45399,51.45546],[-0.45378,51.45485],[-0.44942,51.45384],[-0.444,51.45327],[-0.44148,51.45681],[-0.43506,51.45685],[-0.43475,51.45711],[-0.43663,51.45768],[-0.4336,51.46174],[-0.4221,51.46656],[-0.42184,51.46629],[-0.42539,51.46322],[-0.42488,51.46289],[-0.42566,51.46238],[-0.42153,51.45974],[-0.4205,51.45692],[-0.41941,51.45696],[-0.41881,51.45582],[-0.42744,51.45393],[-0.42204,51.45112],[-0.42361,51.44998],[-0.42413,51.45002],[-0.42398,51.45087],[-0.42437,51.4513],[-0.42476,51.45101],[-0.42589,51.4445],[-0.44631,51.44],[-0.4565,51.43822],[-0.45541,51.44212],[-0.45746,51.443],[-0.45748,51.44909],[-0.4615,51.44899],[-0.46134,51.45239],[-0.45986,51.45224],[-0.45931,51.45272],[-0.45866,51.45632]]]}},{"type":"Feature","properties":{"ward":"Brentford","code":"E05000347","borough":"Hounslow"},"geometry":{"type":"Polygon","coordinates":[[[-0.31718,51.48677],[-0.32033,51.48719],[-0.32128,51.48785],[-0.3215,51.49039],[-0.32239,51.49123],[-0.32445,51.49183],[-0.32741,51.49178],[-0.32993,51.4926],[-0.33126,51.49555],[-0.32998,51.49508],[-0.32742,51.49604],[-0.32616,51.49503],[-0.32487,51.49593],[-0.32343,51.4959],[-0.31921,51.49422],[-0.31579,51.4959],[-0.31529,51.49555],[-0.31573,51.49535],[-0.31448,51.49436],[-0.3151,51.49396],[-0.31394,51.49359],[-0.31192,51.49197],[-0.30544,51.49454],[-0.30585,51.49618],[-0.30136,51.49523],[-0.30111,51.49442],[-0.29755,51.49489],[-0.30072,51.49935],[-0.29405,51.50156],[-0.28681,51.50066],[-0.28507,51.50098],[-0.28313,51.49911],[-0.28203,51.49667],[-0.28299,51.49634],[-0.28326,51.49369],[-0.28581,51.4927],[-0.28212,51.49144],[-0.28741,51.48914],[-0.28747,51.48768],[-0.29275,51.48746],[-0.29899,51.48526],[-0.29999,51.48648],[-0.30232,51.48579],[-0.30361,51.48487],[-0.30436,51.48465],[-0.30483,51.48512],[-0.30687,51.48442],[-0.30827,51.48652],[-0.30796,51.48798],[-0.30895,51.48996],[-0.31718,51.48677]]]}},{"type":"Feature","properties":{"ward":"Chiswick Homefields","code":"E05000348","borough":"Hounslow"},"geometry":{"type":"MultiPolygon","coordinates":[[[[-0.25875,51.4876],[-0.25316,51.48697],[-0.25271,51.48727],[-0.25467,51.48961],[-0.2562,51.49266],[-0.25539,51.49269],[-0.25551,51.49628],[-0.25279,51.49991],[-0.25308,51.5014],[-0.24923,51.49695],[-0.24529,51.49838],[-0.245,51.49789],[-0.24442,51.49794],[-0.24561,51.49021],[-0.24456,51.4887],[-0.2477,51.4873],[-0.24973,51.48569],[-0.25147,51.48193],[-0.25155,51.47738],[-0.25353,51.47401],[-0.25523,51.47258],[-0.25881,51.47148],[-0.26244,51.47134],[-0.26566,51.47186],[-0.26915,51.47356],[-0.26345,51.47719],[-0.25576,51.48402],[-0.25569,51.48495],[-0.25875,51.4876]]],[[[-0.24483,51.488],[-0.24722,51.48683],[-0.24449,51.4883],[-0.24483,51.488]]]]}},{"type":"Feature","properties":{"ward":"Chiswick Riverside","code":"E05000349","borough":"Hounslow"},"geometry":{"type":"MultiPolygon","coordinates":[[[[-0.28212,51.49144],[-0.27815,51.48969],[-0.27303,51.48834],[-0.26754,51.48763],[-0.25875,51.4876],[-0.25569,51.48495],[-0.25576,51.48402],[-0.26345,51.47719],[-0.26915,51.47356],[-0.27289,51.47672],[-0.27549,51.4815],[-0.27711,51.4835],[-0.28159,51.48625],[-0.28747,51.48768],[-0.28741,51.48914],[-0.28212,51.49144]]],[[[-0.28057,51.48469],[-0.28184,51.48534],[-0.28074,51.48496],[-0.28057,51.48469]]]]}},{"type":"Feature","properties":{"ward":"Cranford","code":"E05000350","borough":"Hounslow"},"geometry":{"type":"Polygon","coordinates":[[[-0.41115,51.46988],[-0.41133,51.47046],[-0.41584,51.47401],[-0.41495,51.47605],[-0.41503,51.4772],[-0.41683,51.48087],[-0.41648,51.48209],[-0.41684,51.48253],[-0.41403,51.48607],[-0.41454,51.48653],[-0.41337,51.48725],[-0.41264,51.48858],[-0.41195,51.4921],[-0.4106,51.49118],[-0.41142,51.4881],[-0.41098,51.48656],[-0.40435,51.48168],[-0.40372,51.48027],[-0.40416,51.47776],[-0.39285,51.47486],[-0.39466,51.46782],[-0.39349,51.46751],[-0.39264,51.46536],[-0.39544,51.46458],[-0.39311,51.46131],[-0.40139,51.45901],[-0.40117,51.46144],[-0.40318,51.4644],[-0.40593,51.46656],[-0.40709,51.46668],[-0.40767,51.46751],[-0.41041,51.46882],[-0.41115,51.46874],[-0.41115,51.46988]]]}},{"type":"Feature","properties":{"ward":"Feltham North","code":"E05000351","borough":"Hounslow"},"geometry":{"type":"Polygon","coordinates":[[[-0.41114,51.44767],[-0.41464,51.44916],[-0.41993,51.45012],[-0.42744,51.45393],[-0.41881,51.45582],[-0.41941,51.45696],[-0.4205,51.45692],[-0.42153,51.45974],[-0.42566,51.46238],[-0.42488,51.46289],[-0.42539,51.46322],[-0.42184,51.46629],[-0.4221,51.46656],[-0.42029,51.46678],[-0.41115,51.46988],[-0.41115,51.46874],[-0.41041,51.46882],[-0.40767,51.46751],[-0.40709,51.46668],[-0.40593,51.46656],[-0.40318,51.4644],[-0.40117,51.46144],[-0.40124,51.45795],[-0.39957,51.45582],[-0.39587,51.45432],[-0.39291,51.45458],[-0.39281,51.45371],[-0.39037,51.45126],[-0.41114,51.44767]]]}},{"type":"Feature","properties":{"ward":"Feltham West","code":"E05000352","borough":"Hounslow"},"geometry":{"type":"Polygon","coordinates":[[[-0.44631,51.44],[-0.42589,51.4445],[-0.42476,51.45101],[-0.42437,51.4513],[-0.42398,51.45087],[-0.42413,51.45002],[-0.42204,51.45112],[-0.41993,51.45012],[-0.41464,51.44916],[-0.40943,51.44685],[-0.4118,51.4434],[-0.41473,51.44088],[-0.41689,51.43958],[-0.42369,51.43748],[-0.42265,51.43546],[-0.42088,51.43584],[-0.41885,51.43296],[-0.41793,51.43296],[-0.41861,51.43211],[-0.42118,51.43217],[-0.42352,51.43088],[-0.42751,51.43082],[-0.42785,51.42925],[-0.42945,51.42939],[-0.42956,51.4288],[-0.43266,51.42902],[-0.44,51.43063],[-0.43977,51.43462],[-0.44774,51.435],[-0.44631,51.44]]]}},{"type":"Feature","properties":{"ward":"Hanworth","code":"E05000353","borough":"Hounslow"},"geometry":{"type":"Polygon","coordinates":[[[-0.41861,51.43211],[-0.41793,51.43296],[-0.41571,51.43309],[-0.40616,51.43071],[-0.40204,51.43022],[-0.39262,51.43329],[-0.39174,51.43558],[-0.39227,51.43574],[-0.39126,51.43891],[-0.39064,51.43884],[-0.39016,51.43947],[-0.39065,51.43965],[-0.38966,51.44072],[-0.38917,51.44053],[-0.38417,51.44574],[-0.37979,51.44439],[-0.37963,51.44323],[-0.37824,51.44249],[-0.37609,51.44307],[-0.37395,51.44302],[-0.37289,51.44364],[-0.3671,51.44171],[-0.37789,51.4368],[-0.37793,51.43631],[-0.37621,51.4355],[-0.38331,51.43213],[-0.38791,51.42873],[-0.38715,51.42818],[-0.38838,51.42805],[-0.38411,51.42267],[-0.38552,51.42075],[-0.39277,51.42347],[-0.39136,51.42233],[-0.39453,51.42324],[-0.39813,51.42356],[-0.40538,51.42248],[-0.40846,51.42383],[-0.40903,51.42545],[-0.41089,51.42734],[-0.41311,51.42785],[-0.41247,51.42878],[-0.41437,51.4293],[-0.41383,51.43007],[-0.41792,51.43103],[-0.41732,51.43192],[-0.41861,51.43211]]]}},{"type":"Feature","properties":{"ward":"Hanworth Park","code":"E05000354","borough":"Hounslow"},"geometry":{"type":"Polygon","coordinates":[[[-0.41793,51.43296],[-0.41885,51.43296],[-0.42088,51.43584],[-0.42265,51.43546],[-0.42369,51.43748],[-0.41689,51.43958],[-0.41473,51.44088],[-0.4118,51.4434],[-0.40943,51.44685],[-0.41114,51.44767],[-0.39037,51.45126],[-0.38953,51.44917],[-0.38769,51.44937],[-0.38632,51.4482],[-0.38627,51.44673],[-0.38417,51.44574],[-0.38917,51.44053],[-0.38966,51.44072],[-0.39065,51.43965],[-0.39016,51.43947],[-0.39064,51.43884],[-0.39126,51.43891],[-0.39227,51.43574],[-0.39174,51.43558],[-0.39262,51.43329],[-0.40204,51.43022],[-0.40616,51.43071],[-0.41571,51.43309],[-0.41793,51.43296]]]}},{"type":"Feature","properties":{"ward":"Heston Central","code":"E05000355","borough":"Hounslow"},"geometry":{"type":"Polygon","coordinates":[[[-0.39285,51.47486],[-0.39395,51.47515],[-0.39197,51.47539],[-0.39044,51.4786],[-0.3897,51.47884],[-0.38629,51.48367],[-0.38136,51.48329],[-0.38063,51.48482],[-0.38133,51.48608],[-0.38116,51.48822],[-0.37643,51.48899],[-0.37576,51.48706],[-0.37472,51.48633],[-0.37492,51.48549],[-0.37307,51.48505],[-0.37385,51.48164],[-0.37233,51.47998],[-0.37267,51.4779],[-0.37089,51.47814],[-0.37092,51.47716],[-0.37243,51.47719],[-0.37326,51.47516],[-0.37433,51.47551],[-0.37567,51.47462],[-0.3735,51.47376],[-0.37396,51.4735],[-0.37275,51.47342],[-0.37304,51.47156],[-0.37803,51.47343],[-0.37923,51.47106],[-0.37855,51.47084],[-0.37873,51.47037],[-0.39285,51.47486]]]}},{"type":"Feature","properties":{"ward":"Heston East","code":"E05000356","borough":"Hounslow"},"geometry":{"type":"Polygon","coordinates":[[[-0.38116,51.48822],[-0.38139,51.49208],[-0.38627,51.49299],[-0.38858,51.49297],[-0.38755,51.49485],[-0.38353,51.49482],[-0.37785,51.49656],[-0.37789,51.49545],[-0.37584,51.4954],[-0.37381,51.49193],[-0.37195,51.49098],[-0.37187,51.49047],[-0.36792,51.49179],[-0.36838,51.4923],[-0.36697,51.49278],[-0.36577,51.49256],[-0.36341,51.48898],[-0.36653,51.48826],[-0.36715,51.48692],[-0.36757,51.48693],[-0.36724,51.48674],[-0.36797,51.48507],[-0.36617,51.48504],[-0.36611,51.48315],[-0.36654,51.48268],[-0.3684,51.48307],[-0.36653,51.48151],[-0.36216,51.48191],[-0.36077,51.48151],[-0.36152,51.47988],[-0.36226,51.47994],[-0.36223,51.47926],[-0.35283,51.48057],[-0.35341,51.47917],[-0.35345,51.47612],[-0.35818,51.47729],[-0.36165,51.47709],[-0.36319,51.47812],[-0.36529,51.47445],[-0.36699,51.47286],[-0.36712,51.47124],[-0.37304,51.47156],[-0.37275,51.47342],[-0.37396,51.4735],[-0.3735,51.47376],[-0.37567,51.47462],[-0.37433,51.47551],[-0.37326,51.47516],[-0.37243,51.47719],[-0.37092,51.47716],[-0.37089,51.47814],[-0.37267,51.4779],[-0.37233,51.47998],[-0.37385,51.48164],[-0.37307,51.48505],[-0.37492,51.48549],[-0.37472,51.48633],[-0.37576,51.48706],[-0.37643,51.48899],[-0.38116,51.48822]]]}},{"type":"Feature","properties":{"ward":"Heston West","code":"E05000357","borough":"Hounslow"},"geometry":{"type":"Polygon","coordinates":[[[-0.40691,51.49969],[-0.38755,51.49485],[-0.38858,51.49297],[-0.38627,51.49299],[-0.38139,51.49208],[-0.38133,51.48608],[-0.38063,51.48482],[-0.38136,51.48329],[-0.38629,51.48367],[-0.3897,51.47884],[-0.39044,51.4786],[-0.39197,51.47539],[-0.39395,51.47515],[-0.40416,51.47776],[-0.40372,51.48027],[-0.40435,51.48168],[-0.41098,51.48656],[-0.41142,51.4881],[-0.4106,51.49118],[-0.41195,51.4921],[-0.41141,51.49499],[-0.41057,51.49622],[-0.41066,51.4982],[-0.40929,51.50032],[-0.40691,51.49969]]]}},{"type":"Feature","properties":{"ward":"Hounslow Central","code":"E05000358","borough":"Hounslow"},"geometry":{"type":"Polygon","coordinates":[[[-0.36268,51.46166],[-0.36268,51.465],[-0.36413,51.46562],[-0.36608,51.46801],[-0.36712,51.47124],[-0.36699,51.47286],[-0.36529,51.47445],[-0.36319,51.47812],[-0.36165,51.47709],[-0.35818,51.47729],[-0.35345,51.47612],[-0.34597,51.47592],[-0.34602,51.47468],[-0.34416,51.47327],[-0.34272,51.47305],[-0.34194,51.47218],[-0.36268,51.46166]]]}},{"type":"Feature","properties":{"ward":"Hounslow Heath","code":"E05000359","borough":"Hounslow"},"geometry":{"type":"Polygon","coordinates":[[[-0.36608,51.46801],[-0.36413,51.46562],[-0.36268,51.465],[-0.36268,51.46166],[-0.36659,51.4595],[-0.36959,51.45697],[-0.37269,51.45699],[-0.37305,51.45747],[-0.37528,51.45628],[-0.38379,51.44951],[-0.38457,51.4499],[-0.38953,51.44917],[-0.39037,51.45126],[-0.39281,51.45371],[-0.39291,51.45458],[-0.39587,51.45432],[-0.39957,51.45582],[-0.40124,51.45795],[-0.40139,51.45901],[-0.38574,51.46358],[-0.36608,51.46801]]]}},{"type":"Feature","properties":{"ward":"Hounslow South","code":"E05000360","borough":"Hounslow"},"geometry":{"type":"Polygon","coordinates":[[[-0.36959,51.45697],[-0.36659,51.4595],[-0.36268,51.46166],[-0.33828,51.47408],[-0.33764,51.47329],[-0.33849,51.47163],[-0.33962,51.47064],[-0.3413,51.46688],[-0.34101,51.46434],[-0.34013,51.46427],[-0.34005,51.45945],[-0.34172,51.45902],[-0.34268,51.45811],[-0.34505,51.45792],[-0.34604,51.45727],[-0.3487,51.45677],[-0.35284,51.45686],[-0.35346,51.45818],[-0.35643,51.45841],[-0.36506,51.4578],[-0.36783,51.45743],[-0.36846,51.45687],[-0.36959,51.45697]]]}},{"type":"Feature","properties":{"ward":"Hounslow West","code":"E05000361","borough":"Hounslow"},"geometry":{"type":"Polygon","coordinates":[[[-0.39285,51.47486],[-0.37873,51.47037],[-0.37855,51.47084],[-0.37923,51.47106],[-0.37803,51.47343],[-0.37304,51.47156],[-0.36712,51.47124],[-0.36608,51.46801],[-0.38574,51.46358],[-0.39311,51.46131],[-0.39544,51.46458],[-0.39264,51.46536],[-0.39349,51.46751],[-0.39466,51.46782],[-0.39285,51.47486]]]}},{"type":"Feature","properties":{"ward":"Isleworth","code":"E05000362","borough":"Hounslow"},"geometry":{"type":"MultiPolygon","coordinates":[[[[-0.33764,51.47329],[-0.33591,51.47226],[-0.32849,51.47071],[-0.32841,51.47143],[-0.32369,51.47089],[-0.32377,51.47146],[-0.32281,51.47139],[-0.32215,51.47243],[-0.322,51.47436],[-0.31854,51.47218],[-0.31911,51.47152],[-0.32214,51.47051],[-0.32158,51.47043],[-0.32238,51.46896],[-0.32188,51.46796],[-0.32173,51.46541],[-0.32385,51.46515],[-0.32667,51.46175],[-0.32688,51.46117],[-0.32636,51.46081],[-0.32672,51.45997],[-0.32624,51.45979],[-0.32646,51.45934],[-0.32557,51.45812],[-0.32691,51.45704],[-0.32841,51.45795],[-0.33037,51.45788],[-0.33303,51.45541],[-0.33629,51.45569],[-0.33698,51.45463],[-0.34063,51.45726],[-0.34013,51.45924],[-0.34172,51.45902],[-0.34005,51.45945],[-0.34013,51.46427],[-0.34101,51.46434],[-0.3413,51.46688],[-0.33962,51.47064],[-0.33849,51.47163],[-0.33764,51.47329]]],[[[-0.31972,51.47068],[-0.32109,51.46595],[-0.32129,51.46948],[-0.32047,51.47049],[-0.31972,51.47068]]]]}},{"type":"Feature","properties":{"ward":"Osterley and Spring Grove","code":"E05000363","borough":"Hounslow"},"geometry":{"type":"Polygon","coordinates":[[[-0.36697,51.49278],[-0.3658,51.49366],[-0.36538,51.49333],[-0.363,51.49593],[-0.35803,51.49779],[-0.34979,51.49903],[-0.34211,51.49604],[-0.33545,51.49621],[-0.33126,51.49555],[-0.32993,51.4926],[-0.32741,51.49178],[-0.32445,51.49183],[-0.32239,51.49123],[-0.3215,51.49039],[-0.32128,51.48785],[-0.32033,51.48719],[-0.3151,51.48656],[-0.31445,51.48603],[-0.32305,51.48277],[-0.34194,51.47218],[-0.34272,51.47305],[-0.34416,51.47327],[-0.34602,51.47468],[-0.34597,51.47592],[-0.35345,51.47612],[-0.35341,51.47917],[-0.35283,51.48057],[-0.36223,51.47926],[-0.36226,51.47994],[-0.36152,51.47988],[-0.36077,51.48151],[-0.36216,51.48191],[-0.36653,51.48151],[-0.3684,51.48307],[-0.36654,51.48268],[-0.36611,51.48315],[-0.36617,51.48504],[-0.36797,51.48507],[-0.36724,51.48674],[-0.36757,51.48693],[-0.36715,51.48692],[-0.36653,51.48826],[-0.36341,51.48898],[-0.3652,51.49202],[-0.36697,51.49278]]]}},{"type":"Feature","properties":{"ward":"Syon","code":"E05000364","borough":"Hounslow"},"geometry":{"type":"MultiPolygon","coordinates":[[[[-0.2978,51.48522],[-0.29868,51.48411],[-0.29903,51.48469],[-0.2978,51.48522]]],[[[-0.31718,51.48677],[-0.30895,51.48996],[-0.30796,51.48798],[-0.30827,51.48652],[-0.30687,51.48442],[-0.30483,51.48512],[-0.30436,51.48465],[-0.30361,51.48487],[-0.30232,51.48579],[-0.29999,51.48648],[-0.29899,51.48526],[-0.30046,51.48396],[-0.29999,51.48415],[-0.29978,51.48329],[-0.30053,51.48379],[-0.30119,51.48354],[-0.30023,51.4832],[-0.30427,51.4824],[-0.30011,51.48271],[-0.30357,51.47991],[-0.30448,51.47983],[-0.3045,51.47915],[-0.30562,51.47832],[-0.30698,51.47625],[-0.31209,51.47379],[-0.31911,51.47152],[-0.31854,51.47218],[-0.31878,51.47247],[-0.322,51.47436],[-0.32215,51.47243],[-0.32281,51.47139],[-0.32377,51.47146],[-0.32369,51.47089],[-0.32841,51.47143],[-0.32849,51.47071],[-0.33591,51.47226],[-0.33828,51.47408],[-0.32305,51.48277],[-0.31445,51.48603],[-0.3151,51.48656],[-0.31718,51.48677]]]]}},{"type":"Feature","properties":{"ward":"Turnham Green","code":"E05000365","borough":"Hounslow"},"geometry":{"type":"Polygon","coordinates":[[[-0.25875,51.4876],[-0.26754,51.48763],[-0.27303,51.48834],[-0.27815,51.48969],[-0.28581,51.4927],[-0.28326,51.49369],[-0.28299,51.49634],[-0.28203,51.49667],[-0.28313,51.49911],[-0.28507,51.50098],[-0.28078,51.50285],[-0.2779,51.49949],[-0.27248,51.49615],[-0.27143,51.4948],[-0.26892,51.49401],[-0.25543,51.49493],[-0.25539,51.49269],[-0.2562,51.49266],[-0.25611,51.49233],[-0.25467,51.48961],[-0.25271,51.48727],[-0.25316,51.48697],[-0.25875,51.4876]]]}},{"type":"Feature","properties":{"ward":"Barnsbury","code":"E05000366","borough":"Islington"},"geometry":{"type":"Polygon","coordinates":[[[-0.117,51.53113],[-0.11741,51.53336],[-0.11661,51.53694],[-0.11392,51.53677],[-0.11334,51.5431],[-0.11371,51.54383],[-0.10788,51.54523],[-0.10613,51.54107],[-0.10689,51.53877],[-0.10723,51.53498],[-0.10687,51.53377],[-0.10602,51.53312],[-0.1063,51.5319],[-0.117,51.53113]]]}},{"type":"Feature","properties":{"ward":"Bunhill","code":"E05000367","borough":"Islington"},"geometry":{"type":"Polygon","coordinates":[[[-0.0974,51.52159],[-0.09767,51.52072],[-0.10182,51.51967],[-0.10157,51.52115],[-0.10224,51.52295],[-0.10416,51.52555],[-0.10391,51.52633],[-0.10352,51.52587],[-0.10013,51.52652],[-0.10136,51.529],[-0.10251,51.52978],[-0.10377,51.52914],[-0.10491,51.52955],[-0.1063,51.53198],[-0.08878,51.52744],[-0.08744,51.52596],[-0.08502,51.5262],[-0.08475,51.52542],[-0.08544,51.52451],[-0.08514,51.52392],[-0.08422,51.5239],[-0.08522,51.52033],[-0.08623,51.51881],[-0.09,51.51997],[-0.08969,51.52072],[-0.09237,51.52103],[-0.09252,51.52149],[-0.09434,51.52148],[-0.09509,51.52314],[-0.09647,51.52282],[-0.09679,51.52332],[-0.09797,51.52288],[-0.0974,51.52159]]]}},{"type":"Feature","properties":{"ward":"Caledonian","code":"E05000368","borough":"Islington"},"geometry":{"type":"Polygon","coordinates":[[[-0.12636,51.54506],[-0.12049,51.54673],[-0.11755,51.54685],[-0.11474,51.54822],[-0.11089,51.54449],[-0.11371,51.54383],[-0.11334,51.5431],[-0.11392,51.53677],[-0.11661,51.53694],[-0.11741,51.53336],[-0.117,51.53113],[-0.12256,51.53073],[-0.1224,51.53688],[-0.12509,51.54112],[-0.12636,51.54506]]]}},{"type":"Feature","properties":{"ward":"Canonbury","code":"E05000369","borough":"Islington"},"geometry":{"type":"Polygon","coordinates":[[[-0.08657,51.5374],[-0.08887,51.53787],[-0.09419,51.5415],[-0.09587,51.54062],[-0.09804,51.5418],[-0.10048,51.54632],[-0.09665,51.5473],[-0.08384,51.5466],[-0.08366,51.54506],[-0.08657,51.5374]]]}},{"type":"Feature","properties":{"ward":"Clerkenwell","code":"E05000370","borough":"Islington"},"geometry":{"type":"Polygon","coordinates":[[[-0.10535,51.51854],[-0.10702,51.52219],[-0.10827,51.52209],[-0.10899,51.52302],[-0.11256,51.52379],[-0.11425,51.52552],[-0.11295,51.52641],[-0.11543,51.52772],[-0.11602,51.52984],[-0.1199,51.53094],[-0.1063,51.5319],[-0.10491,51.52955],[-0.10377,51.52914],[-0.10251,51.52978],[-0.10136,51.529],[-0.10013,51.52652],[-0.10352,51.52587],[-0.10391,51.52633],[-0.10416,51.52555],[-0.10224,51.52295],[-0.10157,51.52115],[-0.10182,51.51967],[-0.10535,51.51854]]]}},{"type":"Feature","properties":{"ward":"Finsbury Park","code":"E05000371","borough":"Islington"},"geometry":{"type":"Polygon","coordinates":[[[-0.1062,51.56554],[-0.10487,51.56464],[-0.10439,51.56477],[-0.10674,51.56361],[-0.1076,51.56004],[-0.1095,51.55693],[-0.11121,51.55846],[-0.11693,51.5561],[-0.12405,51.56103],[-0.11834,51.56332],[-0.11871,51.56369],[-0.11585,51.56496],[-0.11599,51.56535],[-0.11554,51.56506],[-0.11269,51.5664],[-0.11198,51.56731],[-0.11138,51.5669],[-0.11054,51.56736],[-0.11127,51.56787],[-0.11071,51.56861],[-0.1062,51.56554]]]}},{"type":"Feature","properties":{"ward":"Highbury East","code":"E05000372","borough":"Islington"},"geometry":{"type":"Polygon","coordinates":[[[-0.09042,51.55767],[-0.09039,51.55442],[-0.09242,51.5544],[-0.09235,51.5538],[-0.09294,51.55381],[-0.09267,51.55162],[-0.09444,51.55145],[-0.09483,51.55052],[-0.09454,51.54988],[-0.09601,51.5492],[-0.09631,51.54855],[-0.09826,51.54806],[-0.09858,51.54679],[-0.10224,51.54615],[-0.10371,51.54648],[-0.10956,51.55051],[-0.10808,51.5516],[-0.10575,51.55215],[-0.10487,51.55296],[-0.09923,51.55242],[-0.09813,51.55434],[-0.09798,51.55698],[-0.09855,51.55811],[-0.09859,51.56084],[-0.09603,51.56123],[-0.0917,51.56022],[-0.09042,51.55767]]]}},{"type":"Feature","properties":{"ward":"Highbury West","code":"E05000373","borough":"Islington"},"geometry":{"type":"Polygon","coordinates":[[[-0.11693,51.5561],[-0.11121,51.55846],[-0.1095,51.55693],[-0.1076,51.56004],[-0.10674,51.56361],[-0.10451,51.56471],[-0.09859,51.56084],[-0.09855,51.55811],[-0.09798,51.55698],[-0.09813,51.55434],[-0.09923,51.55242],[-0.10487,51.55296],[-0.10575,51.55215],[-0.10808,51.5516],[-0.10956,51.55051],[-0.11693,51.5561]]]}},{"type":"Feature","properties":{"ward":"Hillrise","code":"E05000374","borough":"Islington"},"geometry":{"type":"Polygon","coordinates":[[[-0.13343,51.57287],[-0.1275,51.57415],[-0.12488,51.5741],[-0.11965,51.57551],[-0.11889,51.57473],[-0.11957,51.57438],[-0.11718,51.57383],[-0.11964,51.57236],[-0.11917,51.57204],[-0.11966,51.57176],[-0.12007,51.57202],[-0.12342,51.57039],[-0.12324,51.57],[-0.124,51.56985],[-0.12316,51.56826],[-0.12739,51.56529],[-0.13164,51.56779],[-0.13352,51.56631],[-0.13489,51.56665],[-0.13834,51.5706],[-0.13343,51.57287]]]}},{"type":"Feature","properties":{"ward":"Holloway","code":"E05000375","borough":"Islington"},"geometry":{"type":"Polygon","coordinates":[[[-0.12636,51.54506],[-0.1272,51.54766],[-0.12914,51.54884],[-0.11945,51.55781],[-0.11005,51.55087],[-0.11084,51.54954],[-0.10989,51.54811],[-0.11307,51.54679],[-0.11474,51.54822],[-0.11755,51.54685],[-0.12049,51.54673],[-0.12636,51.54506]]]}},{"type":"Feature","properties":{"ward":"Junction","code":"E05000376","borough":"Islington"},"geometry":{"type":"Polygon","coordinates":[[[-0.13945,51.55826],[-0.14103,51.56043],[-0.14068,51.56455],[-0.14242,51.56912],[-0.14071,51.5694],[-0.13834,51.5706],[-0.13489,51.56665],[-0.13352,51.56631],[-0.13164,51.56779],[-0.12739,51.56529],[-0.12924,51.56383],[-0.12578,51.56223],[-0.1276,51.56074],[-0.13003,51.55958],[-0.12887,51.55844],[-0.13235,51.55811],[-0.13186,51.55745],[-0.13839,51.55686],[-0.13945,51.55826]]]}},{"type":"Feature","properties":{"ward":"Mildmay","code":"E05000377","borough":"Islington"},"geometry":{"type":"Polygon","coordinates":[[[-0.08384,51.5466],[-0.09665,51.5473],[-0.09858,51.54679],[-0.09826,51.54806],[-0.09631,51.54855],[-0.09601,51.5492],[-0.09454,51.54988],[-0.09483,51.55052],[-0.09444,51.55145],[-0.09267,51.55162],[-0.09294,51.55381],[-0.09235,51.5538],[-0.09242,51.5544],[-0.09039,51.55442],[-0.0893,51.55374],[-0.08859,51.55395],[-0.08755,51.55282],[-0.0855,51.55216],[-0.07946,51.55166],[-0.07664,51.54793],[-0.07636,51.54642],[-0.07684,51.54608],[-0.08384,51.5466]]]}},{"type":"Feature","properties":{"ward":"St George's","code":"E05000378","borough":"Islington"},"geometry":{"type":"Polygon","coordinates":[[[-0.12578,51.56223],[-0.11945,51.55781],[-0.12914,51.54884],[-0.13016,51.54962],[-0.13103,51.55151],[-0.13526,51.55459],[-0.13718,51.5554],[-0.13839,51.55686],[-0.13186,51.55745],[-0.13235,51.55811],[-0.12887,51.55844],[-0.13003,51.55958],[-0.1276,51.56074],[-0.12578,51.56223]]]}},{"type":"Feature","properties":{"ward":"St Mary's","code":"E05000379","borough":"Islington"},"geometry":{"type":"Polygon","coordinates":[[[-0.11307,51.54679],[-0.10989,51.54811],[-0.11084,51.54954],[-0.11005,51.55087],[-0.10371,51.54648],[-0.10048,51.54632],[-0.09804,51.5418],[-0.09587,51.54062],[-0.10153,51.5366],[-0.10385,51.53554],[-0.10602,51.53312],[-0.10687,51.53377],[-0.10723,51.53498],[-0.10689,51.53877],[-0.10613,51.54107],[-0.10712,51.54384],[-0.10788,51.54523],[-0.11089,51.54449],[-0.11307,51.54679]]]}},{"type":"Feature","properties":{"ward":"St Peter's","code":"E05000380","borough":"Islington"},"geometry":{"type":"Polygon","coordinates":[[[-0.09541,51.52919],[-0.1063,51.53198],[-0.10602,51.53312],[-0.10385,51.53554],[-0.10153,51.5366],[-0.09892,51.53875],[-0.09419,51.5415],[-0.08887,51.53787],[-0.08657,51.5374],[-0.09703,51.53298],[-0.09511,51.53005],[-0.09541,51.52919]]]}},{"type":"Feature","properties":{"ward":"Tollington","code":"E05000381","borough":"Islington"},"geometry":{"type":"Polygon","coordinates":[[[-0.12739,51.56529],[-0.12316,51.56826],[-0.124,51.56985],[-0.12324,51.57],[-0.12342,51.57039],[-0.12007,51.57202],[-0.11966,51.57176],[-0.11917,51.57204],[-0.11964,51.57236],[-0.11718,51.57383],[-0.11559,51.57257],[-0.11613,51.57219],[-0.11541,51.57189],[-0.11517,51.57067],[-0.11071,51.56861],[-0.11127,51.56787],[-0.11054,51.56736],[-0.11138,51.5669],[-0.11198,51.56731],[-0.11269,51.5664],[-0.11554,51.56506],[-0.11599,51.56535],[-0.11585,51.56496],[-0.11871,51.56369],[-0.11834,51.56332],[-0.12405,51.56103],[-0.12924,51.56383],[-0.12739,51.56529]]]}},{"type":"Feature","properties":{"ward":"Abingdon","code":"E05000382","borough":"Kensington and Chelsea"},"geometry":{"type":"Polygon","coordinates":[[[-0.20184,51.49185],[-0.20303,51.49332],[-0.20739,51.49615],[-0.19347,51.5009],[-0.19228,51.49886],[-0.19181,51.49897],[-0.19105,51.49812],[-0.18938,51.49813],[-0.18897,51.49627],[-0.18849,51.49636],[-0.18992,51.4947],[-0.19565,51.4945],[-0.20184,51.49185]]]}},{"type":"Feature","properties":{"ward":"Brompton","code":"E05000383","borough":"Kensington and Chelsea"},"geometry":{"type":"Polygon","coordinates":[[[-0.17906,51.49531],[-0.17957,51.49778],[-0.16841,51.49902],[-0.16764,51.4983],[-0.1658,51.49924],[-0.16551,51.4987],[-0.16102,51.50159],[-0.15848,51.50225],[-0.15787,51.49902],[-0.15605,51.49751],[-0.1629,51.49679],[-0.16345,51.49627],[-0.16418,51.49655],[-0.16973,51.49303],[-0.16849,51.49221],[-0.16979,51.49034],[-0.1718,51.49186],[-0.17566,51.48938],[-0.17754,51.491],[-0.17922,51.49017],[-0.18011,51.49129],[-0.1784,51.49206],[-0.17906,51.49531]]]}},{"type":"Feature","properties":{"ward":"Campden","code":"E05000384","borough":"Kensington and Chelsea"},"geometry":{"type":"Polygon","coordinates":[[[-0.20309,51.50787],[-0.20058,51.50858],[-0.18793,51.51018],[-0.18426,51.50179],[-0.18885,51.50238],[-0.19439,51.50056],[-0.1966,51.5028],[-0.20083,51.50251],[-0.20376,51.50768],[-0.20309,51.50787]]]}},{"type":"Feature","properties":{"ward":"Colville","code":"E05000385","borough":"Kensington and Chelsea"},"geometry":{"type":"Polygon","coordinates":[[[-0.20653,51.51254],[-0.20962,51.51686],[-0.2126,51.51602],[-0.21346,51.51651],[-0.20718,51.51841],[-0.20377,51.52062],[-0.20149,51.5178],[-0.20075,51.51798],[-0.19921,51.51455],[-0.20653,51.51254]]]}},{"type":"Feature","properties":{"ward":"Courtfield","code":"E05000386","borough":"Kensington and Chelsea"},"geometry":{"type":"Polygon","coordinates":[[[-0.1912,51.49081],[-0.19174,51.49129],[-0.18977,51.49293],[-0.19113,51.4942],[-0.19113,51.49473],[-0.17906,51.49531],[-0.1784,51.49206],[-0.18011,51.49129],[-0.17922,51.49017],[-0.17754,51.491],[-0.17566,51.48938],[-0.17912,51.4871],[-0.18313,51.49078],[-0.18608,51.49065],[-0.18665,51.49131],[-0.18799,51.49092],[-0.18858,51.49164],[-0.1912,51.49081]]]}},{"type":"Feature","properties":{"ward":"Cremorne","code":"E05000387","borough":"Kensington and Chelsea"},"geometry":{"type":"Polygon","coordinates":[[[-0.18537,51.4786],[-0.18655,51.47987],[-0.17738,51.4831],[-0.17672,51.48406],[-0.17013,51.48696],[-0.16719,51.4832],[-0.17576,51.48162],[-0.17784,51.48027],[-0.17755,51.48008],[-0.17931,51.478],[-0.18388,51.47742],[-0.18537,51.4786]]]}},{"type":"Feature","properties":{"ward":"Earl's Court","code":"E05000388","borough":"Kensington and Chelsea"},"geometry":{"type":"Polygon","coordinates":[[[-0.20184,51.49185],[-0.19565,51.4945],[-0.19113,51.49473],[-0.19113,51.4942],[-0.18977,51.49293],[-0.19174,51.49129],[-0.19016,51.48952],[-0.19645,51.48721],[-0.19822,51.48806],[-0.20239,51.49167],[-0.20184,51.49185]]]}},{"type":"Feature","properties":{"ward":"Golborne","code":"E05000389","borough":"Kensington and Chelsea"},"geometry":{"type":"Polygon","coordinates":[[[-0.21006,51.51751],[-0.21416,51.52454],[-0.22738,51.52584],[-0.22741,51.52789],[-0.22873,51.52988],[-0.2285,51.53035],[-0.22769,51.52992],[-0.22363,51.52992],[-0.21798,51.52864],[-0.21603,51.52793],[-0.21557,51.52672],[-0.2127,51.52687],[-0.20732,51.52624],[-0.2059,51.52574],[-0.20388,51.52346],[-0.20164,51.52274],[-0.20063,51.52071],[-0.20377,51.52062],[-0.20718,51.51841],[-0.21006,51.51751]]]}},{"type":"Feature","properties":{"ward":"Hans Town","code":"E05000390","borough":"Kensington and Chelsea"},"geometry":{"type":"Polygon","coordinates":[[[-0.15605,51.49751],[-0.15532,51.49506],[-0.15601,51.49449],[-0.15502,51.49386],[-0.15599,51.4932],[-0.15822,51.49265],[-0.16503,51.489],[-0.1659,51.49062],[-0.16979,51.49034],[-0.16849,51.49221],[-0.16973,51.49303],[-0.16418,51.49655],[-0.16345,51.49627],[-0.1629,51.49679],[-0.15605,51.49751]]]}},{"type":"Feature","properties":{"ward":"Holland","code":"E05000391","borough":"Kensington and Chelsea"},"geometry":{"type":"Polygon","coordinates":[[[-0.20992,51.49778],[-0.21413,51.50077],[-0.21704,51.5045],[-0.20376,51.50768],[-0.20083,51.50251],[-0.1966,51.5028],[-0.19439,51.50056],[-0.208,51.49602],[-0.20992,51.49778]]]}},{"type":"Feature","properties":{"ward":"Norland","code":"E05000392","borough":"Kensington and Chelsea"},"geometry":{"type":"Polygon","coordinates":[[[-0.20653,51.51254],[-0.20309,51.50787],[-0.21704,51.5045],[-0.21799,51.50615],[-0.21596,51.5064],[-0.21614,51.50752],[-0.2152,51.50765],[-0.21582,51.50911],[-0.21684,51.50944],[-0.21721,51.51039],[-0.21805,51.51023],[-0.21789,51.50976],[-0.21929,51.50957],[-0.22027,51.51173],[-0.21775,51.51352],[-0.21782,51.51232],[-0.21636,51.51267],[-0.21609,51.5122],[-0.2166,51.51203],[-0.21593,51.51107],[-0.21309,51.51139],[-0.21337,51.51207],[-0.21118,51.51276],[-0.21185,51.51367],[-0.21114,51.51467],[-0.20903,51.51602],[-0.20653,51.51254]]]}},{"type":"Feature","properties":{"ward":"Notting Barns","code":"E05000393","borough":"Kensington and Chelsea"},"geometry":{"type":"Polygon","coordinates":[[[-0.22027,51.51173],[-0.2226,51.51564],[-0.22656,51.51958],[-0.22512,51.52019],[-0.21887,51.51921],[-0.2178,51.51735],[-0.2109,51.5189],[-0.21006,51.51751],[-0.21346,51.51651],[-0.2126,51.51602],[-0.20962,51.51686],[-0.20903,51.51602],[-0.21114,51.51467],[-0.21185,51.51367],[-0.21118,51.51276],[-0.21337,51.51207],[-0.21309,51.51139],[-0.21593,51.51107],[-0.2166,51.51203],[-0.21609,51.5122],[-0.21636,51.51267],[-0.21782,51.51232],[-0.21775,51.51352],[-0.22027,51.51173]]]}},{"type":"Feature","properties":{"ward":"Pembridge","code":"E05000394","borough":"Kensington and Chelsea"},"geometry":{"type":"Polygon","coordinates":[[[-0.20653,51.51254],[-0.19921,51.51455],[-0.19507,51.51503],[-0.19407,51.51176],[-0.19298,51.51181],[-0.19214,51.50987],[-0.20309,51.50787],[-0.20653,51.51254]]]}},{"type":"Feature","properties":{"ward":"Queen's Gate","code":"E05000395","borough":"Kensington and Chelsea"},"geometry":{"type":"Polygon","coordinates":[[[-0.17957,51.49778],[-0.17906,51.49531],[-0.18992,51.4947],[-0.18849,51.49636],[-0.18897,51.49627],[-0.18938,51.49813],[-0.19105,51.49812],[-0.19181,51.49897],[-0.19228,51.49886],[-0.19347,51.5009],[-0.18885,51.50238],[-0.18034,51.50146],[-0.17957,51.49778]]]}},{"type":"Feature","properties":{"ward":"Redcliffe","code":"E05000396","borough":"Kensington and Chelsea"},"geometry":{"type":"Polygon","coordinates":[[[-0.19599,51.48737],[-0.19016,51.48952],[-0.1912,51.49081],[-0.18858,51.49164],[-0.18799,51.49092],[-0.18665,51.49131],[-0.18608,51.49065],[-0.18313,51.49078],[-0.17912,51.4871],[-0.18604,51.48293],[-0.18828,51.48096],[-0.19362,51.48581],[-0.19599,51.48737]]]}},{"type":"Feature","properties":{"ward":"Royal Hospital","code":"E05000397","borough":"Kensington and Chelsea"},"geometry":{"type":"Polygon","coordinates":[[[-0.1557,51.49105],[-0.1552,51.49005],[-0.15587,51.48961],[-0.15037,51.48623],[-0.15,51.48548],[-0.16719,51.4832],[-0.17013,51.48696],[-0.16503,51.489],[-0.15822,51.49265],[-0.15599,51.4932],[-0.15482,51.49196],[-0.15582,51.49145],[-0.1557,51.49105]]]}},{"type":"Feature","properties":{"ward":"St Charles","code":"E05000398","borough":"Kensington and Chelsea"},"geometry":{"type":"Polygon","coordinates":[[[-0.22656,51.51958],[-0.2283,51.5211],[-0.22673,51.52198],[-0.22662,51.5248],[-0.2272,51.52479],[-0.22738,51.52584],[-0.21416,51.52454],[-0.2109,51.5189],[-0.2178,51.51735],[-0.21887,51.51921],[-0.22512,51.52019],[-0.22656,51.51958]]]}},{"type":"Feature","properties":{"ward":"Stanley","code":"E05000399","borough":"Kensington and Chelsea"},"geometry":{"type":"Polygon","coordinates":[[[-0.17912,51.4871],[-0.1718,51.49186],[-0.17011,51.49025],[-0.1659,51.49062],[-0.16503,51.489],[-0.17672,51.48406],[-0.17738,51.4831],[-0.18655,51.47987],[-0.18828,51.48096],[-0.18604,51.48293],[-0.17912,51.4871]]]}},{"type":"Feature","properties":{"ward":"Alexandra","code":"E05000400","borough":"Kingston upon Thames"},"geometry":{"type":"Polygon","coordinates":[[[-0.2699,51.38845],[-0.26912,51.38526],[-0.26642,51.38384],[-0.26509,51.38255],[-0.26238,51.38147],[-0.26112,51.3796],[-0.26249,51.37725],[-0.2647,51.37562],[-0.27257,51.37227],[-0.27408,51.373],[-0.28323,51.38139],[-0.28731,51.38289],[-0.29152,51.38692],[-0.28768,51.38761],[-0.2856,51.38846],[-0.28218,51.39074],[-0.28125,51.3944],[-0.27801,51.39671],[-0.27594,51.39715],[-0.27437,51.39439],[-0.2708,51.39098],[-0.2699,51.38845]]]}},{"type":"Feature","properties":{"ward":"Berrylands","code":"E05000401","borough":"Kingston upon Thames"},"geometry":{"type":"Polygon","coordinates":[[[-0.27594,51.39715],[-0.27801,51.39671],[-0.28125,51.3944],[-0.28218,51.39074],[-0.2856,51.38846],[-0.28768,51.38761],[-0.29152,51.38692],[-0.29019,51.38581],[-0.2927,51.38442],[-0.29531,51.38521],[-0.2969,51.38712],[-0.29846,51.39203],[-0.30385,51.39249],[-0.29418,51.39618],[-0.277,51.39981],[-0.27594,51.39715]]]}},{"type":"Feature","properties":{"ward":"Beverley","code":"E05000402","borough":"Kingston upon Thames"},"geometry":{"type":"Polygon","coordinates":[[[-0.27773,51.40061],[-0.27747,51.4008],[-0.27801,51.40159],[-0.27725,51.40201],[-0.27708,51.40301],[-0.27623,51.40268],[-0.27532,51.40343],[-0.27405,51.40331],[-0.27298,51.40451],[-0.27188,51.40444],[-0.27184,51.40476],[-0.26916,51.40323],[-0.26537,51.40214],[-0.2569,51.40377],[-0.25873,51.40956],[-0.25357,51.40992],[-0.25149,51.41117],[-0.2508,51.41226],[-0.24714,51.40958],[-0.24751,51.4085],[-0.24535,51.40707],[-0.2447,51.40385],[-0.24523,51.4017],[-0.24685,51.40049],[-0.24662,51.39921],[-0.25643,51.3986],[-0.26037,51.39945],[-0.26256,51.39755],[-0.26224,51.3973],[-0.26669,51.39584],[-0.26744,51.39797],[-0.27594,51.39715],[-0.2764,51.39908],[-0.27773,51.40061]]]}},{"type":"Feature","properties":{"ward":"Canbury","code":"E05000403","borough":"Kingston upon Thames"},"geometry":{"type":"Polygon","coordinates":[[[-0.28399,51.41226],[-0.29085,51.41334],[-0.29914,51.41265],[-0.3085,51.41351],[-0.30778,51.41654],[-0.3044,51.41637],[-0.2987,51.41797],[-0.29987,51.41978],[-0.29913,51.42],[-0.2997,51.42069],[-0.29845,51.42106],[-0.29879,51.42147],[-0.29392,51.4231],[-0.29022,51.42333],[-0.28904,51.41975],[-0.28662,51.42017],[-0.28424,51.41592],[-0.28472,51.41568],[-0.28404,51.41452],[-0.28368,51.41271],[-0.28399,51.41226]]]}},{"type":"Feature","properties":{"ward":"Chessington North and Hook","code":"E05000404","borough":"Kingston upon Thames"},"geometry":{"type":"Polygon","coordinates":[[[-0.3183,51.36368],[-0.31852,51.36619],[-0.31792,51.36985],[-0.31751,51.37197],[-0.31669,51.37317],[-0.31434,51.37464],[-0.3087,51.37545],[-0.30846,51.37586],[-0.30712,51.37569],[-0.30788,51.37437],[-0.30452,51.37376],[-0.30503,51.37266],[-0.30396,51.37259],[-0.29951,51.36972],[-0.29622,51.36903],[-0.28564,51.36896],[-0.28702,51.36717],[-0.28677,51.3664],[-0.28409,51.36515],[-0.28573,51.36405],[-0.28861,51.36548],[-0.28987,51.3645],[-0.29176,51.36486],[-0.29269,51.3661],[-0.29389,51.36635],[-0.29416,51.3654],[-0.29492,51.36556],[-0.2963,51.36368],[-0.30726,51.36317],[-0.3183,51.36368]]]}},{"type":"Feature","properties":{"ward":"Chessington South","code":"E05000405","borough":"Kingston upon Thames"},"geometry":{"type":"Polygon","coordinates":[[[-0.33068,51.32901],[-0.32912,51.33026],[-0.32972,51.33277],[-0.32898,51.34023],[-0.32748,51.34401],[-0.32818,51.34404],[-0.33053,51.34842],[-0.32795,51.35219],[-0.32354,51.35467],[-0.32026,51.3591],[-0.3183,51.36368],[-0.30726,51.36317],[-0.2963,51.36368],[-0.29492,51.36556],[-0.29416,51.3654],[-0.29389,51.36635],[-0.29269,51.3661],[-0.29176,51.36486],[-0.28987,51.3645],[-0.28861,51.36548],[-0.28573,51.36405],[-0.2883,51.36208],[-0.2851,51.36121],[-0.287,51.35938],[-0.289,51.35871],[-0.29111,51.35656],[-0.29122,51.3552],[-0.29268,51.35362],[-0.29293,51.35238],[-0.29995,51.34767],[-0.30134,51.34529],[-0.30405,51.34305],[-0.30544,51.33948],[-0.30495,51.33675],[-0.30622,51.33509],[-0.31095,51.33239],[-0.31372,51.33142],[-0.31898,51.32796],[-0.32397,51.32672],[-0.32831,51.32646],[-0.33014,51.32752],[-0.33068,51.32901]]]}},{"type":"Feature","properties":{"ward":"Coombe Hill","code":"E05000406","borough":"Kingston upon Thames"},"geometry":{"type":"Polygon","coordinates":[[[-0.25409,51.43729],[-0.25311,51.4353],[-0.25125,51.43417],[-0.25108,51.43257],[-0.25333,51.43084],[-0.25425,51.42932],[-0.25226,51.42574],[-0.25295,51.42321],[-0.25112,51.42232],[-0.24964,51.41853],[-0.24953,51.41478],[-0.24714,51.40958],[-0.2508,51.41226],[-0.25149,51.41117],[-0.25357,51.40992],[-0.25873,51.40956],[-0.25998,51.41398],[-0.26156,51.41681],[-0.26487,51.41625],[-0.27098,51.41375],[-0.28061,51.41306],[-0.2805,51.41122],[-0.28107,51.41063],[-0.28399,51.41226],[-0.28368,51.41271],[-0.28404,51.41452],[-0.28472,51.41568],[-0.28424,51.41592],[-0.28662,51.42017],[-0.28046,51.42186],[-0.27096,51.42954],[-0.2646,51.43292],[-0.25409,51.43729]]]}},{"type":"Feature","properties":{"ward":"Coombe Vale","code":"E05000407","borough":"Kingston upon Thames"},"geometry":{"type":"Polygon","coordinates":[[[-0.27184,51.40476],[-0.28107,51.41063],[-0.2805,51.41122],[-0.28061,51.41306],[-0.27098,51.41375],[-0.26487,51.41625],[-0.26156,51.41681],[-0.25998,51.41398],[-0.2569,51.40377],[-0.26537,51.40214],[-0.26916,51.40323],[-0.27184,51.40476]]]}},{"type":"Feature","properties":{"ward":"Grove","code":"E05000408","borough":"Kingston upon Thames"},"geometry":{"type":"Polygon","coordinates":[[[-0.3085,51.41351],[-0.29914,51.41265],[-0.29604,51.41283],[-0.29676,51.41074],[-0.29631,51.41072],[-0.29598,51.40912],[-0.2955,51.40911],[-0.29507,51.40792],[-0.29424,51.40752],[-0.29439,51.40447],[-0.28895,51.4036],[-0.28267,51.4033],[-0.277,51.39981],[-0.28029,51.39911],[-0.28823,51.40135],[-0.29511,51.40174],[-0.3017,51.40012],[-0.30711,51.39549],[-0.3113,51.39668],[-0.31157,51.39639],[-0.31298,51.39711],[-0.30965,51.40001],[-0.3089,51.40165],[-0.3091,51.4093],[-0.3085,51.41351]]]}},{"type":"Feature","properties":{"ward":"Norbiton","code":"E05000409","borough":"Kingston upon Thames"},"geometry":{"type":"Polygon","coordinates":[[[-0.27773,51.40061],[-0.28267,51.4033],[-0.28895,51.4036],[-0.29439,51.40447],[-0.29424,51.40752],[-0.29507,51.40792],[-0.2955,51.40911],[-0.29598,51.40912],[-0.29631,51.41072],[-0.29676,51.41074],[-0.29604,51.41283],[-0.29085,51.41334],[-0.28399,51.41226],[-0.27184,51.40476],[-0.27188,51.40444],[-0.27298,51.40451],[-0.27405,51.40331],[-0.27532,51.40343],[-0.27623,51.40268],[-0.27708,51.40301],[-0.27725,51.40201],[-0.27801,51.40159],[-0.27747,51.4008],[-0.27773,51.40061]]]}},{"type":"Feature","properties":{"ward":"Old Malden","code":"E05000410","borough":"Kingston upon Thames"},"geometry":{"type":"Polygon","coordinates":[[[-0.26112,51.3796],[-0.26238,51.38147],[-0.26509,51.38255],[-0.26642,51.38384],[-0.26912,51.38526],[-0.2699,51.38845],[-0.26399,51.3912],[-0.26253,51.39045],[-0.25304,51.39046],[-0.25305,51.38818],[-0.25409,51.38673],[-0.25391,51.38623],[-0.25332,51.3858],[-0.24734,51.38599],[-0.2446,51.38678],[-0.24285,51.38804],[-0.24085,51.39215],[-0.24011,51.3912],[-0.23874,51.3861],[-0.24162,51.38452],[-0.24293,51.38293],[-0.24417,51.38349],[-0.24505,51.38004],[-0.24792,51.38017],[-0.25397,51.37877],[-0.25844,51.37897],[-0.26112,51.3796]]]}},{"type":"Feature","properties":{"ward":"St James","code":"E05000411","borough":"Kingston upon Thames"},"geometry":{"type":"Polygon","coordinates":[[[-0.27594,51.39715],[-0.26744,51.39797],[-0.26669,51.39584],[-0.26224,51.3973],[-0.26256,51.39755],[-0.26037,51.39945],[-0.25643,51.3986],[-0.24662,51.39921],[-0.24742,51.39758],[-0.2446,51.39466],[-0.24175,51.39392],[-0.24085,51.39215],[-0.24285,51.38804],[-0.2446,51.38678],[-0.24734,51.38599],[-0.25332,51.3858],[-0.25409,51.38673],[-0.25305,51.38818],[-0.25304,51.39046],[-0.26253,51.39045],[-0.26399,51.3912],[-0.2699,51.38845],[-0.2708,51.39098],[-0.27437,51.39439],[-0.27594,51.39715]]]}},{"type":"Feature","properties":{"ward":"St Mark's","code":"E05000412","borough":"Kingston upon Thames"},"geometry":{"type":"Polygon","coordinates":[[[-0.31772,51.39367],[-0.31298,51.39711],[-0.31157,51.39639],[-0.3113,51.39668],[-0.30711,51.39549],[-0.3017,51.40012],[-0.29511,51.40174],[-0.28823,51.40135],[-0.28029,51.39911],[-0.29418,51.39618],[-0.31598,51.38763],[-0.31676,51.38877],[-0.31413,51.39022],[-0.31772,51.39367]]]}},{"type":"Feature","properties":{"ward":"Surbiton Hill","code":"E05000413","borough":"Kingston upon Thames"},"geometry":{"type":"Polygon","coordinates":[[[-0.31316,51.3888],[-0.30385,51.39249],[-0.29846,51.39203],[-0.2969,51.38712],[-0.29531,51.38521],[-0.2927,51.38442],[-0.29019,51.38581],[-0.28731,51.38289],[-0.28883,51.38329],[-0.2892,51.38296],[-0.29041,51.38012],[-0.29233,51.37804],[-0.3019,51.37985],[-0.30246,51.37848],[-0.30536,51.379],[-0.30852,51.3805],[-0.30928,51.38045],[-0.30933,51.38186],[-0.31063,51.38477],[-0.31179,51.38579],[-0.31087,51.38619],[-0.31316,51.3888]]]}},{"type":"Feature","properties":{"ward":"Tolworth and Hook Rise","code":"E05000414","borough":"Kingston upon Thames"},"geometry":{"type":"Polygon","coordinates":[[[-0.28409,51.36515],[-0.28677,51.3664],[-0.28702,51.36717],[-0.28564,51.36896],[-0.29622,51.36903],[-0.29951,51.36972],[-0.30396,51.37259],[-0.30503,51.37266],[-0.30452,51.37376],[-0.30788,51.37437],[-0.30712,51.37569],[-0.30846,51.37586],[-0.30789,51.37837],[-0.30739,51.37838],[-0.30833,51.38008],[-0.30246,51.37848],[-0.3019,51.37985],[-0.29233,51.37804],[-0.29041,51.38012],[-0.28883,51.38329],[-0.28323,51.38139],[-0.27408,51.373],[-0.27257,51.37227],[-0.27405,51.37066],[-0.27586,51.37002],[-0.27658,51.36881],[-0.27984,51.36783],[-0.28409,51.36515]]]}},{"type":"Feature","properties":{"ward":"Tudor","code":"E05000415","borough":"Kingston upon Thames"},"geometry":{"type":"Polygon","coordinates":[[[-0.31447,51.42826],[-0.31068,51.43221],[-0.30978,51.43214],[-0.30809,51.43108],[-0.30857,51.43079],[-0.30696,51.43015],[-0.30643,51.43015],[-0.30594,51.43136],[-0.30178,51.43039],[-0.30207,51.43115],[-0.30162,51.43143],[-0.29547,51.42764],[-0.29544,51.42704],[-0.29473,51.42701],[-0.29479,51.42646],[-0.29341,51.42651],[-0.29302,51.42894],[-0.29064,51.42899],[-0.28662,51.42017],[-0.28904,51.41975],[-0.29022,51.42333],[-0.29392,51.4231],[-0.29879,51.42147],[-0.29845,51.42106],[-0.2997,51.42069],[-0.29913,51.42],[-0.29987,51.41978],[-0.2987,51.41797],[-0.3044,51.41637],[-0.30778,51.41654],[-0.30603,51.42123],[-0.30654,51.4227],[-0.30926,51.4257],[-0.31447,51.42826]]]}},{"type":"Feature","properties":{"ward":"Bishop's","code":"E05000416","borough":"Lambeth"},"geometry":{"type":"Polygon","coordinates":[[[-0.12135,51.49437],[-0.11938,51.50385],[-0.11835,51.50573],[-0.11541,51.50753],[-0.11146,51.50835],[-0.10892,51.50844],[-0.10818,51.50691],[-0.10736,51.50706],[-0.10647,51.50498],[-0.1064,51.50337],[-0.10746,51.50301],[-0.10595,51.50205],[-0.10835,51.50035],[-0.1103,51.49678],[-0.11144,51.49645],[-0.11096,51.4955],[-0.11099,51.49233],[-0.115,51.49413],[-0.11635,51.49429],[-0.11684,51.49359],[-0.11965,51.494],[-0.11984,51.49457],[-0.12098,51.49403],[-0.12135,51.49437]]]}},{"type":"Feature","properties":{"ward":"Brixton Hill","code":"E05000417","borough":"Lambeth"},"geometry":{"type":"Polygon","coordinates":[[[-0.119,51.44369],[-0.1244,51.44512],[-0.12853,51.44685],[-0.12733,51.44746],[-0.12853,51.44854],[-0.12942,51.45057],[-0.13082,51.45077],[-0.12939,51.45499],[-0.12912,51.45975],[-0.12194,51.45977],[-0.11578,51.46122],[-0.12207,51.451],[-0.12018,51.45005],[-0.12074,51.44924],[-0.11811,51.44544],[-0.11732,51.44494],[-0.119,51.44369]]]}},{"type":"Feature","properties":{"ward":"Clapham Common","code":"E05000418","borough":"Lambeth"},"geometry":{"type":"Polygon","coordinates":[[[-0.14233,51.45097],[-0.14773,51.45234],[-0.14738,51.45296],[-0.14969,51.4613],[-0.13902,51.46113],[-0.13769,51.46202],[-0.13331,51.45931],[-0.12912,51.45975],[-0.12939,51.45499],[-0.1333,51.45318],[-0.137,51.44956],[-0.14233,51.45097]]]}},{"type":"Feature","properties":{"ward":"Clapham Town","code":"E05000419","borough":"Lambeth"},"geometry":{"type":"Polygon","coordinates":[[[-0.13408,51.45972],[-0.13769,51.46202],[-0.13902,51.46113],[-0.14969,51.4613],[-0.15097,51.46384],[-0.15123,51.46588],[-0.15047,51.46598],[-0.15062,51.46761],[-0.1431,51.47052],[-0.14268,51.47006],[-0.14034,51.47159],[-0.13974,51.47137],[-0.13535,51.46735],[-0.13069,51.46467],[-0.13407,51.46323],[-0.13353,51.46262],[-0.13377,51.46225],[-0.13181,51.46128],[-0.13236,51.46088],[-0.13207,51.4607],[-0.13408,51.45972]]]}},{"type":"Feature","properties":{"ward":"Coldharbour","code":"E05000420","borough":"Lambeth"},"geometry":{"type":"Polygon","coordinates":[[[-0.11254,51.47044],[-0.10907,51.47079],[-0.10154,51.47027],[-0.10226,51.46759],[-0.10198,51.46313],[-0.10368,51.45793],[-0.10509,51.45805],[-0.10573,51.45756],[-0.10668,51.45814],[-0.10772,51.45749],[-0.10907,51.45848],[-0.1112,51.45633],[-0.11398,51.4558],[-0.1157,51.46124],[-0.11253,51.46825],[-0.11254,51.47044]]]}},{"type":"Feature","properties":{"ward":"Ferndale","code":"E05000421","borough":"Lambeth"},"geometry":{"type":"Polygon","coordinates":[[[-0.1194,51.46898],[-0.11811,51.46978],[-0.11256,51.47073],[-0.11253,51.46825],[-0.1157,51.46124],[-0.12414,51.45957],[-0.12912,51.45975],[-0.13331,51.45931],[-0.13408,51.45972],[-0.13207,51.4607],[-0.13236,51.46088],[-0.13181,51.46128],[-0.13377,51.46225],[-0.13353,51.46262],[-0.13407,51.46323],[-0.13069,51.46467],[-0.12627,51.46339],[-0.12118,51.46367],[-0.12124,51.46403],[-0.12032,51.46419],[-0.12154,51.4659],[-0.11814,51.46754],[-0.1194,51.46898]]]}},{"type":"Feature","properties":{"ward":"Gipsy Hill","code":"E05000422","borough":"Lambeth"},"geometry":{"type":"Polygon","coordinates":[[[-0.09691,51.42267],[-0.10368,51.43363],[-0.09046,51.4361],[-0.0885,51.42971],[-0.08589,51.4285],[-0.08607,51.42783],[-0.08525,51.42735],[-0.08368,51.42501],[-0.08348,51.423],[-0.08173,51.42337],[-0.0809,51.42185],[-0.07986,51.42214],[-0.07893,51.42157],[-0.07922,51.42085],[-0.07831,51.42061],[-0.07855,51.41985],[-0.08643,51.41931],[-0.09273,51.42254],[-0.09691,51.42267]]]}},{"type":"Feature","properties":{"ward":"Herne Hill","code":"E05000423","borough":"Lambeth"},"geometry":{"type":"Polygon","coordinates":[[[-0.10154,51.47027],[-0.09938,51.47262],[-0.096,51.46988],[-0.09411,51.47074],[-0.09303,51.47203],[-0.09274,51.46982],[-0.09011,51.46573],[-0.09067,51.46329],[-0.09584,51.45741],[-0.10094,51.45415],[-0.10147,51.45216],[-0.10077,51.45036],[-0.10227,51.44847],[-0.10441,51.4469],[-0.11007,51.44577],[-0.11157,51.44831],[-0.11113,51.45009],[-0.1124,51.45173],[-0.11241,51.45238],[-0.11094,51.45266],[-0.11116,51.45364],[-0.11188,51.45537],[-0.1136,51.45517],[-0.11398,51.4558],[-0.1112,51.45633],[-0.10907,51.45848],[-0.10772,51.45749],[-0.10668,51.45814],[-0.10573,51.45756],[-0.10509,51.45805],[-0.10368,51.45793],[-0.10198,51.46313],[-0.10226,51.46759],[-0.10154,51.47027]]]}},{"type":"Feature","properties":{"ward":"Knight's Hill","code":"E05000424","borough":"Lambeth"},"geometry":{"type":"Polygon","coordinates":[[[-0.11122,51.43708],[-0.10666,51.43852],[-0.10767,51.43736],[-0.10758,51.43588],[-0.10722,51.43535],[-0.10476,51.43649],[-0.10368,51.43363],[-0.09691,51.42267],[-0.10599,51.42258],[-0.11461,51.42347],[-0.114,51.42566],[-0.1146,51.4275],[-0.11442,51.43092],[-0.1158,51.43217],[-0.11785,51.43306],[-0.11747,51.43343],[-0.11806,51.43404],[-0.11122,51.43708]]]}},{"type":"Feature","properties":{"ward":"Larkhall","code":"E05000425","borough":"Lambeth"},"geometry":{"type":"Polygon","coordinates":[[[-0.13398,51.47564],[-0.12901,51.47387],[-0.12939,51.47248],[-0.1278,51.47107],[-0.12838,51.47064],[-0.12778,51.47016],[-0.12567,51.46961],[-0.12237,51.47241],[-0.11814,51.46754],[-0.12154,51.4659],[-0.12032,51.46419],[-0.12124,51.46403],[-0.12118,51.46367],[-0.12627,51.46339],[-0.12846,51.46379],[-0.13535,51.46735],[-0.13974,51.47137],[-0.13692,51.47309],[-0.13579,51.47271],[-0.13472,51.47331],[-0.13446,51.47397],[-0.13523,51.47429],[-0.13398,51.47564]]]}},{"type":"Feature","properties":{"ward":"Oval","code":"E05000426","borough":"Lambeth"},"geometry":{"type":"Polygon","coordinates":[[[-0.13066,51.4802],[-0.12995,51.48118],[-0.1275,51.48202],[-0.12636,51.48447],[-0.12846,51.48505],[-0.12555,51.48692],[-0.12157,51.48614],[-0.11316,51.48702],[-0.11131,51.48829],[-0.11113,51.48533],[-0.10991,51.4845],[-0.10845,51.48585],[-0.10636,51.48489],[-0.10722,51.48365],[-0.10564,51.48295],[-0.10604,51.4827],[-0.10405,51.48091],[-0.10825,51.48029],[-0.1107,51.48128],[-0.11209,51.47847],[-0.11645,51.47801],[-0.12123,51.47982],[-0.12337,51.47994],[-0.12327,51.47724],[-0.12693,51.47763],[-0.12671,51.47818],[-0.12904,51.47867],[-0.12843,51.47963],[-0.13066,51.4802]]]}},{"type":"Feature","properties":{"ward":"Prince's","code":"E05000427","borough":"Lambeth"},"geometry":{"type":"Polygon","coordinates":[[[-0.10316,51.49147],[-0.10991,51.4845],[-0.11113,51.48533],[-0.11131,51.48829],[-0.11316,51.48702],[-0.12157,51.48614],[-0.12555,51.48692],[-0.12421,51.48783],[-0.12135,51.49437],[-0.12098,51.49403],[-0.11984,51.49457],[-0.11965,51.494],[-0.11684,51.49359],[-0.11635,51.49429],[-0.115,51.49413],[-0.11099,51.49233],[-0.11096,51.4955],[-0.1049,51.49353],[-0.10316,51.49147]]]}},{"type":"Feature","properties":{"ward":"St Leonard's","code":"E05000428","borough":"Lambeth"},"geometry":{"type":"Polygon","coordinates":[[[-0.13785,51.42111],[-0.13892,51.42457],[-0.13839,51.43048],[-0.13526,51.43033],[-0.13652,51.43392],[-0.13786,51.43378],[-0.13976,51.43567],[-0.13991,51.43702],[-0.13768,51.43858],[-0.1375,51.44015],[-0.1269,51.43818],[-0.12958,51.43065],[-0.12788,51.43015],[-0.12688,51.42919],[-0.12415,51.42865],[-0.13108,51.42607],[-0.12899,51.42179],[-0.13566,51.41806],[-0.13785,51.42111]]]}},{"type":"Feature","properties":{"ward":"Stockwell","code":"E05000429","borough":"Lambeth"},"geometry":{"type":"Polygon","coordinates":[[[-0.13398,51.47564],[-0.13066,51.4802],[-0.12843,51.47963],[-0.12904,51.47867],[-0.12671,51.47818],[-0.12693,51.47763],[-0.12327,51.47724],[-0.12337,51.47994],[-0.12123,51.47982],[-0.11645,51.47801],[-0.12006,51.47462],[-0.11683,51.4729],[-0.11637,51.47021],[-0.1194,51.46898],[-0.12237,51.47241],[-0.12567,51.46961],[-0.12778,51.47016],[-0.12838,51.47064],[-0.1278,51.47107],[-0.12939,51.47248],[-0.12901,51.47387],[-0.13398,51.47564]]]}},{"type":"Feature","properties":{"ward":"Streatham Hill","code":"E05000430","borough":"Lambeth"},"geometry":{"type":"Polygon","coordinates":[[[-0.12853,51.44685],[-0.1244,51.44512],[-0.11634,51.44295],[-0.11295,51.44112],[-0.1062,51.44019],[-0.10603,51.43898],[-0.10789,51.43784],[-0.11122,51.43708],[-0.11757,51.43703],[-0.11933,51.43599],[-0.12192,51.43731],[-0.1375,51.44015],[-0.13701,51.44025],[-0.13598,51.44201],[-0.13225,51.44313],[-0.12853,51.44685]]]}},{"type":"Feature","properties":{"ward":"Streatham South","code":"E05000431","borough":"Lambeth"},"geometry":{"type":"Polygon","coordinates":[[[-0.14041,51.41925],[-0.13785,51.42111],[-0.13566,51.41806],[-0.12899,51.42179],[-0.12967,51.42306],[-0.12727,51.42352],[-0.12106,51.42308],[-0.11631,51.42364],[-0.11269,51.42324],[-0.11572,51.42058],[-0.11985,51.41881],[-0.12248,51.41503],[-0.12407,51.41461],[-0.12447,51.41337],[-0.12789,51.41201],[-0.13271,51.41235],[-0.13358,51.41293],[-0.1341,51.41099],[-0.14258,51.41334],[-0.14487,51.41239],[-0.14809,51.41287],[-0.14435,51.41535],[-0.14501,51.4158],[-0.14041,51.41925]]]}},{"type":"Feature","properties":{"ward":"Streatham Wells","code":"E05000432","borough":"Lambeth"},"geometry":{"type":"Polygon","coordinates":[[[-0.12967,51.42306],[-0.13108,51.42607],[-0.12415,51.42865],[-0.12688,51.42919],[-0.12788,51.43015],[-0.12958,51.43065],[-0.1269,51.43818],[-0.12192,51.43731],[-0.11933,51.43599],[-0.11757,51.43703],[-0.11122,51.43708],[-0.11806,51.43404],[-0.11747,51.43343],[-0.11785,51.43306],[-0.1158,51.43217],[-0.11442,51.43092],[-0.1146,51.4275],[-0.114,51.42566],[-0.11461,51.42347],[-0.12106,51.42308],[-0.12727,51.42352],[-0.12967,51.42306]]]}},{"type":"Feature","properties":{"ward":"Thornton","code":"E05000433","borough":"Lambeth"},"geometry":{"type":"Polygon","coordinates":[[[-0.14362,51.44184],[-0.1457,51.44587],[-0.1448,51.44854],[-0.14336,51.44951],[-0.14233,51.45097],[-0.137,51.44956],[-0.1333,51.45318],[-0.12939,51.45499],[-0.13082,51.45077],[-0.12942,51.45057],[-0.12853,51.44854],[-0.12733,51.44746],[-0.12917,51.4466],[-0.13,51.44522],[-0.13225,51.44313],[-0.13789,51.4417],[-0.14362,51.44184]]]}},{"type":"Feature","properties":{"ward":"Thurlow Park","code":"E05000434","borough":"Lambeth"},"geometry":{"type":"Polygon","coordinates":[[[-0.10077,51.45036],[-0.09986,51.45024],[-0.09889,51.44874],[-0.0951,51.44546],[-0.09451,51.4434],[-0.09287,51.44108],[-0.09046,51.4361],[-0.10368,51.43363],[-0.10476,51.43649],[-0.10722,51.43535],[-0.10767,51.43736],[-0.10603,51.43898],[-0.1062,51.44019],[-0.10875,51.44042],[-0.10827,51.44151],[-0.11152,51.44484],[-0.10974,51.44525],[-0.11007,51.44577],[-0.10441,51.4469],[-0.10227,51.44847],[-0.10077,51.45036]]]}},{"type":"Feature","properties":{"ward":"Tulse Hill","code":"E05000435","borough":"Lambeth"},"geometry":{"type":"Polygon","coordinates":[[[-0.10875,51.44042],[-0.11295,51.44112],[-0.11634,51.44295],[-0.119,51.44369],[-0.11732,51.44494],[-0.11811,51.44544],[-0.12074,51.44924],[-0.12018,51.45005],[-0.12207,51.451],[-0.11578,51.46122],[-0.1136,51.45517],[-0.11188,51.45537],[-0.11116,51.45364],[-0.11094,51.45266],[-0.11241,51.45238],[-0.1124,51.45173],[-0.11113,51.45009],[-0.11157,51.44831],[-0.10974,51.44525],[-0.11152,51.44484],[-0.10827,51.44151],[-0.10875,51.44042]]]}},{"type":"Feature","properties":{"ward":"Vassall","code":"E05000436","borough":"Lambeth"},"geometry":{"type":"Polygon","coordinates":[[[-0.10825,51.48029],[-0.1,51.47687],[-0.10068,51.47446],[-0.09938,51.47262],[-0.10154,51.47027],[-0.10907,51.47079],[-0.11637,51.47021],[-0.11683,51.4729],[-0.12006,51.47462],[-0.11645,51.47801],[-0.11209,51.47847],[-0.1107,51.48128],[-0.10825,51.48029]]]}},{"type":"Feature","properties":{"ward":"Bellingham","code":"E05000437","borough":"Lewisham"},"geometry":{"type":"Polygon","coordinates":[[[-0.03337,51.42464],[-0.03424,51.42476],[-0.03423,51.4251],[-0.03749,51.42499],[-0.03848,51.42396],[-0.03992,51.42425],[-0.04054,51.42719],[-0.03952,51.42771],[-0.04142,51.43035],[-0.03887,51.43118],[-0.04095,51.43252],[-0.0377,51.43413],[-0.03753,51.43466],[-0.03577,51.43433],[-0.03472,51.43512],[-0.03299,51.43907],[-0.0293,51.44078],[-0.02649,51.44362],[-0.02622,51.44156],[-0.01926,51.43277],[-0.01747,51.42656],[-0.01558,51.42423],[-0.00981,51.41992],[-0.00769,51.41448],[-0.01055,51.41355],[-0.01426,51.41366],[-0.01456,51.41392],[-0.01415,51.4151],[-0.01799,51.41506],[-0.01785,51.41574],[-0.02104,51.41602],[-0.02219,51.41675],[-0.02174,51.41729],[-0.02256,51.41754],[-0.02138,51.41841],[-0.02078,51.41994],[-0.02167,51.42045],[-0.02095,51.42093],[-0.02226,51.42177],[-0.02261,51.42156],[-0.02443,51.42315],[-0.03011,51.42565],[-0.032,51.42554],[-0.03182,51.42471],[-0.03337,51.42464]]]}},{"type":"Feature","properties":{"ward":"Blackheath","code":"E05000438","borough":"Lewisham"},"geometry":{"type":"Polygon","coordinates":[[[-0.01313,51.46894],[-0.01518,51.47177],[-0.01407,51.47268],[-0.01252,51.47234],[-0.00814,51.47276],[-0.00098,51.47181],[0.01812,51.47385],[0.01498,51.47308],[0.01653,51.46913],[0.0126,51.46981],[0.01307,51.46812],[0.01269,51.46736],[0.01325,51.46683],[0.0091,51.46587],[0.00995,51.45934],[0.01148,51.45669],[0.0096,51.45666],[0.00789,51.45815],[0.00656,51.45861],[-0.00082,51.4586],[-0.00315,51.4591],[-0.00378,51.4596],[0.00106,51.46062],[0.00027,51.46215],[-0.00186,51.46159],[-0.00639,51.46248],[-0.00849,51.46223],[-0.00999,51.46263],[-0.01183,51.46433],[-0.01104,51.46613],[-0.01313,51.46894]]]}},{"type":"Feature","properties":{"ward":"Brockley","code":"E05000439","borough":"Lewisham"},"geometry":{"type":"Polygon","coordinates":[[[-0.01716,51.46934],[-0.02,51.46814],[-0.02315,51.46763],[-0.02399,51.46628],[-0.02477,51.46308],[-0.02642,51.46331],[-0.02817,51.46286],[-0.02982,51.46333],[-0.0317,51.46154],[-0.03442,51.4607],[-0.03666,51.46162],[-0.03714,51.46125],[-0.03833,51.46172],[-0.03752,51.46494],[-0.03767,51.4685],[-0.03844,51.47126],[-0.04024,51.47492],[-0.03722,51.47563],[-0.03264,51.4759],[-0.0228,51.47446],[-0.02267,51.47399],[-0.02177,51.47403],[-0.02005,51.47308],[-0.02025,51.47218],[-0.01932,51.47199],[-0.01867,51.47065],[-0.01927,51.4705],[-0.01912,51.46995],[-0.01716,51.46934]]]}},{"type":"Feature","properties":{"ward":"Catford South","code":"E05000440","borough":"Lewisham"},"geometry":{"type":"Polygon","coordinates":[[[-0.01926,51.43277],[-0.02135,51.43573],[-0.02427,51.43865],[-0.02382,51.43925],[-0.02283,51.43908],[-0.02246,51.43959],[-0.02023,51.4387],[-0.0195,51.43893],[-0.02057,51.4404],[-0.02035,51.4432],[-0.01911,51.44313],[-0.01887,51.44355],[-0.01429,51.44298],[-0.0103,51.44187],[-0.00897,51.4451],[0.00442,51.44526],[0.00378,51.44232],[0.00515,51.4401],[0.00595,51.43725],[-0.00262,51.43594],[-0.01666,51.43291],[-0.01691,51.43335],[-0.01926,51.43277]]]}},{"type":"Feature","properties":{"ward":"Crofton Park","code":"E05000441","borough":"Lewisham"},"geometry":{"type":"Polygon","coordinates":[[[-0.05179,51.44208],[-0.04575,51.44979],[-0.04615,51.44987],[-0.04165,51.45499],[-0.04129,51.45489],[-0.03913,51.45967],[-0.03404,51.45851],[-0.03608,51.45641],[-0.03165,51.45526],[-0.0335,51.45392],[-0.02842,51.45205],[-0.02563,51.44957],[-0.02807,51.4485],[-0.02982,51.44878],[-0.0297,51.44837],[-0.03214,51.44777],[-0.03405,51.44552],[-0.03336,51.4443],[-0.03436,51.44411],[-0.03383,51.44288],[-0.03403,51.44225],[-0.05179,51.44208]]]}},{"type":"Feature","properties":{"ward":"Downham","code":"E05000442","borough":"Lewisham"},"geometry":{"type":"Polygon","coordinates":[[[-0.01747,51.42656],[-0.01312,51.42859],[-0.01006,51.42688],[-0.00622,51.42597],[-0.0012,51.42614],[-0.00048,51.42646],[-0.00138,51.42847],[-0.00217,51.42908],[-0.0014,51.42952],[0.00484,51.4304],[0.00508,51.42973],[0.01258,51.43073],[0.01919,51.43264],[0.02128,51.43122],[0.02091,51.42682],[0.01878,51.42705],[0.01605,51.42621],[0.01411,51.42618],[0.0144,51.42523],[0.01181,51.42405],[0.00997,51.42248],[0.00808,51.42304],[0.00735,51.42138],[0.0063,51.42102],[0.00523,51.41932],[0.00567,51.41851],[0.00349,51.4174],[0.00173,51.41856],[-0.00008,51.41765],[-0.00075,51.41591],[-0.0034,51.41566],[-0.00328,51.41505],[-0.00499,51.41459],[-0.00553,51.41579],[-0.00657,51.41599],[-0.00663,51.41466],[-0.00769,51.41448],[-0.00981,51.41992],[-0.01558,51.42423],[-0.01747,51.42656]]]}},{"type":"Feature","properties":{"ward":"Evelyn","code":"E05000443","borough":"Lewisham"},"geometry":{"type":"Polygon","coordinates":[[[-0.05031,51.4881],[-0.05011,51.48833],[-0.05196,51.48914],[-0.04657,51.49074],[-0.04657,51.49034],[-0.04583,51.49016],[-0.04476,51.49044],[-0.04223,51.49004],[-0.04251,51.49024],[-0.04034,51.49106],[-0.04106,51.49183],[-0.04007,51.49216],[-0.04055,51.4928],[-0.03932,51.49296],[-0.03732,51.49222],[-0.03241,51.49306],[-0.02885,51.48825],[-0.02485,51.48555],[-0.02582,51.48219],[-0.02641,51.48151],[-0.02316,51.48074],[-0.02291,51.47844],[-0.02641,51.47891],[-0.03107,51.48053],[-0.03465,51.47924],[-0.03665,51.48192],[-0.04222,51.48306],[-0.04326,51.4838],[-0.04375,51.4854],[-0.05031,51.4881]]]}},{"type":"Feature","properties":{"ward":"Forest Hill","code":"E05000444","borough":"Lewisham"},"geometry":{"type":"Polygon","coordinates":[[[-0.05179,51.44208],[-0.05336,51.43833],[-0.0531,51.43373],[-0.05593,51.43311],[-0.05941,51.43079],[-0.06132,51.43055],[-0.07286,51.43209],[-0.06953,51.43268],[-0.06583,51.43463],[-0.06442,51.43704],[-0.06346,51.43754],[-0.06405,51.44085],[-0.06503,51.44116],[-0.06387,51.44253],[-0.06364,51.44481],[-0.06222,51.44735],[-0.05756,51.45034],[-0.05379,51.44871],[-0.04909,51.45011],[-0.04575,51.44979],[-0.05179,51.44208]]]}},{"type":"Feature","properties":{"ward":"Grove Park","code":"E05000445","borough":"Lewisham"},"geometry":{"type":"Polygon","coordinates":[[[0.03457,51.42339],[0.02541,51.42899],[0.02091,51.42682],[0.02128,51.43122],[0.01456,51.43644],[0.00551,51.44545],[0.01389,51.44604],[0.0224,51.44813],[0.02294,51.4472],[0.02121,51.44669],[0.0215,51.44444],[0.0206,51.44421],[0.02148,51.44274],[0.02542,51.44174],[0.02936,51.44171],[0.02858,51.44045],[0.02881,51.43879],[0.02479,51.43824],[0.02538,51.43569],[0.02724,51.43656],[0.02867,51.43641],[0.02907,51.43467],[0.02858,51.43403],[0.03138,51.43258],[0.03115,51.4321],[0.03159,51.43256],[0.03245,51.43189],[0.03322,51.43224],[0.0337,51.4317],[0.0377,51.43335],[0.03752,51.43138],[0.03833,51.42803],[0.03786,51.4276],[0.03846,51.42759],[0.03903,51.42467],[0.03619,51.42237],[0.03457,51.42339]]]}},{"type":"Feature","properties":{"ward":"Ladywell","code":"E05000446","borough":"Lewisham"},"geometry":{"type":"Polygon","coordinates":[[[-0.02585,51.44992],[-0.02842,51.45205],[-0.0335,51.45392],[-0.03165,51.45526],[-0.03608,51.45641],[-0.03404,51.45851],[-0.03913,51.45967],[-0.03833,51.46172],[-0.03493,51.46117],[-0.03442,51.4607],[-0.0317,51.46154],[-0.02982,51.46333],[-0.02817,51.46286],[-0.02642,51.46331],[-0.02477,51.46308],[-0.02399,51.46628],[-0.02315,51.46763],[-0.02,51.46814],[-0.01773,51.46579],[-0.01615,51.46023],[-0.02205,51.45201],[-0.02318,51.45188],[-0.02585,51.44992]]]}},{"type":"Feature","properties":{"ward":"Lee Green","code":"E05000447","borough":"Lewisham"},"geometry":{"type":"Polygon","coordinates":[[[0.00551,51.44545],[-0.00274,51.45331],[-0.00905,51.45665],[-0.00846,51.45667],[-0.0084,51.45798],[-0.00634,51.45811],[-0.00538,51.45864],[-0.00517,51.45828],[-0.00426,51.45836],[-0.00315,51.4591],[-0.00082,51.4586],[0.00656,51.45861],[0.00789,51.45815],[0.0096,51.45666],[0.01148,51.45669],[0.01751,51.45504],[0.01833,51.45158],[0.01954,51.4517],[0.01987,51.45074],[0.01512,51.45023],[0.01488,51.4506],[0.01506,51.45003],[0.02193,51.44896],[0.0224,51.44813],[0.01389,51.44604],[0.00551,51.44545]]]}},{"type":"Feature","properties":{"ward":"Lewisham Central","code":"E05000448","borough":"Lewisham"},"geometry":{"type":"Polygon","coordinates":[[[-0.01716,51.46934],[-0.01509,51.46804],[-0.01313,51.46894],[-0.01104,51.46613],[-0.01183,51.46433],[-0.00999,51.46263],[-0.00849,51.46223],[-0.00639,51.46248],[-0.00186,51.46159],[0.00027,51.46215],[0.00106,51.46062],[-0.00378,51.4596],[-0.00315,51.4591],[-0.00426,51.45836],[-0.00517,51.45828],[-0.00538,51.45864],[-0.00634,51.45811],[-0.0084,51.45798],[-0.00846,51.45667],[-0.00905,51.45665],[-0.00274,51.45331],[0.00551,51.44545],[-0.00567,51.44508],[-0.00699,51.44862],[-0.00698,51.44967],[-0.00811,51.44979],[-0.00891,51.45062],[-0.01667,51.45052],[-0.0167,51.45225],[-0.02015,51.45269],[-0.02205,51.45201],[-0.01615,51.46023],[-0.01773,51.46579],[-0.02012,51.46832],[-0.01716,51.46934]]]}},{"type":"Feature","properties":{"ward":"New Cross","code":"E05000449","borough":"Lewisham"},"geometry":{"type":"Polygon","coordinates":[[[-0.0527,51.47801],[-0.05433,51.47861],[-0.05336,51.48031],[-0.05281,51.48264],[-0.0531,51.48516],[-0.05356,51.4858],[-0.05284,51.48647],[-0.05398,51.48794],[-0.05263,51.48755],[-0.05031,51.4881],[-0.04375,51.4854],[-0.04326,51.4838],[-0.04222,51.48306],[-0.03665,51.48192],[-0.03465,51.47924],[-0.03107,51.48053],[-0.02641,51.47891],[-0.02291,51.47844],[-0.02307,51.47963],[-0.02037,51.47994],[-0.0184,51.48085],[-0.01712,51.48041],[-0.01914,51.47977],[-0.01944,51.47798],[-0.01983,51.478],[-0.01938,51.47721],[-0.02281,51.47588],[-0.02092,51.4761],[-0.02096,51.47569],[-0.02277,51.47535],[-0.0228,51.47446],[-0.03264,51.4759],[-0.03722,51.47563],[-0.04338,51.4743],[-0.04619,51.47441],[-0.04749,51.47584],[-0.0527,51.47801]]]}},{"type":"Feature","properties":{"ward":"Perry Vale","code":"E05000450","borough":"Lewisham"},"geometry":{"type":"Polygon","coordinates":[[[-0.0531,51.43373],[-0.05336,51.43833],[-0.05179,51.44208],[-0.03355,51.44215],[-0.03299,51.43907],[-0.03472,51.43512],[-0.03577,51.43433],[-0.03753,51.43466],[-0.0377,51.43413],[-0.04095,51.43252],[-0.03887,51.43118],[-0.04305,51.42968],[-0.0466,51.42955],[-0.04679,51.42859],[-0.05248,51.42931],[-0.05241,51.42969],[-0.05336,51.42981],[-0.0531,51.43373]]]}},{"type":"Feature","properties":{"ward":"Rushey Green","code":"E05000451","borough":"Lewisham"},"geometry":{"type":"Polygon","coordinates":[[[-0.02427,51.43865],[-0.02622,51.44156],[-0.02649,51.44362],[-0.0293,51.44078],[-0.03299,51.43907],[-0.03436,51.44411],[-0.03336,51.4443],[-0.03405,51.44552],[-0.03214,51.44777],[-0.0297,51.44837],[-0.02982,51.44878],[-0.02807,51.4485],[-0.02563,51.44957],[-0.02585,51.44992],[-0.02318,51.45188],[-0.02143,51.45202],[-0.02015,51.45269],[-0.0167,51.45225],[-0.01696,51.45055],[-0.00891,51.45062],[-0.00811,51.44979],[-0.00698,51.44967],[-0.00699,51.44862],[-0.00567,51.44508],[-0.00897,51.4451],[-0.0103,51.44187],[-0.01429,51.44298],[-0.01887,51.44355],[-0.01911,51.44313],[-0.02035,51.4432],[-0.02057,51.4404],[-0.0195,51.43893],[-0.02023,51.4387],[-0.02246,51.43959],[-0.02283,51.43908],[-0.02382,51.43925],[-0.02427,51.43865]]]}},{"type":"Feature","properties":{"ward":"Sydenham","code":"E05000452","borough":"Lewisham"},"geometry":{"type":"Polygon","coordinates":[[[-0.07394,51.42615],[-0.07505,51.42918],[-0.07286,51.43209],[-0.06132,51.43055],[-0.05941,51.43079],[-0.05593,51.43311],[-0.0531,51.43373],[-0.05336,51.42981],[-0.05241,51.42969],[-0.05248,51.42931],[-0.04679,51.42859],[-0.0466,51.42955],[-0.04305,51.42968],[-0.04142,51.43035],[-0.03952,51.42771],[-0.04054,51.42719],[-0.03992,51.42425],[-0.04107,51.42425],[-0.04161,51.42365],[-0.04629,51.42237],[-0.04602,51.4228],[-0.05177,51.42252],[-0.05181,51.42358],[-0.05478,51.42373],[-0.05515,51.42294],[-0.05813,51.42317],[-0.0626,51.4252],[-0.06606,51.42507],[-0.06792,51.42593],[-0.06869,51.426],[-0.06888,51.42562],[-0.07088,51.42623],[-0.07394,51.42615]]]}},{"type":"Feature","properties":{"ward":"Telegraph Hill","code":"E05000453","borough":"Lewisham"},"geometry":{"type":"Polygon","coordinates":[[[-0.03833,51.46172],[-0.04129,51.45489],[-0.04616,51.45696],[-0.04518,51.45983],[-0.04535,51.46261],[-0.04636,51.46441],[-0.04854,51.46563],[-0.04821,51.4659],[-0.05089,51.46664],[-0.05058,51.46679],[-0.05133,51.46737],[-0.05088,51.46758],[-0.05228,51.46921],[-0.05169,51.46976],[-0.05276,51.47293],[-0.0527,51.47801],[-0.04749,51.47584],[-0.04619,51.47441],[-0.04338,51.4743],[-0.04024,51.47492],[-0.03844,51.47126],[-0.03767,51.4685],[-0.03752,51.46494],[-0.03833,51.46172]]]}},{"type":"Feature","properties":{"ward":"Whitefoot","code":"E05000454","borough":"Lewisham"},"geometry":{"type":"Polygon","coordinates":[[[-0.01747,51.42656],[-0.01926,51.43277],[-0.01691,51.43335],[-0.01666,51.43291],[-0.00262,51.43594],[0.00595,51.43725],[0.00515,51.4401],[0.00378,51.44232],[0.00442,51.44526],[0.00551,51.44545],[0.01456,51.43644],[0.01919,51.43264],[0.01258,51.43073],[0.00508,51.42973],[0.00484,51.4304],[-0.0014,51.42952],[-0.00217,51.42908],[-0.00138,51.42847],[-0.00048,51.42646],[-0.0012,51.42614],[-0.00622,51.42597],[-0.01006,51.42688],[-0.01312,51.42859],[-0.01747,51.42656]]]}},{"type":"Feature","properties":{"ward":"Abbey","code":"E05000455","borough":"Merton"},"geometry":{"type":"Polygon","coordinates":[[[-0.20214,51.41445],[-0.19981,51.41516],[-0.20195,51.41954],[-0.19885,51.41914],[-0.19416,51.41958],[-0.19328,51.41853],[-0.18735,51.41927],[-0.18737,51.41895],[-0.18136,51.41932],[-0.18083,51.41654],[-0.18236,51.41623],[-0.18326,51.41534],[-0.18411,51.41213],[-0.18439,51.40832],[-0.18694,51.40593],[-0.19881,51.41176],[-0.20214,51.41445]]]}},{"type":"Feature","properties":{"ward":"Cannon Hill","code":"E05000456","borough":"Merton"},"geometry":{"type":"Polygon","coordinates":[[[-0.22113,51.39653],[-0.22481,51.39873],[-0.2235,51.39951],[-0.22531,51.40089],[-0.22476,51.40112],[-0.22493,51.40192],[-0.22536,51.4018],[-0.22642,51.40274],[-0.22854,51.40294],[-0.22881,51.40709],[-0.2202,51.40751],[-0.21411,51.4092],[-0.20311,51.40156],[-0.20018,51.39727],[-0.20073,51.39571],[-0.20329,51.39445],[-0.20751,51.39433],[-0.21092,51.39368],[-0.21413,51.39445],[-0.21632,51.39249],[-0.21748,51.39212],[-0.21788,51.39253],[-0.21685,51.39296],[-0.21757,51.39313],[-0.22052,51.39604],[-0.2213,51.39587],[-0.22113,51.39653]]]}},{"type":"Feature","properties":{"ward":"Colliers Wood","code":"E05000457","borough":"Merton"},"geometry":{"type":"Polygon","coordinates":[[[-0.16203,51.41806],[-0.16188,51.41621],[-0.16505,51.41613],[-0.17067,51.41496],[-0.17104,51.41631],[-0.17402,51.41525],[-0.17341,51.414],[-0.1786,51.41296],[-0.17907,51.41405],[-0.18411,51.41213],[-0.18326,51.41534],[-0.18236,51.41623],[-0.18083,51.41654],[-0.18136,51.41932],[-0.18055,51.41946],[-0.18064,51.42003],[-0.18127,51.42009],[-0.1824,51.42181],[-0.18092,51.42236],[-0.18067,51.42181],[-0.17779,51.42255],[-0.1788,51.42433],[-0.17335,51.42307],[-0.16843,51.42091],[-0.16167,51.41986],[-0.16203,51.41806]]]}},{"type":"Feature","properties":{"ward":"Cricket Green","code":"E05000458","borough":"Merton"},"geometry":{"type":"Polygon","coordinates":[[[-0.16997,51.39173],[-0.16834,51.39246],[-0.16854,51.39361],[-0.16973,51.39474],[-0.16742,51.39685],[-0.17455,51.39853],[-0.18694,51.40593],[-0.18439,51.40832],[-0.18428,51.40934],[-0.18117,51.40961],[-0.18089,51.40912],[-0.17855,51.40914],[-0.17812,51.40742],[-0.17347,51.40746],[-0.17202,51.40499],[-0.16792,51.40686],[-0.1641,51.40548],[-0.16527,51.40396],[-0.16469,51.40377],[-0.16511,51.4035],[-0.16463,51.40207],[-0.16104,51.40243],[-0.1613,51.40328],[-0.16009,51.4038],[-0.15751,51.40307],[-0.15939,51.39916],[-0.1588,51.39832],[-0.14454,51.39367],[-0.13432,51.39093],[-0.1419,51.38936],[-0.14318,51.3904],[-0.14438,51.39068],[-0.15806,51.38926],[-0.16099,51.38782],[-0.16529,51.38798],[-0.16646,51.38969],[-0.16997,51.39173]]]}},{"type":"Feature","properties":{"ward":"Dundonald","code":"E05000459","borough":"Merton"},"geometry":{"type":"Polygon","coordinates":[[[-0.20195,51.41954],[-0.19981,51.41516],[-0.21064,51.41204],[-0.21497,51.41128],[-0.21411,51.4092],[-0.2202,51.40751],[-0.22947,51.40709],[-0.23013,51.40908],[-0.22203,51.41148],[-0.21833,51.41336],[-0.20695,51.42099],[-0.20195,51.41954]]]}},{"type":"Feature","properties":{"ward":"Figge's Marsh","code":"E05000460","borough":"Merton"},"geometry":{"type":"Polygon","coordinates":[[[-0.16188,51.41621],[-0.16203,51.41806],[-0.16075,51.41754],[-0.16003,51.41513],[-0.1594,51.41617],[-0.15684,51.41457],[-0.15482,51.41437],[-0.15581,51.41299],[-0.15302,51.41102],[-0.15415,51.41],[-0.15311,51.40949],[-0.15399,51.40851],[-0.15163,51.40966],[-0.15029,51.40846],[-0.15035,51.40769],[-0.14824,51.40847],[-0.14688,51.40732],[-0.14723,51.40683],[-0.1508,51.40567],[-0.15103,51.40526],[-0.15055,51.40485],[-0.15087,51.40472],[-0.15023,51.40414],[-0.15137,51.40389],[-0.15107,51.40362],[-0.15267,51.40203],[-0.16009,51.4038],[-0.1613,51.40328],[-0.16104,51.40243],[-0.16463,51.40207],[-0.16511,51.4035],[-0.16469,51.40377],[-0.16527,51.40396],[-0.1641,51.40548],[-0.16816,51.40699],[-0.16637,51.40796],[-0.16546,51.40745],[-0.16473,51.40815],[-0.16401,51.40802],[-0.16283,51.40977],[-0.16222,51.40969],[-0.16153,51.411],[-0.16188,51.41621]]]}},{"type":"Feature","properties":{"ward":"Graveney","code":"E05000461","borough":"Merton"},"geometry":{"type":"Polygon","coordinates":[[[-0.15311,51.40949],[-0.15415,51.41],[-0.15302,51.41102],[-0.15581,51.41299],[-0.15482,51.41437],[-0.15684,51.41457],[-0.1594,51.41617],[-0.16003,51.41513],[-0.16075,51.41754],[-0.16203,51.41806],[-0.16167,51.41986],[-0.15997,51.42193],[-0.15988,51.42263],[-0.15133,51.41985],[-0.14934,51.41986],[-0.14448,51.41775],[-0.14041,51.41925],[-0.14961,51.41274],[-0.15311,51.40949]]]}},{"type":"Feature","properties":{"ward":"Hillside","code":"E05000462","borough":"Merton"},"geometry":{"type":"Polygon","coordinates":[[[-0.22501,51.41914],[-0.21735,51.4226],[-0.21424,51.42122],[-0.21378,51.42158],[-0.2148,51.42217],[-0.21299,51.42415],[-0.21347,51.42446],[-0.20975,51.42641],[-0.20746,51.42616],[-0.204,51.42862],[-0.20352,51.42753],[-0.20295,51.42732],[-0.19911,51.42731],[-0.20128,51.42466],[-0.20402,51.42265],[-0.21833,51.41336],[-0.22203,51.41148],[-0.22342,51.41275],[-0.22314,51.41318],[-0.22348,51.41342],[-0.22099,51.41486],[-0.22318,51.4165],[-0.22501,51.41914]]]}},{"type":"Feature","properties":{"ward":"Lavender Fields","code":"E05000463","borough":"Merton"},"geometry":{"type":"Polygon","coordinates":[[[-0.16188,51.41621],[-0.16153,51.411],[-0.16222,51.40969],[-0.16283,51.40977],[-0.16401,51.40802],[-0.16473,51.40815],[-0.16546,51.40745],[-0.16637,51.40796],[-0.17202,51.40499],[-0.17347,51.40746],[-0.17812,51.40742],[-0.17855,51.40914],[-0.18089,51.40912],[-0.18117,51.40961],[-0.18428,51.40934],[-0.18411,51.41213],[-0.17907,51.41405],[-0.1786,51.41296],[-0.17341,51.414],[-0.17402,51.41525],[-0.17104,51.41631],[-0.17067,51.41496],[-0.16505,51.41613],[-0.16188,51.41621]]]}},{"type":"Feature","properties":{"ward":"Longthornton","code":"E05000464","borough":"Merton"},"geometry":{"type":"Polygon","coordinates":[[[-0.15311,51.40949],[-0.14961,51.41274],[-0.14326,51.41726],[-0.14501,51.4158],[-0.14435,51.41535],[-0.14809,51.41287],[-0.14487,51.41239],[-0.14258,51.41334],[-0.1341,51.41099],[-0.13358,51.41293],[-0.13271,51.41235],[-0.12789,51.41201],[-0.12775,51.41232],[-0.12819,51.41093],[-0.12948,51.40957],[-0.13129,51.40951],[-0.13209,51.40917],[-0.13196,51.40846],[-0.13248,51.40841],[-0.13153,51.40493],[-0.13588,51.40371],[-0.1368,51.40393],[-0.14455,51.40016],[-0.15064,51.40393],[-0.15023,51.40414],[-0.15087,51.40472],[-0.15055,51.40485],[-0.15103,51.40526],[-0.1508,51.40567],[-0.14723,51.40683],[-0.14688,51.40732],[-0.14824,51.40847],[-0.15035,51.40769],[-0.15029,51.40846],[-0.15163,51.40966],[-0.15399,51.40851],[-0.15311,51.40949]]]}},{"type":"Feature","properties":{"ward":"Lower Morden","code":"E05000465","borough":"Merton"},"geometry":{"type":"Polygon","coordinates":[[[-0.23466,51.39054],[-0.23492,51.39176],[-0.23214,51.39246],[-0.23268,51.39313],[-0.22682,51.39279],[-0.22634,51.39327],[-0.22751,51.3944],[-0.22596,51.39506],[-0.22632,51.39541],[-0.22113,51.39653],[-0.2213,51.39587],[-0.22052,51.39604],[-0.21757,51.39313],[-0.21685,51.39296],[-0.21788,51.39253],[-0.21748,51.39212],[-0.21632,51.39249],[-0.217,51.39151],[-0.21251,51.38976],[-0.20841,51.39004],[-0.20664,51.3897],[-0.20889,51.38786],[-0.20979,51.38825],[-0.21014,51.38799],[-0.21814,51.38015],[-0.22774,51.38395],[-0.23393,51.38771],[-0.23466,51.39054]]]}},{"type":"Feature","properties":{"ward":"Merton Park","code":"E05000466","borough":"Merton"},"geometry":{"type":"Polygon","coordinates":[[[-0.20214,51.41445],[-0.19881,51.41176],[-0.18694,51.40593],[-0.18911,51.40393],[-0.1916,51.40375],[-0.19457,51.40196],[-0.19586,51.39784],[-0.19561,51.39755],[-0.19822,51.39498],[-0.19895,51.395],[-0.20311,51.40156],[-0.21411,51.4092],[-0.21497,51.41128],[-0.20214,51.41445]]]}},{"type":"Feature","properties":{"ward":"Pollards Hill","code":"E05000467","borough":"Merton"},"geometry":{"type":"Polygon","coordinates":[[[-0.13153,51.40493],[-0.13051,51.40328],[-0.12799,51.4017],[-0.12542,51.39882],[-0.12572,51.39831],[-0.12415,51.39762],[-0.12969,51.39365],[-0.12876,51.39348],[-0.13432,51.39093],[-0.14454,51.39367],[-0.1588,51.39832],[-0.15939,51.39916],[-0.15751,51.40307],[-0.15267,51.40203],[-0.15085,51.40411],[-0.14455,51.40016],[-0.1368,51.40393],[-0.13588,51.40371],[-0.13153,51.40493]]]}},{"type":"Feature","properties":{"ward":"Ravensbury","code":"E05000468","borough":"Merton"},"geometry":{"type":"Polygon","coordinates":[[[-0.18694,51.40593],[-0.17455,51.39853],[-0.16742,51.39685],[-0.16973,51.39474],[-0.16854,51.39361],[-0.16834,51.39246],[-0.16997,51.39173],[-0.17132,51.39251],[-0.17487,51.39342],[-0.17926,51.38984],[-0.18224,51.38831],[-0.18841,51.38544],[-0.18966,51.38606],[-0.18685,51.39651],[-0.18681,51.39807],[-0.18773,51.39887],[-0.18989,51.39808],[-0.19215,51.40011],[-0.19311,51.40022],[-0.19371,51.40083],[-0.19321,51.40159],[-0.19457,51.40196],[-0.1916,51.40375],[-0.18911,51.40393],[-0.18694,51.40593]]]}},{"type":"Feature","properties":{"ward":"Raynes Park","code":"E05000469","borough":"Merton"},"geometry":{"type":"Polygon","coordinates":[[[-0.2447,51.40385],[-0.24535,51.40707],[-0.24751,51.4085],[-0.24714,51.40958],[-0.24953,51.41478],[-0.24238,51.41228],[-0.24282,51.41347],[-0.24266,51.41474],[-0.23923,51.41533],[-0.2351,51.41535],[-0.23052,51.41633],[-0.22981,51.41679],[-0.22993,51.41826],[-0.22501,51.41914],[-0.22318,51.4165],[-0.22099,51.41486],[-0.22348,51.41342],[-0.22314,51.41318],[-0.22342,51.41275],[-0.22203,51.41148],[-0.23013,51.40908],[-0.22947,51.40709],[-0.2318,51.4069],[-0.23523,51.4054],[-0.23662,51.40218],[-0.2423,51.40387],[-0.2447,51.40385]]]}},{"type":"Feature","properties":{"ward":"St Helier","code":"E05000470","borough":"Merton"},"geometry":{"type":"Polygon","coordinates":[[[-0.21632,51.39249],[-0.21413,51.39445],[-0.21092,51.39368],[-0.20751,51.39433],[-0.20329,51.39445],[-0.20073,51.39571],[-0.20018,51.39727],[-0.19895,51.395],[-0.19822,51.39498],[-0.19561,51.39755],[-0.19586,51.39784],[-0.19457,51.40196],[-0.19321,51.40159],[-0.19371,51.40083],[-0.19311,51.40022],[-0.19215,51.40011],[-0.18989,51.39808],[-0.18773,51.39887],[-0.18681,51.39807],[-0.18685,51.39651],[-0.18966,51.38606],[-0.19395,51.38787],[-0.20032,51.38496],[-0.20352,51.38723],[-0.20503,51.38609],[-0.20889,51.38786],[-0.20664,51.3897],[-0.20841,51.39004],[-0.21251,51.38976],[-0.217,51.39151],[-0.21632,51.39249]]]}},{"type":"Feature","properties":{"ward":"Trinity","code":"E05000471","borough":"Merton"},"geometry":{"type":"Polygon","coordinates":[[[-0.20195,51.41954],[-0.20695,51.42099],[-0.20191,51.42362],[-0.19491,51.42544],[-0.19131,51.42562],[-0.1788,51.42433],[-0.17779,51.42255],[-0.18067,51.42181],[-0.18092,51.42236],[-0.1824,51.42181],[-0.18127,51.42009],[-0.18064,51.42003],[-0.18055,51.41946],[-0.18136,51.41932],[-0.18737,51.41895],[-0.18735,51.41927],[-0.19328,51.41853],[-0.19416,51.41958],[-0.19885,51.41914],[-0.20195,51.41954]]]}},{"type":"Feature","properties":{"ward":"Village","code":"E05000472","borough":"Merton"},"geometry":{"type":"Polygon","coordinates":[[[-0.25108,51.43257],[-0.23132,51.43814],[-0.22428,51.43886],[-0.22044,51.43845],[-0.21785,51.43868],[-0.21573,51.43775],[-0.20913,51.4383],[-0.20777,51.43732],[-0.20975,51.43755],[-0.2105,51.43704],[-0.20864,51.43594],[-0.2084,51.43511],[-0.20899,51.43421],[-0.21232,51.43349],[-0.21224,51.43011],[-0.21075,51.42977],[-0.21001,51.43125],[-0.20871,51.43106],[-0.20883,51.42923],[-0.20541,51.43068],[-0.204,51.42862],[-0.20746,51.42616],[-0.20975,51.42641],[-0.21347,51.42446],[-0.21299,51.42415],[-0.2148,51.42217],[-0.21378,51.42158],[-0.21424,51.42122],[-0.21735,51.4226],[-0.22501,51.41914],[-0.22993,51.41826],[-0.22981,51.41679],[-0.23052,51.41633],[-0.2351,51.41535],[-0.23923,51.41533],[-0.24266,51.41474],[-0.24282,51.41347],[-0.24238,51.41228],[-0.24953,51.41478],[-0.24964,51.41853],[-0.25112,51.42232],[-0.25295,51.42321],[-0.25226,51.42574],[-0.25425,51.42932],[-0.25333,51.43084],[-0.25108,51.43257]]]}},{"type":"Feature","properties":{"ward":"West Barnes","code":"E05000473","borough":"Merton"},"geometry":{"type":"Polygon","coordinates":[[[-0.24662,51.39921],[-0.24685,51.40049],[-0.24523,51.4017],[-0.2447,51.40385],[-0.2423,51.40387],[-0.23662,51.40218],[-0.23523,51.4054],[-0.2318,51.4069],[-0.22881,51.40709],[-0.22854,51.40294],[-0.22642,51.40274],[-0.22536,51.4018],[-0.22493,51.40192],[-0.22476,51.40112],[-0.22531,51.40089],[-0.2235,51.39951],[-0.22481,51.39873],[-0.22094,51.39673],[-0.22632,51.39541],[-0.22596,51.39506],[-0.22751,51.3944],[-0.22634,51.39327],[-0.22682,51.39279],[-0.23268,51.39313],[-0.23214,51.39246],[-0.23492,51.39176],[-0.23466,51.39054],[-0.23971,51.38929],[-0.24011,51.3912],[-0.24175,51.39392],[-0.2446,51.39466],[-0.24742,51.39758],[-0.24662,51.39921]]]}},{"type":"Feature","properties":{"ward":"Wimbledon Park","code":"E05000474","borough":"Merton"},"geometry":{"type":"Polygon","coordinates":[[[-0.204,51.42862],[-0.20541,51.43068],[-0.20883,51.42923],[-0.20871,51.43106],[-0.21001,51.43125],[-0.21075,51.42977],[-0.21224,51.43011],[-0.21232,51.43349],[-0.20899,51.43421],[-0.2084,51.43511],[-0.20864,51.43594],[-0.2105,51.43704],[-0.20975,51.43755],[-0.20777,51.43732],[-0.20913,51.4383],[-0.19004,51.44147],[-0.18976,51.44006],[-0.19067,51.43892],[-0.18922,51.43855],[-0.18927,51.43812],[-0.19106,51.43304],[-0.1898,51.43135],[-0.18742,51.4321],[-0.18729,51.43299],[-0.18576,51.43316],[-0.18425,51.43127],[-0.18435,51.42696],[-0.18194,51.42474],[-0.19131,51.42562],[-0.19491,51.42544],[-0.19909,51.42464],[-0.20379,51.4225],[-0.19911,51.42731],[-0.20295,51.42732],[-0.20352,51.42753],[-0.204,51.42862]]]}},{"type":"Feature","properties":{"ward":"Beckton","code":"E05000475","borough":"Newham"},"geometry":{"type":"Polygon","coordinates":[[[0.04726,51.50743],[0.04737,51.51046],[0.04631,51.51169],[0.04796,51.5132],[0.04799,51.51638],[0.04266,51.51663],[0.04202,51.51852],[0.04081,51.51911],[0.04128,51.51969],[0.04545,51.52019],[0.05364,51.51964],[0.05789,51.52012],[0.08011,51.52753],[0.0852,51.52561],[0.08881,51.52625],[0.08998,51.52556],[0.09205,51.52562],[0.0921,51.52399],[0.09078,51.52399],[0.09181,51.52351],[0.09173,51.52263],[0.09441,51.52033],[0.09401,51.51826],[0.09479,51.51634],[0.09676,51.51515],[0.09571,51.51545],[0.0903,51.51472],[0.0905,51.51428],[0.08455,51.51221],[0.08337,51.51154],[0.08372,51.51099],[0.08257,51.50993],[0.08024,51.50831],[0.07805,51.50517],[0.07704,51.50491],[0.07415,51.5053],[0.07422,51.50612],[0.06872,51.50641],[0.06737,51.50686],[0.04726,51.50743]]]}},{"type":"Feature","properties":{"ward":"Boleyn","code":"E05000476","borough":"Newham"},"geometry":{"type":"Polygon","coordinates":[[[0.04414,51.53743],[0.04601,51.53619],[0.04643,51.53503],[0.04399,51.53447],[0.045,51.53358],[0.04419,51.53343],[0.04474,51.53324],[0.04532,51.532],[0.04454,51.53184],[0.04473,51.53137],[0.04663,51.53172],[0.04679,51.53143],[0.04635,51.53135],[0.04726,51.52972],[0.04784,51.52955],[0.0474,51.52945],[0.04913,51.52576],[0.04544,51.52519],[0.04532,51.52468],[0.03944,51.52545],[0.03766,51.52912],[0.03774,51.53021],[0.03633,51.53012],[0.03601,51.53112],[0.03511,51.531],[0.0347,51.53335],[0.0321,51.53289],[0.0318,51.53344],[0.03247,51.53475],[0.04414,51.53743]]]}},{"type":"Feature","properties":{"ward":"Canning Town North","code":"E05000477","borough":"Newham"},"geometry":{"type":"MultiPolygon","coordinates":[[[[0.00474,51.5283],[0.01194,51.53],[0.02094,51.52607],[0.02738,51.52481],[0.01669,51.51958],[0.01763,51.51869],[0.01679,51.51795],[0.01732,51.51714],[0.00447,51.5147],[0.00358,51.51559],[-0.00264,51.51856],[-0.00242,51.5182],[-0.00402,51.51798],[-0.00516,51.51693],[-0.00642,51.5188],[-0.00852,51.52001],[-0.00864,51.52083],[-0.00721,51.52288],[-0.00647,51.52568],[0.00474,51.5283]]],[[[-0.00811,51.52382],[-0.00779,51.52538],[-0.00711,51.52553],[-0.00786,51.52301],[-0.00811,51.52382]]]]}},{"type":"Feature","properties":{"ward":"Canning Town South","code":"E05000478","borough":"Newham"},"geometry":{"type":"Polygon","coordinates":[[[0.0134,51.50491],[0.01204,51.50524],[0.00968,51.5068],[0.01052,51.50856],[0.00991,51.50914],[0.00654,51.51003],[0.0082,51.5126],[0.00714,51.51438],[0.00591,51.5145],[0.00469,51.51376],[0.0042,51.51322],[0.00391,51.51128],[0.00268,51.51087],[0.00447,51.5147],[0.01732,51.51714],[0.01679,51.51795],[0.01763,51.51869],[0.01669,51.51958],[0.02549,51.52369],[0.02624,51.52353],[0.02655,51.52188],[0.02593,51.51855],[0.02664,51.51833],[0.02655,51.51727],[0.02302,51.5173],[0.02286,51.51499],[0.02024,51.5122],[0.022,51.51223],[0.02188,51.51118],[0.02554,51.51121],[0.02662,51.50997],[0.0268,51.50955],[0.02547,51.50954],[0.02542,51.50561],[0.01878,51.5054],[0.01828,51.50588],[0.01572,51.50608],[0.0134,51.50491]]]}},{"type":"Feature","properties":{"ward":"Custom House","code":"E05000479","borough":"Newham"},"geometry":{"type":"Polygon","coordinates":[[[0.04128,51.51969],[0.04081,51.51911],[0.04202,51.51852],[0.04266,51.51663],[0.04799,51.51638],[0.04796,51.5132],[0.04631,51.51169],[0.04737,51.51046],[0.04726,51.50743],[0.04257,51.50757],[0.04047,51.50711],[0.03916,51.5064],[0.03947,51.50545],[0.02542,51.50561],[0.02547,51.50954],[0.0268,51.50955],[0.02662,51.50997],[0.02554,51.51121],[0.02188,51.51118],[0.022,51.51223],[0.02024,51.5122],[0.02286,51.51499],[0.02302,51.5173],[0.03369,51.51718],[0.04128,51.51969]]]}},{"type":"Feature","properties":{"ward":"East Ham Central","code":"E05000480","borough":"Newham"},"geometry":{"type":"Polygon","coordinates":[[[0.04905,51.52603],[0.0474,51.52945],[0.04784,51.52955],[0.04726,51.52972],[0.04635,51.53135],[0.04679,51.53143],[0.04663,51.53172],[0.04473,51.53137],[0.04454,51.53184],[0.04532,51.532],[0.04474,51.53324],[0.04419,51.53343],[0.045,51.53358],[0.04399,51.53447],[0.04643,51.53503],[0.04601,51.53619],[0.04414,51.53743],[0.0537,51.53975],[0.05364,51.53845],[0.05513,51.53534],[0.05764,51.53595],[0.05818,51.53569],[0.05918,51.53234],[0.05811,51.53221],[0.05934,51.52874],[0.05626,51.52825],[0.05627,51.52716],[0.04905,51.52603]]]}},{"type":"Feature","properties":{"ward":"East Ham North","code":"E05000481","borough":"Newham"},"geometry":{"type":"Polygon","coordinates":[[[0.04414,51.53743],[0.03896,51.54028],[0.0395,51.5404],[0.03932,51.54073],[0.04251,51.54151],[0.04334,51.54133],[0.04269,51.54234],[0.0434,51.54215],[0.04981,51.54364],[0.04838,51.54835],[0.06522,51.54477],[0.06171,51.54406],[0.05858,51.54174],[0.0537,51.53975],[0.04414,51.53743]]]}},{"type":"Feature","properties":{"ward":"East Ham South","code":"E05000482","borough":"Newham"},"geometry":{"type":"Polygon","coordinates":[[[0.04128,51.51969],[0.0397,51.52324],[0.03944,51.52545],[0.04532,51.52468],[0.04544,51.52519],[0.04905,51.52603],[0.05627,51.52716],[0.05626,51.52825],[0.06498,51.52906],[0.07257,51.53079],[0.07271,51.52927],[0.07764,51.52918],[0.07847,51.52883],[0.07755,51.52887],[0.07799,51.52847],[0.07883,51.52843],[0.08011,51.52753],[0.05789,51.52012],[0.05364,51.51964],[0.04545,51.52019],[0.04128,51.51969]]]}},{"type":"Feature","properties":{"ward":"Forest Gate North","code":"E05000483","borough":"Newham"},"geometry":{"type":"Polygon","coordinates":[[[0.02034,51.55627],[0.02248,51.55616],[0.02258,51.5567],[0.02329,51.55682],[0.02376,51.55553],[0.02528,51.55555],[0.02534,51.55406],[0.03541,51.55525],[0.03599,51.55102],[0.02752,51.55],[0.00673,51.54618],[0.00514,51.54905],[0.0055,51.55066],[0.00951,51.55124],[0.01082,51.55226],[0.00962,51.55343],[0.01111,51.5544],[0.01162,51.55392],[0.01457,51.55495],[0.01625,51.55322],[0.01694,51.55318],[0.02153,51.55488],[0.02034,51.55627]]]}},{"type":"Feature","properties":{"ward":"Forest Gate South","code":"E05000484","borough":"Newham"},"geometry":{"type":"Polygon","coordinates":[[[0.03456,51.55089],[0.03581,51.54756],[0.02672,51.54657],[0.02671,51.5434],[0.0235,51.5433],[0.02362,51.54248],[0.02287,51.54137],[0.01995,51.5414],[0.01923,51.54095],[0.01946,51.54143],[0.0182,51.54159],[0.01357,51.5412],[0.01123,51.53992],[0.00838,51.54461],[0.00522,51.54419],[0.0048,51.54561],[0.02752,51.55],[0.03456,51.55089]]]}},{"type":"Feature","properties":{"ward":"Green Street East","code":"E05000485","borough":"Newham"},"geometry":{"type":"Polygon","coordinates":[[[0.03115,51.54693],[0.03773,51.5479],[0.03852,51.546],[0.0411,51.54612],[0.0416,51.54419],[0.04334,51.54133],[0.04251,51.54151],[0.03932,51.54073],[0.0395,51.5404],[0.03896,51.54028],[0.04414,51.53743],[0.0354,51.53541],[0.03267,51.53955],[0.0324,51.54348],[0.03115,51.54693]]]}},{"type":"Feature","properties":{"ward":"Green Street West","code":"E05000486","borough":"Newham"},"geometry":{"type":"Polygon","coordinates":[[[0.02209,51.53684],[0.02258,51.53816],[0.02186,51.53839],[0.02201,51.54035],[0.02112,51.54037],[0.02119,51.54137],[0.02287,51.54137],[0.02362,51.54248],[0.0235,51.5433],[0.02671,51.5434],[0.02672,51.54657],[0.03115,51.54693],[0.0324,51.54348],[0.03267,51.53955],[0.0354,51.53541],[0.02694,51.53347],[0.02644,51.53422],[0.02767,51.53443],[0.02705,51.53557],[0.028,51.53581],[0.02734,51.53698],[0.0278,51.53708],[0.02761,51.53738],[0.02209,51.53684]]]}},{"type":"Feature","properties":{"ward":"Little Ilford","code":"E05000487","borough":"Newham"},"geometry":{"type":"Polygon","coordinates":[[[0.06522,51.54477],[0.05149,51.54765],[0.05457,51.54841],[0.05264,51.55203],[0.05199,51.5522],[0.05241,51.55276],[0.05189,51.55384],[0.05271,51.5541],[0.04981,51.55502],[0.04285,51.55837],[0.04193,51.56145],[0.05032,51.56399],[0.05137,51.56232],[0.0541,51.56086],[0.05446,51.55965],[0.05571,51.55934],[0.05634,51.55858],[0.05688,51.55872],[0.05712,51.55811],[0.05826,51.55785],[0.05998,51.55651],[0.06359,51.55731],[0.06659,51.55473],[0.06695,51.55302],[0.0678,51.55306],[0.06872,51.54754],[0.06827,51.54425],[0.06522,51.54477]]]}},{"type":"Feature","properties":{"ward":"Manor Park","code":"E05000488","borough":"Newham"},"geometry":{"type":"Polygon","coordinates":[[[0.03456,51.55089],[0.03599,51.55102],[0.03541,51.55525],[0.0463,51.55481],[0.04406,51.55777],[0.05271,51.5541],[0.05189,51.55384],[0.05241,51.55276],[0.05199,51.5522],[0.05264,51.55203],[0.05457,51.54841],[0.05149,51.54765],[0.04838,51.54835],[0.04981,51.54364],[0.0434,51.54215],[0.04269,51.54234],[0.0416,51.54419],[0.0411,51.54612],[0.03852,51.546],[0.03773,51.5479],[0.03581,51.54756],[0.03456,51.55089]]]}},{"type":"Feature","properties":{"ward":"Plaistow North","code":"E05000489","borough":"Newham"},"geometry":{"type":"Polygon","coordinates":[[[0.02463,51.52518],[0.02094,51.52607],[0.01194,51.53],[0.01796,51.53141],[0.01622,51.53207],[0.01778,51.53386],[0.01853,51.53698],[0.02209,51.53684],[0.02761,51.53738],[0.0278,51.53708],[0.02734,51.53698],[0.028,51.53581],[0.02705,51.53557],[0.02767,51.53443],[0.02644,51.53422],[0.02694,51.53347],[0.03247,51.53475],[0.0318,51.53344],[0.0321,51.53289],[0.0347,51.53335],[0.03446,51.53301],[0.03494,51.53225],[0.03298,51.53184],[0.03343,51.53088],[0.02424,51.52933],[0.02387,51.52744],[0.02463,51.52518]]]}},{"type":"Feature","properties":{"ward":"Plaistow South","code":"E05000490","borough":"Newham"},"geometry":{"type":"Polygon","coordinates":[[[0.02655,51.51727],[0.02664,51.51833],[0.02593,51.51855],[0.02655,51.52188],[0.02624,51.52353],[0.02549,51.52369],[0.02738,51.52481],[0.02463,51.52518],[0.02473,51.5256],[0.02417,51.52565],[0.02387,51.52744],[0.02424,51.52933],[0.03343,51.53088],[0.03298,51.53184],[0.03494,51.53225],[0.03511,51.531],[0.03601,51.53112],[0.03633,51.53012],[0.03774,51.53021],[0.03766,51.52912],[0.03944,51.52545],[0.0397,51.52324],[0.04128,51.51969],[0.03369,51.51718],[0.02655,51.51727]]]}},{"type":"Feature","properties":{"ward":"Royal Docks","code":"E05000491","borough":"Newham"},"geometry":{"type":"Polygon","coordinates":[[[0.0134,51.50491],[0.01572,51.50608],[0.01828,51.50588],[0.01878,51.5054],[0.02952,51.50574],[0.03947,51.50545],[0.03916,51.5064],[0.04257,51.50757],[0.06737,51.50686],[0.06872,51.50641],[0.07422,51.50612],[0.07415,51.5053],[0.07778,51.50456],[0.07629,51.50382],[0.07675,51.50352],[0.07534,51.50226],[0.07399,51.50211],[0.07473,51.50158],[0.07371,51.50042],[0.06863,51.49909],[0.05885,51.49838],[0.04947,51.49959],[0.03908,51.4999],[0.02455,51.49871],[0.02441,51.49831],[0.02366,51.49839],[0.02363,51.49898],[0.02061,51.49931],[0.01779,51.50058],[0.01383,51.5037],[0.01311,51.50442],[0.0134,51.50491]]]}},{"type":"Feature","properties":{"ward":"Stratford and New Town","code":"E05000492","borough":"Newham"},"geometry":{"type":"Polygon","coordinates":[[[-0.01089,51.55262],[-0.00947,51.55222],[-0.00868,51.54993],[-0.00035,51.55172],[0.00573,51.55186],[0.00514,51.54905],[0.00673,51.54618],[0.0048,51.54561],[0.00522,51.54419],[0.00838,51.54461],[0.01051,51.54096],[0.00476,51.53878],[0.0052,51.53839],[0.00348,51.53808],[0.00364,51.53782],[0.00069,51.53664],[0.00408,51.53164],[0.00474,51.5283],[-0.00647,51.52568],[0.00067,51.52828],[0.00179,51.53033],[0.00111,51.53105],[-0.00077,51.52815],[-0.00232,51.52716],[-0.00406,51.5271],[-0.00455,51.52655],[-0.00596,51.52624],[-0.00659,51.52636],[-0.00696,51.52711],[-0.00795,51.52722],[-0.00689,51.52603],[-0.00779,51.52538],[-0.00752,51.5262],[-0.01079,51.52932],[-0.01365,51.52984],[-0.01744,51.53149],[-0.01823,51.53245],[-0.01799,51.53327],[-0.01896,51.53412],[-0.01935,51.53519],[-0.02117,51.53652],[-0.02109,51.53735],[-0.01943,51.53828],[-0.01775,51.54093],[-0.01652,51.54151],[-0.01609,51.54254],[-0.019,51.5516],[-0.01697,51.5514],[-0.01089,51.55262]]]}},{"type":"Feature","properties":{"ward":"Wall End","code":"E05000493","borough":"Newham"},"geometry":{"type":"Polygon","coordinates":[[[0.0537,51.53975],[0.05858,51.54174],[0.06171,51.54406],[0.06522,51.54477],[0.06827,51.54425],[0.06665,51.54086],[0.06697,51.53961],[0.06889,51.53719],[0.06826,51.53699],[0.06793,51.5362],[0.06946,51.53629],[0.07192,51.53295],[0.07257,51.53079],[0.06498,51.52906],[0.05934,51.52874],[0.05811,51.53221],[0.05918,51.53234],[0.05818,51.53569],[0.05764,51.53595],[0.05513,51.53534],[0.05364,51.53845],[0.0537,51.53975]]]}},{"type":"Feature","properties":{"ward":"West Ham","code":"E05000494","borough":"Newham"},"geometry":{"type":"Polygon","coordinates":[[[0.02119,51.54137],[0.02112,51.54037],[0.02201,51.54035],[0.02186,51.53839],[0.02258,51.53816],[0.02209,51.53684],[0.01853,51.53698],[0.01778,51.53386],[0.01622,51.53207],[0.01796,51.53141],[0.00474,51.5283],[0.00408,51.53164],[0.00069,51.53664],[0.00364,51.53782],[0.00348,51.53808],[0.0052,51.53839],[0.00476,51.53878],[0.01051,51.54096],[0.01123,51.53992],[0.01357,51.5412],[0.0182,51.54159],[0.01946,51.54143],[0.01923,51.54095],[0.02119,51.54137]]]}},{"type":"Feature","properties":{"ward":"Aldborough","code":"E05000495","borough":"Redbridge"},"geometry":{"type":"Polygon","coordinates":[[[0.1095,51.60066],[0.11435,51.6021],[0.12909,51.60848],[0.13251,51.60584],[0.13649,51.60382],[0.1419,51.59658],[0.13756,51.59388],[0.12956,51.59005],[0.131,51.58752],[0.12637,51.58672],[0.12722,51.58393],[0.12806,51.58286],[0.12775,51.58163],[0.11349,51.5825],[0.10942,51.58205],[0.10575,51.58107],[0.09525,51.57606],[0.08449,51.57366],[0.07451,51.5751],[0.07522,51.57663],[0.07471,51.5767],[0.07486,51.57705],[0.0756,51.57722],[0.07742,51.57899],[0.07691,51.57918],[0.07714,51.57945],[0.07797,51.5796],[0.07813,51.58016],[0.07883,51.5799],[0.08103,51.58064],[0.07615,51.5824],[0.07647,51.58267],[0.07592,51.58295],[0.08051,51.58709],[0.0808,51.58805],[0.08374,51.58796],[0.08555,51.58693],[0.08879,51.58665],[0.09101,51.59543],[0.1095,51.60066]]]}},{"type":"Feature","properties":{"ward":"Barkingside","code":"E05000496","borough":"Redbridge"},"geometry":{"type":"Polygon","coordinates":[[[0.05702,51.57644],[0.05685,51.57784],[0.05517,51.58049],[0.07318,51.58891],[0.07582,51.58789],[0.07554,51.58752],[0.07591,51.58733],[0.07947,51.5862],[0.07592,51.58295],[0.07647,51.58267],[0.07615,51.5824],[0.08103,51.58064],[0.07883,51.5799],[0.07813,51.58016],[0.07797,51.5796],[0.07714,51.57945],[0.07691,51.57918],[0.07742,51.57899],[0.0756,51.57722],[0.07486,51.57705],[0.07471,51.5767],[0.07522,51.57663],[0.07451,51.5751],[0.06748,51.57631],[0.05702,51.57644]]]}},{"type":"Feature","properties":{"ward":"Bridge","code":"E05000497","borough":"Redbridge"},"geometry":{"type":"Polygon","coordinates":[[[0.03219,51.6036],[0.03506,51.60854],[0.04076,51.61573],[0.04368,51.61694],[0.05307,51.61842],[0.05436,51.6176],[0.05418,51.61672],[0.0534,51.61634],[0.05197,51.61681],[0.05015,51.61639],[0.04846,51.61498],[0.04807,51.61332],[0.04889,51.61357],[0.0526,51.61201],[0.06441,51.60606],[0.06364,51.60489],[0.06072,51.60521],[0.05761,51.60244],[0.05525,51.60307],[0.05626,51.60117],[0.05386,51.5984],[0.04503,51.59982],[0.04553,51.60016],[0.04513,51.60079],[0.04302,51.60071],[0.03219,51.6036]]]}},{"type":"Feature","properties":{"ward":"Chadwell","code":"E05000498","borough":"Redbridge"},"geometry":{"type":"Polygon","coordinates":[[[0.12775,51.58163],[0.13253,51.58131],[0.13353,51.57996],[0.1308,51.57936],[0.13161,51.57709],[0.12917,51.57632],[0.12942,51.57396],[0.13007,51.57308],[0.13089,51.57336],[0.13156,51.57183],[0.1299,51.57154],[0.13046,51.57032],[0.12968,51.5681],[0.11922,51.56665],[0.11902,51.56928],[0.12019,51.57061],[0.11851,51.57253],[0.12034,51.5723],[0.12051,51.57341],[0.11764,51.57402],[0.11687,51.57392],[0.11658,51.57334],[0.11325,51.57412],[0.11478,51.57764],[0.11417,51.57779],[0.11486,51.57776],[0.11552,51.57895],[0.11611,51.57883],[0.11661,51.57995],[0.11708,51.57987],[0.11724,51.58099],[0.11645,51.58067],[0.11752,51.58237],[0.12775,51.58163]]]}},{"type":"Feature","properties":{"ward":"Church End","code":"E05000499","borough":"Redbridge"},"geometry":{"type":"Polygon","coordinates":[[[0.01746,51.60537],[0.0187,51.60481],[0.01899,51.60374],[0.02037,51.60491],[0.02304,51.60407],[0.02541,51.6025],[0.02716,51.60373],[0.02927,51.60296],[0.02944,51.60333],[0.02993,51.60292],[0.03179,51.60285],[0.02851,51.59648],[0.02657,51.58897],[0.02515,51.58638],[0.02371,51.5867],[0.0244,51.58758],[0.02252,51.58777],[0.02271,51.58823],[0.02175,51.58839],[0.02239,51.59262],[0.02164,51.59265],[0.02127,51.59329],[0.01298,51.59458],[0.01235,51.59434],[0.0129,51.59905],[0.01746,51.60537]]]}},{"type":"Feature","properties":{"ward":"Clayhall","code":"E05000500","borough":"Redbridge"},"geometry":{"type":"Polygon","coordinates":[[[0.07008,51.58747],[0.05517,51.58049],[0.05685,51.57784],[0.05702,51.57644],[0.04055,51.57612],[0.04334,51.57855],[0.04084,51.58298],[0.04144,51.59043],[0.04038,51.59147],[0.03915,51.59161],[0.03774,51.59248],[0.03774,51.59367],[0.04465,51.59183],[0.04884,51.5901],[0.05289,51.59191],[0.06683,51.59142],[0.06545,51.58977],[0.07008,51.58747]]]}},{"type":"Feature","properties":{"ward":"Clementswood","code":"E05000501","borough":"Redbridge"},"geometry":{"type":"Polygon","coordinates":[[[0.07026,51.55922],[0.09187,51.56342],[0.09137,51.56286],[0.09207,51.56258],[0.09154,51.56245],[0.09372,51.55982],[0.09034,51.55893],[0.08545,51.55899],[0.08555,51.55869],[0.08497,51.55865],[0.08567,51.55472],[0.08677,51.55465],[0.08866,51.55124],[0.08211,51.54977],[0.08161,51.55067],[0.08228,51.55083],[0.08212,51.55115],[0.08027,51.5507],[0.07884,51.55329],[0.07377,51.55219],[0.07139,51.55576],[0.07142,51.55645],[0.06992,51.55748],[0.07026,51.55922]]]}},{"type":"Feature","properties":{"ward":"Cranbrook","code":"E05000502","borough":"Redbridge"},"geometry":{"type":"Polygon","coordinates":[[[0.05702,51.57644],[0.06748,51.57631],[0.06775,51.57593],[0.06727,51.57559],[0.06782,51.57518],[0.06927,51.575],[0.07238,51.57326],[0.07227,51.57292],[0.07277,51.57308],[0.07507,51.57202],[0.07597,51.57108],[0.07677,51.57128],[0.07452,51.56972],[0.07597,51.56855],[0.06688,51.56396],[0.066,51.5648],[0.06633,51.56615],[0.0651,51.56815],[0.06313,51.56654],[0.06179,51.56624],[0.05811,51.56298],[0.05841,51.56267],[0.05795,51.56234],[0.05269,51.56229],[0.05169,51.56397],[0.05255,51.56469],[0.05124,51.56593],[0.05026,51.56608],[0.05003,51.56686],[0.05042,51.56786],[0.04973,51.56929],[0.0475,51.56955],[0.0447,51.57196],[0.04012,51.57462],[0.04055,51.57612],[0.05702,51.57644]]]}},{"type":"Feature","properties":{"ward":"Fairlop","code":"E05000503","borough":"Redbridge"},"geometry":{"type":"Polygon","coordinates":[[[0.09467,51.61075],[0.09507,51.60886],[0.0936,51.60402],[0.10508,51.60665],[0.10488,51.60628],[0.10591,51.60451],[0.10635,51.60461],[0.1095,51.60066],[0.09101,51.59543],[0.08879,51.58665],[0.08555,51.58693],[0.08374,51.58796],[0.0808,51.58805],[0.08196,51.59011],[0.08522,51.5937],[0.08314,51.59437],[0.0835,51.59487],[0.0807,51.59725],[0.07996,51.59711],[0.07955,51.59796],[0.07738,51.59692],[0.06578,51.59879],[0.05626,51.60117],[0.05525,51.60307],[0.05761,51.60244],[0.06072,51.60521],[0.06364,51.60489],[0.06441,51.60606],[0.06297,51.60691],[0.06398,51.60722],[0.06594,51.60632],[0.07281,51.60469],[0.07788,51.60673],[0.08001,51.60698],[0.08445,51.60636],[0.08712,51.60447],[0.09255,51.6062],[0.09169,51.60748],[0.09185,51.60821],[0.09262,51.60948],[0.09369,51.60975],[0.09467,51.61075]]]}},{"type":"Feature","properties":{"ward":"Fullwell","code":"E05000504","borough":"Redbridge"},"geometry":{"type":"Polygon","coordinates":[[[0.07947,51.5862],[0.07591,51.58733],[0.07554,51.58752],[0.07582,51.58789],[0.07318,51.58891],[0.07008,51.58747],[0.06545,51.58977],[0.06683,51.59142],[0.05289,51.59191],[0.04884,51.5901],[0.04752,51.59076],[0.04829,51.59135],[0.04771,51.59158],[0.05034,51.59337],[0.05211,51.59523],[0.05121,51.59556],[0.05626,51.60117],[0.07408,51.59726],[0.07738,51.59692],[0.07955,51.59796],[0.07996,51.59711],[0.0807,51.59725],[0.0835,51.59487],[0.08314,51.59437],[0.08522,51.5937],[0.08196,51.59011],[0.08051,51.58709],[0.07947,51.5862]]]}},{"type":"Feature","properties":{"ward":"Goodmayes","code":"E05000505","borough":"Redbridge"},"geometry":{"type":"Polygon","coordinates":[[[0.10743,51.552],[0.10864,51.55456],[0.10779,51.55635],[0.10934,51.55815],[0.10952,51.56077],[0.09844,51.55856],[0.09924,51.56094],[0.09372,51.55982],[0.09154,51.56245],[0.09207,51.56258],[0.09137,51.56286],[0.09187,51.56342],[0.1039,51.5646],[0.12968,51.5681],[0.12932,51.56653],[0.12762,51.56614],[0.12499,51.56434],[0.11903,51.56306],[0.11887,51.56273],[0.11975,51.56249],[0.11748,51.55916],[0.12049,51.55854],[0.11894,51.55735],[0.11713,51.55739],[0.11715,51.55689],[0.11333,51.55732],[0.11272,51.55652],[0.11473,51.55533],[0.11233,51.55348],[0.11235,51.553],[0.11111,51.55248],[0.1084,51.5527],[0.10827,51.55206],[0.10743,51.552]]]}},{"type":"Feature","properties":{"ward":"Hainault","code":"E05000506","borough":"Redbridge"},"geometry":{"type":"Polygon","coordinates":[[[0.1095,51.60066],[0.10635,51.60461],[0.10591,51.60451],[0.10488,51.60628],[0.10508,51.60665],[0.0936,51.60402],[0.09507,51.60886],[0.09467,51.61075],[0.09361,51.61248],[0.09226,51.61357],[0.09804,51.61542],[0.10014,51.61272],[0.10339,51.61345],[0.10381,51.61255],[0.1096,51.61396],[0.11668,51.61692],[0.11858,51.61536],[0.11928,51.61537],[0.12417,51.6175],[0.12607,51.61964],[0.12885,51.6207],[0.12916,51.62144],[0.13578,51.62354],[0.13816,51.62354],[0.14447,51.61668],[0.14548,51.61455],[0.14747,51.61235],[0.14868,51.60868],[0.14859,51.60449],[0.14949,51.6029],[0.14818,51.59896],[0.14656,51.59944],[0.1419,51.59658],[0.13649,51.60382],[0.13251,51.60584],[0.12909,51.60848],[0.11435,51.6021],[0.1095,51.60066]]]}},{"type":"Feature","properties":{"ward":"Loxford","code":"E05000507","borough":"Redbridge"},"geometry":{"type":"Polygon","coordinates":[[[0.06778,51.55409],[0.06837,51.5513],[0.0692,51.55035],[0.06871,51.54878],[0.06937,51.54413],[0.06833,51.54441],[0.06872,51.54754],[0.0678,51.55306],[0.06695,51.55302],[0.06659,51.55473],[0.06359,51.55731],[0.05998,51.55651],[0.07026,51.55922],[0.06992,51.55748],[0.07142,51.55645],[0.07139,51.55576],[0.07377,51.55219],[0.07884,51.55329],[0.08027,51.5507],[0.08212,51.55115],[0.08228,51.55083],[0.08161,51.55067],[0.08211,51.54977],[0.08618,51.55069],[0.08667,51.54931],[0.08749,51.54949],[0.08847,51.54774],[0.08599,51.54739],[0.08165,51.54559],[0.0814,51.54513],[0.07791,51.54403],[0.07679,51.54461],[0.07554,51.54402],[0.07179,51.54357],[0.06971,51.54406],[0.06893,51.54902],[0.06942,51.55035],[0.06856,51.55138],[0.06775,51.55474],[0.06625,51.55667],[0.06778,51.55409]]]}},{"type":"Feature","properties":{"ward":"Mayfield","code":"E05000508","borough":"Redbridge"},"geometry":{"type":"Polygon","coordinates":[[[0.08847,51.54774],[0.08749,51.54949],[0.08667,51.54931],[0.08618,51.55069],[0.08866,51.55124],[0.08677,51.55465],[0.08567,51.55472],[0.08497,51.55865],[0.08555,51.55869],[0.08545,51.55899],[0.09034,51.55893],[0.09924,51.56094],[0.09844,51.55856],[0.10952,51.56077],[0.10934,51.55815],[0.10779,51.55635],[0.10864,51.55456],[0.10743,51.552],[0.10618,51.55096],[0.10423,51.54981],[0.0935,51.54585],[0.09224,51.54863],[0.0926,51.54965],[0.09169,51.54911],[0.09149,51.54828],[0.08847,51.54774]]]}},{"type":"Feature","properties":{"ward":"Monkhams","code":"E05000509","borough":"Redbridge"},"geometry":{"type":"Polygon","coordinates":[[[0.01746,51.60537],[0.01912,51.60779],[0.01955,51.60761],[0.01924,51.60822],[0.02137,51.61114],[0.02105,51.61246],[0.01625,51.61685],[0.00868,51.61907],[0.0145,51.6189],[0.01471,51.61975],[0.01431,51.6203],[0.01582,51.62091],[0.01619,51.62178],[0.01883,51.62324],[0.01846,51.62353],[0.01906,51.62368],[0.01858,51.62415],[0.02007,51.62642],[0.01992,51.62702],[0.02056,51.62734],[0.02064,51.62826],[0.02109,51.62831],[0.02096,51.62892],[0.02906,51.62511],[0.02894,51.62467],[0.0307,51.62363],[0.0305,51.62329],[0.03276,51.62224],[0.03752,51.6179],[0.04076,51.61573],[0.03506,51.60854],[0.03179,51.60285],[0.02993,51.60292],[0.02944,51.60333],[0.02927,51.60296],[0.02716,51.60373],[0.02541,51.6025],[0.02304,51.60407],[0.02037,51.60491],[0.01899,51.60374],[0.0187,51.60481],[0.01746,51.60537]]]}},{"type":"Feature","properties":{"ward":"Newbury","code":"E05000510","borough":"Redbridge"},"geometry":{"type":"Polygon","coordinates":[[[0.10942,51.58205],[0.10833,51.58121],[0.10645,51.57836],[0.1073,51.57459],[0.10582,51.57346],[0.10558,51.57242],[0.09702,51.57288],[0.09618,51.5722],[0.09644,51.57105],[0.09571,51.57111],[0.09548,51.57016],[0.09608,51.57014],[0.09401,51.56572],[0.09184,51.56524],[0.0918,51.56442],[0.09365,51.56443],[0.09367,51.56363],[0.08147,51.56162],[0.08118,51.56216],[0.08199,51.56271],[0.08148,51.56348],[0.08228,51.56425],[0.08163,51.56414],[0.0794,51.56595],[0.07975,51.56628],[0.07905,51.56684],[0.08146,51.56827],[0.0815,51.56882],[0.07641,51.57144],[0.07597,51.57108],[0.07507,51.57202],[0.07277,51.57308],[0.07227,51.57292],[0.07238,51.57326],[0.06927,51.575],[0.06727,51.57559],[0.06775,51.57593],[0.06748,51.57631],[0.08449,51.57366],[0.09525,51.57606],[0.10575,51.58107],[0.10942,51.58205]]]}},{"type":"Feature","properties":{"ward":"Roding","code":"E05000511","borough":"Redbridge"},"geometry":{"type":"Polygon","coordinates":[[[0.02657,51.58897],[0.02851,51.59648],[0.03219,51.6036],[0.04302,51.60071],[0.04513,51.60079],[0.04553,51.60016],[0.04503,51.59982],[0.05386,51.5984],[0.05121,51.59556],[0.05211,51.59523],[0.05034,51.59337],[0.04771,51.59158],[0.04829,51.59135],[0.04752,51.59076],[0.03774,51.59367],[0.03774,51.59248],[0.03915,51.59161],[0.04038,51.59147],[0.04144,51.59043],[0.04104,51.58427],[0.03919,51.58424],[0.03912,51.58463],[0.03723,51.58483],[0.03466,51.58594],[0.03366,51.58555],[0.0339,51.58518],[0.0302,51.5842],[0.02999,51.58452],[0.0305,51.58466],[0.02965,51.58511],[0.02983,51.58543],[0.02765,51.58598],[0.02732,51.58548],[0.02543,51.58543],[0.02634,51.58691],[0.02657,51.58897]]]}},{"type":"Feature","properties":{"ward":"Seven Kings","code":"E05000512","borough":"Redbridge"},"geometry":{"type":"Polygon","coordinates":[[[0.09367,51.56363],[0.09365,51.56443],[0.0918,51.56442],[0.09184,51.56524],[0.09401,51.56572],[0.09608,51.57014],[0.09548,51.57016],[0.09571,51.57111],[0.09644,51.57105],[0.09618,51.5722],[0.09702,51.57288],[0.10558,51.57242],[0.10582,51.57346],[0.1073,51.57459],[0.10645,51.57836],[0.10833,51.58121],[0.10942,51.58205],[0.11752,51.58237],[0.11645,51.58067],[0.11724,51.58099],[0.11708,51.57987],[0.11661,51.57995],[0.11611,51.57883],[0.11552,51.57895],[0.11486,51.57776],[0.11417,51.57779],[0.11478,51.57764],[0.11325,51.57412],[0.11658,51.57334],[0.11687,51.57392],[0.11764,51.57402],[0.12051,51.57341],[0.12034,51.5723],[0.11851,51.57253],[0.12019,51.57061],[0.11902,51.56928],[0.11922,51.56665],[0.09367,51.56363]]]}},{"type":"Feature","properties":{"ward":"Snaresbrook","code":"E05000513","borough":"Redbridge"},"geometry":{"type":"Polygon","coordinates":[[[0.02657,51.58897],[0.02634,51.58691],[0.02543,51.58543],[0.02732,51.58548],[0.02765,51.58598],[0.02983,51.58543],[0.02965,51.58511],[0.0305,51.58466],[0.02999,51.58452],[0.0302,51.5842],[0.03166,51.58454],[0.0323,51.5838],[0.03137,51.5835],[0.03183,51.58278],[0.03063,51.58243],[0.03019,51.5831],[0.03025,51.58276],[0.0279,51.5821],[0.0287,51.58101],[0.03051,51.58144],[0.03135,51.58083],[0.03066,51.58044],[0.03169,51.5806],[0.03225,51.58015],[0.03179,51.5799],[0.03214,51.57946],[0.03364,51.57915],[0.03285,51.57874],[0.03257,51.57789],[0.03156,51.57786],[0.03169,51.57742],[0.02898,51.57703],[0.02909,51.57599],[0.0189,51.57225],[0.01802,51.57202],[0.01646,51.57289],[0.01738,51.57441],[0.01741,51.57746],[0.01523,51.58171],[0.01567,51.58186],[0.01525,51.58251],[0.0155,51.58338],[0.01337,51.58379],[0.01209,51.59215],[0.01235,51.59434],[0.01298,51.59458],[0.02127,51.59329],[0.02164,51.59265],[0.02239,51.59262],[0.02175,51.58839],[0.02271,51.58823],[0.02252,51.58777],[0.0244,51.58758],[0.02371,51.5867],[0.02515,51.58638],[0.02657,51.58897]]]}},{"type":"Feature","properties":{"ward":"Valentines","code":"E05000514","borough":"Redbridge"},"geometry":{"type":"Polygon","coordinates":[[[0.05255,51.56171],[0.05269,51.56229],[0.05795,51.56234],[0.05841,51.56267],[0.05811,51.56298],[0.06179,51.56624],[0.06313,51.56654],[0.0651,51.56815],[0.06633,51.56615],[0.066,51.5648],[0.06688,51.56396],[0.06782,51.5643],[0.07597,51.56855],[0.07452,51.56972],[0.07677,51.57128],[0.0815,51.56882],[0.08146,51.56827],[0.07905,51.56684],[0.07975,51.56628],[0.0794,51.56595],[0.08163,51.56414],[0.08228,51.56425],[0.08148,51.56348],[0.08199,51.56271],[0.08118,51.56216],[0.08147,51.56162],[0.06416,51.55785],[0.05998,51.55651],[0.05826,51.55785],[0.05712,51.55811],[0.05688,51.55872],[0.05634,51.55858],[0.05571,51.55934],[0.05446,51.55965],[0.0541,51.56086],[0.05255,51.56171]]]}},{"type":"Feature","properties":{"ward":"Wanstead","code":"E05000515","borough":"Redbridge"},"geometry":{"type":"Polygon","coordinates":[[[0.0189,51.57225],[0.02909,51.57599],[0.02898,51.57703],[0.03257,51.57789],[0.03285,51.57874],[0.03364,51.57915],[0.03214,51.57946],[0.03179,51.5799],[0.03225,51.58015],[0.03169,51.5806],[0.03066,51.58044],[0.03135,51.58083],[0.03051,51.58144],[0.0287,51.58101],[0.0279,51.5821],[0.03025,51.58276],[0.03019,51.5831],[0.03063,51.58243],[0.03183,51.58278],[0.03137,51.5835],[0.0323,51.5838],[0.03166,51.58454],[0.0339,51.58518],[0.03366,51.58555],[0.03466,51.58594],[0.03723,51.58483],[0.03912,51.58463],[0.03919,51.58424],[0.04104,51.58427],[0.04084,51.58298],[0.04334,51.57855],[0.04081,51.57668],[0.04012,51.57462],[0.0447,51.57196],[0.0475,51.56955],[0.04973,51.56929],[0.05042,51.56786],[0.05003,51.56686],[0.05026,51.56608],[0.05124,51.56593],[0.05255,51.56469],[0.05169,51.56397],[0.05269,51.56229],[0.05255,51.56171],[0.05137,51.56232],[0.05032,51.56399],[0.04193,51.56145],[0.04285,51.55837],[0.04406,51.55777],[0.0463,51.55481],[0.03541,51.55525],[0.02534,51.55406],[0.02528,51.55555],[0.02376,51.55553],[0.02329,51.55682],[0.02258,51.5567],[0.02248,51.55616],[0.02034,51.55627],[0.01713,51.5588],[0.01475,51.55944],[0.01419,51.56132],[0.01443,51.5656],[0.01775,51.56568],[0.01896,51.56651],[0.01767,51.57],[0.01913,51.56984],[0.0189,51.57225]]]}},{"type":"Feature","properties":{"ward":"Barnes","code":"E05000516","borough":"Richmond upon Thames"},"geometry":{"type":"Polygon","coordinates":[[[-0.23295,51.47167],[-0.24157,51.47154],[-0.24325,51.47436],[-0.2476,51.4733],[-0.24931,51.47375],[-0.2515,51.47364],[-0.24967,51.47607],[-0.24946,51.48192],[-0.24854,51.48373],[-0.24105,51.48835],[-0.23861,51.48893],[-0.23323,51.48859],[-0.22956,51.4867],[-0.22803,51.48511],[-0.22689,51.4811],[-0.22665,51.47623],[-0.22294,51.47186],[-0.22369,51.47162],[-0.22342,51.47083],[-0.22434,51.47086],[-0.23111,51.47283],[-0.23262,51.47261],[-0.23295,51.47167]]]}},{"type":"Feature","properties":{"ward":"East Sheen","code":"E05000517","borough":"Richmond upon Thames"},"geometry":{"type":"Polygon","coordinates":[[[-0.25292,51.46522],[-0.25602,51.46304],[-0.25804,51.46027],[-0.25681,51.45985],[-0.25834,51.45733],[-0.25911,51.45493],[-0.24733,51.44918],[-0.24163,51.44313],[-0.24273,51.44192],[-0.25634,51.43635],[-0.26617,51.43754],[-0.26829,51.43922],[-0.26832,51.44046],[-0.27971,51.44493],[-0.28303,51.44668],[-0.28221,51.45169],[-0.27783,51.45222],[-0.27765,51.4527],[-0.27765,51.45669],[-0.28078,51.45906],[-0.28043,51.45982],[-0.27898,51.45914],[-0.27882,51.46035],[-0.2781,51.46031],[-0.27807,51.46135],[-0.27765,51.46157],[-0.27822,51.46179],[-0.27817,51.46428],[-0.27172,51.46415],[-0.272,51.46605],[-0.27151,51.46608],[-0.27191,51.46681],[-0.2715,51.46681],[-0.27156,51.4676],[-0.26654,51.46805],[-0.25947,51.46764],[-0.25911,51.4665],[-0.25842,51.46657],[-0.25812,51.46511],[-0.25292,51.46522]]]}},{"type":"Feature","properties":{"ward":"Fulwell and Hampton Hill","code":"E05000518","borough":"Richmond upon Thames"},"geometry":{"type":"Polygon","coordinates":[[[-0.36797,51.4334],[-0.35619,51.43072],[-0.35204,51.43313],[-0.35075,51.43608],[-0.34723,51.4354],[-0.34662,51.43452],[-0.34213,51.43505],[-0.33976,51.43358],[-0.3389,51.43127],[-0.33716,51.42927],[-0.33865,51.42893],[-0.3394,51.42992],[-0.34234,51.42856],[-0.33992,51.42628],[-0.34531,51.42728],[-0.34612,51.42525],[-0.34528,51.42268],[-0.34768,51.4213],[-0.34979,51.42173],[-0.35254,51.42052],[-0.35295,51.42165],[-0.35475,51.42132],[-0.3554,51.42235],[-0.35895,51.42181],[-0.36016,51.42209],[-0.36137,51.42333],[-0.36157,51.42445],[-0.36243,51.42541],[-0.36189,51.42725],[-0.36415,51.42812],[-0.36372,51.4285],[-0.36496,51.42921],[-0.36473,51.42988],[-0.367,51.43226],[-0.36701,51.43281],[-0.36797,51.4334]]]}},{"type":"Feature","properties":{"ward":"Ham, Petersham and Richmond Riverside","code":"E05000519","borough":"Richmond upon Thames"},"geometry":{"type":"Polygon","coordinates":[[[-0.30504,51.45646],[-0.30433,51.45724],[-0.30373,51.4566],[-0.30309,51.45755],[-0.30178,51.45628],[-0.30085,51.45661],[-0.29965,51.45585],[-0.29809,51.45474],[-0.29909,51.45416],[-0.29611,51.45154],[-0.29495,51.45135],[-0.2962,51.45006],[-0.29544,51.44981],[-0.28804,51.44875],[-0.28459,51.44885],[-0.2827,51.44939],[-0.28303,51.44668],[-0.27971,51.44493],[-0.26832,51.44046],[-0.26829,51.43922],[-0.26617,51.43754],[-0.25634,51.43635],[-0.2646,51.43292],[-0.27096,51.42954],[-0.28046,51.42186],[-0.28662,51.42017],[-0.29064,51.42899],[-0.29302,51.42894],[-0.29341,51.42651],[-0.29479,51.42646],[-0.29473,51.42701],[-0.29544,51.42704],[-0.29547,51.42764],[-0.30162,51.43143],[-0.30207,51.43115],[-0.30178,51.43039],[-0.30594,51.43136],[-0.30643,51.43015],[-0.30696,51.43015],[-0.30857,51.43079],[-0.30809,51.43108],[-0.30978,51.43214],[-0.31068,51.43221],[-0.31447,51.42826],[-0.32421,51.4313],[-0.32696,51.43338],[-0.32765,51.43444],[-0.32771,51.43592],[-0.32906,51.43805],[-0.32851,51.438],[-0.32921,51.43824],[-0.33007,51.43959],[-0.33001,51.44169],[-0.32909,51.44272],[-0.32191,51.44532],[-0.31418,51.44623],[-0.30588,51.44851],[-0.30283,51.45131],[-0.30257,51.45234],[-0.30277,51.45337],[-0.30504,51.45646]]]}},{"type":"Feature","properties":{"ward":"Hampton","code":"E05000520","borough":"Richmond upon Thames"},"geometry":{"type":"Polygon","coordinates":[[[-0.32599,51.39145],[-0.32869,51.39231],[-0.34066,51.40309],[-0.34381,51.40398],[-0.35513,51.40981],[-0.35538,51.41075],[-0.35907,51.41188],[-0.36312,51.41191],[-0.3662,51.41122],[-0.37317,51.4086],[-0.37945,51.40783],[-0.38337,51.40854],[-0.3838,51.41012],[-0.3892,51.41032],[-0.38967,51.41069],[-0.39031,51.41434],[-0.38614,51.41428],[-0.38662,51.41502],[-0.38678,51.41765],[-0.38772,51.41933],[-0.38666,51.42008],[-0.39136,51.42233],[-0.39277,51.42347],[-0.38552,51.42075],[-0.38493,51.42127],[-0.37996,51.42209],[-0.3698,51.42317],[-0.36183,51.4227],[-0.35895,51.42181],[-0.3554,51.42235],[-0.35475,51.42132],[-0.35295,51.42165],[-0.35254,51.42052],[-0.35213,51.41731],[-0.35337,51.41708],[-0.35355,51.41601],[-0.35206,51.4154],[-0.35283,51.41306],[-0.35106,51.41258],[-0.35172,51.41171],[-0.34656,51.4112],[-0.34611,51.41216],[-0.34261,51.41129],[-0.34179,51.41181],[-0.34023,51.41161],[-0.33733,51.41045],[-0.33593,51.41104],[-0.3348,51.40976],[-0.33653,51.40864],[-0.31861,51.41077],[-0.31765,51.40935],[-0.31265,51.41084],[-0.3122,51.41034],[-0.31709,51.40609],[-0.31853,51.40089],[-0.31513,51.39984],[-0.31587,51.39882],[-0.31215,51.39814],[-0.31772,51.39367],[-0.31986,51.39259],[-0.32599,51.39145]]]}},{"type":"Feature","properties":{"ward":"Hampton North","code":"E05000521","borough":"Richmond upon Thames"},"geometry":{"type":"Polygon","coordinates":[[[-0.38493,51.42127],[-0.38411,51.42267],[-0.38838,51.42805],[-0.38715,51.42818],[-0.38791,51.42873],[-0.38331,51.43213],[-0.37621,51.4355],[-0.36701,51.43281],[-0.367,51.43226],[-0.36473,51.42988],[-0.36496,51.42921],[-0.36372,51.4285],[-0.36415,51.42812],[-0.36189,51.42725],[-0.36243,51.42541],[-0.36157,51.42445],[-0.36137,51.42333],[-0.36016,51.42209],[-0.36183,51.4227],[-0.3698,51.42317],[-0.38493,51.42127]]]}},{"type":"Feature","properties":{"ward":"Hampton Wick","code":"E05000522","borough":"Richmond upon Thames"},"geometry":{"type":"Polygon","coordinates":[[[-0.31996,51.4294],[-0.31857,51.4291],[-0.31846,51.42956],[-0.31447,51.42826],[-0.30926,51.4257],[-0.30654,51.4227],[-0.30603,51.42123],[-0.3085,51.41351],[-0.3091,51.4093],[-0.3089,51.40165],[-0.30965,51.40001],[-0.31215,51.39814],[-0.31587,51.39882],[-0.31513,51.39984],[-0.31853,51.40089],[-0.31709,51.40609],[-0.3122,51.41034],[-0.31265,51.41084],[-0.31765,51.40935],[-0.31861,51.41077],[-0.31696,51.41105],[-0.31745,51.41422],[-0.31852,51.41466],[-0.31945,51.41647],[-0.32112,51.41737],[-0.32029,51.41816],[-0.32947,51.42233],[-0.32948,51.42296],[-0.32844,51.42343],[-0.32833,51.42703],[-0.32703,51.42721],[-0.32667,51.42669],[-0.32526,51.42741],[-0.32491,51.42682],[-0.32424,51.42698],[-0.32347,51.4272],[-0.32363,51.42847],[-0.32272,51.42896],[-0.32126,51.42814],[-0.31996,51.4294]]]}},{"type":"Feature","properties":{"ward":"Heathfield","code":"E05000523","borough":"Richmond upon Thames"},"geometry":{"type":"Polygon","coordinates":[[[-0.38769,51.44937],[-0.38457,51.4499],[-0.38379,51.44951],[-0.37528,51.45628],[-0.37305,51.45747],[-0.37269,51.45699],[-0.36813,51.45717],[-0.36769,51.45287],[-0.37015,51.45399],[-0.37138,51.45528],[-0.37413,51.45285],[-0.37721,51.45209],[-0.35303,51.44882],[-0.35682,51.44712],[-0.36089,51.44436],[-0.3671,51.44171],[-0.37289,51.44364],[-0.37395,51.44302],[-0.37609,51.44307],[-0.37824,51.44249],[-0.37963,51.44323],[-0.37979,51.44439],[-0.38287,51.44505],[-0.38627,51.44673],[-0.38632,51.4482],[-0.38769,51.44937]]]}},{"type":"Feature","properties":{"ward":"Kew","code":"E05000524","borough":"Richmond upon Thames"},"geometry":{"type":"MultiPolygon","coordinates":[[[[-0.29744,51.48457],[-0.29643,51.48561],[-0.29482,51.48598],[-0.29744,51.48457]]],[[[-0.27055,51.47266],[-0.27613,51.46928],[-0.28278,51.46795],[-0.28832,51.46765],[-0.28821,51.46851],[-0.29091,51.46985],[-0.28977,51.47385],[-0.29223,51.47421],[-0.29359,51.47038],[-0.2982,51.47084],[-0.30216,51.4722],[-0.30541,51.47225],[-0.31014,51.47353],[-0.30685,51.47495],[-0.30241,51.47943],[-0.29541,51.48476],[-0.29057,51.48624],[-0.28729,51.48652],[-0.28446,51.48592],[-0.27812,51.4822],[-0.27689,51.48084],[-0.27402,51.47567],[-0.27055,51.47266]]],[[[-0.29397,51.4862],[-0.29455,51.48609],[-0.2919,51.48703],[-0.28991,51.48717],[-0.29397,51.4862]]]]}},{"type":"Feature","properties":{"ward":"Mortlake and Barnes Common","code":"E05000525","borough":"Richmond upon Thames"},"geometry":{"type":"Polygon","coordinates":[[[-0.25292,51.46522],[-0.25812,51.46511],[-0.25842,51.46657],[-0.25911,51.4665],[-0.25947,51.46764],[-0.26654,51.46805],[-0.27092,51.46769],[-0.27128,51.46867],[-0.27613,51.46928],[-0.27055,51.47266],[-0.26785,51.47124],[-0.26406,51.47024],[-0.26024,51.47031],[-0.25548,51.47129],[-0.2515,51.47364],[-0.24931,51.47375],[-0.2476,51.4733],[-0.24325,51.47436],[-0.24157,51.47154],[-0.23295,51.47167],[-0.23345,51.46814],[-0.23283,51.46663],[-0.23365,51.46604],[-0.23331,51.46399],[-0.24398,51.46523],[-0.25292,51.46522]]]}},{"type":"Feature","properties":{"ward":"North Richmond","code":"E05000526","borough":"Richmond upon Thames"},"geometry":{"type":"Polygon","coordinates":[[[-0.31388,51.46075],[-0.31979,51.46472],[-0.31927,51.46836],[-0.31865,51.47013],[-0.31775,51.47101],[-0.31014,51.47353],[-0.30541,51.47225],[-0.30216,51.4722],[-0.2982,51.47084],[-0.29359,51.47038],[-0.29223,51.47421],[-0.28977,51.47385],[-0.29091,51.46985],[-0.28821,51.46851],[-0.28832,51.46765],[-0.28278,51.46795],[-0.27613,51.46928],[-0.27128,51.46867],[-0.27092,51.46769],[-0.27156,51.4676],[-0.2715,51.46681],[-0.27191,51.46681],[-0.27151,51.46608],[-0.272,51.46605],[-0.27172,51.46415],[-0.27817,51.46428],[-0.2867,51.46182],[-0.28941,51.46171],[-0.29383,51.46224],[-0.29412,51.4627],[-0.29359,51.46282],[-0.29437,51.46401],[-0.29949,51.46327],[-0.30111,51.46417],[-0.30049,51.46454],[-0.30074,51.46489],[-0.30328,51.46484],[-0.30877,51.46358],[-0.31388,51.46075]]]}},{"type":"Feature","properties":{"ward":"St Margarets and North Twickenham","code":"E05000527","borough":"Richmond upon Thames"},"geometry":{"type":"Polygon","coordinates":[[[-0.34622,51.44796],[-0.34442,51.45252],[-0.34476,51.45387],[-0.34445,51.45537],[-0.34357,51.4573],[-0.34172,51.45902],[-0.34013,51.45924],[-0.34063,51.45726],[-0.33698,51.45463],[-0.33629,51.45569],[-0.33303,51.45541],[-0.33037,51.45788],[-0.32841,51.45795],[-0.32691,51.45704],[-0.32557,51.45812],[-0.32646,51.45934],[-0.32624,51.45979],[-0.32672,51.45997],[-0.32636,51.46081],[-0.32688,51.46117],[-0.32667,51.46175],[-0.32385,51.46515],[-0.32173,51.46541],[-0.31938,51.463],[-0.31397,51.45974],[-0.31878,51.45624],[-0.31716,51.45602],[-0.31667,51.45452],[-0.31734,51.45397],[-0.31697,51.4537],[-0.31873,51.45309],[-0.31869,51.45272],[-0.32171,51.45185],[-0.32247,51.45382],[-0.32747,51.45113],[-0.33448,51.44883],[-0.33987,51.44798],[-0.34622,51.44796]]]}},{"type":"Feature","properties":{"ward":"South Richmond","code":"E05000528","borough":"Richmond upon Thames"},"geometry":{"type":"Polygon","coordinates":[[[-0.30504,51.45646],[-0.30804,51.45888],[-0.31388,51.46075],[-0.30877,51.46358],[-0.30328,51.46484],[-0.30074,51.46489],[-0.30049,51.46454],[-0.30111,51.46417],[-0.29949,51.46327],[-0.29437,51.46401],[-0.29359,51.46282],[-0.29412,51.4627],[-0.29383,51.46224],[-0.28941,51.46171],[-0.2867,51.46182],[-0.27817,51.46428],[-0.27822,51.46179],[-0.27765,51.46157],[-0.27807,51.46135],[-0.2781,51.46031],[-0.27882,51.46035],[-0.27898,51.45914],[-0.28043,51.45982],[-0.28078,51.45906],[-0.27765,51.45669],[-0.27765,51.4527],[-0.27783,51.45222],[-0.28221,51.45169],[-0.2827,51.44939],[-0.28459,51.44885],[-0.28804,51.44875],[-0.29544,51.44981],[-0.2962,51.45006],[-0.29495,51.45135],[-0.29611,51.45154],[-0.29909,51.45416],[-0.29809,51.45474],[-0.29965,51.45585],[-0.30085,51.45661],[-0.30178,51.45628],[-0.30309,51.45755],[-0.30373,51.4566],[-0.30433,51.45724],[-0.30504,51.45646]]]}},{"type":"Feature","properties":{"ward":"South Twickenham","code":"E05000529","borough":"Richmond upon Thames"},"geometry":{"type":"Polygon","coordinates":[[[-0.33976,51.43358],[-0.34213,51.43505],[-0.34662,51.43452],[-0.34723,51.4354],[-0.35075,51.43608],[-0.34862,51.4389],[-0.3457,51.44119],[-0.34305,51.44254],[-0.34536,51.44494],[-0.34504,51.44505],[-0.3454,51.4455],[-0.34742,51.44691],[-0.34622,51.44796],[-0.33987,51.44798],[-0.33448,51.44883],[-0.33371,51.44755],[-0.33466,51.44722],[-0.33382,51.44527],[-0.32978,51.44545],[-0.3322,51.44168],[-0.33139,51.44157],[-0.33121,51.43981],[-0.33186,51.43912],[-0.33014,51.43807],[-0.32914,51.43677],[-0.32936,51.43626],[-0.32887,51.43613],[-0.32849,51.43391],[-0.33812,51.43369],[-0.33867,51.43299],[-0.33976,51.43358]]]}},{"type":"Feature","properties":{"ward":"Teddington","code":"E05000530","borough":"Richmond upon Thames"},"geometry":{"type":"Polygon","coordinates":[[[-0.33976,51.43358],[-0.33867,51.43299],[-0.33812,51.43369],[-0.32849,51.43391],[-0.32647,51.43154],[-0.32571,51.43135],[-0.32599,51.43107],[-0.31996,51.4294],[-0.32126,51.42814],[-0.32272,51.42896],[-0.32363,51.42847],[-0.32347,51.4272],[-0.32424,51.42698],[-0.32491,51.42682],[-0.32526,51.42741],[-0.32667,51.42669],[-0.32703,51.42721],[-0.32833,51.42703],[-0.32844,51.42343],[-0.32948,51.42296],[-0.32947,51.42233],[-0.32029,51.41816],[-0.32112,51.41737],[-0.31945,51.41647],[-0.31852,51.41466],[-0.31745,51.41422],[-0.31696,51.41105],[-0.33544,51.40848],[-0.33653,51.40864],[-0.3348,51.40976],[-0.33593,51.41104],[-0.33733,51.41045],[-0.34023,51.41161],[-0.34179,51.41181],[-0.34261,51.41129],[-0.34611,51.41216],[-0.34656,51.4112],[-0.35172,51.41171],[-0.35106,51.41258],[-0.35283,51.41306],[-0.35206,51.4154],[-0.35355,51.41601],[-0.35337,51.41708],[-0.35213,51.41731],[-0.35254,51.42052],[-0.34979,51.42173],[-0.34768,51.4213],[-0.34528,51.42268],[-0.34612,51.42525],[-0.34531,51.42728],[-0.33992,51.42628],[-0.34234,51.42856],[-0.3394,51.42992],[-0.33865,51.42893],[-0.33716,51.42927],[-0.3389,51.43127],[-0.33976,51.43358]]]}},{"type":"Feature","properties":{"ward":"Twickenham Riverside","code":"E05000531","borough":"Richmond upon Thames"},"geometry":{"type":"MultiPolygon","coordinates":[[[[-0.32167,51.44622],[-0.32103,51.446],[-0.32806,51.44398],[-0.32577,51.44571],[-0.32167,51.44622]]],[[[-0.33139,51.44157],[-0.3322,51.44168],[-0.32978,51.44545],[-0.33382,51.44527],[-0.33466,51.44722],[-0.33371,51.44755],[-0.33448,51.44883],[-0.32747,51.45113],[-0.32247,51.45382],[-0.32171,51.45185],[-0.31869,51.45272],[-0.31873,51.45309],[-0.31697,51.4537],[-0.31734,51.45397],[-0.31667,51.45452],[-0.31716,51.45602],[-0.31878,51.45624],[-0.31397,51.45974],[-0.30738,51.45709],[-0.30796,51.45667],[-0.3072,51.45701],[-0.30592,51.45616],[-0.30381,51.45314],[-0.3043,51.45161],[-0.30899,51.44861],[-0.31582,51.44666],[-0.3251,51.44653],[-0.32713,51.44563],[-0.33139,51.44157]]]]}},{"type":"Feature","properties":{"ward":"West Twickenham","code":"E05000532","borough":"Richmond upon Thames"},"geometry":{"type":"Polygon","coordinates":[[[-0.36797,51.4334],[-0.37621,51.4355],[-0.37793,51.43631],[-0.37789,51.4368],[-0.36089,51.44436],[-0.35682,51.44712],[-0.35303,51.44882],[-0.34622,51.44796],[-0.34742,51.44691],[-0.3454,51.4455],[-0.34504,51.44505],[-0.34536,51.44494],[-0.34305,51.44254],[-0.3457,51.44119],[-0.34862,51.4389],[-0.35075,51.43608],[-0.35204,51.43313],[-0.35619,51.43072],[-0.36797,51.4334]]]}},{"type":"Feature","properties":{"ward":"Whitton","code":"E05000533","borough":"Richmond upon Thames"},"geometry":{"type":"Polygon","coordinates":[[[-0.34622,51.44796],[-0.37721,51.45209],[-0.37413,51.45285],[-0.37138,51.45528],[-0.37015,51.45399],[-0.36769,51.45287],[-0.36813,51.45717],[-0.36783,51.45743],[-0.35643,51.45841],[-0.35346,51.45818],[-0.35284,51.45686],[-0.3487,51.45677],[-0.34604,51.45727],[-0.34505,51.45792],[-0.34268,51.45811],[-0.34357,51.4573],[-0.34445,51.45537],[-0.34476,51.45387],[-0.34442,51.45252],[-0.34622,51.44796]]]}},{"type":"Feature","properties":{"ward":"Brunswick Park","code":"E05000534","borough":"Southwark"},"geometry":{"type":"Polygon","coordinates":[[[-0.08828,51.47993],[-0.08656,51.48087],[-0.08545,51.48044],[-0.08545,51.48091],[-0.08258,51.48049],[-0.08218,51.47989],[-0.08254,51.47941],[-0.08188,51.47944],[-0.08099,51.47746],[-0.07856,51.47602],[-0.07743,51.47425],[-0.07962,51.47394],[-0.07793,51.47009],[-0.07882,51.47008],[-0.07853,51.46936],[-0.08381,51.46949],[-0.09115,51.46761],[-0.09274,51.46982],[-0.09303,51.47203],[-0.09004,51.47327],[-0.09058,51.47433],[-0.08959,51.47439],[-0.09001,51.47652],[-0.0858,51.47716],[-0.08596,51.47776],[-0.08722,51.47864],[-0.0868,51.47893],[-0.08828,51.47993]]]}},{"type":"Feature","properties":{"ward":"Camberwell Green","code":"E05000535","borough":"Southwark"},"geometry":{"type":"Polygon","coordinates":[[[-0.10555,51.47915],[-0.09792,51.48294],[-0.09569,51.48375],[-0.09422,51.48364],[-0.09456,51.48281],[-0.0942,51.479],[-0.09033,51.48047],[-0.08828,51.47993],[-0.0868,51.47893],[-0.08722,51.47864],[-0.08596,51.47776],[-0.0858,51.47716],[-0.09001,51.47652],[-0.08959,51.47439],[-0.09058,51.47433],[-0.09004,51.47327],[-0.09362,51.47177],[-0.09411,51.47074],[-0.096,51.46988],[-0.09892,51.47193],[-0.10068,51.47446],[-0.1,51.47687],[-0.10555,51.47915]]]}},{"type":"Feature","properties":{"ward":"Cathedrals","code":"E05000536","borough":"Southwark"},"geometry":{"type":"Polygon","coordinates":[[[-0.08813,51.50683],[-0.09326,51.50121],[-0.09726,51.49893],[-0.09918,51.49723],[-0.1001,51.49589],[-0.09983,51.49506],[-0.10069,51.4947],[-0.10039,51.49334],[-0.10316,51.49147],[-0.1049,51.49353],[-0.11096,51.4955],[-0.11144,51.49645],[-0.1103,51.49678],[-0.10835,51.50035],[-0.10595,51.50205],[-0.10746,51.50301],[-0.1064,51.50337],[-0.10647,51.50498],[-0.10736,51.50706],[-0.10818,51.50691],[-0.10892,51.50844],[-0.09554,51.50832],[-0.09037,51.50704],[-0.09041,51.50662],[-0.09016,51.50702],[-0.08813,51.50683]]]}},{"type":"Feature","properties":{"ward":"Chaucer","code":"E05000537","borough":"Southwark"},"geometry":{"type":"Polygon","coordinates":[[[-0.09983,51.49506],[-0.1001,51.49589],[-0.09918,51.49723],[-0.09726,51.49893],[-0.09326,51.50121],[-0.09116,51.50394],[-0.08946,51.50519],[-0.08724,51.50431],[-0.0882,51.503],[-0.08807,51.50221],[-0.08927,51.50073],[-0.08352,51.49832],[-0.0798,51.49772],[-0.08261,51.49627],[-0.08531,51.49395],[-0.09436,51.49415],[-0.09983,51.49506]]]}},{"type":"Feature","properties":{"ward":"College","code":"E05000538","borough":"Southwark"},"geometry":{"type":"Polygon","coordinates":[[[-0.07831,51.42061],[-0.07922,51.42085],[-0.07893,51.42157],[-0.07986,51.42214],[-0.0809,51.42185],[-0.08173,51.42337],[-0.08348,51.423],[-0.08368,51.42501],[-0.08525,51.42735],[-0.08607,51.42783],[-0.08589,51.4285],[-0.0885,51.42971],[-0.09046,51.4361],[-0.09287,51.44108],[-0.08825,51.4409],[-0.08425,51.44189],[-0.07209,51.4435],[-0.07199,51.44495],[-0.07121,51.44556],[-0.0722,51.44676],[-0.0681,51.44872],[-0.06652,51.44861],[-0.06331,51.44964],[-0.06379,51.44785],[-0.06222,51.44735],[-0.06364,51.44481],[-0.06387,51.44253],[-0.06503,51.44116],[-0.06405,51.44085],[-0.06346,51.43754],[-0.06442,51.43704],[-0.06671,51.43392],[-0.06953,51.43268],[-0.07286,51.43209],[-0.07505,51.42918],[-0.07394,51.42615],[-0.07497,51.4257],[-0.07831,51.42061]]]}},{"type":"Feature","properties":{"ward":"East Dulwich","code":"E05000539","borough":"Southwark"},"geometry":{"type":"Polygon","coordinates":[[[-0.0722,51.44676],[-0.07649,51.45144],[-0.07752,51.45379],[-0.07668,51.45537],[-0.07776,51.45571],[-0.07916,51.45907],[-0.08218,51.45791],[-0.08295,51.45853],[-0.08023,51.46177],[-0.07953,51.4614],[-0.07721,51.46181],[-0.07525,51.46072],[-0.07142,51.46142],[-0.07116,51.45743],[-0.06776,51.45706],[-0.06581,51.45621],[-0.06766,51.45368],[-0.06479,51.45156],[-0.06698,51.45023],[-0.06917,51.44788],[-0.0722,51.44676]]]}},{"type":"Feature","properties":{"ward":"East Walworth","code":"E05000540","borough":"Southwark"},"geometry":{"type":"Polygon","coordinates":[[[-0.09983,51.49506],[-0.09436,51.49415],[-0.08531,51.49395],[-0.0805,51.49026],[-0.07798,51.48888],[-0.06773,51.48457],[-0.06872,51.48389],[-0.07068,51.48372],[-0.07068,51.48308],[-0.07397,51.48266],[-0.07407,51.48223],[-0.0758,51.48243],[-0.08101,51.48178],[-0.08118,51.48297],[-0.07974,51.48303],[-0.08104,51.48559],[-0.08016,51.48588],[-0.08192,51.48746],[-0.08286,51.48704],[-0.08523,51.48962],[-0.08941,51.4895],[-0.09549,51.48775],[-0.09874,51.49288],[-0.10039,51.49334],[-0.10069,51.4947],[-0.09983,51.49506]]]}},{"type":"Feature","properties":{"ward":"Faraday","code":"E05000541","borough":"Southwark"},"geometry":{"type":"Polygon","coordinates":[[[-0.08545,51.48091],[-0.08545,51.48044],[-0.08727,51.48075],[-0.08828,51.47993],[-0.09033,51.48047],[-0.0942,51.479],[-0.09456,51.48281],[-0.09422,51.48364],[-0.09569,51.48375],[-0.09583,51.48513],[-0.09396,51.48544],[-0.09549,51.48775],[-0.08941,51.4895],[-0.08523,51.48962],[-0.08286,51.48704],[-0.08192,51.48746],[-0.08016,51.48588],[-0.08104,51.48559],[-0.07974,51.48303],[-0.08118,51.48297],[-0.08101,51.48178],[-0.08567,51.48198],[-0.08545,51.48091]]]}},{"type":"Feature","properties":{"ward":"Grange","code":"E05000542","borough":"Southwark"},"geometry":{"type":"Polygon","coordinates":[[[-0.08531,51.49395],[-0.08261,51.49627],[-0.0798,51.49772],[-0.08352,51.49832],[-0.08927,51.50073],[-0.08807,51.50221],[-0.0882,51.503],[-0.08724,51.50431],[-0.08946,51.50519],[-0.08885,51.50574],[-0.08585,51.50535],[-0.08263,51.50325],[-0.06655,51.49506],[-0.06764,51.49383],[-0.06666,51.49372],[-0.06693,51.49238],[-0.07253,51.49264],[-0.07373,51.49325],[-0.07798,51.48888],[-0.0805,51.49026],[-0.08531,51.49395]]]}},{"type":"Feature","properties":{"ward":"Livesey","code":"E05000543","borough":"Southwark"},"geometry":{"type":"Polygon","coordinates":[[[-0.06773,51.48457],[-0.06619,51.484],[-0.06548,51.4851],[-0.06144,51.48735],[-0.0582,51.48813],[-0.05532,51.49016],[-0.05254,51.49107],[-0.04985,51.49108],[-0.04936,51.49002],[-0.05196,51.48914],[-0.05011,51.48833],[-0.05031,51.4881],[-0.05263,51.48755],[-0.05398,51.48794],[-0.05284,51.48647],[-0.05356,51.4858],[-0.0531,51.48516],[-0.05281,51.48264],[-0.05336,51.48031],[-0.05433,51.47861],[-0.05514,51.47891],[-0.05566,51.47826],[-0.05906,51.47825],[-0.05804,51.4762],[-0.05789,51.4734],[-0.06045,51.47392],[-0.06469,51.47398],[-0.06337,51.47611],[-0.06098,51.47666],[-0.06305,51.47926],[-0.07106,51.47747],[-0.07305,51.48178],[-0.07295,51.48272],[-0.07068,51.48308],[-0.07068,51.48372],[-0.06872,51.48389],[-0.06773,51.48457]]]}},{"type":"Feature","properties":{"ward":"Newington","code":"E05000544","borough":"Southwark"},"geometry":{"type":"Polygon","coordinates":[[[-0.10555,51.47915],[-0.10825,51.48029],[-0.10405,51.48091],[-0.10604,51.4827],[-0.10564,51.48295],[-0.10722,51.48365],[-0.10636,51.48489],[-0.10845,51.48585],[-0.10316,51.49147],[-0.10039,51.49334],[-0.09874,51.49288],[-0.09396,51.48544],[-0.09583,51.48513],[-0.09569,51.48375],[-0.10555,51.47915]]]}},{"type":"Feature","properties":{"ward":"Nunhead","code":"E05000545","borough":"Southwark"},"geometry":{"type":"Polygon","coordinates":[[[-0.06051,51.46432],[-0.05926,51.46455],[-0.05775,51.4658],[-0.05486,51.46715],[-0.0638,51.47011],[-0.06428,51.47161],[-0.06388,51.47401],[-0.05789,51.4734],[-0.05804,51.4762],[-0.05906,51.47825],[-0.05566,51.47826],[-0.05514,51.47891],[-0.0527,51.47801],[-0.05276,51.47293],[-0.05169,51.46976],[-0.05228,51.46921],[-0.05088,51.46758],[-0.05133,51.46737],[-0.05058,51.46679],[-0.05089,51.46664],[-0.04821,51.4659],[-0.04854,51.46563],[-0.04636,51.46441],[-0.04535,51.46261],[-0.04518,51.45983],[-0.04616,51.45696],[-0.05577,51.46276],[-0.05814,51.46271],[-0.06051,51.46432]]]}},{"type":"Feature","properties":{"ward":"Peckham","code":"E05000546","borough":"Southwark"},"geometry":{"type":"Polygon","coordinates":[[[-0.07743,51.47425],[-0.07856,51.47602],[-0.08099,51.47746],[-0.08188,51.47944],[-0.08254,51.47941],[-0.08218,51.47989],[-0.08258,51.48049],[-0.08545,51.48091],[-0.08567,51.48198],[-0.08101,51.48178],[-0.0758,51.48243],[-0.07407,51.48223],[-0.07397,51.48266],[-0.07295,51.48272],[-0.07305,51.48178],[-0.07106,51.47747],[-0.06305,51.47926],[-0.06098,51.47666],[-0.06337,51.47611],[-0.06469,51.47398],[-0.06787,51.47396],[-0.07075,51.47334],[-0.07514,51.47425],[-0.07743,51.47425]]]}},{"type":"Feature","properties":{"ward":"Peckham Rye","code":"E05000547","borough":"Southwark"},"geometry":{"type":"Polygon","coordinates":[[[-0.0681,51.44872],[-0.06698,51.45023],[-0.06479,51.45156],[-0.06766,51.45368],[-0.06581,51.45621],[-0.06776,51.45706],[-0.07116,51.45743],[-0.07142,51.46142],[-0.06448,51.46284],[-0.06051,51.46432],[-0.05814,51.46271],[-0.05577,51.46276],[-0.04616,51.45696],[-0.04165,51.45499],[-0.04615,51.44987],[-0.04909,51.45011],[-0.05379,51.44871],[-0.05756,51.45034],[-0.06222,51.44735],[-0.06379,51.44785],[-0.06331,51.44964],[-0.06652,51.44861],[-0.0681,51.44872]]]}},{"type":"Feature","properties":{"ward":"Riverside","code":"E05000548","borough":"Southwark"},"geometry":{"type":"Polygon","coordinates":[[[-0.08885,51.50574],[-0.08813,51.50683],[-0.08106,51.50589],[-0.07187,51.50319],[-0.07086,51.50252],[-0.07354,51.50046],[-0.07082,51.50221],[-0.0638,51.50062],[-0.0592,51.5007],[-0.06102,51.5005],[-0.06015,51.49618],[-0.05961,51.49517],[-0.0576,51.49381],[-0.05801,51.49283],[-0.06015,51.49225],[-0.06655,51.49506],[-0.08263,51.50325],[-0.08585,51.50535],[-0.08885,51.50574]]]}},{"type":"Feature","properties":{"ward":"Rotherhithe","code":"E05000549","borough":"Southwark"},"geometry":{"type":"Polygon","coordinates":[[[-0.04797,51.50413],[-0.04732,51.5034],[-0.04581,51.50318],[-0.04103,51.50113],[-0.04288,51.49885],[-0.04475,51.49955],[-0.04613,51.49817],[-0.04577,51.4975],[-0.04594,51.49567],[-0.04433,51.4949],[-0.04704,51.49311],[-0.04223,51.49004],[-0.04476,51.49044],[-0.04583,51.49016],[-0.04657,51.49034],[-0.04657,51.49074],[-0.04936,51.49002],[-0.04985,51.49108],[-0.05254,51.49107],[-0.05532,51.49016],[-0.06015,51.49225],[-0.05801,51.49283],[-0.0576,51.49381],[-0.05961,51.49517],[-0.06015,51.49618],[-0.06102,51.5005],[-0.05617,51.50098],[-0.05077,51.50288],[-0.04861,51.50452],[-0.04797,51.50413]]]}},{"type":"Feature","properties":{"ward":"South Bermondsey","code":"E05000550","borough":"Southwark"},"geometry":{"type":"Polygon","coordinates":[[[-0.06773,51.48457],[-0.07798,51.48888],[-0.07373,51.49325],[-0.07253,51.49264],[-0.06693,51.49238],[-0.06666,51.49372],[-0.06764,51.49383],[-0.06655,51.49506],[-0.05532,51.49016],[-0.0582,51.48813],[-0.06144,51.48735],[-0.06548,51.4851],[-0.06619,51.484],[-0.06773,51.48457]]]}},{"type":"Feature","properties":{"ward":"South Camberwell","code":"E05000551","borough":"Southwark"},"geometry":{"type":"Polygon","coordinates":[[[-0.09115,51.46761],[-0.08381,51.46949],[-0.07398,51.46896],[-0.07724,51.46795],[-0.07835,51.46678],[-0.07865,51.46537],[-0.07422,51.46583],[-0.07301,51.46666],[-0.07245,51.46579],[-0.07361,51.46517],[-0.07142,51.46142],[-0.07525,51.46072],[-0.07721,51.46181],[-0.07953,51.4614],[-0.08023,51.46177],[-0.08483,51.45671],[-0.08851,51.4541],[-0.09069,51.45606],[-0.08994,51.45841],[-0.09178,51.46005],[-0.09221,51.46112],[-0.09067,51.46329],[-0.09011,51.46573],[-0.09115,51.46761]]]}},{"type":"Feature","properties":{"ward":"Surrey Docks","code":"E05000552","borough":"Southwark"},"geometry":{"type":"Polygon","coordinates":[[[-0.04797,51.50413],[-0.04755,51.50511],[-0.04616,51.5051],[-0.04637,51.50557],[-0.04505,51.50599],[-0.04519,51.50642],[-0.04302,51.50722],[-0.0384,51.50739],[-0.0339,51.50608],[-0.03297,51.50436],[-0.03235,51.50432],[-0.03236,51.50011],[-0.03277,51.50008],[-0.03248,51.49931],[-0.03297,51.49695],[-0.03257,51.49562],[-0.03271,51.49439],[-0.03325,51.49423],[-0.03263,51.49412],[-0.03241,51.49306],[-0.03732,51.49222],[-0.03932,51.49296],[-0.04055,51.4928],[-0.04007,51.49216],[-0.04106,51.49183],[-0.04034,51.49106],[-0.04251,51.49024],[-0.04704,51.49311],[-0.04433,51.4949],[-0.04594,51.49567],[-0.04577,51.4975],[-0.04613,51.49817],[-0.04475,51.49955],[-0.04288,51.49885],[-0.04103,51.50113],[-0.04581,51.50318],[-0.04732,51.5034],[-0.04797,51.50413]]]}},{"type":"Feature","properties":{"ward":"The Lane","code":"E05000553","borough":"Southwark"},"geometry":{"type":"Polygon","coordinates":[[[-0.07142,51.46142],[-0.07361,51.46517],[-0.07245,51.46579],[-0.07301,51.46666],[-0.07422,51.46583],[-0.07865,51.46537],[-0.07835,51.46678],[-0.07724,51.46795],[-0.07398,51.46896],[-0.07853,51.46936],[-0.07882,51.47008],[-0.07793,51.47009],[-0.07962,51.47394],[-0.07514,51.47425],[-0.07075,51.47334],[-0.06787,51.47396],[-0.06388,51.47401],[-0.06428,51.47161],[-0.0638,51.47011],[-0.05486,51.46715],[-0.05775,51.4658],[-0.05926,51.46455],[-0.06448,51.46284],[-0.07142,51.46142]]]}},{"type":"Feature","properties":{"ward":"Village","code":"E05000554","borough":"Southwark"},"geometry":{"type":"Polygon","coordinates":[[[-0.10077,51.45036],[-0.10147,51.45216],[-0.10094,51.45415],[-0.09584,51.45741],[-0.09473,51.45901],[-0.09221,51.46112],[-0.09178,51.46005],[-0.08994,51.45841],[-0.09069,51.45606],[-0.08851,51.4541],[-0.08295,51.45853],[-0.08218,51.45791],[-0.07916,51.45907],[-0.07776,51.45571],[-0.07668,51.45537],[-0.07752,51.45379],[-0.07649,51.45144],[-0.07121,51.44556],[-0.07199,51.44495],[-0.07209,51.4435],[-0.08425,51.44189],[-0.08825,51.4409],[-0.09287,51.44108],[-0.0959,51.44651],[-0.09889,51.44874],[-0.09986,51.45024],[-0.10077,51.45036]]]}},{"type":"Feature","properties":{"ward":"Beddington North","code":"E05000555","borough":"Sutton"},"geometry":{"type":"Polygon","coordinates":[[[-0.13752,51.36016],[-0.13737,51.36189],[-0.13957,51.36145],[-0.14064,51.36267],[-0.14119,51.36258],[-0.14212,51.36771],[-0.14282,51.36761],[-0.14302,51.36831],[-0.14446,51.3684],[-0.14484,51.36949],[-0.1438,51.36966],[-0.14429,51.37035],[-0.14298,51.37056],[-0.14284,51.36981],[-0.14037,51.36982],[-0.14061,51.37095],[-0.1454,51.37145],[-0.1505,51.37371],[-0.15044,51.37412],[-0.15175,51.37464],[-0.15397,51.37733],[-0.15342,51.37954],[-0.15267,51.38977],[-0.14438,51.39068],[-0.14318,51.3904],[-0.1419,51.38936],[-0.13438,51.39089],[-0.13263,51.39013],[-0.13326,51.38955],[-0.12949,51.38719],[-0.13066,51.38626],[-0.12876,51.38565],[-0.12953,51.38529],[-0.12866,51.38249],[-0.1303,51.38222],[-0.12808,51.3805],[-0.12696,51.37734],[-0.12583,51.3756],[-0.12687,51.37548],[-0.12667,51.37491],[-0.12785,51.37475],[-0.12474,51.37366],[-0.12477,51.37295],[-0.12334,51.37119],[-0.12209,51.36581],[-0.12411,51.3654],[-0.12237,51.36453],[-0.1213,51.36473],[-0.12093,51.36331],[-0.12481,51.3615],[-0.12852,51.36102],[-0.12896,51.36223],[-0.13193,51.36161],[-0.13203,51.36192],[-0.13614,51.36143],[-0.13752,51.36016]]]}},{"type":"Feature","properties":{"ward":"Beddington South","code":"E05000556","borough":"Sutton"},"geometry":{"type":"Polygon","coordinates":[[[-0.14432,51.34021],[-0.14514,51.34024],[-0.14519,51.3407],[-0.14461,51.34076],[-0.14561,51.34205],[-0.14661,51.34197],[-0.14673,51.34248],[-0.14585,51.34255],[-0.14628,51.34373],[-0.14762,51.34382],[-0.14648,51.34409],[-0.14717,51.3448],[-0.14672,51.34484],[-0.14697,51.34603],[-0.14908,51.34619],[-0.14886,51.34662],[-0.14938,51.34671],[-0.14903,51.34732],[-0.14717,51.34821],[-0.14739,51.34899],[-0.14542,51.34958],[-0.14508,51.35019],[-0.14552,51.35053],[-0.1449,51.35046],[-0.14447,51.35215],[-0.14383,51.35224],[-0.14413,51.35288],[-0.14328,51.35299],[-0.14134,51.35468],[-0.14158,51.35592],[-0.13937,51.3563],[-0.1401,51.3566],[-0.13974,51.35944],[-0.13786,51.35959],[-0.13614,51.36143],[-0.12896,51.36223],[-0.12852,51.36102],[-0.12481,51.3615],[-0.12128,51.36312],[-0.12138,51.36107],[-0.12205,51.36098],[-0.12184,51.35999],[-0.12293,51.35992],[-0.12186,51.35906],[-0.12472,51.35887],[-0.1242,51.35743],[-0.12143,51.35773],[-0.12018,51.35305],[-0.11912,51.35314],[-0.11692,51.34575],[-0.12686,51.34486],[-0.12735,51.34719],[-0.12837,51.34745],[-0.12899,51.34659],[-0.13143,51.34602],[-0.13113,51.34547],[-0.13289,51.34544],[-0.13251,51.3443],[-0.13673,51.34476],[-0.14421,51.34229],[-0.1446,51.34209],[-0.14346,51.34056],[-0.14432,51.34021]]]}},{"type":"Feature","properties":{"ward":"Belmont","code":"E05000557","borough":"Sutton"},"geometry":{"type":"Polygon","coordinates":[[[-0.20211,51.34013],[-0.20725,51.34983],[-0.21125,51.35503],[-0.20702,51.35575],[-0.20706,51.35629],[-0.20628,51.35642],[-0.20623,51.35474],[-0.20562,51.35458],[-0.20084,51.35516],[-0.20008,51.35204],[-0.19762,51.35236],[-0.19743,51.35136],[-0.19683,51.35128],[-0.19518,51.35196],[-0.19312,51.35161],[-0.19338,51.35238],[-0.19213,51.35236],[-0.19206,51.35277],[-0.18424,51.35413],[-0.18389,51.35267],[-0.17982,51.35233],[-0.17875,51.35133],[-0.17901,51.35094],[-0.17813,51.35068],[-0.17932,51.34863],[-0.18219,51.34569],[-0.18178,51.34551],[-0.18456,51.34334],[-0.1838,51.343],[-0.18438,51.34247],[-0.18175,51.34122],[-0.18463,51.33919],[-0.18738,51.34078],[-0.19734,51.3436],[-0.19958,51.34189],[-0.20122,51.33989],[-0.20211,51.34013]]]}},{"type":"Feature","properties":{"ward":"Carshalton Central","code":"E05000558","borough":"Sutton"},"geometry":{"type":"Polygon","coordinates":[[[-0.1879,51.36037],[-0.1786,51.36161],[-0.17861,51.36277],[-0.18094,51.36242],[-0.18104,51.36385],[-0.18044,51.36397],[-0.18111,51.36426],[-0.18109,51.36568],[-0.18207,51.36605],[-0.18098,51.36645],[-0.18118,51.36946],[-0.17937,51.37],[-0.17891,51.36971],[-0.17744,51.37019],[-0.1776,51.37052],[-0.17691,51.37023],[-0.17518,51.37128],[-0.17195,51.37115],[-0.17114,51.37154],[-0.16932,51.37099],[-0.16981,51.37062],[-0.16889,51.37032],[-0.16748,51.36824],[-0.163,51.36954],[-0.15971,51.37148],[-0.16042,51.36952],[-0.15946,51.36881],[-0.1604,51.36849],[-0.15912,51.3684],[-0.15793,51.36715],[-0.15865,51.36607],[-0.15785,51.36595],[-0.15834,51.36581],[-0.15735,51.36399],[-0.15672,51.36405],[-0.15651,51.36321],[-0.15718,51.36273],[-0.15673,51.36123],[-0.15717,51.3612],[-0.15671,51.36112],[-0.15651,51.36029],[-0.15724,51.36051],[-0.1606,51.35944],[-0.16448,51.35894],[-0.16455,51.35826],[-0.16808,51.35809],[-0.17032,51.35728],[-0.17354,51.35797],[-0.18027,51.36046],[-0.18348,51.36078],[-0.1879,51.36037]]]}},{"type":"Feature","properties":{"ward":"Carshalton South and Clockhouse","code":"E05000559","borough":"Sutton"},"geometry":{"type":"Polygon","coordinates":[[[-0.17875,51.35133],[-0.1781,51.35209],[-0.17847,51.35214],[-0.17839,51.35271],[-0.17354,51.35797],[-0.17032,51.35728],[-0.16808,51.35809],[-0.16455,51.35826],[-0.16448,51.35894],[-0.1606,51.35944],[-0.15724,51.36051],[-0.15642,51.35989],[-0.15582,51.36],[-0.15636,51.3591],[-0.15926,51.35857],[-0.15859,51.3552],[-0.15933,51.35505],[-0.15881,51.34846],[-0.16023,51.34811],[-0.16017,51.3474],[-0.15409,51.34799],[-0.15361,51.34591],[-0.14697,51.34603],[-0.14672,51.34484],[-0.14717,51.3448],[-0.14648,51.34409],[-0.14762,51.34382],[-0.14628,51.34373],[-0.14585,51.34255],[-0.14673,51.34248],[-0.14661,51.34197],[-0.14561,51.34205],[-0.14461,51.34076],[-0.14519,51.3407],[-0.14514,51.34024],[-0.14427,51.33991],[-0.14453,51.33949],[-0.14755,51.33878],[-0.14562,51.33243],[-0.14407,51.33067],[-0.14933,51.32877],[-0.14445,51.32648],[-0.14427,51.32591],[-0.14559,51.3235],[-0.15059,51.32217],[-0.15209,51.32227],[-0.15273,51.32301],[-0.15657,51.32151],[-0.15866,51.32398],[-0.16063,51.32324],[-0.16421,51.32604],[-0.16359,51.32622],[-0.16439,51.32813],[-0.16232,51.32889],[-0.1631,51.33027],[-0.17009,51.32948],[-0.16992,51.33025],[-0.17289,51.33002],[-0.17416,51.33321],[-0.18463,51.33919],[-0.18175,51.34122],[-0.18438,51.34247],[-0.1838,51.343],[-0.18456,51.34334],[-0.18178,51.34551],[-0.18219,51.34569],[-0.17932,51.34863],[-0.17813,51.35068],[-0.17901,51.35094],[-0.17875,51.35133]]]}},{"type":"Feature","properties":{"ward":"Cheam","code":"E05000560","borough":"Sutton"},"geometry":{"type":"Polygon","coordinates":[[[-0.20914,51.37104],[-0.21305,51.36783],[-0.21451,51.36477],[-0.21392,51.36096],[-0.21125,51.35503],[-0.20725,51.34983],[-0.20211,51.34013],[-0.21306,51.33554],[-0.21193,51.33331],[-0.21412,51.33035],[-0.21611,51.32983],[-0.22097,51.32986],[-0.22985,51.33652],[-0.22685,51.33789],[-0.22412,51.34004],[-0.22329,51.33988],[-0.2223,51.34046],[-0.22273,51.34083],[-0.22181,51.34135],[-0.21729,51.34339],[-0.2178,51.34563],[-0.22021,51.35008],[-0.22045,51.35142],[-0.22212,51.35133],[-0.222,51.35353],[-0.22276,51.35709],[-0.22697,51.36263],[-0.22242,51.36524],[-0.22308,51.36566],[-0.22204,51.36626],[-0.21798,51.36753],[-0.2176,51.36816],[-0.21804,51.36848],[-0.21545,51.36937],[-0.21593,51.3704],[-0.2155,51.37095],[-0.21458,51.37036],[-0.20978,51.37167],[-0.20914,51.37104]]]}},{"type":"Feature","properties":{"ward":"Nonsuch","code":"E05000561","borough":"Sutton"},"geometry":{"type":"Polygon","coordinates":[[[-0.23397,51.36539],[-0.23785,51.36701],[-0.24092,51.36704],[-0.24117,51.36626],[-0.24543,51.36685],[-0.2447,51.36906],[-0.24498,51.38065],[-0.23844,51.37687],[-0.23678,51.3765],[-0.23308,51.37366],[-0.23422,51.37308],[-0.23078,51.37016],[-0.22908,51.37163],[-0.22807,51.37097],[-0.22194,51.37671],[-0.2203,51.37585],[-0.22079,51.37442],[-0.22003,51.37302],[-0.21931,51.3732],[-0.21922,51.37285],[-0.2195,51.37152],[-0.22062,51.37153],[-0.21936,51.36981],[-0.21593,51.3704],[-0.21545,51.36937],[-0.21804,51.36848],[-0.2176,51.36816],[-0.21798,51.36753],[-0.22308,51.36566],[-0.22242,51.36524],[-0.22697,51.36263],[-0.23322,51.36601],[-0.23397,51.36539]]]}},{"type":"Feature","properties":{"ward":"St Helier","code":"E05000562","borough":"Sutton"},"geometry":{"type":"Polygon","coordinates":[[[-0.20032,51.38496],[-0.19395,51.38787],[-0.18841,51.38544],[-0.18224,51.38831],[-0.18072,51.38733],[-0.18082,51.38688],[-0.17906,51.38575],[-0.17901,51.38528],[-0.17253,51.38343],[-0.17229,51.38285],[-0.17272,51.38234],[-0.1718,51.38212],[-0.16994,51.37798],[-0.17725,51.37533],[-0.17745,51.37606],[-0.17866,51.37581],[-0.18358,51.37738],[-0.18347,51.37777],[-0.18714,51.38125],[-0.18737,51.38194],[-0.19316,51.38277],[-0.19709,51.38075],[-0.20032,51.38496]]]}},{"type":"Feature","properties":{"ward":"Stonecot","code":"E05000563","borough":"Sutton"},"geometry":{"type":"Polygon","coordinates":[[[-0.20889,51.38786],[-0.20503,51.38609],[-0.20352,51.38723],[-0.20032,51.38496],[-0.19709,51.38075],[-0.20201,51.37805],[-0.20428,51.37476],[-0.20914,51.37104],[-0.20978,51.37167],[-0.21458,51.37036],[-0.2155,51.37095],[-0.21593,51.3704],[-0.21936,51.36981],[-0.22062,51.37153],[-0.2195,51.37152],[-0.21922,51.37285],[-0.21931,51.3732],[-0.22003,51.37302],[-0.22079,51.37442],[-0.2203,51.37585],[-0.22194,51.37671],[-0.21299,51.38481],[-0.21337,51.38501],[-0.21014,51.38799],[-0.20979,51.38825],[-0.20889,51.38786]]]}},{"type":"Feature","properties":{"ward":"Sutton Central","code":"E05000564","borough":"Sutton"},"geometry":{"type":"Polygon","coordinates":[[[-0.20072,51.36851],[-0.19835,51.36937],[-0.19798,51.36879],[-0.19635,51.36954],[-0.19445,51.36963],[-0.19395,51.37048],[-0.1877,51.36976],[-0.1868,51.3692],[-0.18613,51.36963],[-0.18519,51.36961],[-0.1851,51.36914],[-0.18302,51.36923],[-0.18314,51.36968],[-0.18251,51.36974],[-0.18118,51.36946],[-0.18098,51.36645],[-0.18207,51.36605],[-0.18109,51.36568],[-0.18111,51.36426],[-0.18044,51.36397],[-0.18104,51.36385],[-0.18094,51.36242],[-0.17861,51.36277],[-0.1786,51.36161],[-0.18508,51.36103],[-0.19389,51.35926],[-0.19644,51.36273],[-0.19444,51.36291],[-0.1947,51.36409],[-0.1969,51.36367],[-0.19731,51.36422],[-0.1988,51.36429],[-0.20078,51.36402],[-0.20067,51.36353],[-0.20167,51.36385],[-0.20189,51.3642],[-0.20144,51.36457],[-0.20274,51.36567],[-0.20332,51.36692],[-0.20072,51.36851]]]}},{"type":"Feature","properties":{"ward":"Sutton North","code":"E05000565","borough":"Sutton"},"geometry":{"type":"Polygon","coordinates":[[[-0.18251,51.36974],[-0.18314,51.36968],[-0.18302,51.36923],[-0.1851,51.36914],[-0.18519,51.36961],[-0.18613,51.36963],[-0.1868,51.3692],[-0.1877,51.36976],[-0.19395,51.37048],[-0.19445,51.36963],[-0.19635,51.36954],[-0.19798,51.36879],[-0.19835,51.36937],[-0.20165,51.36851],[-0.20453,51.37054],[-0.20541,51.37165],[-0.20517,51.37203],[-0.20562,51.37183],[-0.20682,51.37274],[-0.20428,51.37476],[-0.20201,51.37805],[-0.19316,51.38277],[-0.19155,51.3828],[-0.18737,51.38194],[-0.18714,51.38125],[-0.18347,51.37777],[-0.18358,51.37738],[-0.18261,51.37686],[-0.1827,51.37524],[-0.1822,51.37519],[-0.18265,51.37373],[-0.18129,51.37032],[-0.18254,51.37022],[-0.18251,51.36974]]]}},{"type":"Feature","properties":{"ward":"Sutton South","code":"E05000566","borough":"Sutton"},"geometry":{"type":"Polygon","coordinates":[[[-0.1879,51.36037],[-0.18348,51.36078],[-0.18027,51.36046],[-0.17354,51.35797],[-0.17839,51.35271],[-0.17847,51.35214],[-0.1781,51.35209],[-0.17875,51.35133],[-0.17982,51.35233],[-0.18389,51.35267],[-0.18424,51.35413],[-0.19206,51.35277],[-0.19213,51.35236],[-0.19338,51.35238],[-0.19312,51.35161],[-0.19518,51.35196],[-0.19683,51.35128],[-0.19743,51.35136],[-0.19762,51.35236],[-0.20008,51.35204],[-0.20128,51.35647],[-0.19955,51.35704],[-0.19857,51.35699],[-0.19841,51.35646],[-0.19762,51.35658],[-0.19729,51.35718],[-0.19408,51.35735],[-0.19396,51.35843],[-0.19235,51.35786],[-0.19142,51.3591],[-0.1879,51.36037]]]}},{"type":"Feature","properties":{"ward":"Sutton West","code":"E05000567","borough":"Sutton"},"geometry":{"type":"Polygon","coordinates":[[[-0.20914,51.37104],[-0.20682,51.37274],[-0.20562,51.37183],[-0.20517,51.37203],[-0.20541,51.37165],[-0.20453,51.37054],[-0.20165,51.36851],[-0.20072,51.36851],[-0.20332,51.36692],[-0.20274,51.36567],[-0.20144,51.36457],[-0.20189,51.3642],[-0.20167,51.36385],[-0.20067,51.36353],[-0.20078,51.36402],[-0.1988,51.36429],[-0.19731,51.36422],[-0.1969,51.36367],[-0.1947,51.36409],[-0.19444,51.36291],[-0.19644,51.36273],[-0.19389,51.35926],[-0.18925,51.3601],[-0.19142,51.3591],[-0.19235,51.35786],[-0.19396,51.35843],[-0.19408,51.35735],[-0.19729,51.35718],[-0.19762,51.35658],[-0.19841,51.35646],[-0.19857,51.35699],[-0.19955,51.35704],[-0.20128,51.35647],[-0.20084,51.35516],[-0.20562,51.35458],[-0.20623,51.35474],[-0.20628,51.35642],[-0.20706,51.35629],[-0.20702,51.35575],[-0.21125,51.35503],[-0.21392,51.36096],[-0.21451,51.36477],[-0.21305,51.36783],[-0.20914,51.37104]]]}},{"type":"Feature","properties":{"ward":"The Wrythe","code":"E05000568","borough":"Sutton"},"geometry":{"type":"Polygon","coordinates":[[[-0.18251,51.36974],[-0.18254,51.37022],[-0.18129,51.37032],[-0.18265,51.37373],[-0.1822,51.37519],[-0.1827,51.37524],[-0.18261,51.37686],[-0.17866,51.37581],[-0.17745,51.37606],[-0.17725,51.37533],[-0.17623,51.3755],[-0.17121,51.3774],[-0.17126,51.37781],[-0.16994,51.37798],[-0.17054,51.37962],[-0.16493,51.38097],[-0.16533,51.38162],[-0.16482,51.38199],[-0.16304,51.38088],[-0.16182,51.38059],[-0.16028,51.3814],[-0.15926,51.38067],[-0.16113,51.37985],[-0.16108,51.37799],[-0.16034,51.3771],[-0.15847,51.37625],[-0.15805,51.37541],[-0.15838,51.375],[-0.15733,51.37457],[-0.15702,51.37344],[-0.163,51.36954],[-0.16748,51.36824],[-0.16889,51.37032],[-0.16981,51.37062],[-0.16932,51.37099],[-0.17114,51.37154],[-0.17195,51.37115],[-0.17518,51.37128],[-0.17891,51.36971],[-0.18251,51.36974]]]}},{"type":"Feature","properties":{"ward":"Wallington North","code":"E05000569","borough":"Sutton"},"geometry":{"type":"Polygon","coordinates":[[[-0.15702,51.37344],[-0.15497,51.37554],[-0.15397,51.37733],[-0.15175,51.37464],[-0.15044,51.37412],[-0.1505,51.37371],[-0.1454,51.37145],[-0.14061,51.37095],[-0.14037,51.36982],[-0.14284,51.36981],[-0.14298,51.37056],[-0.14429,51.37035],[-0.1438,51.36966],[-0.14484,51.36949],[-0.14446,51.3684],[-0.14302,51.36831],[-0.14282,51.36761],[-0.14212,51.36771],[-0.14119,51.36258],[-0.14064,51.36267],[-0.14049,51.3622],[-0.15636,51.3591],[-0.15631,51.35955],[-0.1557,51.35963],[-0.15582,51.36],[-0.15642,51.35989],[-0.15671,51.36112],[-0.15717,51.3612],[-0.15673,51.36123],[-0.15718,51.36273],[-0.15651,51.36321],[-0.15672,51.36405],[-0.15735,51.36399],[-0.15834,51.36581],[-0.15804,51.36619],[-0.15865,51.36607],[-0.15793,51.36715],[-0.15912,51.3684],[-0.1604,51.36849],[-0.15946,51.36881],[-0.16042,51.36952],[-0.15971,51.37148],[-0.15702,51.37344]]]}},{"type":"Feature","properties":{"ward":"Wallington South","code":"E05000570","borough":"Sutton"},"geometry":{"type":"Polygon","coordinates":[[[-0.14049,51.3622],[-0.13996,51.36216],[-0.13957,51.36145],[-0.13737,51.36189],[-0.13786,51.35959],[-0.13974,51.35944],[-0.1401,51.3566],[-0.13937,51.3563],[-0.14158,51.35592],[-0.14134,51.35468],[-0.14328,51.35299],[-0.14413,51.35288],[-0.14383,51.35224],[-0.14447,51.35215],[-0.1449,51.35046],[-0.14552,51.35053],[-0.14508,51.35019],[-0.14542,51.34958],[-0.14739,51.34899],[-0.14717,51.34821],[-0.14903,51.34732],[-0.14938,51.34671],[-0.14886,51.34662],[-0.14908,51.34619],[-0.15361,51.34591],[-0.15409,51.34799],[-0.16017,51.3474],[-0.16023,51.34811],[-0.15881,51.34846],[-0.15933,51.35505],[-0.15859,51.3552],[-0.15926,51.35857],[-0.14049,51.3622]]]}},{"type":"Feature","properties":{"ward":"Wandle Valley","code":"E05000571","borough":"Sutton"},"geometry":{"type":"Polygon","coordinates":[[[-0.18224,51.38831],[-0.17926,51.38984],[-0.17487,51.39342],[-0.17132,51.39251],[-0.16646,51.38969],[-0.16529,51.38798],[-0.16099,51.38782],[-0.15806,51.38926],[-0.15267,51.38977],[-0.15342,51.37954],[-0.15397,51.37733],[-0.15497,51.37554],[-0.15702,51.37344],[-0.15733,51.37457],[-0.15838,51.375],[-0.15805,51.37541],[-0.15847,51.37625],[-0.16034,51.3771],[-0.16108,51.37799],[-0.16113,51.37985],[-0.15926,51.38067],[-0.16028,51.3814],[-0.16182,51.38059],[-0.16482,51.38199],[-0.16533,51.38162],[-0.16493,51.38097],[-0.17054,51.37962],[-0.1718,51.38212],[-0.17272,51.38234],[-0.17229,51.38285],[-0.17253,51.38343],[-0.17901,51.38528],[-0.17906,51.38575],[-0.18082,51.38688],[-0.18072,51.38733],[-0.18224,51.38831]]]}},{"type":"Feature","properties":{"ward":"Worcester Park","code":"E05000572","borough":"Sutton"},"geometry":{"type":"Polygon","coordinates":[[[-0.24498,51.38065],[-0.24417,51.38349],[-0.24293,51.38293],[-0.24162,51.38452],[-0.23874,51.3861],[-0.23971,51.38929],[-0.23466,51.39054],[-0.23393,51.38771],[-0.22774,51.38395],[-0.21814,51.38015],[-0.22807,51.37097],[-0.22908,51.37163],[-0.23078,51.37016],[-0.23422,51.37308],[-0.23308,51.37366],[-0.23678,51.3765],[-0.23844,51.37687],[-0.24498,51.38065]]]}},{"type":"Feature","properties":{"ward":"Bethnal Green North","code":"E05000573","borough":"Tower Hamlets"},"geometry":{"type":"Polygon","coordinates":[[[-0.06631,51.53123],[-0.06514,51.53322],[-0.06498,51.5329],[-0.06224,51.53325],[-0.06284,51.53463],[-0.06247,51.53552],[-0.05991,51.53416],[-0.0547,51.53516],[-0.05284,51.53493],[-0.04451,51.53185],[-0.05586,51.52932],[-0.05547,51.52753],[-0.06464,51.52647],[-0.06545,51.52983],[-0.06631,51.53123]]]}},{"type":"Feature","properties":{"ward":"Bethnal Green South","code":"E05000574","borough":"Tower Hamlets"},"geometry":{"type":"Polygon","coordinates":[[[-0.06464,51.52647],[-0.05117,51.52792],[-0.04993,51.52579],[-0.04623,51.52187],[-0.06277,51.51845],[-0.06431,51.52154],[-0.06398,51.52389],[-0.06464,51.52647]]]}},{"type":"Feature","properties":{"ward":"Blackwall and Cubitt Town","code":"E05000575","borough":"Tower Hamlets"},"geometry":{"type":"Polygon","coordinates":[[[-0.0132,51.48599],[-0.01359,51.48877],[-0.0157,51.49068],[-0.0148,51.4934],[-0.01735,51.49351],[-0.01655,51.49997],[-0.01483,51.50281],[-0.01382,51.50275],[-0.01352,51.50381],[-0.01519,51.50401],[-0.01497,51.50485],[-0.01242,51.50469],[-0.01316,51.505],[-0.01292,51.50592],[-0.01333,51.50597],[-0.01234,51.5066],[-0.0118,51.50813],[-0.01317,51.51119],[-0.0071,51.51153],[-0.00033,51.5128],[0.00363,51.51454],[0.00138,51.51099],[0.00249,51.51044],[0.00431,51.51056],[0.0055,51.51349],[0.00674,51.51385],[0.00736,51.51265],[0.0056,51.50991],[0.00889,51.50888],[0.00906,51.50774],[0.00868,51.50731],[0.0037,51.50837],[0.00343,51.50798],[-0.00174,51.50744],[-0.00575,51.5051],[-0.00552,51.50483],[-0.00671,51.50385],[-0.00768,51.50149],[-0.00898,51.50123],[-0.0078,51.5008],[-0.00729,51.49828],[-0.00566,51.49586],[-0.00622,51.49562],[-0.00477,51.49454],[-0.00327,51.49215],[-0.00325,51.48983],[-0.00431,51.4884],[-0.0052,51.48855],[-0.00467,51.4881],[-0.00653,51.48712],[-0.0132,51.48599]]]}},{"type":"Feature","properties":{"ward":"Bow East","code":"E05000576","borough":"Tower Hamlets"},"geometry":{"type":"Polygon","coordinates":[[[-0.01657,51.54336],[-0.01609,51.54254],[-0.01652,51.54151],[-0.01775,51.54093],[-0.01943,51.53828],[-0.02109,51.53735],[-0.02117,51.53652],[-0.01935,51.53519],[-0.01896,51.53412],[-0.01799,51.53327],[-0.01823,51.53245],[-0.01744,51.53149],[-0.01365,51.52984],[-0.01769,51.52835],[-0.02104,51.52793],[-0.02282,51.53037],[-0.0299,51.5294],[-0.03496,51.53663],[-0.03719,51.53798],[-0.04073,51.5381],[-0.03716,51.54143],[-0.03776,51.54179],[-0.03317,51.54469],[-0.02947,51.54303],[-0.02901,51.54227],[-0.02561,51.54336],[-0.01657,51.54336]]]}},{"type":"Feature","properties":{"ward":"Bow West","code":"E05000577","borough":"Tower Hamlets"},"geometry":{"type":"Polygon","coordinates":[[[-0.03707,51.52425],[-0.03937,51.52644],[-0.0425,51.5307],[-0.04631,51.53274],[-0.05284,51.53493],[-0.05239,51.53591],[-0.05096,51.53646],[-0.04757,51.53553],[-0.04486,51.53581],[-0.04073,51.5381],[-0.03719,51.53798],[-0.03496,51.53663],[-0.0299,51.5294],[-0.02282,51.53037],[-0.02104,51.52793],[-0.03263,51.52558],[-0.03707,51.52425]]]}},{"type":"Feature","properties":{"ward":"Bromley-by-Bow","code":"E05000578","borough":"Tower Hamlets"},"geometry":{"type":"Polygon","coordinates":[[[-0.02164,51.5166],[-0.02365,51.51918],[-0.02734,51.52073],[-0.02264,51.52407],[-0.01879,51.52452],[-0.02104,51.52793],[-0.01769,51.52835],[-0.01365,51.52984],[-0.01079,51.52932],[-0.00752,51.5262],[-0.00811,51.52382],[-0.0091,51.5224],[-0.01164,51.52069],[-0.02164,51.5166]]]}},{"type":"Feature","properties":{"ward":"East India and Lansbury","code":"E05000579","borough":"Tower Hamlets"},"geometry":{"type":"Polygon","coordinates":[[[-0.00811,51.52382],[-0.00786,51.52301],[-0.00859,51.5218],[-0.00932,51.5218],[-0.0092,51.51986],[-0.00667,51.51823],[-0.00603,51.51646],[-0.00432,51.51641],[-0.00338,51.51761],[-0.00259,51.51776],[0.00274,51.51547],[0.00363,51.51454],[-0.00033,51.5128],[-0.0071,51.51153],[-0.021,51.51081],[-0.02002,51.51216],[-0.02009,51.51428],[-0.01958,51.51475],[-0.02164,51.5166],[-0.01164,51.52069],[-0.0091,51.5224],[-0.00811,51.52382]]]}},{"type":"Feature","properties":{"ward":"Limehouse","code":"E05000580","borough":"Tower Hamlets"},"geometry":{"type":"Polygon","coordinates":[[[-0.03748,51.50956],[-0.03489,51.51133],[-0.03679,51.51166],[-0.03336,51.51661],[-0.03311,51.51602],[-0.0293,51.51632],[-0.02805,51.51397],[-0.02164,51.5166],[-0.01958,51.51475],[-0.02009,51.51428],[-0.02002,51.51216],[-0.021,51.51081],[-0.01317,51.51119],[-0.0118,51.50813],[-0.01207,51.50758],[-0.01455,51.50741],[-0.01868,51.50777],[-0.02419,51.50898],[-0.02554,51.50978],[-0.02668,51.509],[-0.02729,51.50791],[-0.02955,51.5079],[-0.03041,51.50723],[-0.03157,51.50785],[-0.02991,51.50886],[-0.03266,51.50822],[-0.03748,51.50956]]]}},{"type":"Feature","properties":{"ward":"Mile End and Globe Town","code":"E05000581","borough":"Tower Hamlets"},"geometry":{"type":"Polygon","coordinates":[[[-0.05547,51.52753],[-0.05586,51.52932],[-0.04451,51.53185],[-0.0425,51.5307],[-0.03937,51.52644],[-0.03707,51.52425],[-0.03644,51.52147],[-0.04405,51.52015],[-0.04993,51.52579],[-0.05117,51.52792],[-0.05547,51.52753]]]}},{"type":"Feature","properties":{"ward":"Mile End East","code":"E05000582","borough":"Tower Hamlets"},"geometry":{"type":"Polygon","coordinates":[[[-0.03386,51.51626],[-0.034,51.51709],[-0.0362,51.51896],[-0.03707,51.52425],[-0.03263,51.52558],[-0.02104,51.52793],[-0.01879,51.52452],[-0.02264,51.52407],[-0.02734,51.52073],[-0.02365,51.51918],[-0.02164,51.5166],[-0.02805,51.51397],[-0.0293,51.51632],[-0.03311,51.51602],[-0.03336,51.51661],[-0.03386,51.51626]]]}},{"type":"Feature","properties":{"ward":"Millwall","code":"E05000583","borough":"Tower Hamlets"},"geometry":{"type":"Polygon","coordinates":[[[-0.0132,51.48599],[-0.01654,51.48617],[-0.0214,51.48747],[-0.0257,51.49061],[-0.02742,51.49377],[-0.02557,51.49411],[-0.02771,51.49426],[-0.02788,51.49489],[-0.02739,51.50218],[-0.027,51.50311],[-0.0258,51.5032],[-0.02722,51.50366],[-0.02809,51.50536],[-0.02777,51.50565],[-0.02887,51.50629],[-0.02801,51.50671],[-0.02908,51.50647],[-0.03002,51.50744],[-0.02955,51.5079],[-0.02729,51.50791],[-0.02668,51.509],[-0.02554,51.50978],[-0.02419,51.50898],[-0.01868,51.50777],[-0.01207,51.50758],[-0.01234,51.5066],[-0.01333,51.50597],[-0.01292,51.50592],[-0.01316,51.505],[-0.01242,51.50469],[-0.01497,51.50485],[-0.01519,51.50401],[-0.01352,51.50381],[-0.01382,51.50275],[-0.01483,51.50281],[-0.01655,51.49997],[-0.01735,51.49351],[-0.0148,51.4934],[-0.0157,51.49068],[-0.01359,51.48877],[-0.0132,51.48599]]]}},{"type":"Feature","properties":{"ward":"St Dunstan's and Stepney Green","code":"E05000584","borough":"Tower Hamlets"},"geometry":{"type":"Polygon","coordinates":[[[-0.05299,51.52045],[-0.04569,51.52199],[-0.04405,51.52015],[-0.03644,51.52147],[-0.0362,51.51896],[-0.034,51.51709],[-0.03386,51.51626],[-0.03647,51.51257],[-0.04681,51.51322],[-0.05324,51.51413],[-0.05298,51.51715],[-0.04984,51.51687],[-0.04966,51.51844],[-0.05064,51.51882],[-0.0505,51.5193],[-0.05274,51.51977],[-0.05299,51.52045]]]}},{"type":"Feature","properties":{"ward":"St Katharine's and Wapping","code":"E05000585","borough":"Tower Hamlets"},"geometry":{"type":"Polygon","coordinates":[[[-0.07938,51.50784],[-0.07872,51.50883],[-0.0791,51.50906],[-0.07888,51.50941],[-0.07629,51.51054],[-0.07558,51.50975],[-0.07299,51.5101],[-0.07276,51.5108],[-0.06112,51.51154],[-0.06051,51.50944],[-0.05529,51.50961],[-0.05506,51.50812],[-0.0494,51.5076],[-0.05401,51.50547],[-0.05644,51.50368],[-0.06039,51.50283],[-0.06689,51.50414],[-0.06801,51.50444],[-0.06798,51.50496],[-0.06846,51.50457],[-0.07002,51.50507],[-0.0714,51.50602],[-0.07265,51.5059],[-0.07938,51.50784]]]}},{"type":"Feature","properties":{"ward":"Shadwell","code":"E05000586","borough":"Tower Hamlets"},"geometry":{"type":"Polygon","coordinates":[[[-0.06112,51.51154],[-0.0619,51.51473],[-0.03647,51.51257],[-0.03679,51.51166],[-0.03489,51.51133],[-0.03748,51.50956],[-0.04175,51.51],[-0.04505,51.50948],[-0.04973,51.5079],[-0.05506,51.50812],[-0.05529,51.50961],[-0.06051,51.50944],[-0.06112,51.51154]]]}},{"type":"Feature","properties":{"ward":"Spitalfields and Banglatown","code":"E05000587","borough":"Tower Hamlets"},"geometry":{"type":"Polygon","coordinates":[[[-0.07397,51.51445],[-0.07688,51.51666],[-0.07808,51.51897],[-0.07943,51.51885],[-0.07824,51.52185],[-0.07616,51.5222],[-0.06431,51.52154],[-0.06277,51.51845],[-0.06697,51.51728],[-0.07397,51.51445]]]}},{"type":"Feature","properties":{"ward":"Weavers","code":"E05000588","borough":"Tower Hamlets"},"geometry":{"type":"Polygon","coordinates":[[[-0.06431,51.52154],[-0.07616,51.5222],[-0.07572,51.52359],[-0.07592,51.52432],[-0.07644,51.52429],[-0.07632,51.52715],[-0.07725,51.5273],[-0.07465,51.52979],[-0.07227,51.53084],[-0.06601,51.53126],[-0.06398,51.52389],[-0.06431,51.52154]]]}},{"type":"Feature","properties":{"ward":"Whitechapel","code":"E05000589","borough":"Tower Hamlets"},"geometry":{"type":"Polygon","coordinates":[[[-0.07397,51.51445],[-0.06697,51.51728],[-0.05299,51.52045],[-0.05274,51.51977],[-0.0505,51.5193],[-0.05064,51.51882],[-0.04966,51.51844],[-0.04984,51.51687],[-0.05298,51.51715],[-0.05324,51.51413],[-0.0619,51.51473],[-0.06112,51.51154],[-0.07276,51.5108],[-0.07397,51.51445]]]}},{"type":"Feature","properties":{"ward":"Cann Hall","code":"E05000590","borough":"Waltham Forest"},"geometry":{"type":"Polygon","coordinates":[[[0.00573,51.55186],[0.00508,51.55373],[0.00548,51.55536],[0.0099,51.56436],[0.0124,51.56432],[0.01427,51.56376],[0.01419,51.56132],[0.01475,51.55944],[0.01713,51.5588],[0.02153,51.55488],[0.01694,51.55318],[0.01625,51.55322],[0.01457,51.55495],[0.01162,51.55392],[0.01111,51.5544],[0.00962,51.55343],[0.01082,51.55226],[0.00951,51.55124],[0.0055,51.55066],[0.00573,51.55186]]]}},{"type":"Feature","properties":{"ward":"Cathall","code":"E05000591","borough":"Waltham Forest"},"geometry":{"type":"Polygon","coordinates":[[[-0.01089,51.55262],[-0.00877,51.55387],[-0.00596,51.5567],[0.00113,51.56123],[0.00564,51.56478],[0.00949,51.56301],[0.00548,51.55536],[0.00508,51.55373],[0.00573,51.55186],[-0.00035,51.55172],[-0.00868,51.54993],[-0.00947,51.55222],[-0.01089,51.55262]]]}},{"type":"Feature","properties":{"ward":"Chapel End","code":"E05000592","borough":"Waltham Forest"},"geometry":{"type":"Polygon","coordinates":[[[-0.02366,51.59627],[-0.02535,51.59857],[-0.02552,51.59959],[-0.01731,51.60071],[-0.01668,51.60141],[-0.01658,51.60274],[-0.01265,51.60308],[-0.01063,51.60464],[-0.00452,51.60512],[-0.00175,51.60427],[-0.00327,51.60045],[-0.00351,51.59773],[-0.00299,51.59552],[-0.00121,51.59244],[-0.01274,51.59],[-0.01736,51.5902],[-0.01844,51.59445],[-0.02024,51.5942],[-0.0201,51.59351],[-0.0222,51.59277],[-0.02311,51.59594],[-0.02366,51.59627]]]}},{"type":"Feature","properties":{"ward":"Chingford Green","code":"E05000593","borough":"Waltham Forest"},"geometry":{"type":"Polygon","coordinates":[[[0.02513,51.63729],[0.02469,51.63605],[0.02571,51.63456],[0.0243,51.63239],[0.02386,51.6308],[0.02179,51.62883],[0.02096,51.62892],[0.02109,51.62831],[0.02064,51.62826],[0.02056,51.62734],[0.01992,51.62702],[0.02007,51.62642],[0.0173,51.62753],[0.00609,51.62722],[0.00278,51.62868],[-0.00064,51.63152],[-0.00445,51.63199],[-0.00826,51.63308],[-0.01349,51.6333],[-0.01369,51.6326],[-0.01483,51.6329],[-0.01523,51.6335],[-0.01684,51.63353],[-0.01328,51.63985],[-0.01229,51.64623],[-0.00924,51.64653],[-0.00737,51.64616],[-0.00847,51.6445],[-0.00822,51.64361],[-0.00459,51.64354],[-0.00401,51.64272],[-0.00052,51.64371],[0.00104,51.64176],[0.00987,51.64145],[0.01739,51.64026],[0.02269,51.64111],[0.02306,51.63772],[0.02513,51.63729]]]}},{"type":"Feature","properties":{"ward":"Endlebury","code":"E05000594","borough":"Waltham Forest"},"geometry":{"type":"Polygon","coordinates":[[[-0.02295,51.62581],[-0.01684,51.63353],[-0.01523,51.6335],[-0.01483,51.6329],[-0.01369,51.6326],[-0.01349,51.6333],[-0.00826,51.63308],[-0.00445,51.63199],[-0.00064,51.63152],[0.00278,51.62868],[0.00479,51.62784],[0.00211,51.62351],[0.00139,51.62082],[-0.0003,51.62063],[-0.00205,51.62093],[-0.00235,51.62051],[-0.00344,51.62058],[-0.00336,51.62135],[-0.00714,51.62169],[-0.00926,51.62298],[-0.01665,51.62284],[-0.01665,51.62216],[-0.02148,51.62222],[-0.02146,51.62298],[-0.02296,51.623],[-0.02326,51.62236],[-0.02417,51.62206],[-0.02525,51.62251],[-0.02295,51.62581]]]}},{"type":"Feature","properties":{"ward":"Forest","code":"E05000595","borough":"Waltham Forest"},"geometry":{"type":"Polygon","coordinates":[[[-0.00985,51.5739],[-0.01545,51.57642],[-0.01173,51.57749],[-0.01077,51.57688],[-0.00755,51.57784],[-0.00596,51.57899],[0.00585,51.58381],[0.0155,51.58338],[0.01525,51.58251],[0.01567,51.58186],[0.01523,51.58171],[0.01741,51.57746],[0.01738,51.57441],[0.01649,51.57251],[0.01556,51.57248],[0.0135,51.5753],[0.00866,51.57367],[0.00758,51.5749],[-0.00177,51.57],[-0.00539,51.56887],[-0.0083,51.5699],[-0.00848,51.57286],[-0.00985,51.5739]]]}},{"type":"Feature","properties":{"ward":"Grove Green","code":"E05000596","borough":"Waltham Forest"},"geometry":{"type":"Polygon","coordinates":[[[-0.00596,51.5567],[-0.00716,51.5587],[-0.00968,51.56036],[-0.01122,51.56458],[-0.01028,51.5665],[-0.00878,51.56775],[-0.0083,51.5699],[0.00318,51.56585],[0.00394,51.56404],[0.00446,51.56389],[-0.00596,51.5567]]]}},{"type":"Feature","properties":{"ward":"Hale End and Highams Park","code":"E05000597","borough":"Waltham Forest"},"geometry":{"type":"Polygon","coordinates":[[[0.00121,51.61437],[-0.0005,51.60762],[0.00274,51.60758],[0.00306,51.60684],[0.00583,51.60694],[0.00903,51.60893],[0.00985,51.60839],[0.01122,51.60837],[0.01136,51.60927],[0.01329,51.60911],[0.01524,51.60989],[0.01593,51.60939],[0.01563,51.6092],[0.01781,51.6091],[0.01924,51.60822],[0.01955,51.60761],[0.01912,51.60779],[0.0129,51.59905],[0.01254,51.59536],[0.0106,51.59494],[0.01014,51.59416],[-0.00121,51.59244],[-0.00299,51.59552],[-0.00351,51.59773],[-0.00327,51.60045],[-0.00175,51.60427],[-0.00452,51.60512],[-0.00912,51.6048],[-0.00917,51.60616],[-0.00836,51.60644],[-0.01045,51.60704],[-0.01048,51.60741],[-0.00806,51.60761],[-0.00763,51.60826],[-0.00502,51.60884],[-0.0054,51.6096],[-0.00231,51.61035],[-0.00282,51.61248],[0.00019,51.61453],[0.00121,51.61437]]]}},{"type":"Feature","properties":{"ward":"Hatch Lane","code":"E05000598","borough":"Waltham Forest"},"geometry":{"type":"Polygon","coordinates":[[[0.00121,51.61437],[0.00158,51.61643],[0.00139,51.62082],[0.00211,51.62351],[0.00479,51.62784],[0.00738,51.627],[0.0173,51.62753],[0.02007,51.62642],[0.01858,51.62415],[0.01906,51.62368],[0.01846,51.62353],[0.01883,51.62324],[0.01846,51.6228],[0.01701,51.62235],[0.01582,51.62091],[0.01431,51.6203],[0.01471,51.61975],[0.0145,51.6189],[0.00868,51.61907],[0.01625,51.61685],[0.02105,51.61246],[0.02137,51.61114],[0.01924,51.60822],[0.01781,51.6091],[0.01563,51.6092],[0.01593,51.60939],[0.01524,51.60989],[0.01329,51.60911],[0.01136,51.60927],[0.01122,51.60837],[0.00985,51.60839],[0.00903,51.60893],[0.00583,51.60694],[0.00306,51.60684],[0.00274,51.60758],[-0.0005,51.60762],[0.00121,51.61437]]]}},{"type":"Feature","properties":{"ward":"High Street","code":"E05000599","borough":"Waltham Forest"},"geometry":{"type":"Polygon","coordinates":[[[-0.06118,51.57778],[-0.06224,51.57959],[-0.06136,51.58061],[-0.058,51.58241],[-0.05603,51.58399],[-0.05473,51.58591],[-0.05316,51.58693],[-0.05102,51.58616],[-0.03546,51.58773],[-0.03068,51.58891],[-0.02922,51.58562],[-0.02619,51.58642],[-0.02604,51.58609],[-0.02059,51.58689],[-0.01986,51.58619],[-0.01884,51.58303],[-0.02925,51.58186],[-0.03305,51.58091],[-0.04393,51.57528],[-0.04823,51.5719],[-0.05118,51.56772],[-0.05316,51.56857],[-0.05429,51.5702],[-0.0564,51.57079],[-0.05843,51.57252],[-0.06118,51.57778]]]}},{"type":"Feature","properties":{"ward":"Higham Hill","code":"E05000600","borough":"Waltham Forest"},"geometry":{"type":"Polygon","coordinates":[[[-0.0503,51.59685],[-0.04647,51.59979],[-0.04145,51.60563],[-0.03528,51.60823],[-0.03328,51.60966],[-0.0329,51.60906],[-0.03403,51.60819],[-0.0282,51.60698],[-0.01711,51.60114],[-0.01731,51.60071],[-0.02552,51.59959],[-0.02535,51.59857],[-0.02366,51.59627],[-0.02712,51.59589],[-0.02711,51.59537],[-0.02849,51.5951],[-0.02829,51.59393],[-0.03029,51.59285],[-0.02954,51.59171],[-0.03194,51.59108],[-0.03243,51.59144],[-0.03284,51.59124],[-0.03239,51.59098],[-0.03477,51.58989],[-0.03505,51.59039],[-0.03976,51.58998],[-0.04022,51.58955],[-0.04402,51.58951],[-0.0454,51.58669],[-0.05102,51.58616],[-0.05316,51.58693],[-0.05217,51.58783],[-0.05338,51.58961],[-0.05341,51.59083],[-0.05225,51.59405],[-0.05125,51.59496],[-0.0503,51.59685]]]}},{"type":"Feature","properties":{"ward":"Hoe Street","code":"E05000601","borough":"Waltham Forest"},"geometry":{"type":"Polygon","coordinates":[[[-0.01884,51.58303],[-0.01986,51.58619],[-0.02059,51.58689],[-0.02078,51.58791],[-0.02012,51.58878],[-0.01736,51.5902],[-0.01274,51.59],[-0.00875,51.59069],[-0.00815,51.58915],[-0.0084,51.58772],[-0.00784,51.585],[-0.00913,51.58439],[-0.00884,51.58364],[-0.01048,51.58285],[-0.00887,51.58037],[-0.0088,51.57919],[-0.00596,51.57899],[-0.00755,51.57784],[-0.01077,51.57688],[-0.01173,51.57749],[-0.01701,51.57593],[-0.02072,51.57961],[-0.01838,51.58015],[-0.01884,51.58303]]]}},{"type":"Feature","properties":{"ward":"Larkswood","code":"E05000602","borough":"Waltham Forest"},"geometry":{"type":"Polygon","coordinates":[[[0.00139,51.62082],[0.00158,51.61643],[0.00121,51.61437],[0.00019,51.61453],[-0.00282,51.61248],[-0.00231,51.61035],[-0.0054,51.6096],[-0.00502,51.60884],[-0.00763,51.60826],[-0.00806,51.60761],[-0.01048,51.60741],[-0.01045,51.60704],[-0.00836,51.60644],[-0.00917,51.60616],[-0.00912,51.6048],[-0.01063,51.60464],[-0.01265,51.60308],[-0.01658,51.60274],[-0.01705,51.60826],[-0.01813,51.61136],[-0.01665,51.62284],[-0.00926,51.62298],[-0.00714,51.62169],[-0.00336,51.62135],[-0.00344,51.62058],[0.00139,51.62082]]]}},{"type":"Feature","properties":{"ward":"Lea Bridge","code":"E05000603","borough":"Waltham Forest"},"geometry":{"type":"Polygon","coordinates":[[[-0.01701,51.57593],[-0.01545,51.57642],[-0.00985,51.5739],[-0.01999,51.56915],[-0.01854,51.5675],[-0.02128,51.56654],[-0.02077,51.5658],[-0.02846,51.56343],[-0.03,51.56201],[-0.03012,51.56136],[-0.03331,51.56062],[-0.03642,51.5615],[-0.03884,51.56116],[-0.04008,51.56178],[-0.04239,51.56137],[-0.0451,51.56176],[-0.04722,51.56266],[-0.04673,51.56438],[-0.05118,51.56772],[-0.04823,51.5719],[-0.04622,51.57099],[-0.03863,51.57337],[-0.03748,51.57361],[-0.03716,51.57319],[-0.03282,51.57436],[-0.0312,51.57357],[-0.03063,51.57241],[-0.02805,51.57302],[-0.02762,51.57246],[-0.01701,51.57593]]]}},{"type":"Feature","properties":{"ward":"Leyton","code":"E05000604","borough":"Waltham Forest"},"geometry":{"type":"Polygon","coordinates":[[[-0.03012,51.56136],[-0.03,51.56201],[-0.02846,51.56343],[-0.02077,51.5658],[-0.02128,51.56654],[-0.01854,51.5675],[-0.01999,51.56915],[-0.00985,51.5739],[-0.00848,51.57286],[-0.0083,51.5699],[-0.00878,51.56775],[-0.01028,51.5665],[-0.01122,51.56458],[-0.00968,51.56036],[-0.00716,51.5587],[-0.00596,51.5567],[-0.00877,51.55387],[-0.01089,51.55262],[-0.01697,51.5514],[-0.01847,51.55518],[-0.02397,51.55737],[-0.02438,51.55866],[-0.02589,51.55992],[-0.03012,51.56136]]]}},{"type":"Feature","properties":{"ward":"Leytonstone","code":"E05000605","borough":"Waltham Forest"},"geometry":{"type":"Polygon","coordinates":[[[0.01646,51.57289],[0.01802,51.57202],[0.0189,51.57225],[0.01913,51.56984],[0.01767,51.57],[0.01896,51.56651],[0.01775,51.56568],[0.01443,51.5656],[0.01427,51.56376],[0.0124,51.56432],[0.0099,51.56436],[0.00949,51.56301],[0.00564,51.56478],[0.00446,51.56389],[0.00394,51.56404],[0.00318,51.56585],[-0.00539,51.56887],[-0.00177,51.57],[0.00758,51.5749],[0.00866,51.57367],[0.0135,51.5753],[0.01556,51.57248],[0.01649,51.57251],[0.01646,51.57289]]]}},{"type":"Feature","properties":{"ward":"Markhouse","code":"E05000606","borough":"Waltham Forest"},"geometry":{"type":"Polygon","coordinates":[[[-0.01884,51.58303],[-0.01838,51.58015],[-0.02072,51.57961],[-0.01701,51.57593],[-0.02762,51.57246],[-0.02805,51.57302],[-0.03063,51.57241],[-0.0312,51.57357],[-0.03282,51.57436],[-0.03716,51.57319],[-0.03748,51.57361],[-0.03863,51.57337],[-0.04622,51.57099],[-0.04823,51.5719],[-0.04393,51.57528],[-0.03305,51.58091],[-0.02925,51.58186],[-0.01884,51.58303]]]}},{"type":"Feature","properties":{"ward":"Valley","code":"E05000607","borough":"Waltham Forest"},"geometry":{"type":"Polygon","coordinates":[[[-0.01711,51.60114],[-0.0282,51.60698],[-0.03403,51.60819],[-0.0329,51.60906],[-0.03328,51.60966],[-0.03402,51.60949],[-0.03557,51.612],[-0.03539,51.61299],[-0.03242,51.61662],[-0.02525,51.62251],[-0.02417,51.62206],[-0.02326,51.62236],[-0.02296,51.623],[-0.02146,51.62298],[-0.02148,51.62222],[-0.01665,51.62216],[-0.01813,51.61136],[-0.01705,51.60826],[-0.01658,51.60274],[-0.01668,51.60141],[-0.01711,51.60114]]]}},{"type":"Feature","properties":{"ward":"William Morris","code":"E05000608","borough":"Waltham Forest"},"geometry":{"type":"Polygon","coordinates":[[[-0.02366,51.59627],[-0.02311,51.59594],[-0.0222,51.59277],[-0.0201,51.59351],[-0.02024,51.5942],[-0.01844,51.59445],[-0.01736,51.5902],[-0.02012,51.58878],[-0.02078,51.58791],[-0.02059,51.58689],[-0.02604,51.58609],[-0.02619,51.58642],[-0.02922,51.58562],[-0.03068,51.58891],[-0.03546,51.58773],[-0.0454,51.58669],[-0.04402,51.58951],[-0.04022,51.58955],[-0.03976,51.58998],[-0.03505,51.59039],[-0.03477,51.58989],[-0.03239,51.59098],[-0.03284,51.59124],[-0.03243,51.59144],[-0.03194,51.59108],[-0.02954,51.59171],[-0.03029,51.59285],[-0.02829,51.59393],[-0.02849,51.5951],[-0.02711,51.59537],[-0.02712,51.59589],[-0.02366,51.59627]]]}},{"type":"Feature","properties":{"ward":"Wood Street","code":"E05000609","borough":"Waltham Forest"},"geometry":{"type":"Polygon","coordinates":[[[0.01254,51.59536],[0.01209,51.59215],[0.01337,51.58379],[0.01487,51.5834],[0.00585,51.58381],[-0.00596,51.57899],[-0.0088,51.57919],[-0.00887,51.58037],[-0.01048,51.58285],[-0.00884,51.58364],[-0.00913,51.58439],[-0.00784,51.585],[-0.0084,51.58772],[-0.00815,51.58915],[-0.00875,51.59069],[-0.00121,51.59244],[0.01014,51.59416],[0.0106,51.59494],[0.01254,51.59536]]]}},{"type":"Feature","properties":{"ward":"Balham","code":"E05000610","borough":"Wandsworth"},"geometry":{"type":"Polygon","coordinates":[[[-0.14815,51.45641],[-0.14738,51.45296],[-0.14773,51.45234],[-0.14233,51.45097],[-0.14336,51.44951],[-0.1448,51.44854],[-0.1457,51.44587],[-0.14343,51.44128],[-0.15313,51.44313],[-0.15184,51.44461],[-0.15597,51.45075],[-0.16346,51.44835],[-0.16491,51.45019],[-0.15992,51.45157],[-0.16168,51.45404],[-0.15376,51.4568],[-0.15126,51.45566],[-0.14815,51.45641]]]}},{"type":"Feature","properties":{"ward":"Bedford","code":"E05000611","borough":"Wandsworth"},"geometry":{"type":"Polygon","coordinates":[[[-0.14362,51.44184],[-0.13598,51.44201],[-0.13701,51.44025],[-0.1375,51.44015],[-0.13768,51.43858],[-0.13991,51.43702],[-0.13976,51.43567],[-0.13786,51.43378],[-0.13652,51.43392],[-0.13526,51.43033],[-0.14909,51.43169],[-0.14938,51.4297],[-0.15105,51.42816],[-0.15257,51.42754],[-0.15566,51.43053],[-0.16179,51.43461],[-0.15718,51.43748],[-0.15407,51.44208],[-0.15266,51.44161],[-0.14913,51.44187],[-0.14945,51.44244],[-0.14343,51.44128],[-0.14362,51.44184]]]}},{"type":"Feature","properties":{"ward":"Earlsfield","code":"E05000612","borough":"Wandsworth"},"geometry":{"type":"Polygon","coordinates":[[[-0.19145,51.45321],[-0.19006,51.45104],[-0.18869,51.45149],[-0.18533,51.44836],[-0.18462,51.44829],[-0.1871,51.44715],[-0.18628,51.44576],[-0.18493,51.44529],[-0.18715,51.44301],[-0.18638,51.44236],[-0.1831,51.44403],[-0.17864,51.43928],[-0.17895,51.43907],[-0.17869,51.43825],[-0.17834,51.43842],[-0.17431,51.43472],[-0.17971,51.4332],[-0.17901,51.43297],[-0.17935,51.43245],[-0.18058,51.43293],[-0.18425,51.43127],[-0.18576,51.43316],[-0.18729,51.43299],[-0.18742,51.4321],[-0.1898,51.43135],[-0.19106,51.43304],[-0.18922,51.43855],[-0.19067,51.43892],[-0.18976,51.44006],[-0.19016,51.44258],[-0.19188,51.44277],[-0.19253,51.44335],[-0.19339,51.44634],[-0.19337,51.44727],[-0.19223,51.44862],[-0.19234,51.44935],[-0.19167,51.4505],[-0.19149,51.4515],[-0.19212,51.45213],[-0.19145,51.45321]]]}},{"type":"Feature","properties":{"ward":"East Putney","code":"E05000613","borough":"Wandsworth"},"geometry":{"type":"Polygon","coordinates":[[[-0.22288,51.44829],[-0.22301,51.44913],[-0.21941,51.45576],[-0.22599,51.45624],[-0.22633,51.45952],[-0.22414,51.45972],[-0.22397,51.46269],[-0.21093,51.45943],[-0.21076,51.46018],[-0.20511,51.46001],[-0.20499,51.45935],[-0.20366,51.45959],[-0.20305,51.45671],[-0.19831,51.45698],[-0.19938,51.45582],[-0.19848,51.45314],[-0.20138,51.45208],[-0.20252,51.44996],[-0.20767,51.44985],[-0.21098,51.45397],[-0.22288,51.44829]]]}},{"type":"Feature","properties":{"ward":"Fairfield","code":"E05000614","borough":"Wandsworth"},"geometry":{"type":"Polygon","coordinates":[[[-0.19145,51.45321],[-0.19272,51.45478],[-0.19282,51.45678],[-0.1957,51.45737],[-0.20305,51.45671],[-0.20366,51.45959],[-0.20499,51.45935],[-0.20511,51.46001],[-0.19513,51.46061],[-0.19517,51.46],[-0.19413,51.45984],[-0.19474,51.4602],[-0.19485,51.46173],[-0.19388,51.46147],[-0.19484,51.46288],[-0.18711,51.46419],[-0.18474,51.46159],[-0.17646,51.46354],[-0.17511,51.46233],[-0.17246,51.46133],[-0.17347,51.45909],[-0.17517,51.45852],[-0.18568,51.4576],[-0.18304,51.45395],[-0.18467,51.45369],[-0.18533,51.45265],[-0.19006,51.45104],[-0.19145,51.45321]]]}},{"type":"Feature","properties":{"ward":"Furzedown","code":"E05000615","borough":"Wandsworth"},"geometry":{"type":"Polygon","coordinates":[[[-0.13785,51.42111],[-0.14041,51.41925],[-0.14448,51.41775],[-0.14934,51.41986],[-0.15133,51.41985],[-0.15959,51.42257],[-0.15318,51.42647],[-0.15257,51.42754],[-0.15105,51.42816],[-0.14938,51.4297],[-0.14909,51.43169],[-0.13839,51.43048],[-0.13892,51.42457],[-0.13785,51.42111]]]}},{"type":"Feature","properties":{"ward":"Graveney","code":"E05000616","borough":"Wandsworth"},"geometry":{"type":"Polygon","coordinates":[[[-0.16167,51.41986],[-0.16843,51.42091],[-0.17335,51.42307],[-0.17063,51.42519],[-0.16624,51.42973],[-0.1651,51.42919],[-0.16091,51.4313],[-0.15808,51.42942],[-0.15566,51.43053],[-0.15257,51.42754],[-0.15318,51.42647],[-0.15988,51.42263],[-0.15997,51.42193],[-0.16167,51.41986]]]}},{"type":"Feature","properties":{"ward":"Latchmere","code":"E05000617","borough":"Wandsworth"},"geometry":{"type":"Polygon","coordinates":[[[-0.15695,51.47025],[-0.16852,51.46521],[-0.16885,51.46564],[-0.18474,51.46159],[-0.18601,51.46287],[-0.18476,51.46279],[-0.18005,51.46547],[-0.17843,51.46682],[-0.1776,51.46857],[-0.17607,51.46956],[-0.17131,51.47015],[-0.16546,51.47217],[-0.16569,51.47263],[-0.15962,51.47433],[-0.15941,51.4738],[-0.15633,51.47432],[-0.15454,51.47289],[-0.1549,51.47261],[-0.15441,51.47202],[-0.15381,51.47226],[-0.15333,51.47183],[-0.15695,51.47025]]]}},{"type":"Feature","properties":{"ward":"Nightingale","code":"E05000618","borough":"Wandsworth"},"geometry":{"type":"Polygon","coordinates":[[[-0.16478,51.44708],[-0.16346,51.44835],[-0.15597,51.45075],[-0.15184,51.44461],[-0.15313,51.44313],[-0.14945,51.44244],[-0.14913,51.44187],[-0.15266,51.44161],[-0.15407,51.44208],[-0.15718,51.43748],[-0.16095,51.43508],[-0.16425,51.43794],[-0.16667,51.43743],[-0.169,51.43936],[-0.16525,51.44093],[-0.16803,51.44386],[-0.16478,51.44708]]]}},{"type":"Feature","properties":{"ward":"Northcote","code":"E05000619","borough":"Wandsworth"},"geometry":{"type":"Polygon","coordinates":[[[-0.14969,51.4613],[-0.14815,51.45641],[-0.15126,51.45566],[-0.15376,51.4568],[-0.16168,51.45404],[-0.15992,51.45157],[-0.16491,51.45019],[-0.16346,51.44835],[-0.16478,51.44708],[-0.17121,51.45457],[-0.17246,51.4568],[-0.17275,51.45935],[-0.17347,51.45909],[-0.17246,51.46133],[-0.17511,51.46233],[-0.17646,51.46354],[-0.16885,51.46564],[-0.16759,51.4638],[-0.16467,51.46412],[-0.16544,51.46319],[-0.1654,51.46233],[-0.1643,51.46138],[-0.16297,51.46101],[-0.14969,51.4613]]]}},{"type":"Feature","properties":{"ward":"Queenstown","code":"E05000620","borough":"Wandsworth"},"geometry":{"type":"Polygon","coordinates":[[[-0.12846,51.48505],[-0.12636,51.48447],[-0.1275,51.48202],[-0.12995,51.48118],[-0.13523,51.47429],[-0.13446,51.47397],[-0.13472,51.47331],[-0.13579,51.47271],[-0.13692,51.47309],[-0.13835,51.47196],[-0.1395,51.4718],[-0.13974,51.47137],[-0.14034,51.47159],[-0.14268,51.47006],[-0.1431,51.47052],[-0.15062,51.46761],[-0.15226,51.47068],[-0.15695,51.47025],[-0.15333,51.47183],[-0.15381,51.47226],[-0.15441,51.47202],[-0.1549,51.47261],[-0.15454,51.47289],[-0.15633,51.47432],[-0.15941,51.4738],[-0.15962,51.47433],[-0.16285,51.47329],[-0.16627,51.48133],[-0.14911,51.48366],[-0.13691,51.48246],[-0.12846,51.48505]]]}},{"type":"Feature","properties":{"ward":"Roehampton and Putney Heath","code":"E05000621","borough":"Wandsworth"},"geometry":{"type":"Polygon","coordinates":[[[-0.25108,51.43257],[-0.25125,51.43417],[-0.25311,51.4353],[-0.25409,51.43729],[-0.24273,51.44192],[-0.24163,51.44313],[-0.24733,51.44918],[-0.25911,51.45493],[-0.25834,51.45733],[-0.25681,51.45985],[-0.25804,51.46027],[-0.25602,51.46304],[-0.25292,51.46522],[-0.24398,51.46523],[-0.24369,51.46081],[-0.24282,51.45713],[-0.24388,51.45188],[-0.23689,51.45289],[-0.23636,51.45128],[-0.22542,51.45314],[-0.222,51.45314],[-0.22046,51.45369],[-0.22301,51.44913],[-0.22217,51.44675],[-0.22451,51.43858],[-0.23132,51.43814],[-0.25108,51.43257]]]}},{"type":"Feature","properties":{"ward":"St Mary's Park","code":"E05000622","borough":"Wandsworth"},"geometry":{"type":"Polygon","coordinates":[[[-0.18711,51.46419],[-0.18221,51.46648],[-0.1791,51.47007],[-0.17849,51.47019],[-0.17856,51.47069],[-0.17797,51.47061],[-0.17848,51.47079],[-0.17763,51.47283],[-0.17724,51.47286],[-0.17756,51.47295],[-0.17711,51.47433],[-0.17575,51.47615],[-0.17581,51.47698],[-0.17418,51.47891],[-0.17202,51.48014],[-0.16627,51.48133],[-0.16285,51.47329],[-0.16569,51.47263],[-0.16546,51.47217],[-0.17131,51.47015],[-0.17607,51.46956],[-0.1776,51.46857],[-0.17843,51.46682],[-0.18005,51.46547],[-0.18476,51.46279],[-0.18601,51.46287],[-0.18711,51.46419]]]}},{"type":"Feature","properties":{"ward":"Shaftesbury","code":"E05000623","borough":"Wandsworth"},"geometry":{"type":"Polygon","coordinates":[[[-0.15695,51.47025],[-0.15226,51.47068],[-0.15062,51.46761],[-0.15047,51.46598],[-0.15123,51.46588],[-0.15097,51.46384],[-0.14969,51.4613],[-0.16297,51.46101],[-0.1643,51.46138],[-0.1654,51.46233],[-0.16544,51.46319],[-0.16467,51.46412],[-0.16759,51.4638],[-0.16852,51.46521],[-0.15695,51.47025]]]}},{"type":"Feature","properties":{"ward":"Southfields","code":"E05000624","borough":"Wandsworth"},"geometry":{"type":"Polygon","coordinates":[[[-0.19831,51.45698],[-0.1957,51.45737],[-0.19282,51.45678],[-0.19272,51.45478],[-0.19145,51.45321],[-0.19212,51.45213],[-0.19149,51.4515],[-0.19223,51.44862],[-0.19337,51.44727],[-0.19339,51.44634],[-0.19253,51.44335],[-0.19188,51.44277],[-0.19016,51.44258],[-0.19004,51.44147],[-0.20456,51.43896],[-0.20611,51.442],[-0.20767,51.44985],[-0.20252,51.44996],[-0.20138,51.45208],[-0.19848,51.45314],[-0.19938,51.45582],[-0.19831,51.45698]]]}},{"type":"Feature","properties":{"ward":"Thamesfield","code":"E05000625","borough":"Wandsworth"},"geometry":{"type":"Polygon","coordinates":[[[-0.23295,51.47167],[-0.23262,51.47261],[-0.23111,51.47283],[-0.22434,51.47086],[-0.22342,51.47083],[-0.22343,51.47152],[-0.22276,51.47173],[-0.21747,51.46786],[-0.2128,51.46556],[-0.20344,51.46318],[-0.19967,51.46273],[-0.19554,51.46287],[-0.19509,51.46212],[-0.19513,51.46061],[-0.20511,51.46001],[-0.21076,51.46018],[-0.21093,51.45943],[-0.22564,51.46284],[-0.22553,51.46372],[-0.23357,51.46532],[-0.23365,51.46604],[-0.23283,51.46663],[-0.23345,51.46814],[-0.23295,51.47167]]]}},{"type":"Feature","properties":{"ward":"Tooting","code":"E05000626","borough":"Wandsworth"},"geometry":{"type":"Polygon","coordinates":[[[-0.17431,51.43472],[-0.17202,51.43372],[-0.16755,51.43601],[-0.16654,51.43547],[-0.16513,51.43614],[-0.16667,51.43743],[-0.16425,51.43794],[-0.16095,51.43508],[-0.16179,51.43461],[-0.15566,51.43053],[-0.15808,51.42942],[-0.16091,51.4313],[-0.1651,51.42919],[-0.16624,51.42973],[-0.17063,51.42519],[-0.17335,51.42307],[-0.18194,51.42474],[-0.18395,51.4262],[-0.18435,51.42696],[-0.18425,51.43127],[-0.18058,51.43293],[-0.17935,51.43245],[-0.17901,51.43297],[-0.17971,51.4332],[-0.17431,51.43472]]]}},{"type":"Feature","properties":{"ward":"Wandsworth Common","code":"E05000627","borough":"Wandsworth"},"geometry":{"type":"Polygon","coordinates":[[[-0.16478,51.44708],[-0.16803,51.44386],[-0.16525,51.44093],[-0.169,51.43936],[-0.16513,51.43614],[-0.16654,51.43547],[-0.16755,51.43601],[-0.17202,51.43372],[-0.17431,51.43472],[-0.17834,51.43842],[-0.17869,51.43825],[-0.17895,51.43907],[-0.17864,51.43928],[-0.1831,51.44403],[-0.18638,51.44236],[-0.18715,51.44301],[-0.18493,51.44529],[-0.18628,51.44576],[-0.1871,51.44715],[-0.18462,51.44829],[-0.18533,51.44836],[-0.18869,51.45149],[-0.18533,51.45265],[-0.18467,51.45369],[-0.18304,51.45395],[-0.18568,51.4576],[-0.17517,51.45852],[-0.17275,51.45935],[-0.17246,51.4568],[-0.17121,51.45457],[-0.16478,51.44708]]]}},{"type":"Feature","properties":{"ward":"West Hill","code":"E05000628","borough":"Wandsworth"},"geometry":{"type":"Polygon","coordinates":[[[-0.20456,51.43896],[-0.21573,51.43775],[-0.21785,51.43868],[-0.22451,51.43858],[-0.22217,51.44675],[-0.22288,51.44829],[-0.21098,51.45397],[-0.20767,51.44985],[-0.20611,51.442],[-0.20456,51.43896]]]}},{"type":"Feature","properties":{"ward":"West Putney","code":"E05000629","borough":"Wandsworth"},"geometry":{"type":"Polygon","coordinates":[[[-0.24398,51.46523],[-0.23331,51.46399],[-0.23357,51.46532],[-0.22553,51.46372],[-0.22564,51.46284],[-0.22397,51.46269],[-0.22414,51.45972],[-0.22633,51.45952],[-0.22599,51.45624],[-0.21941,51.45576],[-0.22046,51.45369],[-0.222,51.45314],[-0.22542,51.45314],[-0.23636,51.45128],[-0.23689,51.45289],[-0.24388,51.45188],[-0.24282,51.45713],[-0.24369,51.46081],[-0.24398,51.46523]]]}},{"type":"Feature","properties":{"ward":"Abbey Road","code":"E05000630","borough":"Westminster"},"geometry":{"type":"Polygon","coordinates":[[[-0.18877,51.53452],[-0.18387,51.53838],[-0.17835,51.53979],[-0.17392,51.53948],[-0.17414,51.5382],[-0.17351,51.53763],[-0.17198,51.53838],[-0.17089,51.53779],[-0.16954,51.5386],[-0.16496,51.53578],[-0.16821,51.53434],[-0.16908,51.53508],[-0.17334,51.5331],[-0.17581,51.53098],[-0.18146,51.52839],[-0.18877,51.53452]]]}},{"type":"Feature","properties":{"ward":"Bayswater","code":"E05000631","borough":"Westminster"},"geometry":{"type":"Polygon","coordinates":[[[-0.19437,51.51271],[-0.19507,51.51503],[-0.19921,51.51455],[-0.19994,51.51685],[-0.19704,51.51726],[-0.19792,51.51874],[-0.19512,51.51928],[-0.19519,51.52054],[-0.19117,51.51969],[-0.18491,51.51953],[-0.18211,51.51756],[-0.18852,51.51578],[-0.19202,51.51538],[-0.19131,51.51303],[-0.19437,51.51271]]]}},{"type":"Feature","properties":{"ward":"Bryanston and Dorset Square","code":"E05000632","borough":"Westminster"},"geometry":{"type":"Polygon","coordinates":[[[-0.16023,51.51322],[-0.17019,51.51995],[-0.16434,51.52092],[-0.16538,51.52251],[-0.16739,51.52404],[-0.16562,51.52485],[-0.16131,51.52569],[-0.15848,51.52422],[-0.15697,51.52092],[-0.15912,51.52053],[-0.15598,51.51372],[-0.16023,51.51322]]]}},{"type":"Feature","properties":{"ward":"Churchill","code":"E05000633","borough":"Westminster"},"geometry":{"type":"Polygon","coordinates":[[[-0.15,51.48548],[-0.15037,51.48623],[-0.15587,51.48961],[-0.1552,51.49005],[-0.1557,51.49105],[-0.15282,51.4926],[-0.15175,51.49199],[-0.15033,51.49333],[-0.14789,51.49257],[-0.1498,51.49077],[-0.14336,51.48752],[-0.13849,51.48816],[-0.13736,51.48525],[-0.13813,51.48481],[-0.14034,51.48485],[-0.14551,51.48563],[-0.14899,51.48556],[-0.14913,51.48623],[-0.14968,51.48609],[-0.14926,51.48553],[-0.15,51.48548]]]}},{"type":"Feature","properties":{"ward":"Church Street","code":"E05000634","borough":"Westminster"},"geometry":{"type":"Polygon","coordinates":[[[-0.17019,51.51995],[-0.17685,51.52462],[-0.17387,51.52608],[-0.16921,51.5269],[-0.16733,51.52833],[-0.164,51.52518],[-0.16739,51.52404],[-0.16538,51.52251],[-0.16434,51.52092],[-0.17019,51.51995]]]}},{"type":"Feature","properties":{"ward":"Harrow Road","code":"E05000635","borough":"Westminster"},"geometry":{"type":"Polygon","coordinates":[[[-0.20307,51.5329],[-0.20169,51.53256],[-0.1983,51.53044],[-0.1978,51.5279],[-0.19702,51.52794],[-0.19145,51.52549],[-0.19526,51.52306],[-0.20168,51.52428],[-0.20164,51.52274],[-0.20388,51.52346],[-0.2059,51.52574],[-0.20732,51.52624],[-0.20549,51.52622],[-0.20406,51.52547],[-0.2035,51.52899],[-0.20139,51.52856],[-0.20307,51.5329]]]}},{"type":"Feature","properties":{"ward":"Hyde Park","code":"E05000636","borough":"Westminster"},"geometry":{"type":"Polygon","coordinates":[[[-0.18491,51.51953],[-0.17999,51.5201],[-0.17019,51.51995],[-0.16023,51.51322],[-0.17606,51.51157],[-0.17595,51.51222],[-0.18195,51.5162],[-0.18096,51.51675],[-0.18491,51.51953]]]}},{"type":"Feature","properties":{"ward":"Knightsbridge and Belgravia","code":"E05000637","borough":"Kensington and Chelsea"},"geometry":{"type":"Polygon","coordinates":[[[-0.17957,51.49778],[-0.18034,51.50146],[-0.18426,51.50179],[-0.18793,51.51018],[-0.15837,51.51342],[-0.15671,51.51035],[-0.15098,51.50544],[-0.15126,51.50405],[-0.15268,51.50383],[-0.15169,51.50189],[-0.14841,51.49965],[-0.14631,51.49723],[-0.15175,51.49199],[-0.15282,51.4926],[-0.1557,51.49105],[-0.15582,51.49145],[-0.15482,51.49196],[-0.15599,51.4932],[-0.15502,51.49386],[-0.15601,51.49449],[-0.15532,51.49506],[-0.15605,51.49751],[-0.15787,51.49902],[-0.15848,51.50225],[-0.16102,51.50159],[-0.16551,51.4987],[-0.1658,51.49924],[-0.16764,51.4983],[-0.16841,51.49902],[-0.17957,51.49778]]]}},{"type":"Feature","properties":{"ward":"Lancaster Gate","code":"E05000638","borough":"Westminster"},"geometry":{"type":"Polygon","coordinates":[[[-0.19437,51.51271],[-0.19131,51.51303],[-0.19202,51.51538],[-0.18852,51.51578],[-0.18211,51.51756],[-0.18096,51.51675],[-0.18195,51.5162],[-0.17595,51.51222],[-0.17606,51.51157],[-0.18234,51.51059],[-0.19214,51.50987],[-0.19298,51.51181],[-0.19407,51.51176],[-0.19437,51.51271]]]}},{"type":"Feature","properties":{"ward":"Little Venice","code":"E05000639","borough":"Westminster"},"geometry":{"type":"Polygon","coordinates":[[[-0.17999,51.5201],[-0.18138,51.52103],[-0.18352,51.52114],[-0.1878,51.52249],[-0.18689,51.52329],[-0.19032,51.52492],[-0.18316,51.5275],[-0.18364,51.52793],[-0.18317,51.52816],[-0.1823,51.52797],[-0.18146,51.52839],[-0.17019,51.51995],[-0.17999,51.5201]]]}},{"type":"Feature","properties":{"ward":"Maida Vale","code":"E05000640","borough":"Westminster"},"geometry":{"type":"Polygon","coordinates":[[[-0.19032,51.52492],[-0.19657,51.52765],[-0.19256,51.53263],[-0.19238,51.53325],[-0.19304,51.53399],[-0.19148,51.53629],[-0.18146,51.52839],[-0.1823,51.52797],[-0.18317,51.52816],[-0.18364,51.52793],[-0.18316,51.5275],[-0.19032,51.52492]]]}},{"type":"Feature","properties":{"ward":"Marylebone High Street","code":"E05000641","borough":"Westminster"},"geometry":{"type":"Polygon","coordinates":[[[-0.15757,51.52214],[-0.15255,51.52302],[-0.15299,51.52405],[-0.14582,51.52527],[-0.1452,51.52399],[-0.14415,51.524],[-0.14418,51.52464],[-0.1435,51.52462],[-0.14352,51.52395],[-0.1429,51.52388],[-0.13918,51.52082],[-0.14716,51.51936],[-0.1453,51.51593],[-0.1476,51.51553],[-0.14695,51.51464],[-0.15598,51.51372],[-0.15912,51.52053],[-0.15697,51.52092],[-0.15757,51.52214]]]}},{"type":"Feature","properties":{"ward":"Queen's Park","code":"E05000642","borough":"Westminster"},"geometry":{"type":"Polygon","coordinates":[[[-0.21603,51.52793],[-0.21588,51.52973],[-0.2151,51.53026],[-0.21521,51.53139],[-0.20765,51.53282],[-0.20307,51.5329],[-0.20139,51.52856],[-0.2035,51.52899],[-0.20406,51.52547],[-0.20549,51.52622],[-0.20726,51.52644],[-0.21557,51.52672],[-0.21603,51.52793]]]}},{"type":"Feature","properties":{"ward":"Regent's Park","code":"E05000643","borough":"Westminster"},"geometry":{"type":"Polygon","coordinates":[[[-0.16496,51.53578],[-0.16049,51.53728],[-0.15944,51.53636],[-0.15273,51.53752],[-0.1472,51.52504],[-0.15299,51.52405],[-0.15255,51.52302],[-0.15757,51.52214],[-0.15848,51.52422],[-0.16131,51.52569],[-0.164,51.52518],[-0.16733,51.52833],[-0.16921,51.5269],[-0.17387,51.52608],[-0.17685,51.52462],[-0.18146,51.52839],[-0.17581,51.53098],[-0.17334,51.5331],[-0.16908,51.53508],[-0.16821,51.53434],[-0.16496,51.53578]]]}},{"type":"Feature","properties":{"ward":"St James's","code":"E05000644","borough":"Westminster"},"geometry":{"type":"Polygon","coordinates":[[[-0.15169,51.50189],[-0.15004,51.50242],[-0.1498,51.50324],[-0.14133,51.50752],[-0.1348,51.50969],[-0.13331,51.51135],[-0.129,51.51343],[-0.12735,51.51267],[-0.12289,51.51514],[-0.1221,51.51463],[-0.11949,51.51451],[-0.11472,51.51604],[-0.11386,51.51482],[-0.11161,51.51534],[-0.1111,51.51383],[-0.11198,51.51368],[-0.11174,51.5132],[-0.11241,51.51277],[-0.11153,51.51164],[-0.11157,51.51075],[-0.11513,51.51044],[-0.11838,51.50956],[-0.12137,51.50741],[-0.12309,51.50402],[-0.12468,51.49471],[-0.13238,51.49492],[-0.13239,51.49432],[-0.13326,51.4937],[-0.13454,51.49422],[-0.13416,51.49461],[-0.13519,51.49605],[-0.13482,51.49623],[-0.13566,51.49646],[-0.13561,51.49752],[-0.14263,51.49658],[-0.14484,51.49672],[-0.14631,51.49723],[-0.14841,51.49965],[-0.15169,51.50189]]]}},{"type":"Feature","properties":{"ward":"Tachbrook","code":"E05000645","borough":"Westminster"},"geometry":{"type":"Polygon","coordinates":[[[-0.13816,51.49281],[-0.12849,51.48821],[-0.13266,51.4857],[-0.13813,51.48481],[-0.13736,51.48525],[-0.13849,51.48816],[-0.13988,51.48895],[-0.13756,51.49112],[-0.13895,51.49253],[-0.13816,51.49281]]]}},{"type":"Feature","properties":{"ward":"Vincent Square","code":"E05000646","borough":"Westminster"},"geometry":{"type":"Polygon","coordinates":[[[-0.13816,51.49281],[-0.14095,51.49424],[-0.14263,51.49658],[-0.13561,51.49752],[-0.13566,51.49646],[-0.13482,51.49623],[-0.13519,51.49605],[-0.13416,51.49461],[-0.13454,51.49422],[-0.13326,51.4937],[-0.13239,51.49432],[-0.13238,51.49492],[-0.12468,51.49471],[-0.12538,51.49164],[-0.12849,51.48821],[-0.13816,51.49281]]]}},{"type":"Feature","properties":{"ward":"Warwick","code":"E05000647","borough":"Westminster"},"geometry":{"type":"Polygon","coordinates":[[[-0.13816,51.49281],[-0.13895,51.49253],[-0.13756,51.49112],[-0.13988,51.48895],[-0.13849,51.48816],[-0.14336,51.48752],[-0.1498,51.49077],[-0.14789,51.49257],[-0.15033,51.49333],[-0.14631,51.49723],[-0.14263,51.49658],[-0.14095,51.49424],[-0.13816,51.49281]]]}},{"type":"Feature","properties":{"ward":"Westbourne","code":"E05000648","borough":"Westminster"},"geometry":{"type":"Polygon","coordinates":[[[-0.17999,51.5201],[-0.18491,51.51953],[-0.19117,51.51969],[-0.19519,51.52054],[-0.19512,51.51928],[-0.19792,51.51874],[-0.19704,51.51726],[-0.19994,51.51685],[-0.20075,51.51798],[-0.20149,51.5178],[-0.20377,51.52062],[-0.20063,51.52071],[-0.20164,51.52274],[-0.20168,51.52428],[-0.19526,51.52306],[-0.19145,51.52549],[-0.18689,51.52329],[-0.1878,51.52249],[-0.18352,51.52114],[-0.18138,51.52103],[-0.17999,51.5201]]]}},{"type":"Feature","properties":{"ward":"West End","code":"E05000649","borough":"Westminster"},"geometry":{"type":"Polygon","coordinates":[[[-0.15169,51.50189],[-0.15268,51.50383],[-0.15126,51.50405],[-0.15098,51.50544],[-0.15671,51.51035],[-0.15837,51.51342],[-0.14695,51.51464],[-0.1476,51.51553],[-0.1453,51.51593],[-0.14716,51.51936],[-0.13918,51.52082],[-0.13703,51.51888],[-0.13526,51.51893],[-0.13407,51.51756],[-0.13362,51.51773],[-0.13247,51.51672],[-0.13083,51.5171],[-0.12936,51.51348],[-0.129,51.51343],[-0.13331,51.51135],[-0.1348,51.50969],[-0.14133,51.50752],[-0.1498,51.50324],[-0.15004,51.50242],[-0.15169,51.50189]]]}}]}