{"type":"FeatureCollection","features":[{"type":"Feature","properties":{"name":"Bow Creek","kind":"water"},"geometry":{"type":"LineString","coordinates":[[-0.006608,51.525977],[-0.008026,51.522271]]}},{"type":"Feature","properties":{"name":"Barking Creek","kind":"water"},"geometry":{"type":"LineString","coordinates":[[0.082462,51.527064],[0.085597,51.525777],[0.089045,51.52643],[0.092468,51.525836],[0.092462,51.522522],[0.095015,51.520382],[0.094994,51.517143],[0.098653,51.514177],[0.099706,51.511899]]}},{"type":"Feature","properties":{"name":"Brent Reservoir","kind":"water"},"geometry":{"type":"Polygon","coordinates":[[[-0.246265,51.576873],[-0.247082,51.578955],[-0.246409,51.579147],[-0.246522,51.578578],[-0.245134,51.577462],[-0.242621,51.57652],[-0.241345,51.573582],[-0.23667,51.572595],[-0.236833,51.572098],[-0.239847,51.571964],[-0.243308,51.570619],[-0.244123,51.569072],[-0.251738,51.56693],[-0.252348,51.566082],[-0.254629,51.56545],[-0.257215,51.567833],[-0.256769,51.568376],[-0.249668,51.569467],[-0.246893,51.572019],[-0.243788,51.573219],[-0.242941,51.575162],[-0.246265,51.576873]]]}},{"type":"Feature","properties":{"name":"Angel Pond","kind":"water"},"geometry":{"type":"Polygon","coordinates":[[[-0.226931,51.617429],[-0.226962,51.617553],[-0.226712,51.617515],[-0.226931,51.617429]]]}},{"type":"Feature","properties":{"name":"Lockwood Reservoir","kind":"water"},"geometry":{"type":"Polygon","coordinates":[[[-0.051652,51.589906],[-0.052806,51.590674],[-0.049779,51.596466],[-0.045552,51.599545],[-0.0434,51.598856],[-0.045821,51.593891],[-0.047211,51.592446],[-0.051652,51.589906]]]}},{"type":"Feature","properties":{"name":"Low Maynard Reservoir","kind":"water"},"geometry":{"type":"Polygon","coordinates":[[[-0.051726,51.586874],[-0.050727,51.589501],[-0.048473,51.591348],[-0.046693,51.591687],[-0.046516,51.591161],[-0.048619,51.588884],[-0.048791,51.586762],[-0.050507,51.586319],[-0.051726,51.586874]]]}},{"type":"Feature","properties":{"name":null,"kind":"water"},"geometry":{"type":"Polygon","coordinates":[[[-0.047585,51.574922],[-0.046453,51.575449],[-0.045872,51.574967],[-0.047004,51.57444],[-0.047585,51.574922]]]}},{"type":"Feature","properties":{"name":"Reservoir №4","kind":"water"},"geometry":{"type":"Polygon","coordinates":[[[-0.050429,51.58454],[-0.050608,51.58572],[-0.046439,51.586127],[-0.044618,51.5833],[-0.048517,51.582109],[-0.048962,51.584479],[-0.050429,51.58454]]]}},{"type":"Feature","properties":{"name":"Longford River","kind":"water"},"geometry":{"type":"LineString","coordinates":[[-0.36117,51.423149],[-0.360282,51.422316],[-0.355535,51.422435]]}},{"type":"Feature","properties":{"name":"Longford River","kind":"water"},"geometry":{"type":"LineString","coordinates":[[-0.492179,51.480965],[-0.492887,51.480597],[-0.49297,51.478875],[-0.494804,51.477923],[-0.495553,51.47508]]}},{"type":"Feature","properties":{"name":"Longford River","kind":"water"},"geometry":{"type":"LineString","coordinates":[[-0.403488,51.443632],[-0.400956,51.441089]]}},{"type":"Feature","properties":{"name":"Longford River","kind":"water"},"geometry":{"type":"LineString","coordinates":[[-0.366847,51.429577],[-0.361895,51.427052]]}},{"type":"Feature","properties":{"name":null,"kind":"water"},"geometry":{"type":"Polygon","coordinates":[[[-0.138303,51.661718],[-0.138185,51.661239],[-0.140203,51.660633],[-0.138303,51.661718]]]}},{"type":"Feature","properties":{"name":null,"kind":"water"},"geometry":{"type":"Polygon","coordinates":[[[-0.133417,51.662075],[-0.132027,51.661977],[-0.137821,51.661718],[-0.133417,51.662075]]]}},{"type":"Feature","properties":{"name":"River Lee Navigation","kind":"water"},"geometry":{"type":"LineString","coordinates":[[-0.012051,51.678061],[-0.013065,51.674399],[-0.015882,51.67301],[-0.017458,51.670925],[-0.018167,51.667341]]}},{"type":"Feature","properties":{"name":"River Lee Navigation","kind":"water"},"geometry":{"type":"LineString","coordinates":[[-0.018199,51.667077],[-0.018374,51.665518],[-0.020714,51.663107],[-0.020071,51.656244],[-0.020398,51.653584],[-0.022383,51.650089],[-0.025904,51.646153],[-0.028407,51.644747],[-0.029839,51.642285]]}},{"type":"Feature","properties":{"name":"Limehouse Cut","kind":"water"},"geometry":{"type":"LineString","coordinates":[[-0.008138,51.523464],[-0.011432,51.520815],[-0.031016,51.51274],[-0.03289,51.510846],[-0.03516,51.511271]]}},{"type":"Feature","properties":{"name":"New River","kind":"water"},"geometry":{"type":"LineString","coordinates":[[-0.081704,51.642445],[-0.084485,51.638866],[-0.086965,51.638918],[-0.089678,51.636412]]}},{"type":"Feature","properties":{"name":"New River","kind":"water"},"geometry":{"type":"LineString","coordinates":[[-0.093992,51.632091],[-0.094737,51.631228]]}},{"type":"Feature","properties":{"name":"Darland's Lake","kind":"water"},"geometry":{"type":"Polygon","coordinates":[[[-0.205031,51.625242],[-0.204922,51.625608],[-0.203587,51.625312],[-0.205031,51.625242]]]}},{"type":"Feature","properties":{"name":"Jack's Lake","kind":"water"},"geometry":{"type":"Polygon","coordinates":[[[-0.163803,51.657846],[-0.164416,51.657227],[-0.163558,51.656869],[-0.161953,51.659996],[-0.163803,51.657846]]]}},{"type":"Feature","properties":{"name":null,"kind":"water"},"geometry":{"type":"Polygon","coordinates":[[[-0.162039,51.660266],[-0.161468,51.660382],[-0.161405,51.661443],[-0.162039,51.660266]]]}},{"type":"Feature","properties":{"name":null,"kind":"water"},"geometry":{"type":"Polygon","coordinates":[[[-0.15968,51.661884],[-0.159036,51.663174],[-0.161018,51.66213],[-0.160593,51.661475],[-0.15968,51.661884]]]}},{"type":"Feature","properties":{"name":"Pymmes Brook","kind":"water"},"geometry":{"type":"LineString","coordinates":[[-0.164298,51.657166],[-0.164364,51.656184],[-0.166918,51.654001],[-0.166425,51.651537]]}},{"type":"Feature","properties":{"name":"Pymmes Brook","kind":"water"},"geometry":{"type":"LineString","coordinates":[[-0.166425,51.651537],[-0.164316,51.650635],[-0.163037,51.648889],[-0.162677,51.647448],[-0.163327,51.645637],[-0.162898,51.644824]]}},{"type":"Feature","properties":{"name":"Pymmes Brook","kind":"water"},"geometry":{"type":"LineString","coordinates":[[-0.162898,51.644824],[-0.161803,51.644002],[-0.162153,51.642779]]}},{"type":"Feature","properties":{"name":null,"kind":"water"},"geometry":{"type":"Polygon","coordinates":[[[-0.233042,51.482666],[-0.232254,51.482918],[-0.232115,51.482425],[-0.232678,51.481834],[-0.233042,51.482666]]]}},{"type":"Feature","properties":{"name":"Beverley Brook","kind":"water"},"geometry":{"type":"LineString","coordinates":[[-0.237307,51.472622],[-0.231067,51.472784],[-0.223794,51.47074],[-0.223509,51.471422]]}},{"type":"Feature","properties":{"name":"Ruislip Lido","kind":"water"},"geometry":{"type":"Polygon","coordinates":[[[-0.43108,51.591935],[-0.42711,51.595467],[-0.429548,51.5891],[-0.432484,51.588479],[-0.433881,51.589988],[-0.432134,51.590583],[-0.43108,51.591935]]]}},{"type":"Feature","properties":{"name":null,"kind":"water"},"geometry":{"type":"Polygon","coordinates":[[[-0.337012,51.410134],[-0.335799,51.410429],[-0.335277,51.409783],[-0.336551,51.409393],[-0.337012,51.410134]]]}},{"type":"Feature","properties":{"name":"Long Water","kind":"water"},"geometry":{"type":"Polygon","coordinates":[[[-0.318893,51.401418],[-0.33322,51.402653],[-0.335612,51.40154],[-0.335993,51.400215],[-0.335712,51.401637],[-0.33373,51.402414],[-0.333582,51.403584],[-0.334956,51.404435],[-0.334502,51.406181],[-0.334792,51.40449],[-0.333289,51.403143],[-0.318893,51.401418]]]}},{"type":"Feature","properties":{"name":"Beverley Brook","kind":"water"},"geometry":{"type":"LineString","coordinates":[[-0.239788,51.472449],[-0.238747,51.472519]]}},{"type":"Feature","properties":{"name":"Beverley Brook","kind":"water"},"geometry":{"type":"LineString","coordinates":[[-0.259083,51.455129],[-0.257555,51.458606],[-0.258267,51.45984],[-0.256372,51.462694],[-0.253134,51.465137]]}},{"type":"Feature","properties":{"name":"River Roding","kind":"water"},"geometry":{"type":"LineString","coordinates":[[0.068346,51.552846],[0.068554,51.55109],[0.069324,51.550354],[0.068824,51.548876],[0.069521,51.54633],[0.06877,51.541914],[0.069714,51.540677]]}},{"type":"Feature","properties":{"name":"River Roding","kind":"water"},"geometry":{"type":"LineString","coordinates":[[0.063213,51.558204],[0.066299,51.556482],[0.068346,51.552846]]}},{"type":"Feature","properties":{"name":"West Reservoir","kind":"water"},"geometry":{"type":"Polygon","coordinates":[[[-0.08828,51.569685],[-0.088384,51.568145],[-0.089382,51.567187],[-0.090722,51.566743],[-0.092665,51.567263],[-0.092608,51.568236],[-0.09097,51.569712],[-0.088977,51.570183],[-0.08828,51.569685]]]}},{"type":"Feature","properties":{"name":"East Reservoir","kind":"water"},"geometry":{"type":"Polygon","coordinates":[[[-0.084149,51.572436],[-0.083437,51.571232],[-0.083981,51.570445],[-0.087559,51.569965],[-0.088112,51.57074],[-0.085847,51.57237],[-0.084149,51.572436]]]}},{"type":"Feature","properties":{"name":"Lee Navigation","kind":"water"},"geometry":{"type":"LineString","coordinates":[[-0.013236,51.529743],[-0.010723,51.529288],[-0.00762,51.526346],[-0.008138,51.523464]]}},{"type":"Feature","properties":{"name":"River Lee Navigation","kind":"water"},"geometry":{"type":"LineString","coordinates":[[-0.056578,51.587367],[-0.056086,51.584084]]}},{"type":"Feature","properties":{"name":"River Lee Navigation","kind":"water"},"geometry":{"type":"LineString","coordinates":[[-0.032466,51.625963],[-0.041044,51.61071],[-0.042031,51.605518],[-0.046186,51.600513],[-0.050169,51.597374]]}},{"type":"Feature","properties":{"name":"River Roding","kind":"water"},"geometry":{"type":"LineString","coordinates":[[0.048205,51.613201],[0.049445,51.612295],[0.046585,51.608628],[0.048261,51.605026]]}},{"type":"Feature","properties":{"name":"Channelsea River","kind":"water"},"geometry":{"type":"LineString","coordinates":[[0.000955,51.530254],[0.001187,51.529723],[-0.000176,51.528024],[-0.006608,51.525977]]}},{"type":"Feature","properties":{"name":"Prescott Channel","kind":"water"},"geometry":{"type":"LineString","coordinates":[[-0.00719,51.530415],[-0.004413,51.529021]]}},{"type":"Feature","properties":{"name":"Three Mills Wall River","kind":"water"},"geometry":{"type":"LineString","coordinates":[[-0.008564,51.533519],[-0.00719,51.530415]]}},{"type":"Feature","properties":{"name":"River Lea","kind":"water"},"geometry":{"type":"LineString","coordinates":[[-0.045021,51.561615],[-0.036653,51.56151],[-0.033335,51.560627],[-0.029696,51.561373],[-0.0255,51.559606],[-0.023969,51.557373]]}},{"type":"Feature","properties":{"name":"Old River Lea","kind":"water"},"geometry":{"type":"LineString","coordinates":[[-0.016473,51.541706],[-0.019438,51.538285],[-0.021046,51.537388]]}},{"type":"Feature","properties":{"name":"City Mill River","kind":"water"},"geometry":{"type":"LineString","coordinates":[[-0.016565,51.541269],[-0.013881,51.539356],[-0.014106,51.537094],[-0.010073,51.534262],[-0.009599,51.532844]]}},{"type":"Feature","properties":{"name":"St Thomas Creek","kind":"water"},"geometry":{"type":"LineString","coordinates":[[-0.014129,51.530177],[-0.011309,51.532127]]}},{"type":"Feature","properties":{"name":"Lee Navigation","kind":"water"},"geometry":{"type":"LineString","coordinates":[[-0.020842,51.538187],[-0.020881,51.537929]]}},{"type":"Feature","properties":{"name":null,"kind":"water"},"geometry":{"type":"LineString","coordinates":[[-0.058052,51.572264],[-0.056639,51.572751],[-0.057116,51.571628]]}},{"type":"Feature","properties":{"name":"River Lee Diversion","kind":"water"},"geometry":{"type":"LineString","coordinates":[[-0.025257,51.622478],[-0.032664,51.616316],[-0.035236,51.613336],[-0.035539,51.612242],[-0.034015,51.609239],[-0.040987,51.60596],[-0.041929,51.60488]]}},{"type":"Feature","properties":{"name":"River Lee Flood Relief Channel","kind":"water"},"geometry":{"type":"LineString","coordinates":[[-0.041929,51.60488],[-0.04092,51.601385],[-0.043692,51.597074],[-0.043435,51.590628],[-0.045417,51.586383],[-0.042185,51.580539],[-0.042551,51.578863],[-0.040894,51.577007],[-0.045381,51.573747],[-0.045825,51.57248],[-0.045419,51.571154]]}},{"type":"Feature","properties":{"name":"River Lee Diversion","kind":"water"},"geometry":{"type":"LineString","coordinates":[[-0.041929,51.60488],[-0.046124,51.599987],[-0.050282,51.596777],[-0.051989,51.594306],[-0.053746,51.589765]]}},{"type":"Feature","properties":{"name":"Coppermill Stream","kind":"water"},"geometry":{"type":"LineString","coordinates":[[-0.051824,51.588455],[-0.052315,51.585828],[-0.054373,51.584973],[-0.055151,51.582959],[-0.052253,51.576674],[-0.056333,51.573075]]}},{"type":"Feature","properties":{"name":"River Lee Diversion","kind":"water"},"geometry":{"type":"LineString","coordinates":[[-0.053746,51.589765],[-0.056446,51.586808]]}},{"type":"Feature","properties":{"name":"River Ravensbourne","kind":"water"},"geometry":{"type":"LineString","coordinates":[[0.001183,51.407927],[-0.003364,51.41138],[-0.00389,51.413086],[-0.006046,51.415983],[-0.005421,51.417396],[-0.006239,51.419681],[-0.007044,51.420105],[-0.007048,51.421793],[-0.008169,51.422379],[-0.007668,51.422944]]}},{"type":"Feature","properties":{"name":"River Ravensbourne","kind":"water"},"geometry":{"type":"LineString","coordinates":[[-0.012011,51.427437],[-0.014762,51.428981]]}},{"type":"Feature","properties":{"name":"River Ravensbourne","kind":"water"},"geometry":{"type":"LineString","coordinates":[[-0.018811,51.43324],[-0.019511,51.434835],[-0.022294,51.437202],[-0.022536,51.439026],[-0.026239,51.43979],[-0.026877,51.441864],[-0.026564,51.442677]]}},{"type":"Feature","properties":{"name":"Deptford Creek","kind":"water"},"geometry":{"type":"Polygon","coordinates":[[[-0.016414,51.481255],[-0.018288,51.482123],[-0.018855,51.483503],[-0.017557,51.483257],[-0.017897,51.482688],[-0.017178,51.482222],[-0.015063,51.481789],[-0.018649,51.479008],[-0.018821,51.477323],[-0.020655,51.476407],[-0.020779,51.475488],[-0.022676,51.475334],[-0.021237,51.475588],[-0.020814,51.475855],[-0.022669,51.475896],[-0.01929,51.477258],[-0.01919,51.479626],[-0.0171,51.480364],[-0.016414,51.481255]]]}},{"type":"Feature","properties":{"name":"Park Lake","kind":"water"},"geometry":{"type":"Polygon","coordinates":[[[-0.332491,51.569394],[-0.332922,51.570447],[-0.334321,51.570791],[-0.334075,51.57123],[-0.332566,51.570568],[-0.332491,51.569394]]]}},{"type":"Feature","properties":{"name":null,"kind":"water"},"geometry":{"type":"Polygon","coordinates":[[[-0.13581,51.379163],[-0.135495,51.37933],[-0.135433,51.379116],[-0.13581,51.379163]]]}},{"type":"Feature","properties":{"name":null,"kind":"water"},"geometry":{"type":"Polygon","coordinates":[[[-0.13563,51.37953],[-0.136068,51.379588],[-0.135718,51.379738],[-0.13563,51.37953]]]}},{"type":"Feature","properties":{"name":null,"kind":"water"},"geometry":{"type":"Polygon","coordinates":[[[-0.13622,51.379513],[-0.136548,51.379343],[-0.136631,51.379531],[-0.13622,51.379513]]]}},{"type":"Feature","properties":{"name":null,"kind":"water"},"geometry":{"type":"Polygon","coordinates":[[[-0.136486,51.380266],[-0.136101,51.380437],[-0.136123,51.380234],[-0.136486,51.380266]]]}},{"type":"Feature","properties":{"name":null,"kind":"water"},"geometry":{"type":"Polygon","coordinates":[[[-0.136597,51.380611],[-0.136705,51.380796],[-0.136303,51.380734],[-0.136597,51.380611]]]}},{"type":"Feature","properties":{"name":null,"kind":"water"},"geometry":{"type":"Polygon","coordinates":[[[-0.136923,51.380539],[-0.137325,51.380544],[-0.137184,51.380729],[-0.136923,51.380539]]]}},{"type":"Feature","properties":{"name":null,"kind":"water"},"geometry":{"type":"Polygon","coordinates":[[[-0.136959,51.380063],[-0.137098,51.380246],[-0.136809,51.38033],[-0.136959,51.380063]]]}},{"type":"Feature","properties":{"name":null,"kind":"water"},"geometry":{"type":"Polygon","coordinates":[[[-0.137121,51.379635],[-0.136552,51.378685],[-0.137423,51.378482],[-0.137992,51.379432],[-0.137121,51.379635]]]}},{"type":"Feature","properties":{"name":null,"kind":"water"},"geometry":{"type":"Polygon","coordinates":[[[-0.137839,51.380759],[-0.137237,51.379788],[-0.138078,51.379584],[-0.13868,51.380556],[-0.137839,51.380759]]]}},{"type":"Feature","properties":{"name":null,"kind":"water"},"geometry":{"type":"Polygon","coordinates":[[[-0.138599,51.379662],[-0.138438,51.379526],[-0.138692,51.37957],[-0.138599,51.379662]]]}},{"type":"Feature","properties":{"name":null,"kind":"water"},"geometry":{"type":"Polygon","coordinates":[[[-0.138884,51.380344],[-0.139121,51.380309],[-0.139126,51.380426],[-0.138884,51.380344]]]}},{"type":"Feature","properties":{"name":null,"kind":"water"},"geometry":{"type":"Polygon","coordinates":[[[-0.139466,51.380341],[-0.139283,51.380213],[-0.13952,51.38022],[-0.139466,51.380341]]]}},{"type":"Feature","properties":{"name":null,"kind":"water"},"geometry":{"type":"Polygon","coordinates":[[[-0.139116,51.37999],[-0.139369,51.379977],[-0.139323,51.380092],[-0.139116,51.37999]]]}},{"type":"Feature","properties":{"name":null,"kind":"water"},"geometry":{"type":"Polygon","coordinates":[[[-0.138746,51.380078],[-0.138983,51.38006],[-0.138951,51.380183],[-0.138746,51.380078]]]}},{"type":"Feature","properties":{"name":null,"kind":"water"},"geometry":{"type":"Polygon","coordinates":[[[-0.139222,51.379737],[-0.13898,51.379777],[-0.139018,51.379654],[-0.139222,51.379737]]]}},{"type":"Feature","properties":{"name":null,"kind":"water"},"geometry":{"type":"Polygon","coordinates":[[[-0.138991,51.379564],[-0.138793,51.379462],[-0.139043,51.379445],[-0.138991,51.379564]]]}},{"type":"Feature","properties":{"name":null,"kind":"water"},"geometry":{"type":"Polygon","coordinates":[[[-0.138571,51.379778],[-0.138815,51.379781],[-0.13874,51.379893],[-0.138571,51.379778]]]}},{"type":"Feature","properties":{"name":null,"kind":"water"},"geometry":{"type":"Polygon","coordinates":[[[-0.138459,51.379268],[-0.138217,51.379265],[-0.138278,51.379158],[-0.138459,51.379268]]]}},{"type":"Feature","properties":{"name":null,"kind":"water"},"geometry":{"type":"Polygon","coordinates":[[[-0.138673,51.379059],[-0.138838,51.379091],[-0.138737,51.379227],[-0.138673,51.379059]]]}},{"type":"Feature","properties":{"name":null,"kind":"water"},"geometry":{"type":"Polygon","coordinates":[[[-0.138641,51.378818],[-0.138695,51.378953],[-0.138449,51.378869],[-0.138641,51.378818]]]}},{"type":"Feature","properties":{"name":null,"kind":"water"},"geometry":{"type":"Polygon","coordinates":[[[-0.138315,51.37903],[-0.138063,51.379017],[-0.138256,51.378914],[-0.138315,51.37903]]]}},{"type":"Feature","properties":{"name":null,"kind":"water"},"geometry":{"type":"Polygon","coordinates":[[[-0.138075,51.378603],[-0.138162,51.378728],[-0.137879,51.378681],[-0.138075,51.378603]]]}},{"type":"Feature","properties":{"name":null,"kind":"water"},"geometry":{"type":"Polygon","coordinates":[[[-0.138461,51.378678],[-0.138289,51.378644],[-0.138403,51.378504],[-0.138461,51.378678]]]}},{"type":"Feature","properties":{"name":null,"kind":"water"},"geometry":{"type":"Polygon","coordinates":[[[-0.138225,51.37827],[-0.138373,51.378405],[-0.138141,51.378372],[-0.138225,51.37827]]]}},{"type":"Feature","properties":{"name":null,"kind":"water"},"geometry":{"type":"Polygon","coordinates":[[[-0.137946,51.378369],[-0.13798,51.378499],[-0.137746,51.378424],[-0.137946,51.378369]]]}},{"type":"Feature","properties":{"name":null,"kind":"water"},"geometry":{"type":"Polygon","coordinates":[[[-0.136243,51.378242],[-0.136489,51.378227],[-0.136448,51.378352],[-0.136243,51.378242]]]}},{"type":"Feature","properties":{"name":null,"kind":"water"},"geometry":{"type":"Polygon","coordinates":[[[-0.135888,51.37832],[-0.136133,51.378304],[-0.136071,51.378434],[-0.135888,51.37832]]]}},{"type":"Feature","properties":{"name":null,"kind":"water"},"geometry":{"type":"Polygon","coordinates":[[[-0.135598,51.378521],[-0.13555,51.378386],[-0.13578,51.378477],[-0.135598,51.378521]]]}},{"type":"Feature","properties":{"name":null,"kind":"water"},"geometry":{"type":"Polygon","coordinates":[[[-0.13565,51.378256],[-0.135393,51.378277],[-0.13556,51.378133],[-0.13565,51.378256]]]}},{"type":"Feature","properties":{"name":null,"kind":"water"},"geometry":{"type":"Polygon","coordinates":[[[-0.136003,51.378168],[-0.135762,51.378191],[-0.135783,51.37806],[-0.136003,51.378168]]]}},{"type":"Feature","properties":{"name":null,"kind":"water"},"geometry":{"type":"Polygon","coordinates":[[[-0.136103,51.37801],[-0.136339,51.377989],[-0.136313,51.378119],[-0.136103,51.37801]]]}},{"type":"Feature","properties":{"name":null,"kind":"water"},"geometry":{"type":"Polygon","coordinates":[[[-0.136083,51.379177],[-0.136078,51.378966],[-0.136407,51.37912],[-0.136083,51.379177]]]}},{"type":"Feature","properties":{"name":null,"kind":"water"},"geometry":{"type":"Polygon","coordinates":[[[-0.152064,51.384684],[-0.14964,51.38451],[-0.149596,51.385448],[-0.152171,51.38605],[-0.152064,51.384684]]]}},{"type":"Feature","properties":{"name":null,"kind":"water"},"geometry":{"type":"Polygon","coordinates":[[[-0.149361,51.385207],[-0.149382,51.384778],[-0.14773,51.384725],[-0.149361,51.385207]]]}},{"type":"Feature","properties":{"name":"Pymmes Brook","kind":"water"},"geometry":{"type":"LineString","coordinates":[[-0.162153,51.642779],[-0.15868,51.638808],[-0.152652,51.637343],[-0.150125,51.635478]]}},{"type":"Feature","properties":{"name":"River Wandle","kind":"water"},"geometry":{"type":"LineString","coordinates":[[-0.193815,51.457133],[-0.193267,51.459784],[-0.194586,51.461896]]}},{"type":"Feature","properties":{"name":"River Wandle","kind":"water"},"geometry":{"type":"LineString","coordinates":[[-0.191608,51.450889],[-0.191691,51.453141],[-0.192928,51.453996]]}},{"type":"Feature","properties":{"name":"River Wandle","kind":"water"},"geometry":{"type":"LineString","coordinates":[[-0.192422,51.448314],[-0.191608,51.450889]]}},{"type":"Feature","properties":{"name":"River Wandle","kind":"water"},"geometry":{"type":"LineString","coordinates":[[-0.193308,51.445987],[-0.193302,51.447389],[-0.192422,51.448314]]}},{"type":"Feature","properties":{"name":"River Wandle","kind":"water"},"geometry":{"type":"LineString","coordinates":[[-0.192287,51.443053],[-0.193308,51.445987]]}},{"type":"Feature","properties":{"name":"River Wandle","kind":"water"},"geometry":{"type":"LineString","coordinates":[[-0.18763,51.428506],[-0.189799,51.431352]]}},{"type":"Feature","properties":{"name":"River Wandle","kind":"water"},"geometry":{"type":"LineString","coordinates":[[-0.185517,51.425536],[-0.18763,51.428506]]}},{"type":"Feature","properties":{"name":"River Wandle","kind":"water"},"geometry":{"type":"LineString","coordinates":[[-0.18306,51.422786],[-0.185517,51.425536]]}},{"type":"Feature","properties":{"name":"River Wandle","kind":"water"},"geometry":{"type":"LineString","coordinates":[[-0.181412,51.420555],[-0.18306,51.422786]]}},{"type":"Feature","properties":{"name":"River Wandle","kind":"water"},"geometry":{"type":"LineString","coordinates":[[-0.180809,51.417247],[-0.18129,51.419785]]}},{"type":"Feature","properties":{"name":"River Wandle","kind":"water"},"geometry":{"type":"LineString","coordinates":[[-0.183742,51.414076],[-0.182839,51.415736],[-0.180673,51.416444],[-0.180809,51.417247]]}},{"type":"Feature","properties":{"name":"River Wandle","kind":"water"},"geometry":{"type":"LineString","coordinates":[[-0.184079,51.411459],[-0.183742,51.414076]]}},{"type":"Feature","properties":{"name":"River Wandle","kind":"water"},"geometry":{"type":"LineString","coordinates":[[-0.184354,51.408319],[-0.184079,51.411459]]}},{"type":"Feature","properties":{"name":"River Wandle","kind":"water"},"geometry":{"type":"LineString","coordinates":[[-0.187307,51.405526],[-0.184354,51.408319]]}},{"type":"Feature","properties":{"name":"River Wandle","kind":"water"},"geometry":{"type":"LineString","coordinates":[[-0.186745,51.405513],[-0.184802,51.407016],[-0.184354,51.408319]]}},{"type":"Feature","properties":{"name":"River Wandle","kind":"water"},"geometry":{"type":"LineString","coordinates":[[-0.190077,51.402007],[-0.188981,51.402283],[-0.189259,51.403609],[-0.187307,51.405526]]}},{"type":"Feature","properties":{"name":"River Wandle","kind":"water"},"geometry":{"type":"LineString","coordinates":[[-0.188345,51.403625],[-0.188832,51.404092]]}},{"type":"Feature","properties":{"name":"River Wandle","kind":"water"},"geometry":{"type":"LineString","coordinates":[[-0.173793,51.395404],[-0.175863,51.395136],[-0.186877,51.399192],[-0.186067,51.400454],[-0.188345,51.403625]]}},{"type":"Feature","properties":{"name":"Bell Lane Creek","kind":"water"},"geometry":{"type":"LineString","coordinates":[[-0.193331,51.459709],[-0.19472,51.460024],[-0.194864,51.462356]]}},{"type":"Feature","properties":{"name":"Conservation Area","kind":"water"},"geometry":{"type":"Polygon","coordinates":[[[-0.335691,51.569527],[-0.336021,51.569541],[-0.335946,51.569855],[-0.335691,51.569527]]]}},{"type":"Feature","properties":{"name":"Three Mills Wall River","kind":"water"},"geometry":{"type":"LineString","coordinates":[[-0.00734,51.528222],[-0.007669,51.527776],[-0.009554,51.528024]]}},{"type":"Feature","properties":{"name":"Pymmes Brook","kind":"water"},"geometry":{"type":"LineString","coordinates":[[-0.045461,51.611015],[-0.044521,51.609282],[-0.045459,51.607818],[-0.044909,51.606451],[-0.050417,51.599019],[-0.050487,51.597665],[-0.052951,51.594318],[-0.053329,51.592758],[-0.056726,51.588356],[-0.056459,51.586961]]}},{"type":"Feature","properties":{"name":null,"kind":"water"},"geometry":{"type":"Polygon","coordinates":[[[-0.008494,51.647926],[-0.008963,51.648648],[-0.008167,51.648331],[-0.008494,51.647926]]]}},{"type":"Feature","properties":{"name":null,"kind":"water"},"geometry":{"type":"Polygon","coordinates":[[[-0.019885,51.673255],[-0.020142,51.671937],[-0.020615,51.67199],[-0.020507,51.673641],[-0.019885,51.673255]]]}},{"type":"Feature","properties":{"name":"River Lee","kind":"water"},"geometry":{"type":"LineString","coordinates":[[-0.010844,51.674683],[-0.012726,51.67454],[-0.013796,51.673005],[-0.014835,51.672781],[-0.016611,51.671057],[-0.01741,51.667431],[-0.017075,51.665999],[-0.015101,51.664392],[-0.009968,51.661847]]}},{"type":"Feature","properties":{"name":"Grand Union Canal","kind":"water"},"geometry":{"type":"LineString","coordinates":[[-0.47304,51.511048],[-0.470294,51.510035],[-0.455489,51.508633]]}},{"type":"Feature","properties":{"name":"Grand Union Canal (Paddington Branch)","kind":"water"},"geometry":{"type":"LineString","coordinates":[[-0.406807,51.499762],[-0.406707,51.499859]]}},{"type":"Feature","properties":{"name":"Upper Pool","kind":"water"},"geometry":{"type":"Polygon","coordinates":[[[-0.35566,51.422603],[-0.354916,51.422807],[-0.355024,51.42252],[-0.35566,51.422603]]]}},{"type":"Feature","properties":{"name":"Leg of Mutton pond","kind":"water"},"geometry":{"type":"Polygon","coordinates":[[[-0.324958,51.414125],[-0.322248,51.414824],[-0.322287,51.414413],[-0.324958,51.414125]]]}},{"type":"Feature","properties":{"name":null,"kind":"water"},"geometry":{"type":"LineString","coordinates":[[-0.327754,51.41372],[-0.3223,51.414786],[-0.319704,51.416142]]}},{"type":"Feature","properties":{"name":"Boot Pond","kind":"water"},"geometry":{"type":"Polygon","coordinates":[[[-0.32291,51.616492],[-0.322902,51.617074],[-0.323962,51.617305],[-0.32291,51.616492]]]}},{"type":"Feature","properties":{"name":"River Brent","kind":"water"},"geometry":{"type":"LineString","coordinates":[[-0.3157,51.529753],[-0.316644,51.529193]]}},{"type":"Feature","properties":{"name":"The Duke of Northumberland's River","kind":"water"},"geometry":{"type":"LineString","coordinates":[[-0.341149,51.46416],[-0.340977,51.467222],[-0.338637,51.471365],[-0.331009,51.470862]]}},{"type":"Feature","properties":{"name":"River Crane","kind":"water"},"geometry":{"type":"LineString","coordinates":[[-0.389579,51.449244],[-0.38758,51.449382],[-0.386462,51.448387],[-0.385887,51.44649],[-0.37876,51.443621],[-0.374919,51.442958],[-0.37261,51.443595],[-0.366508,51.441523],[-0.363709,51.441672],[-0.35876,51.442682],[-0.351257,51.446236],[-0.344899,51.447057],[-0.342132,51.448197],[-0.327182,51.451608],[-0.326561,51.453379],[-0.327725,51.454651],[-0.326414,51.458338],[-0.326761,51.460033]]}},{"type":"Feature","properties":{"name":null,"kind":"water"},"geometry":{"type":"LineString","coordinates":[[-0.409739,51.46701],[-0.409099,51.466814]]}},{"type":"Feature","properties":{"name":"Round Pond","kind":"water"},"geometry":{"type":"Polygon","coordinates":[[[-0.288926,51.500125],[-0.288014,51.499654],[-0.289175,51.499474],[-0.288926,51.500125]]]}},{"type":"Feature","properties":{"name":"Potomac Lake","kind":"water"},"geometry":{"type":"Polygon","coordinates":[[[-0.291668,51.493935],[-0.291158,51.493402],[-0.2916,51.49278],[-0.293312,51.492808],[-0.291668,51.493935]]]}},{"type":"Feature","properties":{"name":"River Brent","kind":"water"},"geometry":{"type":"LineString","coordinates":[[-0.333532,51.497524],[-0.330728,51.496815],[-0.330573,51.495748],[-0.331176,51.495435]]}},{"type":"Feature","properties":{"name":null,"kind":"water"},"geometry":{"type":"Polygon","coordinates":[[[-0.351513,51.499012],[-0.350376,51.499226],[-0.348895,51.498759],[-0.351513,51.499012]]]}},{"type":"Feature","properties":{"name":"The Aviary","kind":"water"},"geometry":{"type":"Polygon","coordinates":[[[-0.348858,51.498421],[-0.343231,51.496887],[-0.342451,51.496063],[-0.343543,51.495956],[-0.348858,51.498421]]]}},{"type":"Feature","properties":{"name":null,"kind":"water"},"geometry":{"type":"Polygon","coordinates":[[[-0.34366,51.495125],[-0.342286,51.495205],[-0.344475,51.494377],[-0.34366,51.495125]]]}},{"type":"Feature","properties":{"name":"Hampstead No. 2 Pond","kind":"water"},"geometry":{"type":"Polygon","coordinates":[[[-0.165916,51.55856],[-0.165652,51.55961],[-0.16466,51.559196],[-0.164539,51.55869],[-0.165916,51.55856]]]}},{"type":"Feature","properties":{"name":"Mixed Bathing Pond No 3","kind":"water"},"geometry":{"type":"Polygon","coordinates":[[[-0.166204,51.559582],[-0.166481,51.560621],[-0.165414,51.559793],[-0.166204,51.559582]]]}},{"type":"Feature","properties":{"name":"Grand Union Canal (Paddington Branch)","kind":"water"},"geometry":{"type":"LineString","coordinates":[[-0.281239,51.537861],[-0.280988,51.537589]]}},{"type":"Feature","properties":{"name":"Regent's Canal","kind":"water"},"geometry":{"type":"LineString","coordinates":[[-0.181924,51.521841],[-0.177096,51.524487]]}},{"type":"Feature","properties":{"name":null,"kind":"water"},"geometry":{"type":"Polygon","coordinates":[[[0.026329,51.555008],[0.026754,51.554874],[0.026313,51.554539],[0.026329,51.555008]]]}},{"type":"Feature","properties":{"name":"Model Boating Pond","kind":"water"},"geometry":{"type":"Polygon","coordinates":[[[-0.158597,51.565123],[-0.157784,51.565363],[-0.156903,51.564457],[-0.158575,51.564054],[-0.158597,51.565123]]]}},{"type":"Feature","properties":{"name":null,"kind":"water"},"geometry":{"type":"Polygon","coordinates":[[[-0.158115,51.563405],[-0.157279,51.563748],[-0.155488,51.56317],[-0.156835,51.562313],[-0.158115,51.563405]]]}},{"type":"Feature","properties":{"name":"Highgate No. 1 Pond","kind":"water"},"geometry":{"type":"Polygon","coordinates":[[[-0.155678,51.562073],[-0.154944,51.562613],[-0.1542,51.561903],[-0.154702,51.56128],[-0.155678,51.562073]]]}},{"type":"Feature","properties":{"name":"Bird Sanctuary Pond","kind":"water"},"geometry":{"type":"Polygon","coordinates":[[[-0.159628,51.566374],[-0.158479,51.565641],[-0.159859,51.565493],[-0.159257,51.56563],[-0.159628,51.566374]]]}},{"type":"Feature","properties":{"name":null,"kind":"water"},"geometry":{"type":"Polygon","coordinates":[[[-0.116931,51.618523],[-0.117348,51.617957],[-0.117453,51.618415],[-0.116931,51.618523]]]}},{"type":"Feature","properties":{"name":null,"kind":"water"},"geometry":{"type":"Polygon","coordinates":[[[-0.117481,51.617865],[-0.117634,51.617638],[-0.118072,51.617741],[-0.117481,51.617865]]]}},{"type":"Feature","properties":{"name":null,"kind":"water"},"geometry":{"type":"Polygon","coordinates":[[[-0.118193,51.617672],[-0.117799,51.6175],[-0.118879,51.617066],[-0.118193,51.617672]]]}},{"type":"Feature","properties":{"name":null,"kind":"water"},"geometry":{"type":"Polygon","coordinates":[[[-0.116316,51.618928],[-0.116766,51.619292],[-0.11609,51.619223],[-0.116316,51.618928]]]}},{"type":"Feature","properties":{"name":"Salmons Brook","kind":"water"},"geometry":{"type":"LineString","coordinates":[[-0.058465,51.622617],[-0.04919,51.621682]]}},{"type":"Feature","properties":{"name":null,"kind":"water"},"geometry":{"type":"Polygon","coordinates":[[[-0.159918,51.566734],[-0.16068,51.56674],[-0.160921,51.567529],[-0.159918,51.566734]]]}},{"type":"Feature","properties":{"name":"Stock Pond","kind":"water"},"geometry":{"type":"Polygon","coordinates":[[[-0.161879,51.568778],[-0.160994,51.568694],[-0.161203,51.568324],[-0.161879,51.568778]]]}},{"type":"Feature","properties":{"name":"Thousand Pound Pond","kind":"water"},"geometry":{"type":"Polygon","coordinates":[[[-0.165871,51.569288],[-0.164507,51.569058],[-0.164585,51.5688],[-0.165871,51.569288]]]}},{"type":"Feature","properties":{"name":"Wood Pond","kind":"water"},"geometry":{"type":"Polygon","coordinates":[[[-0.167078,51.569626],[-0.165986,51.56875],[-0.167457,51.568952],[-0.167078,51.569626]]]}},{"type":"Feature","properties":{"name":"River Neckinger","kind":"water"},"geometry":{"type":"LineString","coordinates":[[-0.073614,51.500521],[-0.069283,51.503426]]}},{"type":"Feature","properties":{"name":null,"kind":"water"},"geometry":{"type":"Polygon","coordinates":[[[0.108775,51.595835],[0.106875,51.597468],[0.107733,51.597732],[0.109698,51.596261],[0.108775,51.595835]]]}},{"type":"Feature","properties":{"name":null,"kind":"water"},"geometry":{"type":"Polygon","coordinates":[[[-0.313074,51.485149],[-0.311372,51.483237],[-0.312211,51.483149],[-0.311618,51.483485],[-0.314597,51.485771],[-0.313074,51.485149]]]}},{"type":"Feature","properties":{"name":"River Brent","kind":"water"},"geometry":{"type":"LineString","coordinates":[[-0.313586,51.485331],[-0.310072,51.484058],[-0.309907,51.483637],[-0.31177,51.482735]]}},{"type":"Feature","properties":{"name":"Grand Union Canal","kind":"water"},"geometry":{"type":"LineString","coordinates":[[-0.31143,51.483249],[-0.311473,51.483173]]}},{"type":"Feature","properties":{"name":"Grand Union Canal","kind":"water"},"geometry":{"type":"LineString","coordinates":[[-0.311917,51.482663],[-0.312389,51.481692],[-0.311133,51.480879],[-0.305635,51.482046]]}},{"type":"Feature","properties":{"name":"Soaphouse Creek","kind":"water"},"geometry":{"type":"Polygon","coordinates":[[[-0.300117,51.483421],[-0.301277,51.483337],[-0.300531,51.483808],[-0.300117,51.483421]]]}},{"type":"Feature","properties":{"name":null,"kind":"water"},"geometry":{"type":"LineString","coordinates":[[-0.300117,51.483421],[-0.299572,51.482898]]}},{"type":"Feature","properties":{"name":"The Ornamental Lake","kind":"water"},"geometry":{"type":"Polygon","coordinates":[[[-0.307695,51.479267],[-0.312755,51.479434],[-0.308154,51.479375],[-0.306356,51.480209],[-0.307695,51.479267]]]}},{"type":"Feature","properties":{"name":null,"kind":"water"},"geometry":{"type":"Polygon","coordinates":[[[-0.445993,51.512304],[-0.443794,51.512068],[-0.443835,51.511589],[-0.447201,51.512014],[-0.446733,51.512638],[-0.445993,51.512304]]]}},{"type":"Feature","properties":{"name":null,"kind":"water"},"geometry":{"type":"Polygon","coordinates":[[[-0.443355,51.507512],[-0.444209,51.507661],[-0.443996,51.508496],[-0.443355,51.507512]]]}},{"type":"Feature","properties":{"name":"Stockley Road Lake","kind":"water"},"geometry":{"type":"Polygon","coordinates":[[[-0.450473,51.502719],[-0.450564,51.503976],[-0.4492,51.504442],[-0.450473,51.502719]]]}},{"type":"Feature","properties":{"name":"Grand Union Canal - Slough Arm","kind":"water"},"geometry":{"type":"LineString","coordinates":[[-0.483716,51.516991],[-0.480232,51.517599]]}},{"type":"Feature","properties":{"name":null,"kind":"water"},"geometry":{"type":"Polygon","coordinates":[[[-0.480605,51.515492],[-0.48119,51.51567],[-0.481012,51.515932],[-0.480605,51.515492]]]}},{"type":"Feature","properties":{"name":null,"kind":"water"},"geometry":{"type":"Polygon","coordinates":[[[-0.4822,51.515887],[-0.482208,51.516441],[-0.481606,51.515889],[-0.4822,51.515887]]]}},{"type":"Feature","properties":{"name":null,"kind":"water"},"geometry":{"type":"Polygon","coordinates":[[[-0.482484,51.515697],[-0.482276,51.514961],[-0.484013,51.516013],[-0.482484,51.515697]]]}},{"type":"Feature","properties":{"name":null,"kind":"water"},"geometry":{"type":"Polygon","coordinates":[[[-0.484006,51.515513],[-0.482674,51.514245],[-0.484443,51.51539],[-0.484006,51.515513]]]}},{"type":"Feature","properties":{"name":"River Colne","kind":"water"},"geometry":{"type":"LineString","coordinates":[[-0.490871,51.526035],[-0.490274,51.524715],[-0.491143,51.521222],[-0.490358,51.520041],[-0.491503,51.519124],[-0.492356,51.517117],[-0.491902,51.515901],[-0.489832,51.514187],[-0.489765,51.511544],[-0.487545,51.510842],[-0.487474,51.510117]]}},{"type":"Feature","properties":{"name":null,"kind":"water"},"geometry":{"type":"Polygon","coordinates":[[[-0.485782,51.509629],[-0.48558,51.508101],[-0.486704,51.508243],[-0.487125,51.50955],[-0.485782,51.509629]]]}},{"type":"Feature","properties":{"name":null,"kind":"water"},"geometry":{"type":"Polygon","coordinates":[[[-0.491771,51.510782],[-0.49268,51.511119],[-0.489628,51.511238],[-0.491771,51.510782]]]}},{"type":"Feature","properties":{"name":null,"kind":"water"},"geometry":{"type":"Polygon","coordinates":[[[-0.493214,51.51133],[-0.493771,51.511145],[-0.493001,51.51175],[-0.493214,51.51133]]]}},{"type":"Feature","properties":{"name":"Colne Brook","kind":"water"},"geometry":{"type":"LineString","coordinates":[[-0.493642,51.540951],[-0.495875,51.538802],[-0.500621,51.537574]]}},{"type":"Feature","properties":{"name":null,"kind":"water"},"geometry":{"type":"Polygon","coordinates":[[[-0.489564,51.501918],[-0.491583,51.498932],[-0.492804,51.498433],[-0.494665,51.500508],[-0.492369,51.50195],[-0.489564,51.501918]]]}},{"type":"Feature","properties":{"name":"Thorney Pool","kind":"water"},"geometry":{"type":"Polygon","coordinates":[[[-0.486393,51.502271],[-0.486533,51.501736],[-0.487989,51.502095],[-0.487783,51.502596],[-0.486393,51.502271]]]}},{"type":"Feature","properties":{"name":null,"kind":"water"},"geometry":{"type":"Polygon","coordinates":[[[-0.488723,51.499759],[-0.485796,51.499461],[-0.485577,51.498762],[-0.487227,51.498618],[-0.487563,51.497235],[-0.488957,51.497302],[-0.488768,51.498484],[-0.489678,51.498986],[-0.488723,51.499759]]]}},{"type":"Feature","properties":{"name":"Maysfields Lake","kind":"water"},"geometry":{"type":"Polygon","coordinates":[[[-0.487308,51.500341],[-0.486753,51.500794],[-0.485159,51.50016],[-0.485697,51.499625],[-0.488528,51.499933],[-0.487308,51.500341]]]}},{"type":"Feature","properties":{"name":null,"kind":"water"},"geometry":{"type":"Polygon","coordinates":[[[-0.48444,51.498],[-0.484206,51.498385],[-0.483563,51.497726],[-0.484325,51.497399],[-0.48444,51.498]]]}},{"type":"Feature","properties":{"name":"River Ravensbourne","kind":"water"},"geometry":{"type":"LineString","coordinates":[[-0.026564,51.442677],[-0.025232,51.444191]]}},{"type":"Feature","properties":{"name":"River Ravensbourne","kind":"water"},"geometry":{"type":"LineString","coordinates":[[-0.025232,51.444191],[-0.026332,51.446862],[-0.025905,51.449913]]}},{"type":"Feature","properties":{"name":"River Ravensbourne","kind":"water"},"geometry":{"type":"LineString","coordinates":[[-0.012821,51.464011],[-0.012282,51.464712]]}},{"type":"Feature","properties":{"name":null,"kind":"water"},"geometry":{"type":"Polygon","coordinates":[[[-0.124491,51.650839],[-0.124432,51.651258],[-0.124075,51.651066],[-0.124491,51.650839]]]}},{"type":"Feature","properties":{"name":"Regent's Canal","kind":"water"},"geometry":{"type":"LineString","coordinates":[[-0.17156,51.526476],[-0.16853,51.527289]]}},{"type":"Feature","properties":{"name":"Regent's Canal","kind":"water"},"geometry":{"type":"LineString","coordinates":[[-0.177096,51.524487],[-0.174178,51.525909]]}},{"type":"Feature","properties":{"name":null,"kind":"water"},"geometry":{"type":"Polygon","coordinates":[[[0.213939,51.620809],[0.212321,51.621663],[0.214819,51.621515],[0.214905,51.620662],[0.213939,51.620809]]]}},{"type":"Feature","properties":{"name":null,"kind":"water"},"geometry":{"type":"Polygon","coordinates":[[[0.229324,51.619703],[0.229463,51.620203],[0.229922,51.619906],[0.229324,51.619703]]]}},{"type":"Feature","properties":{"name":null,"kind":"water"},"geometry":{"type":"Polygon","coordinates":[[[0.190929,51.6043],[0.189467,51.604372],[0.189327,51.604881],[0.19082,51.604783],[0.190929,51.6043]]]}},{"type":"Feature","properties":{"name":null,"kind":"water"},"geometry":{"type":"Polygon","coordinates":[[[0.186838,51.609977],[0.186366,51.60991],[0.186473,51.610203],[0.186838,51.609977]]]}},{"type":"Feature","properties":{"name":null,"kind":"water"},"geometry":{"type":"Polygon","coordinates":[[[0.18684,51.609378],[0.18628,51.60939],[0.186581,51.609817],[0.18684,51.609378]]]}},{"type":"Feature","properties":{"name":null,"kind":"water"},"geometry":{"type":"Polygon","coordinates":[[[0.195304,51.58969],[0.195576,51.58945],[0.194174,51.589077],[0.195304,51.58969]]]}},{"type":"Feature","properties":{"name":null,"kind":"water"},"geometry":{"type":"Polygon","coordinates":[[[0.195659,51.589853],[0.197007,51.590503],[0.19579,51.589654],[0.195659,51.589853]]]}},{"type":"Feature","properties":{"name":null,"kind":"water"},"geometry":{"type":"Polygon","coordinates":[[[0.178815,51.583956],[0.180294,51.583145],[0.179006,51.583478],[0.178815,51.583956]]]}},{"type":"Feature","properties":{"name":"Paines Brook","kind":"water"},"geometry":{"type":"LineString","coordinates":[[0.229325,51.605948],[0.229907,51.605165]]}},{"type":"Feature","properties":{"name":"Weald Brook","kind":"water"},"geometry":{"type":"LineString","coordinates":[[0.239784,51.632005],[0.240771,51.630793],[0.240503,51.629135],[0.239978,51.628955],[0.240385,51.628169],[0.23943,51.627196],[0.239119,51.625019],[0.238173,51.623737]]}},{"type":"Feature","properties":{"name":null,"kind":"water"},"geometry":{"type":"Polygon","coordinates":[[[-0.080265,51.680786],[-0.080695,51.680323],[-0.081201,51.68044],[-0.080265,51.680786]]]}},{"type":"Feature","properties":{"name":"Queensmere","kind":"water"},"geometry":{"type":"Polygon","coordinates":[[[-0.237967,51.438352],[-0.238033,51.437931],[-0.236192,51.43741],[-0.23734,51.438483],[-0.237967,51.438352]]]}},{"type":"Feature","properties":{"name":"Wimbledon Park Lake","kind":"water"},"geometry":{"type":"Polygon","coordinates":[[[-0.209288,51.437437],[-0.205948,51.437317],[-0.204739,51.435647],[-0.20611,51.435525],[-0.207183,51.434176],[-0.209186,51.433481],[-0.208456,51.435542],[-0.210381,51.43701],[-0.209288,51.437437]]]}},{"type":"Feature","properties":{"name":null,"kind":"water"},"geometry":{"type":"Polygon","coordinates":[[[0.106839,51.437339],[0.110266,51.438841],[0.109222,51.437922],[0.106839,51.437339]]]}},{"type":"Feature","properties":{"name":"Long Pond","kind":"water"},"geometry":{"type":"Polygon","coordinates":[[[-0.143583,51.459233],[-0.14227,51.459946],[-0.14307,51.45903],[-0.143583,51.459233]]]}},{"type":"Feature","properties":{"name":null,"kind":"water"},"geometry":{"type":"Polygon","coordinates":[[[-0.147766,51.372086],[-0.15134,51.370946],[-0.148432,51.371167],[-0.147766,51.372086]]]}},{"type":"Feature","properties":{"name":null,"kind":"water"},"geometry":{"type":"Polygon","coordinates":[[[-0.146148,51.37382],[-0.145912,51.373529],[-0.145848,51.374237],[-0.146148,51.37382]]]}},{"type":"Feature","properties":{"name":"River Wandle","kind":"water"},"geometry":{"type":"LineString","coordinates":[[-0.165114,51.387949],[-0.166408,51.389632],[-0.169897,51.391478],[-0.168713,51.392304]]}},{"type":"Feature","properties":{"name":"East Lake","kind":"water"},"geometry":{"type":"Polygon","coordinates":[[[-0.006109,51.669946],[-0.007482,51.669653],[-0.007461,51.670172],[-0.005743,51.670412],[-0.006109,51.669946]]]}},{"type":"Feature","properties":{"name":null,"kind":"water"},"geometry":{"type":"Polygon","coordinates":[[[-0.008426,51.669866],[-0.008142,51.669517],[-0.009597,51.668914],[-0.009882,51.669287],[-0.008426,51.669866]]]}},{"type":"Feature","properties":{"name":null,"kind":"water"},"geometry":{"type":"Polygon","coordinates":[[[-0.010336,51.667577],[-0.008834,51.667005],[-0.010213,51.666683],[-0.010701,51.666885],[-0.010336,51.667577]]]}},{"type":"Feature","properties":{"name":"River Brent","kind":"water"},"geometry":{"type":"LineString","coordinates":[[-0.302722,51.531897],[-0.308281,51.531513],[-0.309054,51.529869],[-0.309778,51.529686],[-0.311225,51.529746],[-0.311881,51.530434],[-0.313276,51.53014],[-0.313061,51.531155],[-0.313855,51.531142],[-0.316644,51.529193],[-0.318619,51.528805],[-0.320074,51.530011],[-0.320212,51.531047],[-0.32143,51.531517],[-0.323423,51.531029],[-0.323382,51.53029],[-0.32551,51.528961],[-0.327847,51.530137],[-0.328082,51.530984],[-0.331562,51.531318],[-0.332354,51.530796],[-0.333043,51.52846],[-0.348784,51.5272]]}},{"type":"Feature","properties":{"name":null,"kind":"water"},"geometry":{"type":"Polygon","coordinates":[[[-0.026402,51.67454],[-0.024688,51.674808],[-0.024502,51.674344],[-0.026402,51.67454]]]}},{"type":"Feature","properties":{"name":"Frays River","kind":"water"},"geometry":{"type":"LineString","coordinates":[[-0.483559,51.548216],[-0.484408,51.545229],[-0.482113,51.540591],[-0.482518,51.538121]]}},{"type":"Feature","properties":{"name":"Spring Brook","kind":"water"},"geometry":{"type":"LineString","coordinates":[[0.013148,51.419852],[0.00828,51.421942]]}},{"type":"Feature","properties":{"name":"Spring Brook","kind":"water"},"geometry":{"type":"LineString","coordinates":[[0.006072,51.42228],[0.004191,51.422775]]}},{"type":"Feature","properties":{"name":"Spring Brook","kind":"water"},"geometry":{"type":"LineString","coordinates":[[-0.006838,51.424693],[-0.006972,51.424753]]}},{"type":"Feature","properties":{"name":null,"kind":"water"},"geometry":{"type":"Polygon","coordinates":[[[0.000061,51.430626],[0.000364,51.430685],[0.000374,51.43046],[0.000061,51.430626]]]}},{"type":"Feature","properties":{"name":"River Ravensbourne","kind":"water"},"geometry":{"type":"LineString","coordinates":[[-0.014294,51.458994],[-0.013916,51.459126]]}},{"type":"Feature","properties":{"name":"River Ravensbourne","kind":"water"},"geometry":{"type":"LineString","coordinates":[[-0.013916,51.459126],[-0.014323,51.460968],[-0.015306,51.461651],[-0.012821,51.464011]]}},{"type":"Feature","properties":{"name":"Overflow Pond","kind":"water"},"geometry":{"type":"Polygon","coordinates":[[[-0.317918,51.401035],[-0.316945,51.400901],[-0.316868,51.401202],[-0.317918,51.401035]]]}},{"type":"Feature","properties":{"name":null,"kind":"water"},"geometry":{"type":"Polygon","coordinates":[[[-0.126143,51.668704],[-0.124985,51.66881],[-0.12565,51.668238],[-0.126143,51.668704]]]}},{"type":"Feature","properties":{"name":"Millers Pond","kind":"water"},"geometry":{"type":"Polygon","coordinates":[[[-0.034289,51.373734],[-0.03395,51.373094],[-0.03444,51.37297],[-0.034289,51.373734]]]}},{"type":"Feature","properties":{"name":null,"kind":"water"},"geometry":{"type":"Polygon","coordinates":[[[-0.033506,51.374172],[-0.033048,51.374329],[-0.033181,51.373881],[-0.033506,51.374172]]]}},{"type":"Feature","properties":{"name":null,"kind":"water"},"geometry":{"type":"Polygon","coordinates":[[[0.272175,51.536736],[0.272009,51.537511],[0.272962,51.537819],[0.27459,51.535372],[0.273238,51.534527],[0.272175,51.536736]]]}},{"type":"Feature","properties":{"name":null,"kind":"water"},"geometry":{"type":"Polygon","coordinates":[[[0.242169,51.518164],[0.242994,51.51804],[0.244033,51.516542],[0.243062,51.515534],[0.241045,51.515741],[0.238038,51.518813],[0.241462,51.519306],[0.242169,51.518164]]]}},{"type":"Feature","properties":{"name":null,"kind":"water"},"geometry":{"type":"Polygon","coordinates":[[[0.263193,51.520331],[0.26449,51.519668],[0.263126,51.519301],[0.260793,51.520142],[0.263193,51.520331]]]}},{"type":"Feature","properties":{"name":null,"kind":"water"},"geometry":{"type":"Polygon","coordinates":[[[0.267568,51.519245],[0.266734,51.518988],[0.265548,51.520208],[0.263974,51.520279],[0.264377,51.521044],[0.265878,51.520968],[0.266262,51.519938],[0.266969,51.520071],[0.267568,51.519245]]]}},{"type":"Feature","properties":{"name":"Red House Reservoir","kind":"water"},"geometry":{"type":"Polygon","coordinates":[[[-0.390928,51.421557],[-0.39035,51.419437],[-0.388997,51.419016],[-0.388187,51.41965],[-0.388059,51.420076],[-0.390928,51.421557]]]}},{"type":"Feature","properties":{"name":null,"kind":"water"},"geometry":{"type":"Polygon","coordinates":[[[0.265275,51.525763],[0.264101,51.524963],[0.263871,51.526109],[0.265297,51.526742],[0.265275,51.525763]]]}},{"type":"Feature","properties":{"name":"Brent Canal Feeder","kind":"water"},"geometry":{"type":"LineString","coordinates":[[-0.256145,51.55192],[-0.254185,51.548783],[-0.254578,51.548296],[-0.267052,51.545468],[-0.267266,51.543934],[-0.263472,51.541568]]}},{"type":"Feature","properties":{"name":"Boating Lake","kind":"water"},"geometry":{"type":"Polygon","coordinates":[[[-0.034044,51.539263],[-0.032798,51.539609],[-0.03383,51.53902],[-0.034044,51.539263]]]}},{"type":"Feature","properties":{"name":"River Wandle","kind":"water"},"geometry":{"type":"LineString","coordinates":[[-0.153903,51.371144],[-0.154918,51.371524],[-0.15504,51.372817],[-0.156253,51.372842],[-0.15721,51.373677]]}},{"type":"Feature","properties":{"name":"River Wandle","kind":"water"},"geometry":{"type":"LineString","coordinates":[[-0.15721,51.373677],[-0.157249,51.374472],[-0.15836,51.374869]]}},{"type":"Feature","properties":{"name":null,"kind":"water"},"geometry":{"type":"Polygon","coordinates":[[[0.287838,51.576189],[0.288138,51.575944],[0.287786,51.575816],[0.287838,51.576189]]]}},{"type":"Feature","properties":{"name":"River Brent","kind":"water"},"geometry":{"type":"LineString","coordinates":[[-0.211128,51.587262],[-0.211331,51.586991]]}},{"type":"Feature","properties":{"name":"Ransome's Dock","kind":"water"},"geometry":{"type":"Polygon","coordinates":[[[-0.167699,51.480993],[-0.167583,51.479253],[-0.168346,51.479859],[-0.167699,51.480993]]]}},{"type":"Feature","properties":{"name":null,"kind":"water"},"geometry":{"type":"Polygon","coordinates":[[[-0.310158,51.43517],[-0.30953,51.435511],[-0.309142,51.435223],[-0.310158,51.43517]]]}},{"type":"Feature","properties":{"name":null,"kind":"water"},"geometry":{"type":"LineString","coordinates":[[-0.348587,51.413001],[-0.348469,51.412889]]}},{"type":"Feature","properties":{"name":"River Thames","kind":"water"},"geometry":{"type":"LineString","coordinates":[[-0.32901,51.443245],[-0.327267,51.445165],[-0.325347,51.446017],[-0.322172,51.446573],[-0.319468,51.446026]]}},{"type":"Feature","properties":{"name":"Ham Lake","kind":"water"},"geometry":{"type":"Polygon","coordinates":[[[-0.328494,51.43866],[-0.327181,51.438565],[-0.323698,51.439982],[-0.322881,51.439521],[-0.324999,51.438227],[-0.327714,51.438267],[-0.328118,51.43742],[-0.328494,51.43866]]]}},{"type":"Feature","properties":{"name":"Long Pond","kind":"water"},"geometry":{"type":"Polygon","coordinates":[[[-0.216664,51.632346],[-0.219086,51.632093],[-0.216846,51.632644],[-0.216664,51.632346]]]}},{"type":"Feature","properties":{"name":"Hampstead No. 1 Pond","kind":"water"},"geometry":{"type":"Polygon","coordinates":[[[-0.166456,51.557355],[-0.164957,51.55831],[-0.165411,51.556712],[-0.166456,51.557355]]]}},{"type":"Feature","properties":{"name":"Silk Stream","kind":"water"},"geometry":{"type":"LineString","coordinates":[[-0.271743,51.60736],[-0.266303,51.603721],[-0.266787,51.603091],[-0.266381,51.602656],[-0.264466,51.602271]]}},{"type":"Feature","properties":{"name":"Carshalton Ponds","kind":"water"},"geometry":{"type":"Polygon","coordinates":[[[-0.163001,51.365873],[-0.162556,51.365229],[-0.163754,51.365742],[-0.163001,51.365873]]]}},{"type":"Feature","properties":{"name":"River Ingrebourne","kind":"water"},"geometry":{"type":"LineString","coordinates":[[0.242096,51.596138],[0.238986,51.593979],[0.238523,51.59255],[0.239055,51.591846],[0.23864,51.590942],[0.239838,51.589097],[0.23945,51.587612],[0.243343,51.584994],[0.24369,51.583378],[0.244651,51.58245],[0.247413,51.581705],[0.248357,51.580518],[0.247992,51.580351],[0.248829,51.580025],[0.248857,51.579041]]}},{"type":"Feature","properties":{"name":"River Ingrebourne","kind":"water"},"geometry":{"type":"LineString","coordinates":[[0.241882,51.596351],[0.242096,51.596138]]}},{"type":"Feature","properties":{"name":"River Ingrebourne","kind":"water"},"geometry":{"type":"LineString","coordinates":[[0.248763,51.578481],[0.251178,51.576371],[0.251178,51.575291],[0.24958,51.574617],[0.249498,51.572827],[0.250486,51.572232],[0.248571,51.569676],[0.249033,51.569603],[0.248237,51.568642],[0.248484,51.567914],[0.247953,51.567974],[0.248559,51.56736],[0.246712,51.56599],[0.246222,51.564227],[0.243883,51.562613],[0.242009,51.562258],[0.242283,51.561277],[0.239842,51.560021]]}},{"type":"Feature","properties":{"name":"River Ingrebourne","kind":"water"},"geometry":{"type":"LineString","coordinates":[[0.248857,51.579041],[0.248763,51.578481]]}},{"type":"Feature","properties":{"name":"Southmere","kind":"water"},"geometry":{"type":"Polygon","coordinates":[[[0.122862,51.50045],[0.125994,51.501872],[0.127763,51.501278],[0.128702,51.499769],[0.128591,51.499169],[0.124768,51.499578],[0.123475,51.497849],[0.122915,51.498277],[0.122862,51.50045]]]}},{"type":"Feature","properties":{"name":null,"kind":"water"},"geometry":{"type":"LineString","coordinates":[[-0.329672,51.438253],[-0.328501,51.437961]]}},{"type":"Feature","properties":{"name":"Regent's Canal","kind":"water"},"geometry":{"type":"LineString","coordinates":[[-0.076695,51.53646],[-0.068091,51.535685]]}},{"type":"Feature","properties":{"name":"City Road Basin","kind":"water"},"geometry":{"type":"Polygon","coordinates":[[[-0.09858,51.532547],[-0.097913,51.532573],[-0.096258,51.530097],[-0.09858,51.532547]]]}},{"type":"Feature","properties":{"name":null,"kind":"water"},"geometry":{"type":"Polygon","coordinates":[[[-0.172445,51.497216],[-0.172222,51.497221],[-0.172615,51.49711],[-0.172445,51.497216]]]}},{"type":"Feature","properties":{"name":"Shoulder of Mutton Pond","kind":"water"},"geometry":{"type":"Polygon","coordinates":[[[0.030567,51.5671],[0.031559,51.567005],[0.031574,51.566305],[0.030655,51.566298],[0.030567,51.5671]]]}},{"type":"Feature","properties":{"name":"Perch Pond","kind":"water"},"geometry":{"type":"Polygon","coordinates":[[[0.042025,51.565467],[0.045246,51.565854],[0.045657,51.565428],[0.04274,51.564969],[0.042025,51.565467]]]}},{"type":"Feature","properties":{"name":null,"kind":"water"},"geometry":{"type":"Polygon","coordinates":[[[0.051599,51.485272],[0.050733,51.484502],[0.051613,51.484491],[0.052144,51.485095],[0.051599,51.485272]]]}},{"type":"Feature","properties":{"name":"Regent's Canal","kind":"water"},"geometry":{"type":"LineString","coordinates":[[-0.068091,51.535685],[-0.063976,51.535635]]}},{"type":"Feature","properties":{"name":"Hayes Street Farm Trout Fishery","kind":"water"},"geometry":{"type":"Polygon","coordinates":[[[0.024762,51.384234],[0.024794,51.383366],[0.026214,51.383399],[0.026101,51.384193],[0.024762,51.384234]]]}},{"type":"Feature","properties":{"name":null,"kind":"water"},"geometry":{"type":"Polygon","coordinates":[[[-0.089302,51.64905],[-0.088237,51.650147],[-0.088116,51.649715],[-0.089302,51.64905]]]}},{"type":"Feature","properties":{"name":null,"kind":"water"},"geometry":{"type":"Polygon","coordinates":[[[-0.088237,51.650147],[-0.087771,51.651015],[-0.087806,51.650433],[-0.088237,51.650147]]]}},{"type":"Feature","properties":{"name":"New River","kind":"water"},"geometry":{"type":"LineString","coordinates":[[-0.10411,51.581725],[-0.102606,51.580636],[-0.102225,51.576958]]}},{"type":"Feature","properties":{"name":"New River Loop (bypassed)","kind":"water"},"geometry":{"type":"LineString","coordinates":[[-0.089229,51.649047],[-0.086053,51.646849]]}},{"type":"Feature","properties":{"name":"Regent's Canal","kind":"water"},"geometry":{"type":"LineString","coordinates":[[-0.056628,51.534677],[-0.053429,51.535078],[-0.045641,51.532495]]}},{"type":"Feature","properties":{"name":null,"kind":"water"},"geometry":{"type":"Polygon","coordinates":[[[-0.198095,51.661697],[-0.198104,51.662119],[-0.19776,51.661999],[-0.198095,51.661697]]]}},{"type":"Feature","properties":{"name":"Gladsmuir Pond","kind":"water"},"geometry":{"type":"Polygon","coordinates":[[[-0.191892,51.660768],[-0.191686,51.660917],[-0.191586,51.660691],[-0.191892,51.660768]]]}},{"type":"Feature","properties":{"name":"Whitestone Pond","kind":"water"},"geometry":{"type":"Polygon","coordinates":[[[-0.18012,51.561426],[-0.179892,51.561787],[-0.179543,51.561329],[-0.18012,51.561426]]]}},{"type":"Feature","properties":{"name":"The Lake","kind":"water"},"geometry":{"type":"Polygon","coordinates":[[[-0.290853,51.616874],[-0.289112,51.615663],[-0.289541,51.614704],[-0.291841,51.614821],[-0.291162,51.615849],[-0.29164,51.616656],[-0.290853,51.616874]]]}},{"type":"Feature","properties":{"name":"Darent","kind":"water"},"geometry":{"type":"LineString","coordinates":[[0.221008,51.443752],[0.220475,51.446709],[0.221245,51.448597],[0.212054,51.454858],[0.212724,51.456933],[0.210975,51.45902],[0.210593,51.462278]]}},{"type":"Feature","properties":{"name":null,"kind":"water"},"geometry":{"type":"Polygon","coordinates":[[[0.054997,51.373625],[0.054482,51.373384],[0.054717,51.372539],[0.055533,51.373362],[0.054997,51.373625]]]}},{"type":"Feature","properties":{"name":"Leg O'Mutton Reservoir","kind":"water"},"geometry":{"type":"Polygon","coordinates":[[[-0.24884,51.482447],[-0.245744,51.484554],[-0.248314,51.479953],[-0.24884,51.482447]]]}},{"type":"Feature","properties":{"name":"Cray","kind":"water"},"geometry":{"type":"LineString","coordinates":[[0.114269,51.394003],[0.114538,51.395822]]}},{"type":"Feature","properties":{"name":null,"kind":"water"},"geometry":{"type":"Polygon","coordinates":[[[-0.340708,51.544411],[-0.340735,51.544099],[-0.341341,51.544072],[-0.340708,51.544411]]]}},{"type":"Feature","properties":{"name":null,"kind":"water"},"geometry":{"type":"LineString","coordinates":[[-0.078151,51.536641],[-0.077858,51.538462]]}},{"type":"Feature","properties":{"name":null,"kind":"water"},"geometry":{"type":"Polygon","coordinates":[[[-0.153137,51.372159],[-0.153173,51.372319],[-0.152981,51.37217],[-0.153137,51.372159]]]}},{"type":"Feature","properties":{"name":null,"kind":"water"},"geometry":{"type":"Polygon","coordinates":[[[0.147301,51.438439],[0.148056,51.43815],[0.146935,51.437202],[0.146236,51.437647],[0.147301,51.438439]]]}},{"type":"Feature","properties":{"name":null,"kind":"water"},"geometry":{"type":"Polygon","coordinates":[[[0.111538,51.44152],[0.11254,51.440134],[0.111066,51.439241],[0.113323,51.439968],[0.111538,51.44152]]]}},{"type":"Feature","properties":{"name":null,"kind":"water"},"geometry":{"type":"Polygon","coordinates":[[[0.136365,51.507205],[0.138246,51.506425],[0.137139,51.505966],[0.136365,51.507205]]]}},{"type":"Feature","properties":{"name":null,"kind":"water"},"geometry":{"type":"Polygon","coordinates":[[[0.132566,51.507761],[0.132815,51.507344],[0.132549,51.507301],[0.132566,51.507761]]]}},{"type":"Feature","properties":{"name":null,"kind":"water"},"geometry":{"type":"Polygon","coordinates":[[[0.131782,51.506245],[0.131965,51.505962],[0.131754,51.505938],[0.131782,51.506245]]]}},{"type":"Feature","properties":{"name":null,"kind":"water"},"geometry":{"type":"Polygon","coordinates":[[[0.135278,51.5094],[0.135808,51.509333],[0.134437,51.508909],[0.135278,51.5094]]]}},{"type":"Feature","properties":{"name":null,"kind":"water"},"geometry":{"type":"Polygon","coordinates":[[[0.137825,51.503978],[0.13718,51.503567],[0.138323,51.503149],[0.138704,51.503666],[0.137825,51.503978]]]}},{"type":"Feature","properties":{"name":null,"kind":"water"},"geometry":{"type":"Polygon","coordinates":[[[0.14852,51.505035],[0.148123,51.504703],[0.148744,51.504328],[0.149144,51.504847],[0.14852,51.505035]]]}},{"type":"Feature","properties":{"name":null,"kind":"water"},"geometry":{"type":"LineString","coordinates":[[0.107358,51.508097],[0.107929,51.508575]]}},{"type":"Feature","properties":{"name":"Crossway Canal","kind":"water"},"geometry":{"type":"LineString","coordinates":[[0.125502,51.503182],[0.124698,51.504731],[0.125606,51.506936],[0.124426,51.507806],[0.125741,51.509427]]}},{"type":"Feature","properties":{"name":"Butts Canal","kind":"water"},"geometry":{"type":"LineString","coordinates":[[0.112456,51.502717],[0.111152,51.50377],[0.11071,51.50522],[0.108378,51.50554],[0.107358,51.508097]]}},{"type":"Feature","properties":{"name":"Harrow Canal","kind":"water"},"geometry":{"type":"LineString","coordinates":[[0.1107,51.500501],[0.112456,51.502717]]}},{"type":"Feature","properties":{"name":"Harrow Canal","kind":"water"},"geometry":{"type":"LineString","coordinates":[[0.112456,51.502717],[0.116499,51.503236],[0.121065,51.50627],[0.121289,51.508022],[0.123138,51.507966]]}},{"type":"Feature","properties":{"name":null,"kind":"water"},"geometry":{"type":"LineString","coordinates":[[0.123138,51.507966],[0.122985,51.507228],[0.12351,51.507019],[0.124426,51.507806]]}},{"type":"Feature","properties":{"name":null,"kind":"water"},"geometry":{"type":"Polygon","coordinates":[[[0.125073,51.503919],[0.125502,51.503182],[0.125013,51.503503],[0.125073,51.503919]]]}},{"type":"Feature","properties":{"name":"Crossway Lake","kind":"water"},"geometry":{"type":"Polygon","coordinates":[[[0.126084,51.51029],[0.126515,51.510661],[0.126129,51.511115],[0.125351,51.510883],[0.124526,51.512027],[0.125117,51.511206],[0.127631,51.510768],[0.126841,51.510517],[0.127631,51.510378],[0.127305,51.509913],[0.12559,51.510222],[0.126084,51.51029]]]}},{"type":"Feature","properties":{"name":null,"kind":"water"},"geometry":{"type":"LineString","coordinates":[[0.127468,51.510789],[0.12776,51.510405]]}},{"type":"Feature","properties":{"name":"Waterfield Canal","kind":"water"},"geometry":{"type":"LineString","coordinates":[[0.107719,51.500953],[0.106894,51.503843]]}},{"type":"Feature","properties":{"name":"Thamesmere (Lake Four)","kind":"water"},"geometry":{"type":"Polygon","coordinates":[[[0.108398,51.508983],[0.107958,51.508631],[0.110001,51.50753],[0.111066,51.507838],[0.110661,51.508979],[0.108398,51.508983]]]}},{"type":"Feature","properties":{"name":null,"kind":"water"},"geometry":{"type":"Polygon","coordinates":[[[0.102235,51.508628],[0.105126,51.508674],[0.103238,51.506868],[0.101983,51.508143],[0.102235,51.508628]]]}},{"type":"Feature","properties":{"name":null,"kind":"water"},"geometry":{"type":"Polygon","coordinates":[[[0.197248,51.457549],[0.198399,51.458388],[0.199652,51.4585],[0.197248,51.457549]]]}},{"type":"Feature","properties":{"name":"The Duke of Northumberland's River","kind":"water"},"geometry":{"type":"LineString","coordinates":[[-0.347326,51.446969],[-0.345716,51.449407]]}},{"type":"Feature","properties":{"name":"The Duke of Northumberland's River","kind":"water"},"geometry":{"type":"LineString","coordinates":[[-0.340248,51.464154],[-0.341149,51.46416]]}},{"type":"Feature","properties":{"name":null,"kind":"water"},"geometry":{"type":"Polygon","coordinates":[[[0.266351,51.536505],[0.263552,51.538723],[0.263676,51.540196],[0.266411,51.54023],[0.266351,51.536505]]]}},{"type":"Feature","properties":{"name":null,"kind":"water"},"geometry":{"type":"Polygon","coordinates":[[[0.270246,51.5371],[0.27225,51.535904],[0.272364,51.534273],[0.269319,51.534692],[0.268157,51.537387],[0.270246,51.5371]]]}},{"type":"Feature","properties":{"name":null,"kind":"water"},"geometry":{"type":"Polygon","coordinates":[[[0.266982,51.521062],[0.26527,51.521617],[0.26956,51.522461],[0.269756,51.52055],[0.268482,51.519553],[0.267803,51.519292],[0.266982,51.521062]]]}},{"type":"Feature","properties":{"name":"River Wandle","kind":"water"},"geometry":{"type":"LineString","coordinates":[[-0.163257,51.365828],[-0.163245,51.36603]]}},{"type":"Feature","properties":{"name":"River Wandle","kind":"water"},"geometry":{"type":"LineString","coordinates":[[-0.160248,51.37702],[-0.161109,51.377986],[-0.161433,51.380341],[-0.164472,51.381927],[-0.164548,51.382998],[-0.163384,51.383994],[-0.163527,51.386698],[-0.165114,51.387949]]}},{"type":"Feature","properties":{"name":"River Wandle","kind":"water"},"geometry":{"type":"LineString","coordinates":[[-0.15836,51.374869],[-0.158093,51.375374]]}},{"type":"Feature","properties":{"name":"Eagle Pond","kind":"water"},"geometry":{"type":"Polygon","coordinates":[[[0.015476,51.583211],[0.019464,51.583155],[0.01945,51.581867],[0.015476,51.582699],[0.015476,51.583211]]]}},{"type":"Feature","properties":{"name":"New River","kind":"water"},"geometry":{"type":"LineString","coordinates":[[-0.106434,51.582949],[-0.10411,51.581725]]}},{"type":"Feature","properties":{"name":null,"kind":"water"},"geometry":{"type":"LineString","coordinates":[[-0.05683,51.507651],[-0.061571,51.507501],[-0.06274,51.506056],[-0.066345,51.505858]]}},{"type":"Feature","properties":{"name":"Mulgrave Pond","kind":"water"},"geometry":{"type":"Polygon","coordinates":[[[0.058223,51.488514],[0.05882,51.487986],[0.059819,51.488708],[0.058223,51.488514]]]}},{"type":"Feature","properties":{"name":"Shadwell Basin","kind":"water"},"geometry":{"type":"Polygon","coordinates":[[[-0.053771,51.508001],[-0.054674,51.509092],[-0.051244,51.508922],[-0.051404,51.50831],[-0.049744,51.50808],[-0.053771,51.508001]]]}},{"type":"Feature","properties":{"name":null,"kind":"water"},"geometry":{"type":"LineString","coordinates":[[-0.053946,51.508166],[-0.055665,51.50808]]}},{"type":"Feature","properties":{"name":null,"kind":"water"},"geometry":{"type":"LineString","coordinates":[[-0.055665,51.50808],[-0.05683,51.507651]]}},{"type":"Feature","properties":{"name":"Hermitage Basin","kind":"water"},"geometry":{"type":"Polygon","coordinates":[[[-0.067949,51.505383],[-0.066787,51.505693],[-0.067523,51.505167],[-0.067949,51.505383]]]}},{"type":"Feature","properties":{"name":null,"kind":"water"},"geometry":{"type":"LineString","coordinates":[[-0.060809,51.506105],[-0.062535,51.506095]]}},{"type":"Feature","properties":{"name":"Regent's Canal","kind":"water"},"geometry":{"type":"LineString","coordinates":[[-0.16853,51.527289],[-0.166668,51.529102]]}},{"type":"Feature","properties":{"name":"Islington Tunnel (Regent's Canal)","kind":"water"},"geometry":{"type":"LineString","coordinates":[[-0.114993,51.534794],[-0.102648,51.533168]]}},{"type":"Feature","properties":{"name":null,"kind":"water"},"geometry":{"type":"Polygon","coordinates":[[[0.128129,51.425373],[0.131339,51.426757],[0.127487,51.424422],[0.128129,51.425373]]]}},{"type":"Feature","properties":{"name":null,"kind":"water"},"geometry":{"type":"Polygon","coordinates":[[[0.114864,51.401749],[0.115829,51.401893],[0.115796,51.401445],[0.114237,51.399371],[0.114091,51.400731],[0.114864,51.401749]]]}},{"type":"Feature","properties":{"name":"Grand Union Canal","kind":"water"},"geometry":{"type":"LineString","coordinates":[[-0.303794,51.482357],[-0.303466,51.482437]]}},{"type":"Feature","properties":{"name":null,"kind":"water"},"geometry":{"type":"Polygon","coordinates":[[[-0.11996,51.593171],[-0.118744,51.594941],[-0.117372,51.593229],[-0.11947,51.592612],[-0.11996,51.593171]]]}},{"type":"Feature","properties":{"name":null,"kind":"water"},"geometry":{"type":"Polygon","coordinates":[[[-0.119316,51.594872],[-0.119165,51.595814],[-0.118581,51.595088],[-0.119316,51.594872]]]}},{"type":"Feature","properties":{"name":"Inns Lake","kind":"water"},"geometry":{"type":"Polygon","coordinates":[[[-0.494705,51.627656],[-0.494301,51.628498],[-0.495439,51.629466],[-0.494031,51.630659],[-0.496744,51.631543],[-0.497499,51.631266],[-0.496203,51.628837],[-0.494705,51.627656]]]}},{"type":"Feature","properties":{"name":"Springwell Lake","kind":"water"},"geometry":{"type":"Polygon","coordinates":[[[-0.498735,51.621921],[-0.499866,51.623243],[-0.497452,51.626263],[-0.498368,51.629467],[-0.497065,51.629034],[-0.495813,51.627319],[-0.495867,51.625793],[-0.497226,51.622586],[-0.498735,51.621921]]]}},{"type":"Feature","properties":{"name":null,"kind":"water"},"geometry":{"type":"Polygon","coordinates":[[[-0.504366,51.612844],[-0.502074,51.612749],[-0.502197,51.613426],[-0.50477,51.6143],[-0.505233,51.613923],[-0.504777,51.613106],[-0.50355,51.613442],[-0.504366,51.612844]]]}},{"type":"Feature","properties":{"name":null,"kind":"water"},"geometry":{"type":"Polygon","coordinates":[[[-0.505485,51.60673],[-0.506884,51.607432],[-0.507353,51.608591],[-0.506687,51.609266],[-0.501142,51.609244],[-0.503913,51.608981],[-0.505485,51.60673]]]}},{"type":"Feature","properties":{"name":"Troy Lake","kind":"water"},"geometry":{"type":"Polygon","coordinates":[[[-0.499282,51.60448],[-0.497715,51.603995],[-0.496703,51.602486],[-0.497038,51.601558],[-0.500443,51.60148],[-0.50173,51.600206],[-0.503232,51.601608],[-0.502675,51.602354],[-0.503859,51.602765],[-0.504288,51.604391],[-0.502829,51.605628],[-0.500028,51.605949],[-0.499595,51.605679],[-0.499933,51.604856],[-0.499282,51.60448]]]}},{"type":"Feature","properties":{"name":null,"kind":"water"},"geometry":{"type":"Polygon","coordinates":[[[-0.505275,51.601694],[-0.50591,51.602296],[-0.505189,51.602562],[-0.504606,51.6018],[-0.505275,51.601694]]]}},{"type":"Feature","properties":{"name":null,"kind":"water"},"geometry":{"type":"Polygon","coordinates":[[[-0.504366,51.598367],[-0.505164,51.598591],[-0.505018,51.60011],[-0.502846,51.60043],[-0.500898,51.599177],[-0.502563,51.597924],[-0.504366,51.597871],[-0.504366,51.598367]]]}},{"type":"Feature","properties":{"name":null,"kind":"water"},"geometry":{"type":"Polygon","coordinates":[[[-0.504434,51.596741],[-0.502375,51.597473],[-0.499817,51.594514],[-0.499454,51.593167],[-0.500676,51.592815],[-0.504434,51.596741]]]}},{"type":"Feature","properties":{"name":"Korda Lake","kind":"water"},"geometry":{"type":"Polygon","coordinates":[[[-0.493499,51.585164],[-0.494566,51.587671],[-0.490759,51.587568],[-0.490272,51.586113],[-0.493499,51.585164]]]}},{"type":"Feature","properties":{"name":"Denham Lake (Pit 3)","kind":"water"},"geometry":{"type":"Polygon","coordinates":[[[-0.482039,51.576192],[-0.480187,51.575691],[-0.479137,51.574523],[-0.47953,51.574223],[-0.478917,51.573652],[-0.478539,51.569612],[-0.481044,51.569373],[-0.482039,51.576192]]]}},{"type":"Feature","properties":{"name":"North Lake","kind":"water"},"geometry":{"type":"Polygon","coordinates":[[[-0.477912,51.569925],[-0.477964,51.571936],[-0.476264,51.571616],[-0.475904,51.569962],[-0.477912,51.569925]]]}},{"type":"Feature","properties":{"name":"Long Lake","kind":"water"},"geometry":{"type":"Polygon","coordinates":[[[-0.478162,51.565305],[-0.478273,51.567508],[-0.477998,51.56747],[-0.478162,51.565305]]]}},{"type":"Feature","properties":{"name":"Harefield No. 4 Lake","kind":"water"},"geometry":{"type":"Polygon","coordinates":[[[-0.481333,51.566096],[-0.481733,51.565716],[-0.481164,51.56915],[-0.479096,51.569405],[-0.478418,51.56805],[-0.479826,51.567913],[-0.479054,51.567247],[-0.481333,51.566096]]]}},{"type":"Feature","properties":{"name":"South Lake","kind":"water"},"geometry":{"type":"Polygon","coordinates":[[[-0.477938,51.568191],[-0.477964,51.569541],[-0.475878,51.569701],[-0.476307,51.568847],[-0.477938,51.568191]]]}},{"type":"Feature","properties":{"name":"Frays River","kind":"water"},"geometry":{"type":"LineString","coordinates":[[-0.483878,51.566467],[-0.478386,51.564078],[-0.475678,51.563858],[-0.475717,51.562082]]}},{"type":"Feature","properties":{"name":"Frays River","kind":"water"},"geometry":{"type":"LineString","coordinates":[[-0.475717,51.562082],[-0.476136,51.561304],[-0.475771,51.558162]]}},{"type":"Feature","properties":{"name":null,"kind":"water"},"geometry":{"type":"Polygon","coordinates":[[[0.010093,51.403199],[0.010288,51.402532],[0.011121,51.402223],[0.010093,51.403199]]]}},{"type":"Feature","properties":{"name":"Glassmill Pond","kind":"water"},"geometry":{"type":"Polygon","coordinates":[[[0.010951,51.402408],[0.010148,51.403032],[0.011163,51.402425],[0.010951,51.402408]]]}},{"type":"Feature","properties":{"name":"River Ravensbourne","kind":"water"},"geometry":{"type":"LineString","coordinates":[[0.009009,51.403935],[0.006409,51.405238]]}},{"type":"Feature","properties":{"name":"River Lea (or Lee) Diversion","kind":"water"},"geometry":{"type":"LineString","coordinates":[[-0.032928,51.608743],[-0.03296,51.608637]]}},{"type":"Feature","properties":{"name":"New River","kind":"water"},"geometry":{"type":"LineString","coordinates":[[-0.087811,51.651461],[-0.087689,51.651035]]}},{"type":"Feature","properties":{"name":"New River","kind":"water"},"geometry":{"type":"LineString","coordinates":[[-0.094737,51.631228],[-0.095153,51.630639]]}},{"type":"Feature","properties":{"name":"New River","kind":"water"},"geometry":{"type":"LineString","coordinates":[[-0.095153,51.630639],[-0.09773,51.628302],[-0.098384,51.624183],[-0.100076,51.621413],[-0.099374,51.619349]]}},{"type":"Feature","properties":{"name":"New River","kind":"water"},"geometry":{"type":"LineString","coordinates":[[-0.099374,51.619349],[-0.099525,51.618094]]}},{"type":"Feature","properties":{"name":"New River","kind":"water"},"geometry":{"type":"LineString","coordinates":[[-0.099525,51.618094],[-0.099982,51.617628]]}},{"type":"Feature","properties":{"name":"River Lee","kind":"water"},"geometry":{"type":"LineString","coordinates":[[-0.056086,51.584084],[-0.06149,51.580465],[-0.062041,51.579027],[-0.058471,51.572654],[-0.056515,51.570849],[-0.054204,51.570248],[-0.05311,51.568545],[-0.047351,51.565153],[-0.046518,51.564228],[-0.047339,51.562864],[-0.045021,51.561615]]}},{"type":"Feature","properties":{"name":"Albion Channel","kind":"water"},"geometry":{"type":"LineString","coordinates":[[-0.048284,51.49778],[-0.045016,51.500499],[-0.046479,51.501906]]}},{"type":"Feature","properties":{"name":null,"kind":"water"},"geometry":{"type":"Polygon","coordinates":[[[-0.047375,51.503591],[-0.047908,51.504082],[-0.04769,51.504136],[-0.047375,51.503591]]]}},{"type":"Feature","properties":{"name":"New River Loop (bypassed)","kind":"water"},"geometry":{"type":"LineString","coordinates":[[-0.087689,51.651035],[-0.089229,51.649047]]}},{"type":"Feature","properties":{"name":"The Duke of Northumberland's River","kind":"water"},"geometry":{"type":"LineString","coordinates":[[-0.345716,51.449407],[-0.344439,51.452581],[-0.34478,51.454216],[-0.343878,51.456886],[-0.341514,51.459267],[-0.340377,51.459455],[-0.340248,51.464154]]}},{"type":"Feature","properties":{"name":null,"kind":"water"},"geometry":{"type":"LineString","coordinates":[[-0.120816,51.535189],[-0.120794,51.535308]]}},{"type":"Feature","properties":{"name":"River Colne","kind":"water"},"geometry":{"type":"LineString","coordinates":[[-0.483948,51.492733],[-0.483855,51.492173],[-0.488874,51.488948],[-0.489089,51.482577],[-0.49529,51.479991]]}},{"type":"Feature","properties":{"name":"River Colne","kind":"water"},"geometry":{"type":"LineString","coordinates":[[-0.488156,51.50886],[-0.483497,51.507366],[-0.483286,51.506695],[-0.480546,51.505306],[-0.482886,51.500671],[-0.484628,51.499911],[-0.485091,51.498815]]}},{"type":"Feature","properties":{"name":"Boating Lake","kind":"water"},"geometry":{"type":"Polygon","coordinates":[[[-0.001297,51.481348],[-0.001685,51.481279],[-0.000963,51.481149],[-0.001297,51.481348]]]}},{"type":"Feature","properties":{"name":null,"kind":"water"},"geometry":{"type":"Polygon","coordinates":[[[0.247822,51.508278],[0.247796,51.507377],[0.246793,51.507685],[0.247585,51.508157],[0.245915,51.509389],[0.24758,51.50905],[0.247822,51.508278]]]}},{"type":"Feature","properties":{"name":null,"kind":"water"},"geometry":{"type":"Polygon","coordinates":[[[-0.385754,51.521527],[-0.384835,51.522051],[-0.384046,51.521746],[-0.385153,51.520919],[-0.385754,51.521527]]]}},{"type":"Feature","properties":{"name":"Regent's Canal","kind":"water"},"geometry":{"type":"LineString","coordinates":[[-0.151923,51.537287],[-0.150255,51.539679],[-0.146985,51.540655]]}},{"type":"Feature","properties":{"name":null,"kind":"water"},"geometry":{"type":"Polygon","coordinates":[[[-0.125355,51.640206],[-0.124759,51.640291],[-0.125238,51.639885],[-0.125355,51.640206]]]}},{"type":"Feature","properties":{"name":"Hogsmill River","kind":"water"},"geometry":{"type":"LineString","coordinates":[[-0.275778,51.396576],[-0.276911,51.399679]]}},{"type":"Feature","properties":{"name":"Hogsmill River","kind":"water"},"geometry":{"type":"LineString","coordinates":[[-0.296901,51.405373],[-0.298858,51.404925]]}},{"type":"Feature","properties":{"name":null,"kind":"water"},"geometry":{"type":"Polygon","coordinates":[[[-0.147482,51.644941],[-0.147101,51.645137],[-0.146795,51.644608],[-0.147482,51.644941]]]}},{"type":"Feature","properties":{"name":null,"kind":"water"},"geometry":{"type":"Polygon","coordinates":[[[0.06089,51.360118],[0.062392,51.360144],[0.062128,51.360628],[0.06089,51.360118]]]}},{"type":"Feature","properties":{"name":null,"kind":"water"},"geometry":{"type":"Polygon","coordinates":[[[0.059473,51.359582],[0.06089,51.359796],[0.060718,51.359984],[0.059473,51.359582]]]}},{"type":"Feature","properties":{"name":null,"kind":"water"},"geometry":{"type":"Polygon","coordinates":[[[0.047077,51.366798],[0.047188,51.366172],[0.047605,51.366585],[0.047077,51.366798]]]}},{"type":"Feature","properties":{"name":null,"kind":"water"},"geometry":{"type":"Polygon","coordinates":[[[0.043258,51.368867],[0.043496,51.369775],[0.043636,51.368215],[0.043258,51.368867]]]}},{"type":"Feature","properties":{"name":"Prince of Wales Pond","kind":"water"},"geometry":{"type":"Polygon","coordinates":[[[0.01164,51.470187],[0.01117,51.469697],[0.011814,51.469763],[0.01164,51.470187]]]}},{"type":"Feature","properties":{"name":null,"kind":"water"},"geometry":{"type":"Polygon","coordinates":[[[0.047602,51.447778],[0.049037,51.446882],[0.048768,51.44752],[0.047602,51.447778]]]}},{"type":"Feature","properties":{"name":null,"kind":"water"},"geometry":{"type":"Polygon","coordinates":[[[0.057126,51.445512],[0.057211,51.445234],[0.057852,51.445481],[0.057126,51.445512]]]}},{"type":"Feature","properties":{"name":null,"kind":"water"},"geometry":{"type":"Polygon","coordinates":[[[0.239572,51.524908],[0.237823,51.524886],[0.238118,51.526342],[0.239572,51.524908]]]}},{"type":"Feature","properties":{"name":null,"kind":"water"},"geometry":{"type":"Polygon","coordinates":[[[0.250075,51.533269],[0.249101,51.533194],[0.2483,51.534395],[0.249674,51.53469],[0.250075,51.533269]]]}},{"type":"Feature","properties":{"name":null,"kind":"water"},"geometry":{"type":"Polygon","coordinates":[[[0.258117,51.530513],[0.257434,51.530801],[0.257624,51.531226],[0.258117,51.530513]]]}},{"type":"Feature","properties":{"name":null,"kind":"water"},"geometry":{"type":"Polygon","coordinates":[[[0.255806,51.533228],[0.255069,51.533289],[0.255701,51.533561],[0.255806,51.533228]]]}},{"type":"Feature","properties":{"name":null,"kind":"water"},"geometry":{"type":"Polygon","coordinates":[[[0.254021,51.534541],[0.251741,51.534357],[0.252572,51.533647],[0.251386,51.533324],[0.251341,51.534306],[0.254021,51.534541]]]}},{"type":"Feature","properties":{"name":"River Brent","kind":"water"},"geometry":{"type":"LineString","coordinates":[[-0.266935,51.554113],[-0.265922,51.553008],[-0.268806,51.550857],[-0.269012,51.548904],[-0.27155,51.547105],[-0.271381,51.546381],[-0.272248,51.545144]]}},{"type":"Feature","properties":{"name":"New River","kind":"water"},"geometry":{"type":"LineString","coordinates":[[-0.11319,51.588152],[-0.10925,51.587038],[-0.106434,51.582949]]}},{"type":"Feature","properties":{"name":null,"kind":"water"},"geometry":{"type":"Polygon","coordinates":[[[0.015982,51.4956],[0.017206,51.494974],[0.015704,51.495019],[0.015802,51.49436],[0.017445,51.494718],[0.014035,51.494363],[0.015982,51.4956]]]}},{"type":"Feature","properties":{"name":"River Brent","kind":"water"},"geometry":{"type":"LineString","coordinates":[[-0.256349,51.567003],[-0.258373,51.566716],[-0.262046,51.563237],[-0.261514,51.562325],[-0.261866,51.561898],[-0.264604,51.561551],[-0.265019,51.559044]]}},{"type":"Feature","properties":{"name":null,"kind":"water"},"geometry":{"type":"Polygon","coordinates":[[[0.0562,51.494396],[0.056592,51.493759],[0.056211,51.493688],[0.0562,51.494396]]]}},{"type":"Feature","properties":{"name":"Broadwater","kind":"water"},"geometry":{"type":"Polygon","coordinates":[[[0.08219,51.494399],[0.082945,51.494738],[0.083729,51.497242],[0.082443,51.498748],[0.084214,51.497745],[0.083282,51.494453],[0.08219,51.494399]]]}},{"type":"Feature","properties":{"name":"The Slade Ponds","kind":"water"},"geometry":{"type":"Polygon","coordinates":[[[0.088361,51.480854],[0.089019,51.481088],[0.088886,51.481256],[0.088361,51.480854]]]}},{"type":"Feature","properties":{"name":null,"kind":"water"},"geometry":{"type":"Polygon","coordinates":[[[0.090119,51.50014],[0.087887,51.498959],[0.086659,51.497458],[0.085504,51.497597],[0.085209,51.498323],[0.086048,51.497987],[0.087051,51.499024],[0.089653,51.499644],[0.09035,51.500568],[0.095788,51.501952],[0.090119,51.50014]]]}},{"type":"Feature","properties":{"name":null,"kind":"water"},"geometry":{"type":"Polygon","coordinates":[[[0.095014,51.50427],[0.095608,51.503932],[0.095651,51.504172],[0.095014,51.50427]]]}},{"type":"Feature","properties":{"name":null,"kind":"water"},"geometry":{"type":"Polygon","coordinates":[[[0.095931,51.504135],[0.09627,51.504139],[0.095997,51.503725],[0.095931,51.504135]]]}},{"type":"Feature","properties":{"name":null,"kind":"water"},"geometry":{"type":"Polygon","coordinates":[[[-0.035908,51.524303],[-0.036082,51.523632],[-0.035854,51.523579],[-0.035908,51.524303]]]}},{"type":"Feature","properties":{"name":"River Ingrebourne","kind":"water"},"geometry":{"type":"LineString","coordinates":[[0.239486,51.559279],[0.239546,51.558939]]}},{"type":"Feature","properties":{"name":"Middle Pond","kind":"water"},"geometry":{"type":"Polygon","coordinates":[[[-0.145264,51.568165],[-0.144181,51.56793],[-0.14438,51.567684],[-0.145264,51.568165]]]}},{"type":"Feature","properties":{"name":"Lower Pond","kind":"water"},"geometry":{"type":"Polygon","coordinates":[[[-0.143316,51.567712],[-0.143988,51.567535],[-0.143797,51.567193],[-0.143316,51.567712]]]}},{"type":"Feature","properties":{"name":null,"kind":"water"},"geometry":{"type":"Polygon","coordinates":[[[0.320651,51.563766],[0.320653,51.564253],[0.322198,51.56454],[0.322778,51.56398],[0.320954,51.563279],[0.320651,51.563766]]]}},{"type":"Feature","properties":{"name":null,"kind":"water"},"geometry":{"type":"Polygon","coordinates":[[[0.180049,51.554402],[0.180842,51.555132],[0.181261,51.554505],[0.180049,51.554402]]]}},{"type":"Feature","properties":{"name":"Tom Thumb","kind":"water"},"geometry":{"type":"Polygon","coordinates":[[[0.175567,51.549945],[0.173686,51.549644],[0.174982,51.550759],[0.175567,51.549945]]]}},{"type":"Feature","properties":{"name":null,"kind":"water"},"geometry":{"type":"Polygon","coordinates":[[[0.176767,51.537404],[0.174593,51.537479],[0.175655,51.538646],[0.178806,51.539809],[0.180129,51.54132],[0.180466,51.540914],[0.176767,51.537404]]]}},{"type":"Feature","properties":{"name":null,"kind":"water"},"geometry":{"type":"Polygon","coordinates":[[[0.176084,51.543293],[0.171068,51.543269],[0.1713,51.544411],[0.173118,51.545005],[0.174131,51.544909],[0.176084,51.543293]]]}},{"type":"Feature","properties":{"name":"Bardag","kind":"water"},"geometry":{"type":"Polygon","coordinates":[[[0.177347,51.550044],[0.177028,51.551254],[0.177485,51.551562],[0.17985,51.550195],[0.177347,51.550044]]]}},{"type":"Feature","properties":{"name":"Wheelers Pond","kind":"water"},"geometry":{"type":"Polygon","coordinates":[[[0.172628,51.550768],[0.17187,51.550675],[0.17188,51.551144],[0.172628,51.550768]]]}},{"type":"Feature","properties":{"name":"The Slack","kind":"water"},"geometry":{"type":"Polygon","coordinates":[[[0.182953,51.550657],[0.182491,51.551599],[0.184112,51.551938],[0.182803,51.551811],[0.184278,51.552567],[0.185224,51.550515],[0.183294,51.551215],[0.182953,51.550657]]]}},{"type":"Feature","properties":{"name":"Hooks Hall Pond","kind":"water"},"geometry":{"type":"Polygon","coordinates":[[[0.184225,51.552939],[0.182424,51.552946],[0.183682,51.553475],[0.184225,51.552939]]]}},{"type":"Feature","properties":{"name":null,"kind":"water"},"geometry":{"type":"Polygon","coordinates":[[[0.184467,51.55307],[0.184666,51.553475],[0.18564,51.553324],[0.184467,51.55307]]]}},{"type":"Feature","properties":{"name":"River Rom","kind":"water"},"geometry":{"type":"LineString","coordinates":[[0.180951,51.574022],[0.182981,51.571807]]}},{"type":"Feature","properties":{"name":"The Pond","kind":"water"},"geometry":{"type":"Polygon","coordinates":[[[-0.28667,51.612737],[-0.285477,51.612689],[-0.286072,51.613182],[-0.28667,51.612737]]]}},{"type":"Feature","properties":{"name":"Stoney Wood Lake","kind":"water"},"geometry":{"type":"Polygon","coordinates":[[[-0.261135,51.627903],[-0.260567,51.630348],[-0.260242,51.628084],[-0.261135,51.627903]]]}},{"type":"Feature","properties":{"name":null,"kind":"water"},"geometry":{"type":"Polygon","coordinates":[[[-0.046136,51.5756],[-0.045552,51.575113],[-0.04441,51.575641],[-0.044994,51.576129],[-0.046136,51.5756]]]}},{"type":"Feature","properties":{"name":null,"kind":"water"},"geometry":{"type":"Polygon","coordinates":[[[-0.04469,51.576283],[-0.044099,51.57579],[-0.04295,51.576323],[-0.043541,51.576815],[-0.04469,51.576283]]]}},{"type":"Feature","properties":{"name":null,"kind":"water"},"geometry":{"type":"Polygon","coordinates":[[[-0.043404,51.576867],[-0.04282,51.576388],[-0.041688,51.576921],[-0.042272,51.5774],[-0.043404,51.576867]]]}},{"type":"Feature","properties":{"name":null,"kind":"water"},"geometry":{"type":"Polygon","coordinates":[[[-0.052959,51.585957],[-0.053408,51.586055],[-0.052768,51.586431],[-0.052959,51.585957]]]}},{"type":"Feature","properties":{"name":"River Graveney","kind":"water"},"geometry":{"type":"LineString","coordinates":[[-0.182318,51.424678],[-0.185093,51.425163]]}},{"type":"Feature","properties":{"name":null,"kind":"water"},"geometry":{"type":"Polygon","coordinates":[[[0.26642,51.558737],[0.266937,51.558711],[0.266702,51.558555],[0.26642,51.558737]]]}},{"type":"Feature","properties":{"name":null,"kind":"water"},"geometry":{"type":"Polygon","coordinates":[[[-0.013894,51.392503],[-0.014075,51.392345],[-0.013783,51.392291],[-0.013894,51.392503]]]}},{"type":"Feature","properties":{"name":"River Brent","kind":"water"},"geometry":{"type":"LineString","coordinates":[[-0.305635,51.482046],[-0.305843,51.482631],[-0.304925,51.482557]]}},{"type":"Feature","properties":{"name":null,"kind":"water"},"geometry":{"type":"Polygon","coordinates":[[[0.111392,51.539546],[0.107288,51.539698],[0.111325,51.540782],[0.111392,51.539546]]]}},{"type":"Feature","properties":{"name":"Mayes Brook","kind":"water"},"geometry":{"type":"LineString","coordinates":[[0.093505,51.528768],[0.091928,51.526038]]}},{"type":"Feature","properties":{"name":"Mayes Brook","kind":"water"},"geometry":{"type":"LineString","coordinates":[[0.102877,51.535384],[0.100292,51.531656]]}},{"type":"Feature","properties":{"name":"Mayes Brook","kind":"water"},"geometry":{"type":"LineString","coordinates":[[0.105701,51.538769],[0.105644,51.538562]]}},{"type":"Feature","properties":{"name":"St Thomas Creek","kind":"water"},"geometry":{"type":"LineString","coordinates":[[-0.009599,51.532844],[-0.009348,51.533034]]}},{"type":"Feature","properties":{"name":"Abbey Creek","kind":"water"},"geometry":{"type":"LineString","coordinates":[[0.000955,51.530254],[-0.00079,51.527859]]}},{"type":"Feature","properties":{"name":"Channelsea River","kind":"water"},"geometry":{"type":"LineString","coordinates":[[-0.00255,51.539723],[-0.001248,51.534503],[0.001172,51.531112]]}},{"type":"Feature","properties":{"name":"River Roding","kind":"water"},"geometry":{"type":"LineString","coordinates":[[0.069714,51.540677],[0.069219,51.538939],[0.070621,51.538476],[0.073105,51.533684],[0.075313,51.531861],[0.076067,51.52977],[0.082462,51.527064]]}},{"type":"Feature","properties":{"name":null,"kind":"water"},"geometry":{"type":"LineString","coordinates":[[-0.128479,51.536033],[-0.12853,51.536792]]}},{"type":"Feature","properties":{"name":null,"kind":"water"},"geometry":{"type":"Polygon","coordinates":[[[0.242392,51.541703],[0.244796,51.543182],[0.248478,51.543604],[0.242392,51.541703]]]}},{"type":"Feature","properties":{"name":null,"kind":"water"},"geometry":{"type":"Polygon","coordinates":[[[0.156282,51.52176],[0.157661,51.522246],[0.160332,51.521434],[0.156282,51.52176]]]}},{"type":"Feature","properties":{"name":"The Gores","kind":"water"},"geometry":{"type":"LineString","coordinates":[[0.133815,51.52609],[0.131905,51.519602]]}},{"type":"Feature","properties":{"name":"The Gores","kind":"water"},"geometry":{"type":"LineString","coordinates":[[0.141838,51.526195],[0.133815,51.52609]]}},{"type":"Feature","properties":{"name":"River Wandle","kind":"water"},"geometry":{"type":"LineString","coordinates":[[-0.168713,51.392304],[-0.168469,51.393554],[-0.169443,51.394513],[-0.171709,51.394833]]}},{"type":"Feature","properties":{"name":"River Wandle","kind":"water"},"geometry":{"type":"LineString","coordinates":[[-0.168713,51.392304],[-0.171709,51.394833],[-0.173793,51.395404]]}},{"type":"Feature","properties":{"name":"Loxford Water","kind":"water"},"geometry":{"type":"LineString","coordinates":[[0.09253,51.550648],[0.091618,51.548432],[0.086068,51.547419],[0.078111,51.544124]]}},{"type":"Feature","properties":{"name":null,"kind":"water"},"geometry":{"type":"Polygon","coordinates":[[[0.100256,51.329695],[0.100153,51.32918],[0.100831,51.32918],[0.101518,51.32976],[0.100256,51.329695]]]}},{"type":"Feature","properties":{"name":"Grand Union Canal - Slough Arm","kind":"water"},"geometry":{"type":"LineString","coordinates":[[-0.541737,51.509612],[-0.521431,51.510641],[-0.496553,51.514816]]}},{"type":"Feature","properties":{"name":null,"kind":"water"},"geometry":{"type":"LineString","coordinates":[[-0.405436,51.465159],[-0.404666,51.465553]]}},{"type":"Feature","properties":{"name":"Duke of Northumberland's River","kind":"water"},"geometry":{"type":"LineString","coordinates":[[-0.403542,51.459673],[-0.401445,51.459722]]}},{"type":"Feature","properties":{"name":"Duke of Northumberland's River","kind":"water"},"geometry":{"type":"LineString","coordinates":[[-0.402485,51.459839],[-0.401748,51.459864]]}},{"type":"Feature","properties":{"name":"Lily Pond","kind":"water"},"geometry":{"type":"Polygon","coordinates":[[[-0.301295,51.474937],[-0.301062,51.474783],[-0.301333,51.474518],[-0.301295,51.474937]]]}},{"type":"Feature","properties":{"name":null,"kind":"water"},"geometry":{"type":"Polygon","coordinates":[[[0.244848,51.510577],[0.241901,51.510446],[0.243986,51.510845],[0.244848,51.510577]]]}},{"type":"Feature","properties":{"name":"The Long Water","kind":"water"},"geometry":{"type":"Polygon","coordinates":[[[-0.172119,51.506481],[-0.172661,51.505791],[-0.17405,51.506555],[-0.175595,51.508334],[-0.175852,51.509787],[-0.175063,51.509792],[-0.174513,51.508553],[-0.172119,51.506481]]]}},{"type":"Feature","properties":{"name":"River Lee Navigation","kind":"water"},"geometry":{"type":"LineString","coordinates":[[-0.012393,51.687339],[-0.010896,51.685097],[-0.011945,51.683721],[-0.012015,51.678346]]}},{"type":"Feature","properties":{"name":null,"kind":"water"},"geometry":{"type":"Polygon","coordinates":[[[-0.342209,51.610793],[-0.342475,51.612163],[-0.343728,51.612818],[-0.344003,51.61244],[-0.342784,51.61187],[-0.342209,51.610793]]]}},{"type":"Feature","properties":{"name":null,"kind":"water"},"geometry":{"type":"Polygon","coordinates":[[[-0.324004,51.633094],[-0.323094,51.633328],[-0.323232,51.633488],[-0.324004,51.633094]]]}},{"type":"Feature","properties":{"name":null,"kind":"water"},"geometry":{"type":"Polygon","coordinates":[[[-0.322433,51.633936],[-0.321558,51.634692],[-0.321215,51.634442],[-0.322433,51.633936]]]}},{"type":"Feature","properties":{"name":null,"kind":"water"},"geometry":{"type":"Polygon","coordinates":[[[-0.318339,51.625923],[-0.317894,51.626522],[-0.317651,51.626336],[-0.318339,51.625923]]]}},{"type":"Feature","properties":{"name":null,"kind":"water"},"geometry":{"type":"Polygon","coordinates":[[[-0.318691,51.625198],[-0.318949,51.625496],[-0.31804,51.625552],[-0.318691,51.625198]]]}},{"type":"Feature","properties":{"name":"New River","kind":"water"},"geometry":{"type":"LineString","coordinates":[[-0.059069,51.670121],[-0.064571,51.662692],[-0.069509,51.657631],[-0.071175,51.654322],[-0.075091,51.652385]]}},{"type":"Feature","properties":{"name":"St Johns Pond","kind":"water"},"geometry":{"type":"Polygon","coordinates":[[[0.032526,51.628047],[0.032904,51.627861],[0.033007,51.628314],[0.032526,51.628047]]]}},{"type":"Feature","properties":{"name":"Longford River","kind":"water"},"geometry":{"type":"LineString","coordinates":[[-0.400956,51.441089],[-0.399674,51.44054],[-0.397479,51.44114],[-0.396505,51.44072]]}},{"type":"Feature","properties":{"name":"Longford River","kind":"water"},"geometry":{"type":"LineString","coordinates":[[-0.396505,51.44072],[-0.391096,51.439582]]}},{"type":"Feature","properties":{"name":"Longford River","kind":"water"},"geometry":{"type":"LineString","coordinates":[[-0.391096,51.439582],[-0.383938,51.435577]]}},{"type":"Feature","properties":{"name":"New River","kind":"water"},"geometry":{"type":"LineString","coordinates":[[-0.114889,51.612189],[-0.115918,51.606655]]}},{"type":"Feature","properties":{"name":"New River","kind":"water"},"geometry":{"type":"LineString","coordinates":[[-0.116253,51.604962],[-0.117621,51.597711]]}},{"type":"Feature","properties":{"name":"New River","kind":"water"},"geometry":{"type":"LineString","coordinates":[[-0.118906,51.595877],[-0.11403,51.588994]]}},{"type":"Feature","properties":{"name":"Grand Union Canal (Paddington Branch)","kind":"water"},"geometry":{"type":"Polygon","coordinates":[[[-0.176989,51.518273],[-0.178363,51.518959],[-0.181053,51.520853],[-0.176989,51.518273]]]}},{"type":"Feature","properties":{"name":null,"kind":"water"},"geometry":{"type":"Polygon","coordinates":[[[-0.195795,51.521528],[-0.189834,51.523126],[-0.184492,51.521528],[-0.1898,51.522951],[-0.195795,51.521528]]]}},{"type":"Feature","properties":{"name":"River Lee Flood Relief Channel","kind":"water"},"geometry":{"type":"LineString","coordinates":[[-0.045419,51.571154],[-0.045148,51.570411]]}},{"type":"Feature","properties":{"name":null,"kind":"water"},"geometry":{"type":"Polygon","coordinates":[[[-0.016247,51.543782],[-0.014474,51.543907],[-0.015007,51.543602],[-0.016247,51.543782]]]}},{"type":"Feature","properties":{"name":null,"kind":"water"},"geometry":{"type":"Polygon","coordinates":[[[-0.274215,51.495455],[-0.274574,51.495474],[-0.274207,51.496011],[-0.274215,51.495455]]]}},{"type":"Feature","properties":{"name":null,"kind":"water"},"geometry":{"type":"Polygon","coordinates":[[[0.217031,51.53425],[0.21651,51.534733],[0.217234,51.534433],[0.217031,51.53425]]]}},{"type":"Feature","properties":{"name":null,"kind":"water"},"geometry":{"type":"Polygon","coordinates":[[[0.21436,51.531366],[0.21339,51.531379],[0.213458,51.531496],[0.21436,51.531366]]]}},{"type":"Feature","properties":{"name":null,"kind":"water"},"geometry":{"type":"Polygon","coordinates":[[[0.004031,51.468401],[0.003791,51.468255],[0.00358,51.468517],[0.004031,51.468401]]]}},{"type":"Feature","properties":{"name":"Edgware Brook","kind":"water"},"geometry":{"type":"LineString","coordinates":[[-0.276397,51.608443],[-0.272806,51.60791]]}},{"type":"Feature","properties":{"name":"Silk Stream","kind":"water"},"geometry":{"type":"LineString","coordinates":[[-0.248275,51.591539],[-0.24803,51.591545]]}},{"type":"Feature","properties":{"name":"Silk Stream","kind":"water"},"geometry":{"type":"LineString","coordinates":[[-0.24803,51.591545],[-0.246806,51.59222],[-0.244186,51.591086]]}},{"type":"Feature","properties":{"name":"Silk Stream","kind":"water"},"geometry":{"type":"LineString","coordinates":[[-0.253992,51.593743],[-0.25382,51.593597]]}},{"type":"Feature","properties":{"name":"Silk Stream","kind":"water"},"geometry":{"type":"LineString","coordinates":[[-0.25382,51.593597],[-0.25275,51.592616],[-0.248275,51.591539]]}},{"type":"Feature","properties":{"name":"Silk Stream","kind":"water"},"geometry":{"type":"LineString","coordinates":[[-0.244186,51.591086],[-0.244091,51.590903]]}},{"type":"Feature","properties":{"name":"Silk Stream","kind":"water"},"geometry":{"type":"LineString","coordinates":[[-0.244091,51.590903],[-0.243043,51.590418],[-0.243284,51.586873]]}},{"type":"Feature","properties":{"name":"Silk Stream","kind":"water"},"geometry":{"type":"LineString","coordinates":[[-0.243284,51.586873],[-0.243313,51.586707]]}},{"type":"Feature","properties":{"name":"Silk Stream","kind":"water"},"geometry":{"type":"LineString","coordinates":[[-0.243313,51.586707],[-0.242631,51.581778],[-0.243532,51.580931]]}},{"type":"Feature","properties":{"name":"Silk Stream","kind":"water"},"geometry":{"type":"LineString","coordinates":[[-0.243532,51.580931],[-0.24374,51.580804]]}},{"type":"Feature","properties":{"name":"Silk Stream","kind":"water"},"geometry":{"type":"LineString","coordinates":[[-0.24374,51.580804],[-0.246812,51.57861],[-0.245202,51.57697],[-0.242971,51.575876],[-0.242326,51.574778]]}},{"type":"Feature","properties":{"name":"Silk Stream","kind":"water"},"geometry":{"type":"LineString","coordinates":[[-0.264352,51.602229],[-0.263338,51.601726]]}},{"type":"Feature","properties":{"name":"Silk Stream","kind":"water"},"geometry":{"type":"LineString","coordinates":[[-0.263338,51.601726],[-0.263251,51.601553]]}},{"type":"Feature","properties":{"name":"Silk Stream","kind":"water"},"geometry":{"type":"LineString","coordinates":[[-0.263251,51.601553],[-0.259354,51.599565]]}},{"type":"Feature","properties":{"name":"Silk Stream","kind":"water"},"geometry":{"type":"LineString","coordinates":[[-0.259354,51.599565],[-0.259145,51.599418]]}},{"type":"Feature","properties":{"name":"Silk Stream","kind":"water"},"geometry":{"type":"LineString","coordinates":[[-0.259145,51.599418],[-0.258662,51.597002],[-0.257748,51.596381]]}},{"type":"Feature","properties":{"name":"Brent Canal Feeder","kind":"water"},"geometry":{"type":"LineString","coordinates":[[-0.256815,51.5527],[-0.256145,51.55192]]}},{"type":"Feature","properties":{"name":"Brent Canal Feeder","kind":"water"},"geometry":{"type":"LineString","coordinates":[[-0.259952,51.555168],[-0.256815,51.5527]]}},{"type":"Feature","properties":{"name":"New River Loop (bypassed)","kind":"water"},"geometry":{"type":"LineString","coordinates":[[-0.080731,51.655179],[-0.082779,51.655398],[-0.082741,51.656811],[-0.083565,51.657375],[-0.085577,51.657127],[-0.087223,51.655342],[-0.087811,51.651461]]}},{"type":"Feature","properties":{"name":"Regent's Canal","kind":"water"},"geometry":{"type":"LineString","coordinates":[[-0.097093,51.532883],[-0.096841,51.532945]]}},{"type":"Feature","properties":{"name":"Regent's Canal","kind":"water"},"geometry":{"type":"LineString","coordinates":[[-0.102648,51.533168],[-0.099062,51.532716]]}},{"type":"Feature","properties":{"name":"Regent's Canal","kind":"water"},"geometry":{"type":"LineString","coordinates":[[-0.09155,51.535036],[-0.087655,51.536877],[-0.08454,51.537484],[-0.076695,51.53646]]}},{"type":"Feature","properties":{"name":null,"kind":"water"},"geometry":{"type":"Polygon","coordinates":[[[0.155993,51.57528],[0.156434,51.575453],[0.156434,51.574856],[0.155993,51.57528]]]}},{"type":"Feature","properties":{"name":"New River","kind":"water"},"geometry":{"type":"LineString","coordinates":[[-0.054871,51.683211],[-0.054037,51.682587]]}},{"type":"Feature","properties":{"name":"Wantz Boating Lake","kind":"water"},"geometry":{"type":"Polygon","coordinates":[[[0.156738,51.563986],[0.15812,51.563046],[0.156134,51.562761],[0.156738,51.563986]]]}},{"type":"Feature","properties":{"name":"The Gores","kind":"water"},"geometry":{"type":"LineString","coordinates":[[0.143737,51.531079],[0.143721,51.529953]]}},{"type":"Feature","properties":{"name":"The Gores","kind":"water"},"geometry":{"type":"LineString","coordinates":[[0.143706,51.529766],[0.143836,51.527052]]}},{"type":"Feature","properties":{"name":"The Gores","kind":"water"},"geometry":{"type":"LineString","coordinates":[[0.143836,51.527052],[0.142035,51.526668]]}},{"type":"Feature","properties":{"name":"The Duke of Northumberland's River","kind":"water"},"geometry":{"type":"LineString","coordinates":[[-0.331009,51.470862],[-0.3306,51.470957]]}},{"type":"Feature","properties":{"name":"The Duke of Northumberland's River","kind":"water"},"geometry":{"type":"LineString","coordinates":[[-0.3306,51.470957],[-0.327842,51.471249],[-0.322242,51.470606]]}},{"type":"Feature","properties":{"name":null,"kind":"water"},"geometry":{"type":"Polygon","coordinates":[[[-0.3228,51.470539],[-0.322242,51.470606],[-0.322525,51.470708],[-0.3228,51.470539]]]}},{"type":"Feature","properties":{"name":null,"kind":"water"},"geometry":{"type":"Polygon","coordinates":[[[-0.151167,51.388768],[-0.151294,51.388249],[-0.151765,51.388503],[-0.151167,51.388768]]]}},{"type":"Feature","properties":{"name":"Longford River","kind":"water"},"geometry":{"type":"LineString","coordinates":[[-0.383169,51.435274],[-0.376534,51.433867],[-0.374488,51.432335],[-0.369414,51.432396],[-0.367045,51.430944],[-0.366847,51.429577]]}},{"type":"Feature","properties":{"name":"Longford River","kind":"water"},"geometry":{"type":"LineString","coordinates":[[-0.383938,51.435577],[-0.383169,51.435274]]}},{"type":"Feature","properties":{"name":null,"kind":"water"},"geometry":{"type":"Polygon","coordinates":[[[-0.407048,51.452554],[-0.406737,51.452643],[-0.406296,51.452404],[-0.407048,51.452554]]]}},{"type":"Feature","properties":{"name":"Casterbridge Pond","kind":"water"},"geometry":{"type":"Polygon","coordinates":[[[0.018592,51.462561],[0.018278,51.462369],[0.019356,51.462751],[0.018592,51.462561]]]}},{"type":"Feature","properties":{"name":"Platford Swan Pond","kind":"water"},"geometry":{"type":"Polygon","coordinates":[[[0.226506,51.57935],[0.227538,51.579118],[0.22663,51.578907],[0.226506,51.57935]]]}},{"type":"Feature","properties":{"name":"Hogsmill STW Nature Reserve","kind":"water"},"geometry":{"type":"Polygon","coordinates":[[[-0.284203,51.399793],[-0.282098,51.399607],[-0.283983,51.398813],[-0.284203,51.399793]]]}},{"type":"Feature","properties":{"name":"River Colne","kind":"water"},"geometry":{"type":"LineString","coordinates":[[-0.485091,51.498815],[-0.485187,51.497796],[-0.484089,51.496459],[-0.483346,51.493864],[-0.484097,51.49334],[-0.483948,51.492733]]}},{"type":"Feature","properties":{"name":"Waterplay (Cock Pond)","kind":"water"},"geometry":{"type":"Polygon","coordinates":[[[-0.140933,51.462529],[-0.141291,51.462361],[-0.140609,51.462208],[-0.140933,51.462529]]]}},{"type":"Feature","properties":{"name":"William Girling Reservoir","kind":"water"},"geometry":{"type":"Polygon","coordinates":[[[-0.017426,51.634225],[-0.027176,51.621585],[-0.030618,51.619001],[-0.034013,51.619816],[-0.030305,51.628011],[-0.02937,51.631608],[-0.029713,51.638858],[-0.029147,51.639636],[-0.026701,51.640019],[-0.019482,51.637574],[-0.017405,51.635806],[-0.017426,51.634225]]]}},{"type":"Feature","properties":{"name":null,"kind":"water"},"geometry":{"type":"Polygon","coordinates":[[[-0.047715,51.574872],[-0.048869,51.574325],[-0.048264,51.573831],[-0.04711,51.574378],[-0.047715,51.574872]]]}},{"type":"Feature","properties":{"name":null,"kind":"water"},"geometry":{"type":"Polygon","coordinates":[[[-0.047082,51.575981],[-0.048206,51.575463],[-0.047622,51.574962],[-0.046472,51.575501],[-0.047082,51.575981]]]}},{"type":"Feature","properties":{"name":null,"kind":"water"},"geometry":{"type":"Polygon","coordinates":[[[-0.047734,51.576537],[-0.048882,51.575998],[-0.048293,51.575514],[-0.047146,51.576052],[-0.047734,51.576537]]]}},{"type":"Feature","properties":{"name":null,"kind":"water"},"geometry":{"type":"Polygon","coordinates":[[[-0.049015,51.57594],[-0.050163,51.575402],[-0.049574,51.574917],[-0.048427,51.575456],[-0.049015,51.57594]]]}},{"type":"Feature","properties":{"name":null,"kind":"water"},"geometry":{"type":"Polygon","coordinates":[[[-0.049649,51.576476],[-0.0508,51.57594],[-0.050224,51.575462],[-0.049074,51.575998],[-0.049649,51.576476]]]}},{"type":"Feature","properties":{"name":null,"kind":"water"},"geometry":{"type":"Polygon","coordinates":[[[-0.048385,51.577069],[-0.049538,51.576536],[-0.048961,51.576053],[-0.047808,51.576586],[-0.048385,51.577069]]]}},{"type":"Feature","properties":{"name":null,"kind":"water"},"geometry":{"type":"Polygon","coordinates":[[[-0.048376,51.575403],[-0.049513,51.574868],[-0.048921,51.574382],[-0.047783,51.574917],[-0.048376,51.575403]]]}},{"type":"Feature","properties":{"name":null,"kind":"water"},"geometry":{"type":"Polygon","coordinates":[[[-0.044185,51.577353],[-0.045341,51.576824],[-0.044751,51.576326],[-0.043595,51.576856],[-0.044185,51.577353]]]}},{"type":"Feature","properties":{"name":null,"kind":"water"},"geometry":{"type":"Polygon","coordinates":[[[-0.042933,51.577941],[-0.044057,51.57741],[-0.043462,51.576924],[-0.042338,51.577455],[-0.042933,51.577941]]]}},{"type":"Feature","properties":{"name":null,"kind":"water"},"geometry":{"type":"Polygon","coordinates":[[[-0.043557,51.578477],[-0.044707,51.577942],[-0.044131,51.577464],[-0.042981,51.577999],[-0.043557,51.578477]]]}},{"type":"Feature","properties":{"name":null,"kind":"water"},"geometry":{"type":"Polygon","coordinates":[[[-0.044222,51.579024],[-0.04536,51.578483],[-0.044771,51.578004],[-0.043633,51.578546],[-0.044222,51.579024]]]}},{"type":"Feature","properties":{"name":null,"kind":"water"},"geometry":{"type":"Polygon","coordinates":[[[-0.045193,51.578182],[-0.046323,51.577641],[-0.044896,51.577942],[-0.045193,51.578182]]]}},{"type":"Feature","properties":{"name":null,"kind":"water"},"geometry":{"type":"Polygon","coordinates":[[[-0.044836,51.577887],[-0.045987,51.577355],[-0.045404,51.576868],[-0.044253,51.577399],[-0.044836,51.577887]]]}},{"type":"Feature","properties":{"name":"Banbury Reservoir","kind":"water"},"geometry":{"type":"Polygon","coordinates":[[[-0.040263,51.602907],[-0.040572,51.605377],[-0.035242,51.607499],[-0.031783,51.607238],[-0.029457,51.604962],[-0.030006,51.603096],[-0.031422,51.602355],[-0.040263,51.602907]]]}},{"type":"Feature","properties":{"name":null,"kind":"water"},"geometry":{"type":"Polygon","coordinates":[[[-0.263121,51.62419],[-0.262889,51.624057],[-0.263687,51.623375],[-0.263121,51.62419]]]}},{"type":"Feature","properties":{"name":"Bridge House Pond","kind":"water"},"geometry":{"type":"Polygon","coordinates":[[[-0.408482,51.447612],[-0.407995,51.447724],[-0.408261,51.447819],[-0.408482,51.447612]]]}},{"type":"Feature","properties":{"name":null,"kind":"water"},"geometry":{"type":"Polygon","coordinates":[[[-0.158069,51.374755],[-0.157869,51.374799],[-0.157812,51.374726],[-0.158069,51.374755]]]}},{"type":"Feature","properties":{"name":null,"kind":"water"},"geometry":{"type":"Polygon","coordinates":[[[-0.15839,51.374653],[-0.158242,51.374714],[-0.158248,51.374597],[-0.15839,51.374653]]]}},{"type":"Feature","properties":{"name":"Grand Union Canal","kind":"water"},"geometry":{"type":"LineString","coordinates":[[-0.332531,51.496677],[-0.331176,51.495435]]}},{"type":"Feature","properties":{"name":"Osterley Lock 98 5,7\"","kind":"water"},"geometry":{"type":"LineString","coordinates":[[-0.332745,51.496944],[-0.332531,51.496677]]}},{"type":"Feature","properties":{"name":"Grand Union Canal","kind":"water"},"geometry":{"type":"LineString","coordinates":[[-0.344493,51.503742],[-0.343974,51.503459]]}},{"type":"Feature","properties":{"name":"Hanwell Lock","kind":"water"},"geometry":{"type":"LineString","coordinates":[[-0.34478,51.503898],[-0.344493,51.503742]]}},{"type":"Feature","properties":{"name":null,"kind":"water"},"geometry":{"type":"Polygon","coordinates":[[[-0.49959,51.53541],[-0.496243,51.536018],[-0.496501,51.534235],[-0.496063,51.534027],[-0.497805,51.533103],[-0.49959,51.53541]]]}},{"type":"Feature","properties":{"name":"Mardyke","kind":"water"},"geometry":{"type":"LineString","coordinates":[[0.322527,51.562005],[0.323215,51.559435],[0.318762,51.556937],[0.318491,51.555318],[0.322053,51.554156],[0.322133,51.552832],[0.325175,51.553057],[0.327864,51.550997],[0.327979,51.548536],[0.329409,51.546533],[0.328494,51.545389],[0.330725,51.543901],[0.331755,51.542414],[0.331356,51.540177],[0.331998,51.536427],[0.333415,51.535204],[0.335417,51.531084],[0.333349,51.52708],[0.334144,51.522817],[0.332872,51.519889],[0.329435,51.515912],[0.32432,51.51293],[0.321847,51.509551],[0.318891,51.508097],[0.317887,51.504886],[0.314952,51.503016],[0.30866,51.500751],[0.301135,51.499903],[0.295156,51.500261],[0.291094,51.498459],[0.287898,51.497994],[0.28401,51.498186],[0.280817,51.497438],[0.277176,51.498146],[0.273768,51.496081],[0.266985,51.494531],[0.2649,51.491496],[0.25777,51.488664],[0.231396,51.488602],[0.227968,51.485734],[0.22778,51.483846],[0.224984,51.481669]]}},{"type":"Feature","properties":{"name":null,"kind":"water"},"geometry":{"type":"Polygon","coordinates":[[[-0.266967,51.638621],[-0.266644,51.638765],[-0.26661,51.638478],[-0.266967,51.638621]]]}},{"type":"Feature","properties":{"name":null,"kind":"water"},"geometry":{"type":"Polygon","coordinates":[[[0.267612,51.555847],[0.268959,51.554977],[0.266917,51.555585],[0.267612,51.555847]]]}},{"type":"Feature","properties":{"name":"River Ingrebourne","kind":"water"},"geometry":{"type":"LineString","coordinates":[[0.232676,51.550815],[0.230093,51.549323],[0.228158,51.549183],[0.224609,51.547633],[0.223012,51.546082]]}},{"type":"Feature","properties":{"name":"New River Loop (bypassed)","kind":"water"},"geometry":{"type":"LineString","coordinates":[[-0.080082,51.653911],[-0.08015,51.654235]]}},{"type":"Feature","properties":{"name":"Dean's Brook","kind":"water"},"geometry":{"type":"LineString","coordinates":[[-0.26453,51.621752],[-0.265732,51.618512],[-0.266943,51.617052],[-0.268607,51.616485],[-0.268376,51.616071],[-0.270324,51.614346],[-0.270827,51.61219]]}},{"type":"Feature","properties":{"name":"Dean's Brook","kind":"water"},"geometry":{"type":"LineString","coordinates":[[-0.260694,51.627907],[-0.260254,51.627011],[-0.260987,51.626312]]}},{"type":"Feature","properties":{"name":null,"kind":"water"},"geometry":{"type":"Polygon","coordinates":[[[-0.296394,51.490916],[-0.295892,51.490826],[-0.295396,51.490943],[-0.296394,51.490916]]]}},{"type":"Feature","properties":{"name":null,"kind":"water"},"geometry":{"type":"Polygon","coordinates":[[[-0.071063,51.675311],[-0.069161,51.674929],[-0.069998,51.674889],[-0.071063,51.675311]]]}},{"type":"Feature","properties":{"name":null,"kind":"water"},"geometry":{"type":"Polygon","coordinates":[[[-0.069097,51.674756],[-0.068222,51.674635],[-0.068195,51.674397],[-0.069097,51.674756]]]}},{"type":"Feature","properties":{"name":null,"kind":"water"},"geometry":{"type":"Polygon","coordinates":[[[-0.066608,51.674012],[-0.066179,51.673773],[-0.066703,51.673844],[-0.066608,51.674012]]]}},{"type":"Feature","properties":{"name":"North Dock","kind":"water"},"geometry":{"type":"Polygon","coordinates":[[[-0.012292,51.504444],[-0.013474,51.505362],[-0.024362,51.506349],[-0.024113,51.507273],[-0.012925,51.505917],[-0.013161,51.505048],[-0.012292,51.504444]]]}},{"type":"Feature","properties":{"name":"River Lee Navigation","kind":"water"},"geometry":{"type":"LineString","coordinates":[[-0.018167,51.667341],[-0.018199,51.667077]]}},{"type":"Feature","properties":{"name":"River Lee Navigation","kind":"water"},"geometry":{"type":"LineString","coordinates":[[-0.029884,51.64208],[-0.030017,51.641827]]}},{"type":"Feature","properties":{"name":"River Lee Navigation","kind":"water"},"geometry":{"type":"LineString","coordinates":[[-0.030194,51.641678],[-0.031012,51.639312],[-0.030513,51.631537],[-0.032356,51.626218]]}},{"type":"Feature","properties":{"name":"River Lee Navigation","kind":"water"},"geometry":{"type":"LineString","coordinates":[[-0.032356,51.626218],[-0.032466,51.625963]]}},{"type":"Feature","properties":{"name":"River Lee Navigation","kind":"water"},"geometry":{"type":"LineString","coordinates":[[-0.050254,51.597221],[-0.05051,51.597006]]}},{"type":"Feature","properties":{"name":"River Lee Navigation","kind":"water"},"geometry":{"type":"LineString","coordinates":[[-0.05616,51.588216],[-0.056296,51.587942]]}},{"type":"Feature","properties":{"name":"River Lee Navigation","kind":"water"},"geometry":{"type":"LineString","coordinates":[[-0.050722,51.596916],[-0.053545,51.591737],[-0.056146,51.588543]]}},{"type":"Feature","properties":{"name":"Hertford Union Canal","kind":"water"},"geometry":{"type":"LineString","coordinates":[[-0.024387,51.540587],[-0.021132,51.542003]]}},{"type":"Feature","properties":{"name":"Hertford Union Canal","kind":"water"},"geometry":{"type":"LineString","coordinates":[[-0.024727,51.540423],[-0.024387,51.540587]]}},{"type":"Feature","properties":{"name":"Hertford Union Canal","kind":"water"},"geometry":{"type":"LineString","coordinates":[[-0.027578,51.539077],[-0.027207,51.539248]]}},{"type":"Feature","properties":{"name":"Hertford Union Canal","kind":"water"},"geometry":{"type":"LineString","coordinates":[[-0.027207,51.539248],[-0.024727,51.540423]]}},{"type":"Feature","properties":{"name":"Hertford Union Canal","kind":"water"},"geometry":{"type":"LineString","coordinates":[[-0.02953,51.538161],[-0.027578,51.539077]]}},{"type":"Feature","properties":{"name":"Hertford Union Canal","kind":"water"},"geometry":{"type":"LineString","coordinates":[[-0.02986,51.538006],[-0.02953,51.538161]]}},{"type":"Feature","properties":{"name":null,"kind":"water"},"geometry":{"type":"LineString","coordinates":[[-0.008138,51.523464],[-0.008006,51.523178]]}},{"type":"Feature","properties":{"name":"Regent's Canal","kind":"water"},"geometry":{"type":"LineString","coordinates":[[-0.034893,51.514747],[-0.036461,51.51243]]}},{"type":"Feature","properties":{"name":"11 Salmon Lane Lock 8'","kind":"water"},"geometry":{"type":"LineString","coordinates":[[-0.034707,51.514956],[-0.034893,51.514747]]}},{"type":"Feature","properties":{"name":"Regent's Canal","kind":"water"},"geometry":{"type":"LineString","coordinates":[[-0.036233,51.519555],[-0.033781,51.516731],[-0.034707,51.514956]]}},{"type":"Feature","properties":{"name":"10 Johnson's Lock 8'","kind":"water"},"geometry":{"type":"LineString","coordinates":[[-0.03625,51.519799],[-0.036233,51.519555]]}},{"type":"Feature","properties":{"name":"Regent's Canal","kind":"water"},"geometry":{"type":"LineString","coordinates":[[-0.037771,51.525001],[-0.036597,51.523468],[-0.03625,51.519799]]}},{"type":"Feature","properties":{"name":"8 Old Ford lock 8'","kind":"water"},"geometry":{"type":"LineString","coordinates":[[-0.045641,51.532495],[-0.045345,51.532348]]}},{"type":"Feature","properties":{"name":"Regent's Canal","kind":"water"},"geometry":{"type":"LineString","coordinates":[[-0.045345,51.532348],[-0.042533,51.530784],[-0.03797,51.525185]]}},{"type":"Feature","properties":{"name":null,"kind":"water"},"geometry":{"type":"LineString","coordinates":[[-0.031414,51.641254],[-0.030649,51.64048]]}},{"type":"Feature","properties":{"name":"River Lee Navigation","kind":"water"},"geometry":{"type":"LineString","coordinates":[[-0.012015,51.678346],[-0.012051,51.678061]]}},{"type":"Feature","properties":{"name":"Chelsea Harbour","kind":"water"},"geometry":{"type":"Polygon","coordinates":[[[-0.181553,51.475784],[-0.180441,51.475514],[-0.180647,51.475027],[-0.181624,51.475207],[-0.181553,51.475784]]]}},{"type":"Feature","properties":{"name":null,"kind":"water"},"geometry":{"type":"Polygon","coordinates":[[[-0.319105,51.492856],[-0.319813,51.492145],[-0.319411,51.491873],[-0.319105,51.492856]]]}},{"type":"Feature","properties":{"name":"Croydon Canal","kind":"water"},"geometry":{"type":"Polygon","coordinates":[[[-0.066679,51.409308],[-0.066541,51.409206],[-0.064685,51.410188],[-0.066679,51.409308]]]}},{"type":"Feature","properties":{"name":null,"kind":"water"},"geometry":{"type":"Polygon","coordinates":[[[-0.195539,51.660043],[-0.196151,51.659472],[-0.196364,51.659833],[-0.195539,51.660043]]]}},{"type":"Feature","properties":{"name":null,"kind":"water"},"geometry":{"type":"Polygon","coordinates":[[[-0.006903,51.494188],[-0.007437,51.494884],[-0.007265,51.494929],[-0.006903,51.494188]]]}},{"type":"Feature","properties":{"name":null,"kind":"water"},"geometry":{"type":"Polygon","coordinates":[[[-0.236893,51.38434],[-0.236805,51.384249],[-0.236272,51.384466],[-0.236893,51.38434]]]}},{"type":"Feature","properties":{"name":"Pyl Brook","kind":"water"},"geometry":{"type":"LineString","coordinates":[[-0.222779,51.382521],[-0.223069,51.38479],[-0.225381,51.388576],[-0.225414,51.390751]]}},{"type":"Feature","properties":{"name":null,"kind":"water"},"geometry":{"type":"Polygon","coordinates":[[[-0.150271,51.372298],[-0.150264,51.372327],[-0.150205,51.372303],[-0.150271,51.372298]]]}},{"type":"Feature","properties":{"name":null,"kind":"water"},"geometry":{"type":"Polygon","coordinates":[[[-0.150655,51.37188],[-0.150752,51.371842],[-0.150685,51.371778],[-0.150655,51.37188]]]}},{"type":"Feature","properties":{"name":"Grand Union Canal (Paddington Arm)","kind":"water"},"geometry":{"type":"LineString","coordinates":[[-0.406707,51.499859],[-0.403142,51.50344],[-0.393334,51.507146],[-0.390015,51.513923],[-0.384819,51.51644],[-0.382111,51.518531],[-0.376327,51.525014],[-0.376291,51.529233],[-0.374608,51.532925],[-0.369377,51.535679],[-0.365804,51.536118],[-0.36501,51.537351],[-0.36599,51.5387],[-0.365625,51.54054],[-0.360639,51.544512],[-0.347587,51.546425],[-0.343811,51.547929],[-0.341791,51.546096],[-0.337952,51.545868],[-0.335269,51.542627],[-0.329787,51.541638],[-0.325721,51.54229],[-0.321821,51.541866],[-0.319521,51.543138],[-0.311236,51.544676],[-0.309902,51.544285],[-0.303693,51.539405],[-0.293727,51.538508],[-0.288683,51.540447],[-0.285179,51.540606],[-0.282035,51.538414]]}},{"type":"Feature","properties":{"name":null,"kind":"water"},"geometry":{"type":"Polygon","coordinates":[[[-0.07384,51.440823],[-0.073385,51.440872],[-0.073986,51.440583],[-0.07384,51.440823]]]}},{"type":"Feature","properties":{"name":null,"kind":"water"},"geometry":{"type":"Polygon","coordinates":[[[-0.193481,51.662284],[-0.193033,51.662284],[-0.193262,51.662087],[-0.193481,51.662284]]]}},{"type":"Feature","properties":{"name":"Salmons Brook","kind":"water"},"geometry":{"type":"LineString","coordinates":[[-0.060191,51.625441],[-0.06116,51.623141],[-0.058465,51.622617]]}},{"type":"Feature","properties":{"name":null,"kind":"water"},"geometry":{"type":"Polygon","coordinates":[[[0.023644,51.508296],[0.023534,51.508132],[0.024571,51.508124],[0.023644,51.508296]]]}},{"type":"Feature","properties":{"name":null,"kind":"water"},"geometry":{"type":"Polygon","coordinates":[[[-0.376007,51.539438],[-0.375652,51.539166],[-0.376395,51.539164],[-0.376007,51.539438]]]}},{"type":"Feature","properties":{"name":null,"kind":"water"},"geometry":{"type":"Polygon","coordinates":[[[-0.376081,51.539524],[-0.376502,51.539273],[-0.376733,51.539566],[-0.376081,51.539524]]]}},{"type":"Feature","properties":{"name":null,"kind":"water"},"geometry":{"type":"Polygon","coordinates":[[[-0.376785,51.539679],[-0.376889,51.540088],[-0.37639,51.539898],[-0.376785,51.539679]]]}},{"type":"Feature","properties":{"name":null,"kind":"water"},"geometry":{"type":"Polygon","coordinates":[[[-0.375875,51.539518],[-0.375549,51.53922],[-0.375257,51.539433],[-0.375875,51.539518]]]}},{"type":"Feature","properties":{"name":null,"kind":"water"},"geometry":{"type":"Polygon","coordinates":[[[-0.375938,51.539574],[-0.375646,51.539739],[-0.375938,51.540022],[-0.375938,51.539574]]]}},{"type":"Feature","properties":{"name":null,"kind":"water"},"geometry":{"type":"Polygon","coordinates":[[[-0.376183,51.540381],[-0.376287,51.539961],[-0.3764,51.540209],[-0.376183,51.540381]]]}},{"type":"Feature","properties":{"name":null,"kind":"water"},"geometry":{"type":"Polygon","coordinates":[[[-0.376673,51.540738],[-0.376248,51.54071],[-0.376544,51.540381],[-0.376673,51.540738]]]}},{"type":"Feature","properties":{"name":null,"kind":"water"},"geometry":{"type":"Polygon","coordinates":[[[-0.376965,51.540639],[-0.376639,51.540373],[-0.376939,51.540234],[-0.376965,51.540639]]]}},{"type":"Feature","properties":{"name":null,"kind":"water"},"geometry":{"type":"Polygon","coordinates":[[[-0.37671,51.541208],[-0.376435,51.540909],[-0.376667,51.540813],[-0.37671,51.541208]]]}},{"type":"Feature","properties":{"name":null,"kind":"water"},"geometry":{"type":"Polygon","coordinates":[[[-0.376782,51.540759],[-0.376996,51.540701],[-0.376816,51.541138],[-0.376782,51.540759]]]}},{"type":"Feature","properties":{"name":null,"kind":"water"},"geometry":{"type":"LineString","coordinates":[[-0.024688,51.51533],[-0.024446,51.515111]]}},{"type":"Feature","properties":{"name":null,"kind":"water"},"geometry":{"type":"Polygon","coordinates":[[[-0.362199,51.427434],[-0.361713,51.427343],[-0.361895,51.427052],[-0.362199,51.427434]]]}},{"type":"Feature","properties":{"name":"Longford River","kind":"water"},"geometry":{"type":"LineString","coordinates":[[-0.361895,51.427052],[-0.362403,51.425367],[-0.361394,51.423383]]}},{"type":"Feature","properties":{"name":null,"kind":"water"},"geometry":{"type":"Polygon","coordinates":[[[-0.357547,51.418254],[-0.357681,51.418251],[-0.357687,51.418368],[-0.357547,51.418254]]]}},{"type":"Feature","properties":{"name":null,"kind":"water"},"geometry":{"type":"Polygon","coordinates":[[[-0.357773,51.418236],[-0.358274,51.418233],[-0.358276,51.418363],[-0.357776,51.418366],[-0.357773,51.418236]]]}},{"type":"Feature","properties":{"name":null,"kind":"water"},"geometry":{"type":"Polygon","coordinates":[[[-0.106023,51.558886],[-0.105995,51.558706],[-0.10629,51.558703],[-0.106023,51.558886]]]}},{"type":"Feature","properties":{"name":"Waterhouse Pond","kind":"water"},"geometry":{"type":"Polygon","coordinates":[[[-0.351336,51.412883],[-0.350607,51.413016],[-0.350756,51.412577],[-0.351336,51.412883]]]}},{"type":"Feature","properties":{"name":"New River","kind":"water"},"geometry":{"type":"LineString","coordinates":[[-0.089485,51.56076],[-0.087248,51.561143],[-0.086211,51.560458]]}},{"type":"Feature","properties":{"name":null,"kind":"water"},"geometry":{"type":"Polygon","coordinates":[[[0.255822,51.598269],[0.256706,51.598648],[0.257213,51.598104],[0.256363,51.5978],[0.255822,51.598269]]]}},{"type":"Feature","properties":{"name":null,"kind":"water"},"geometry":{"type":"Polygon","coordinates":[[[0.257058,51.598813],[0.258697,51.599069],[0.257873,51.598531],[0.257058,51.598813]]]}},{"type":"Feature","properties":{"name":null,"kind":"water"},"geometry":{"type":"Polygon","coordinates":[[[0.25638,51.599874],[0.256775,51.599698],[0.254371,51.598685],[0.25735,51.599533],[0.254063,51.598509],[0.25638,51.599874]]]}},{"type":"Feature","properties":{"name":"River Thames","kind":"water"},"geometry":{"type":"LineString","coordinates":[[-0.324097,51.431404],[-0.32595,51.431957],[-0.327814,51.433754],[-0.328458,51.43641],[-0.330676,51.440034],[-0.330556,51.441703],[-0.328156,51.443683],[-0.32108,51.445729],[-0.307428,51.448392],[-0.304327,51.450437],[-0.303252,51.452637],[-0.303879,51.454391],[-0.306083,51.456807],[-0.317193,51.462225]]}},{"type":"Feature","properties":{"name":"Longford River","kind":"water"},"geometry":{"type":"LineString","coordinates":[[-0.410074,51.447769],[-0.403488,51.443632]]}},{"type":"Feature","properties":{"name":"Longford River","kind":"water"},"geometry":{"type":"LineString","coordinates":[[-0.410338,51.447978],[-0.410074,51.447769]]}},{"type":"Feature","properties":{"name":"Barn Hill Pond","kind":"water"},"geometry":{"type":"Polygon","coordinates":[[[-0.279934,51.572816],[-0.279917,51.573099],[-0.279557,51.57311],[-0.279934,51.572816]]]}},{"type":"Feature","properties":{"name":"Pool River","kind":"water"},"geometry":{"type":"LineString","coordinates":[[-0.039512,51.41467],[-0.039549,51.419062],[-0.031488,51.422748],[-0.030183,51.425493]]}},{"type":"Feature","properties":{"name":"River Pinn","kind":"water"},"geometry":{"type":"LineString","coordinates":[[-0.380961,51.595451],[-0.382174,51.594194]]}},{"type":"Feature","properties":{"name":null,"kind":"water"},"geometry":{"type":"Polygon","coordinates":[[[0.023001,51.612761],[0.023563,51.612372],[0.022856,51.612308],[0.023001,51.612761]]]}},{"type":"Feature","properties":{"name":null,"kind":"water"},"geometry":{"type":"Polygon","coordinates":[[[-0.004109,51.527031],[-0.003725,51.52689],[-0.004329,51.526714],[-0.004109,51.527031]]]}},{"type":"Feature","properties":{"name":null,"kind":"water"},"geometry":{"type":"Polygon","coordinates":[[[-0.153373,51.528807],[-0.153495,51.528791],[-0.153438,51.528693],[-0.153373,51.528807]]]}},{"type":"Feature","properties":{"name":null,"kind":"water"},"geometry":{"type":"Polygon","coordinates":[[[0.259838,51.518075],[0.260133,51.518034],[0.259936,51.517962],[0.259838,51.518075]]]}},{"type":"Feature","properties":{"name":"Hogsmill River","kind":"water"},"geometry":{"type":"LineString","coordinates":[[-0.296901,51.405373],[-0.298858,51.404925]]}},{"type":"Feature","properties":{"name":"Hogsmill River","kind":"water"},"geometry":{"type":"LineString","coordinates":[[-0.306711,51.408488],[-0.309056,51.409483]]}},{"type":"Feature","properties":{"name":"Brent Canal Feeder","kind":"water"},"geometry":{"type":"LineString","coordinates":[[-0.262266,51.540844],[-0.263066,51.53935],[-0.262327,51.538524]]}},{"type":"Feature","properties":{"name":"River Brent","kind":"water"},"geometry":{"type":"LineString","coordinates":[[-0.265019,51.559044],[-0.267557,51.558211]]}},{"type":"Feature","properties":{"name":"River Brent","kind":"water"},"geometry":{"type":"LineString","coordinates":[[-0.267557,51.558211],[-0.267789,51.558159]]}},{"type":"Feature","properties":{"name":null,"kind":"water"},"geometry":{"type":"Polygon","coordinates":[[[0.320915,51.541748],[0.321434,51.541816],[0.321058,51.540761],[0.320915,51.541748]]]}},{"type":"Feature","properties":{"name":null,"kind":"water"},"geometry":{"type":"Polygon","coordinates":[[[0.253642,51.599217],[0.252725,51.59991],[0.253064,51.599986],[0.253642,51.599217]]]}},{"type":"Feature","properties":{"name":null,"kind":"water"},"geometry":{"type":"Polygon","coordinates":[[[0.253473,51.599148],[0.252825,51.599349],[0.252413,51.599809],[0.253473,51.599148]]]}},{"type":"Feature","properties":{"name":null,"kind":"water"},"geometry":{"type":"Polygon","coordinates":[[[0.253519,51.600211],[0.254792,51.599693],[0.25432,51.599506],[0.253519,51.600211]]]}},{"type":"Feature","properties":{"name":null,"kind":"water"},"geometry":{"type":"Polygon","coordinates":[[[-0.067599,51.436291],[-0.067673,51.436213],[-0.067681,51.436291],[-0.067599,51.436291]]]}},{"type":"Feature","properties":{"name":"Sheep Wash Pond","kind":"water"},"geometry":{"type":"Polygon","coordinates":[[[-0.232597,51.621125],[-0.231841,51.621202],[-0.232168,51.620864],[-0.232597,51.621125]]]}},{"type":"Feature","properties":{"name":"Hogsmill River","kind":"water"},"geometry":{"type":"LineString","coordinates":[[-0.306641,51.408294],[-0.306711,51.408488]]}},{"type":"Feature","properties":{"name":"Grand Union Canal","kind":"water"},"geometry":{"type":"LineString","coordinates":[[-0.409212,51.500405],[-0.406807,51.499762]]}},{"type":"Feature","properties":{"name":null,"kind":"water"},"geometry":{"type":"Polygon","coordinates":[[[-0.334934,51.403173],[-0.335004,51.402821],[-0.334764,51.402899],[-0.334934,51.403173]]]}},{"type":"Feature","properties":{"name":null,"kind":"water"},"geometry":{"type":"Polygon","coordinates":[[[0.014942,51.549532],[0.015615,51.54969],[0.015564,51.549354],[0.014942,51.549532]]]}},{"type":"Feature","properties":{"name":"Oakley Road Fishery","kind":"water"},"geometry":{"type":"Polygon","coordinates":[[[0.041445,51.378937],[0.041852,51.379129],[0.041659,51.37845],[0.041445,51.378937]]]}},{"type":"Feature","properties":{"name":"Model boats pond","kind":"water"},"geometry":{"type":"Polygon","coordinates":[[[0.10953,51.386753],[0.109136,51.386942],[0.109125,51.386657],[0.10953,51.386753]]]}},{"type":"Feature","properties":{"name":null,"kind":"water"},"geometry":{"type":"Polygon","coordinates":[[[0.027154,51.356062],[0.026965,51.355446],[0.026536,51.355687],[0.027154,51.356062]]]}},{"type":"Feature","properties":{"name":"Harefield No. 1 Lake","kind":"water"},"geometry":{"type":"Polygon","coordinates":[[[-0.483247,51.585991],[-0.483631,51.587329],[-0.482771,51.587367],[-0.481585,51.585073],[-0.482596,51.58462],[-0.483247,51.585991]]]}},{"type":"Feature","properties":{"name":"Bigley Ditch","kind":"water"},"geometry":{"type":"LineString","coordinates":[[-0.489706,51.493579],[-0.494241,51.490441]]}},{"type":"Feature","properties":{"name":"River Brent","kind":"water"},"geometry":{"type":"LineString","coordinates":[[-0.267789,51.558159],[-0.26848,51.556634],[-0.266455,51.556089],[-0.266935,51.554113]]}},{"type":"Feature","properties":{"name":"Vale of Health Pond","kind":"water"},"geometry":{"type":"Polygon","coordinates":[[[-0.174234,51.561936],[-0.174691,51.562891],[-0.17543,51.562618],[-0.174234,51.561936]]]}},{"type":"Feature","properties":{"name":"Leg Of Mutton Pond","kind":"water"},"geometry":{"type":"Polygon","coordinates":[[[-0.188765,51.565183],[-0.187787,51.564674],[-0.188686,51.564787],[-0.188765,51.565183]]]}},{"type":"Feature","properties":{"name":"Viaduct Pond","kind":"water"},"geometry":{"type":"Polygon","coordinates":[[[-0.170119,51.562659],[-0.170206,51.563352],[-0.170513,51.562885],[-0.170119,51.562659]]]}},{"type":"Feature","properties":{"name":"Water Garden","kind":"water"},"geometry":{"type":"Polygon","coordinates":[[[-0.190945,51.56654],[-0.1908,51.566674],[-0.191245,51.566793],[-0.190945,51.56654]]]}},{"type":"Feature","properties":{"name":null,"kind":"water"},"geometry":{"type":"Polygon","coordinates":[[[-0.183654,51.565707],[-0.183579,51.565704],[-0.183607,51.565434],[-0.183682,51.565437],[-0.183654,51.565707]]]}},{"type":"Feature","properties":{"name":"Reflecting Pool","kind":"water"},"geometry":{"type":"Polygon","coordinates":[[[-0.260687,51.484452],[-0.260555,51.484354],[-0.260859,51.484354],[-0.260687,51.484452]]]}},{"type":"Feature","properties":{"name":null,"kind":"water"},"geometry":{"type":"Polygon","coordinates":[[[-0.126708,51.534576],[-0.126934,51.534621],[-0.126902,51.534677],[-0.126708,51.534576]]]}},{"type":"Feature","properties":{"name":null,"kind":"water"},"geometry":{"type":"Polygon","coordinates":[[[-0.127197,51.534972],[-0.127068,51.534831],[-0.127382,51.534984],[-0.127197,51.534972]]]}},{"type":"Feature","properties":{"name":null,"kind":"water"},"geometry":{"type":"Polygon","coordinates":[[[0.198083,51.468675],[0.198067,51.468011],[0.19887,51.46846],[0.198083,51.468675]]]}},{"type":"Feature","properties":{"name":"Swan Pond","kind":"water"},"geometry":{"type":"Polygon","coordinates":[[[-0.192594,51.567276],[-0.192451,51.567511],[-0.191785,51.567292],[-0.192594,51.567276]]]}},{"type":"Feature","properties":{"name":"Catchpit","kind":"water"},"geometry":{"type":"Polygon","coordinates":[[[-0.167456,51.561666],[-0.167465,51.561655],[-0.167563,51.561684],[-0.167456,51.561666]]]}},{"type":"Feature","properties":{"name":null,"kind":"water"},"geometry":{"type":"Polygon","coordinates":[[[-0.347422,51.42132],[-0.347232,51.421413],[-0.346945,51.421337],[-0.347422,51.42132]]]}},{"type":"Feature","properties":{"name":null,"kind":"water"},"geometry":{"type":"Polygon","coordinates":[[[-0.178881,51.56747],[-0.178675,51.567144],[-0.179143,51.567063],[-0.178881,51.56747]]]}},{"type":"Feature","properties":{"name":null,"kind":"water"},"geometry":{"type":"Polygon","coordinates":[[[-0.179027,51.566696],[-0.178624,51.566702],[-0.178907,51.566499],[-0.179027,51.566696]]]}},{"type":"Feature","properties":{"name":"River Roding","kind":"water"},"geometry":{"type":"LineString","coordinates":[[0.042118,51.577343],[0.040877,51.576742],[0.040163,51.574519],[0.041624,51.574092],[0.047439,51.569577],[0.049721,51.56933],[0.0504,51.568009],[0.05026,51.56619],[0.052439,51.564817],[0.051797,51.563741],[0.052656,51.561787],[0.054372,51.560682],[0.057655,51.560858],[0.061125,51.558287],[0.063213,51.558204]]}},{"type":"Feature","properties":{"name":"Seven Kings Water","kind":"water"},"geometry":{"type":"LineString","coordinates":[[0.105661,51.570376],[0.104085,51.568658]]}},{"type":"Feature","properties":{"name":"River Brent","kind":"water"},"geometry":{"type":"LineString","coordinates":[[-0.277729,51.541546],[-0.282143,51.538754]]}},{"type":"Feature","properties":{"name":"River Brent","kind":"water"},"geometry":{"type":"LineString","coordinates":[[-0.284173,51.537861],[-0.291947,51.535301],[-0.296917,51.535141],[-0.302722,51.531897]]}},{"type":"Feature","properties":{"name":null,"kind":"water"},"geometry":{"type":"Polygon","coordinates":[[[-0.160903,51.572167],[-0.160851,51.572061],[-0.160955,51.572035],[-0.160903,51.572167]]]}},{"type":"Feature","properties":{"name":"Decoy Brook","kind":"water"},"geometry":{"type":"Polygon","coordinates":[[[-0.182275,51.572196],[-0.181941,51.572012],[-0.182614,51.572052],[-0.182275,51.572196]]]}},{"type":"Feature","properties":{"name":null,"kind":"water"},"geometry":{"type":"Polygon","coordinates":[[[-0.179261,51.478001],[-0.179352,51.477608],[-0.184216,51.477191],[-0.179261,51.478001]]]}},{"type":"Feature","properties":{"name":"Decoy Brook","kind":"water"},"geometry":{"type":"Polygon","coordinates":[[[-0.180866,51.571144],[-0.181063,51.571202],[-0.180896,51.571225],[-0.180866,51.571144]]]}},{"type":"Feature","properties":{"name":"Decoy Brook","kind":"water"},"geometry":{"type":"Polygon","coordinates":[[[-0.180615,51.571067],[-0.180867,51.570998],[-0.180156,51.570859],[-0.180615,51.571067]]]}},{"type":"Feature","properties":{"name":"Decoy Brook","kind":"water"},"geometry":{"type":"Polygon","coordinates":[[[-0.17924,51.570637],[-0.179476,51.570605],[-0.179412,51.570729],[-0.17924,51.570637]]]}},{"type":"Feature","properties":{"name":null,"kind":"water"},"geometry":{"type":"Polygon","coordinates":[[[-0.184211,51.563428],[-0.184135,51.563443],[-0.184186,51.563352],[-0.184211,51.563428]]]}},{"type":"Feature","properties":{"name":"The Long Pond","kind":"water"},"geometry":{"type":"Polygon","coordinates":[[[0.068397,51.459242],[0.068693,51.459245],[0.068656,51.458535],[0.068397,51.459242]]]}},{"type":"Feature","properties":{"name":null,"kind":"water"},"geometry":{"type":"Polygon","coordinates":[[[-0.008501,51.483847],[-0.009626,51.486394],[-0.004623,51.488133],[-0.005232,51.48846],[-0.000665,51.486565],[-0.003628,51.484854],[-0.008501,51.483847]]]}},{"type":"Feature","properties":{"name":null,"kind":"water"},"geometry":{"type":"Polygon","coordinates":[[[0.248645,51.518417],[0.249403,51.518794],[0.249265,51.518137],[0.248645,51.518417]]]}},{"type":"Feature","properties":{"name":null,"kind":"water"},"geometry":{"type":"Polygon","coordinates":[[[0.248789,51.519179],[0.24799,51.518661],[0.248215,51.519327],[0.248789,51.519179]]]}},{"type":"Feature","properties":{"name":null,"kind":"water"},"geometry":{"type":"Polygon","coordinates":[[[-0.077563,51.423834],[-0.07766,51.423825],[-0.077617,51.423891],[-0.077563,51.423834]]]}},{"type":"Feature","properties":{"name":null,"kind":"water"},"geometry":{"type":"Polygon","coordinates":[[[-0.075386,51.462944],[-0.07542,51.462891],[-0.075334,51.462896],[-0.075386,51.462944]]]}},{"type":"Feature","properties":{"name":"Pool River","kind":"water"},"geometry":{"type":"LineString","coordinates":[[-0.030183,51.425493],[-0.030351,51.426808],[-0.031316,51.427317]]}},{"type":"Feature","properties":{"name":"Pool River","kind":"water"},"geometry":{"type":"LineString","coordinates":[[-0.031316,51.427317],[-0.032575,51.428915],[-0.027088,51.436088],[-0.027302,51.43787],[-0.026239,51.43979]]}},{"type":"Feature","properties":{"name":null,"kind":"water"},"geometry":{"type":"Polygon","coordinates":[[[0.266247,51.528662],[0.265326,51.528497],[0.264913,51.529307],[0.26617,51.529187],[0.266247,51.528662]]]}},{"type":"Feature","properties":{"name":"Bow Locks","kind":"water"},"geometry":{"type":"LineString","coordinates":[[-0.00819,51.523175],[-0.008209,51.522838]]}},{"type":"Feature","properties":{"name":"River Quaggy","kind":"water"},"geometry":{"type":"LineString","coordinates":[[0.011099,51.457239],[0.00698,51.456209],[0.001619,51.453382],[-0.00303,51.455244],[-0.002983,51.457531],[-0.00407,51.459207]]}},{"type":"Feature","properties":{"name":"River Quaggy","kind":"water"},"geometry":{"type":"LineString","coordinates":[[-0.010696,51.463894],[-0.011031,51.464738]]}},{"type":"Feature","properties":{"name":"River Quaggy","kind":"water"},"geometry":{"type":"LineString","coordinates":[[-0.011461,51.464856],[-0.01236,51.464955]]}},{"type":"Feature","properties":{"name":null,"kind":"water"},"geometry":{"type":"Polygon","coordinates":[[[-0.004129,51.640662],[-0.00443,51.640274],[-0.003992,51.640252],[-0.004129,51.640662]]]}},{"type":"Feature","properties":{"name":null,"kind":"water"},"geometry":{"type":"Polygon","coordinates":[[[0.014586,51.45823],[0.014803,51.458418],[0.014381,51.458459],[0.014586,51.45823]]]}},{"type":"Feature","properties":{"name":"River Quaggy","kind":"water"},"geometry":{"type":"LineString","coordinates":[[0.031683,51.453701],[0.030226,51.454561],[0.029934,51.455411],[0.027558,51.456196]]}},{"type":"Feature","properties":{"name":null,"kind":"water"},"geometry":{"type":"Polygon","coordinates":[[[0.028825,51.456215],[0.030113,51.455814],[0.030516,51.456546],[0.028825,51.456215]]]}},{"type":"Feature","properties":{"name":"River Quaggy","kind":"water"},"geometry":{"type":"LineString","coordinates":[[0.027493,51.426211],[0.027459,51.426981]]}},{"type":"Feature","properties":{"name":"Kyd Brook","kind":"water"},"geometry":{"type":"LineString","coordinates":[[0.056101,51.407726],[0.053819,51.410434],[0.051783,51.411578]]}},{"type":"Feature","properties":{"name":null,"kind":"water"},"geometry":{"type":"Polygon","coordinates":[[[0.027343,51.42894],[0.027154,51.428838],[0.02734,51.428844],[0.027343,51.42894]]]}},{"type":"Feature","properties":{"name":null,"kind":"water"},"geometry":{"type":"Polygon","coordinates":[[[0.027643,51.430359],[0.027614,51.430136],[0.027713,51.430095],[0.027643,51.430359]]]}},{"type":"Feature","properties":{"name":null,"kind":"water"},"geometry":{"type":"Polygon","coordinates":[[[-0.305559,51.329502],[-0.305036,51.329207],[-0.30525,51.328821],[-0.305559,51.329502]]]}},{"type":"Feature","properties":{"name":null,"kind":"water"},"geometry":{"type":"Polygon","coordinates":[[[-0.117594,51.592369],[-0.117012,51.592613],[-0.116682,51.592259],[-0.117594,51.592369]]]}},{"type":"Feature","properties":{"name":null,"kind":"water"},"geometry":{"type":"Polygon","coordinates":[[[-0.119661,51.592405],[-0.11957,51.592238],[-0.119507,51.592365],[-0.119661,51.592405]]]}},{"type":"Feature","properties":{"name":"Ham Dip Pond","kind":"water"},"geometry":{"type":"Polygon","coordinates":[[[-0.289021,51.432305],[-0.288334,51.432391],[-0.28891,51.432413],[-0.289021,51.432305]]]}},{"type":"Feature","properties":{"name":"Ham Gate Pond","kind":"water"},"geometry":{"type":"Polygon","coordinates":[[[-0.292199,51.432523],[-0.291564,51.432699],[-0.291543,51.432352],[-0.292199,51.432523]]]}},{"type":"Feature","properties":{"name":"Leg of Mutton Pond","kind":"water"},"geometry":{"type":"Polygon","coordinates":[[[-0.280309,51.44382],[-0.279674,51.444001],[-0.279734,51.443707],[-0.280309,51.44382]]]}},{"type":"Feature","properties":{"name":"White Ash Pond","kind":"water"},"geometry":{"type":"Polygon","coordinates":[[[-0.28821,51.439434],[-0.287947,51.439203],[-0.288341,51.439102],[-0.28821,51.439434]]]}},{"type":"Feature","properties":{"name":"Temple Pond","kind":"water"},"geometry":{"type":"Polygon","coordinates":[[[-0.315264,51.612722],[-0.315897,51.612382],[-0.318048,51.612558],[-0.315264,51.612722]]]}},{"type":"Feature","properties":{"name":"River Roding","kind":"water"},"geometry":{"type":"LineString","coordinates":[[0.050728,51.622187],[0.052053,51.621211],[0.051416,51.621045],[0.051494,51.619747],[0.053685,51.618278]]}},{"type":"Feature","properties":{"name":"River Roding","kind":"water"},"geometry":{"type":"LineString","coordinates":[[0.05145,51.623303],[0.050728,51.622187]]}},{"type":"Feature","properties":{"name":"Regent's Canal","kind":"water"},"geometry":{"type":"LineString","coordinates":[[-0.135499,51.540163],[-0.12801,51.53627]]}},{"type":"Feature","properties":{"name":"Regent's Canal","kind":"water"},"geometry":{"type":"LineString","coordinates":[[-0.135843,51.540342],[-0.135499,51.540163]]}},{"type":"Feature","properties":{"name":"Salmons Brook","kind":"water"},"geometry":{"type":"LineString","coordinates":[[-0.041689,51.620807],[-0.043137,51.618161],[-0.041899,51.615389],[-0.042164,51.612501]]}},{"type":"Feature","properties":{"name":null,"kind":"water"},"geometry":{"type":"Polygon","coordinates":[[[-0.217195,51.401414],[-0.217521,51.401833],[-0.219687,51.402799],[-0.217195,51.401414]]]}},{"type":"Feature","properties":{"name":null,"kind":"water"},"geometry":{"type":"Polygon","coordinates":[[[0.157573,51.421254],[0.157706,51.42128],[0.157698,51.421152],[0.157573,51.421254]]]}},{"type":"Feature","properties":{"name":null,"kind":"water"},"geometry":{"type":"Polygon","coordinates":[[[-0.095045,51.518873],[-0.09524,51.518484],[-0.093477,51.51832],[-0.095045,51.518873]]]}},{"type":"Feature","properties":{"name":"Oak Pond","kind":"water"},"geometry":{"type":"Polygon","coordinates":[[[-0.328852,51.39998],[-0.32735,51.399428],[-0.327281,51.399846],[-0.328852,51.39998]]]}},{"type":"Feature","properties":{"name":null,"kind":"water"},"geometry":{"type":"Polygon","coordinates":[[[-0.00432,51.510681],[-0.005821,51.510422],[-0.005781,51.510337],[-0.00432,51.510681]]]}},{"type":"Feature","properties":{"name":null,"kind":"water"},"geometry":{"type":"Polygon","coordinates":[[[-0.229293,51.478775],[-0.230268,51.47952],[-0.230714,51.479028],[-0.230353,51.47952],[-0.230946,51.479776],[-0.228242,51.480129],[-0.229289,51.479434],[-0.229293,51.478775]]]}},{"type":"Feature","properties":{"name":null,"kind":"water"},"geometry":{"type":"Polygon","coordinates":[[[-0.233764,51.480159],[-0.233284,51.479496],[-0.233515,51.479603],[-0.233764,51.480159]]]}},{"type":"Feature","properties":{"name":null,"kind":"water"},"geometry":{"type":"Polygon","coordinates":[[[-0.233112,51.480378],[-0.232468,51.479432],[-0.233078,51.479742],[-0.233112,51.480378]]]}},{"type":"Feature","properties":{"name":null,"kind":"water"},"geometry":{"type":"Polygon","coordinates":[[[-0.232837,51.48049],[-0.231979,51.479469],[-0.232228,51.479528],[-0.232837,51.48049]]]}},{"type":"Feature","properties":{"name":null,"kind":"water"},"geometry":{"type":"Polygon","coordinates":[[[-0.304497,51.628076],[-0.303185,51.62844],[-0.303925,51.627742],[-0.304497,51.628076]]]}},{"type":"Feature","properties":{"name":"River Cray","kind":"water"},"geometry":{"type":"LineString","coordinates":[[0.178496,51.451842],[0.180622,51.452796],[0.188117,51.453873],[0.191588,51.453097]]}},{"type":"Feature","properties":{"name":"River Cray","kind":"water"},"geometry":{"type":"LineString","coordinates":[[0.178263,51.451582],[0.178496,51.451842]]}},{"type":"Feature","properties":{"name":null,"kind":"water"},"geometry":{"type":"Polygon","coordinates":[[[-0.008792,51.387082],[-0.008357,51.38693],[-0.008395,51.387183],[-0.008792,51.387082]]]}},{"type":"Feature","properties":{"name":null,"kind":"water"},"geometry":{"type":"Polygon","coordinates":[[[-0.007415,51.387159],[-0.00645,51.386569],[-0.006951,51.38729],[-0.007415,51.387159]]]}},{"type":"Feature","properties":{"name":null,"kind":"water"},"geometry":{"type":"Polygon","coordinates":[[[-0.207037,51.409265],[-0.206974,51.409191],[-0.207041,51.409197],[-0.207037,51.409265]]]}},{"type":"Feature","properties":{"name":null,"kind":"water"},"geometry":{"type":"Polygon","coordinates":[[[-0.160596,51.512974],[-0.160464,51.512552],[-0.160262,51.512576],[-0.160394,51.512998],[-0.160596,51.512974]]]}},{"type":"Feature","properties":{"name":"Former No.3 Gasholder","kind":"water"},"geometry":{"type":"Polygon","coordinates":[[[-0.003827,51.525144],[-0.00344,51.524946],[-0.004123,51.524659],[-0.003827,51.525144]]]}},{"type":"Feature","properties":{"name":null,"kind":"water"},"geometry":{"type":"LineString","coordinates":[[-0.366139,51.500765],[-0.367443,51.504218],[-0.37097,51.504779]]}},{"type":"Feature","properties":{"name":"River Cray","kind":"water"},"geometry":{"type":"LineString","coordinates":[[0.120915,51.418302],[0.126524,51.424287],[0.132137,51.427317],[0.134596,51.432344],[0.139019,51.43343],[0.140305,51.434434],[0.142231,51.43446],[0.143175,51.435563],[0.145795,51.435117],[0.148919,51.437795],[0.149124,51.438915],[0.151545,51.440517]]}},{"type":"Feature","properties":{"name":null,"kind":"water"},"geometry":{"type":"LineString","coordinates":[[-0.417083,51.503549],[-0.416514,51.504084]]}},{"type":"Feature","properties":{"name":null,"kind":"water"},"geometry":{"type":"Polygon","coordinates":[[[-0.446563,51.51129],[-0.446139,51.511347],[-0.445966,51.509462],[-0.446583,51.509955],[-0.446563,51.51129]]]}},{"type":"Feature","properties":{"name":"Grand Union Canal","kind":"water"},"geometry":{"type":"LineString","coordinates":[[-0.406807,51.499762],[-0.386906,51.494799],[-0.383034,51.494993],[-0.378946,51.496318]]}},{"type":"Feature","properties":{"name":"Warren Pond","kind":"water"},"geometry":{"type":"Polygon","coordinates":[[[0.018275,51.632927],[0.018756,51.631957],[0.018836,51.632706],[0.018275,51.632927]]]}},{"type":"Feature","properties":{"name":"River Crane","kind":"water"},"geometry":{"type":"LineString","coordinates":[[-0.411229,51.47019],[-0.411144,51.469866]]}},{"type":"Feature","properties":{"name":"Frays River","kind":"water"},"geometry":{"type":"LineString","coordinates":[[-0.476426,51.556225],[-0.481542,51.551364],[-0.482642,51.549469]]}},{"type":"Feature","properties":{"name":"Grand Union Canal","kind":"water"},"geometry":{"type":"LineString","coordinates":[[-0.482278,51.565661],[-0.482247,51.565502]]}},{"type":"Feature","properties":{"name":"87 Denham Deep Lock 11'1\"","kind":"water"},"geometry":{"type":"LineString","coordinates":[[-0.482247,51.565502],[-0.482194,51.565259]]}},{"type":"Feature","properties":{"name":"Frays River","kind":"water"},"geometry":{"type":"LineString","coordinates":[[-0.482642,51.549469],[-0.483559,51.548216]]}},{"type":"Feature","properties":{"name":"Lee Navigation","kind":"water"},"geometry":{"type":"LineString","coordinates":[[-0.014059,51.530072],[-0.013236,51.529743]]}},{"type":"Feature","properties":{"name":"Dew Pond","kind":"water"},"geometry":{"type":"Polygon","coordinates":[[[-0.313815,51.404026],[-0.313516,51.403976],[-0.313416,51.404412],[-0.313815,51.404026]]]}},{"type":"Feature","properties":{"name":"Barons Pond","kind":"water"},"geometry":{"type":"Polygon","coordinates":[[[-0.287841,51.501041],[-0.287924,51.501298],[-0.288072,51.501161],[-0.287841,51.501041]]]}},{"type":"Feature","properties":{"name":"Butlers Pond","kind":"water"},"geometry":{"type":"Polygon","coordinates":[[[0.019939,51.634805],[0.019325,51.634584],[0.020041,51.634499],[0.019939,51.634805]]]}},{"type":"Feature","properties":{"name":"Cumberland Turn Basin","kind":"water"},"geometry":{"type":"Polygon","coordinates":[[[-0.152125,51.537301],[-0.151228,51.537295],[-0.152602,51.537233],[-0.152125,51.537301]]]}},{"type":"Feature","properties":{"name":"New River","kind":"water"},"geometry":{"type":"LineString","coordinates":[[-0.102225,51.576958],[-0.100987,51.574241],[-0.09969,51.573844],[-0.094793,51.573591],[-0.086705,51.57426]]}},{"type":"Feature","properties":{"name":null,"kind":"water"},"geometry":{"type":"Polygon","coordinates":[[[-0.016669,51.54144],[-0.018869,51.538616],[-0.020552,51.537627],[-0.016669,51.54144]]]}},{"type":"Feature","properties":{"name":"Wraysbury River","kind":"water"},"geometry":{"type":"LineString","coordinates":[[-0.503316,51.477985],[-0.503517,51.477991]]}},{"type":"Feature","properties":{"name":"Wraysbury River","kind":"water"},"geometry":{"type":"LineString","coordinates":[[-0.503517,51.477991],[-0.503564,51.477996]]}},{"type":"Feature","properties":{"name":"Wraysbury River","kind":"water"},"geometry":{"type":"LineString","coordinates":[[-0.503564,51.477996],[-0.504274,51.478046]]}},{"type":"Feature","properties":{"name":"Wraysbury River","kind":"water"},"geometry":{"type":"LineString","coordinates":[[-0.504274,51.478046],[-0.505135,51.475683],[-0.509553,51.472435],[-0.509673,51.470287],[-0.511146,51.469266]]}},{"type":"Feature","properties":{"name":"Salmons Brook","kind":"water"},"geometry":{"type":"LineString","coordinates":[[-0.042949,51.611029],[-0.043494,51.60943],[-0.044548,51.608591]]}},{"type":"Feature","properties":{"name":"Mayes Brook","kind":"water"},"geometry":{"type":"LineString","coordinates":[[0.100018,51.531152],[0.094129,51.529665],[0.093702,51.529105]]}},{"type":"Feature","properties":{"name":null,"kind":"water"},"geometry":{"type":"LineString","coordinates":[[-0.066345,51.505858],[-0.066743,51.505673]]}},{"type":"Feature","properties":{"name":"New River","kind":"water"},"geometry":{"type":"LineString","coordinates":[[-0.086705,51.57426],[-0.086282,51.574221]]}},{"type":"Feature","properties":{"name":"New River","kind":"water"},"geometry":{"type":"LineString","coordinates":[[-0.089188,51.570433],[-0.091096,51.56981],[-0.092999,51.567934],[-0.092183,51.566132]]}},{"type":"Feature","properties":{"name":"Regent's Canal","kind":"water"},"geometry":{"type":"LineString","coordinates":[[-0.122783,51.535469],[-0.121627,51.535405]]}},{"type":"Feature","properties":{"name":"Regent's Canal","kind":"water"},"geometry":{"type":"LineString","coordinates":[[-0.121627,51.535405],[-0.114993,51.534794]]}},{"type":"Feature","properties":{"name":"Regent's Canal","kind":"water"},"geometry":{"type":"LineString","coordinates":[[-0.17226,51.526383],[-0.17156,51.526476]]}},{"type":"Feature","properties":{"name":"Regent's Canal","kind":"water"},"geometry":{"type":"LineString","coordinates":[[-0.174178,51.525909],[-0.17226,51.526383]]}},{"type":"Feature","properties":{"name":"River Brent","kind":"water"},"geometry":{"type":"LineString","coordinates":[[-0.273178,51.544703],[-0.27378,51.544447]]}},{"type":"Feature","properties":{"name":"River Brent","kind":"water"},"geometry":{"type":"LineString","coordinates":[[-0.272248,51.545144],[-0.273178,51.544703]]}},{"type":"Feature","properties":{"name":"Regent's Canal","kind":"water"},"geometry":{"type":"LineString","coordinates":[[-0.143801,51.541712],[-0.142602,51.541649]]}},{"type":"Feature","properties":{"name":null,"kind":"water"},"geometry":{"type":"Polygon","coordinates":[[[0.189098,51.519232],[0.187793,51.518645],[0.188849,51.518746],[0.189098,51.519232]]]}},{"type":"Feature","properties":{"name":null,"kind":"water"},"geometry":{"type":"Polygon","coordinates":[[[-0.064129,51.319086],[-0.063957,51.319027],[-0.064052,51.318898],[-0.064129,51.319086]]]}},{"type":"Feature","properties":{"name":"River Pinn","kind":"water"},"geometry":{"type":"LineString","coordinates":[[-0.452626,51.565331],[-0.452738,51.563832],[-0.452068,51.562822],[-0.456257,51.561169],[-0.459401,51.558743],[-0.45873,51.556526],[-0.457181,51.555433]]}},{"type":"Feature","properties":{"name":"Grand Union Canal","kind":"water"},"geometry":{"type":"LineString","coordinates":[[-0.479916,51.517646],[-0.479214,51.517066]]}},{"type":"Feature","properties":{"name":null,"kind":"water"},"geometry":{"type":"Polygon","coordinates":[[[-0.065687,51.572117],[-0.065148,51.571804],[-0.065789,51.571794],[-0.065687,51.572117]]]}},{"type":"Feature","properties":{"name":null,"kind":"water"},"geometry":{"type":"Polygon","coordinates":[[[0.072379,51.350397],[0.072647,51.350182],[0.072217,51.350269],[0.072379,51.350397]]]}},{"type":"Feature","properties":{"name":"River Pinn","kind":"water"},"geometry":{"type":"LineString","coordinates":[[-0.469074,51.536012],[-0.46978,51.535952]]}},{"type":"Feature","properties":{"name":"River Pinn","kind":"water"},"geometry":{"type":"LineString","coordinates":[[-0.46978,51.535952],[-0.470572,51.535762],[-0.471045,51.532876],[-0.472386,51.529991],[-0.471349,51.529048],[-0.471504,51.528018],[-0.470274,51.527229],[-0.471301,51.523109],[-0.475207,51.518328],[-0.479149,51.517151]]}},{"type":"Feature","properties":{"name":null,"kind":"water"},"geometry":{"type":"Polygon","coordinates":[[[0.036896,51.359738],[0.036716,51.358581],[0.03613,51.359579],[0.036896,51.359738]]]}},{"type":"Feature","properties":{"name":null,"kind":"water"},"geometry":{"type":"Polygon","coordinates":[[[0.036332,51.360516],[0.036567,51.359893],[0.035816,51.360323],[0.036332,51.360516]]]}},{"type":"Feature","properties":{"name":null,"kind":"water"},"geometry":{"type":"Polygon","coordinates":[[[0.036385,51.358349],[0.037079,51.357693],[0.037355,51.358009],[0.036385,51.358349]]]}},{"type":"Feature","properties":{"name":null,"kind":"water"},"geometry":{"type":"Polygon","coordinates":[[[0.039494,51.361513],[0.039929,51.361371],[0.039641,51.361342],[0.039494,51.361513]]]}},{"type":"Feature","properties":{"name":null,"kind":"water"},"geometry":{"type":"Polygon","coordinates":[[[0.046177,51.359177],[0.046345,51.359158],[0.046144,51.358824],[0.046177,51.359177]]]}},{"type":"Feature","properties":{"name":null,"kind":"water"},"geometry":{"type":"Polygon","coordinates":[[[0.04628,51.35969],[0.046331,51.359284],[0.046137,51.359326],[0.04628,51.35969]]]}},{"type":"Feature","properties":{"name":null,"kind":"water"},"geometry":{"type":"Polygon","coordinates":[[[0.046492,51.360249],[0.04663,51.360153],[0.046314,51.359816],[0.046492,51.360249]]]}},{"type":"Feature","properties":{"name":null,"kind":"water"},"geometry":{"type":"Polygon","coordinates":[[[0.046747,51.36083],[0.046898,51.360786],[0.04672,51.360383],[0.046747,51.36083]]]}},{"type":"Feature","properties":{"name":null,"kind":"water"},"geometry":{"type":"Polygon","coordinates":[[[0.048052,51.362704],[0.046941,51.361081],[0.046813,51.361924],[0.048052,51.362704]]]}},{"type":"Feature","properties":{"name":"Longford River","kind":"water"},"geometry":{"type":"LineString","coordinates":[[-0.495553,51.47508],[-0.495182,51.474155]]}},{"type":"Feature","properties":{"name":"Duke of Northumberland's River","kind":"water"},"geometry":{"type":"LineString","coordinates":[[-0.495036,51.474182],[-0.491437,51.470223],[-0.492139,51.463969],[-0.48961,51.463144]]}},{"type":"Feature","properties":{"name":null,"kind":"water"},"geometry":{"type":"Polygon","coordinates":[[[-0.16339,51.674673],[-0.163312,51.674753],[-0.162926,51.674572],[-0.16339,51.674673]]]}},{"type":"Feature","properties":{"name":"River Pinn","kind":"water"},"geometry":{"type":"LineString","coordinates":[[-0.457181,51.555433],[-0.45721,51.555321]]}},{"type":"Feature","properties":{"name":"River Pinn","kind":"water"},"geometry":{"type":"LineString","coordinates":[[-0.45721,51.555321],[-0.457225,51.555264]]}},{"type":"Feature","properties":{"name":"River Pinn","kind":"water"},"geometry":{"type":"LineString","coordinates":[[-0.457225,51.555264],[-0.457428,51.554753]]}},{"type":"Feature","properties":{"name":"River Pinn","kind":"water"},"geometry":{"type":"LineString","coordinates":[[-0.457428,51.554753],[-0.459519,51.554047],[-0.460565,51.55072],[-0.463942,51.548651],[-0.465675,51.545204]]}},{"type":"Feature","properties":{"name":null,"kind":"water"},"geometry":{"type":"Polygon","coordinates":[[[-0.152546,51.535905],[-0.152354,51.535563],[-0.152554,51.535469],[-0.152546,51.535905]]]}},{"type":"Feature","properties":{"name":"Frays River","kind":"water"},"geometry":{"type":"LineString","coordinates":[[-0.485584,51.529274],[-0.485912,51.529146]]}},{"type":"Feature","properties":{"name":"Grand Union Canal - Slough Arm","kind":"water"},"geometry":{"type":"LineString","coordinates":[[-0.483984,51.516943],[-0.483716,51.516991]]}},{"type":"Feature","properties":{"name":"Grand Union Canal - Slough Arm","kind":"water"},"geometry":{"type":"LineString","coordinates":[[-0.491356,51.515703],[-0.483984,51.516943]]}},{"type":"Feature","properties":{"name":"Grand Union Canal - Slough Arm","kind":"water"},"geometry":{"type":"LineString","coordinates":[[-0.491753,51.515635],[-0.491356,51.515703]]}},{"type":"Feature","properties":{"name":"Grand Union Canal - Slough Arm","kind":"water"},"geometry":{"type":"LineString","coordinates":[[-0.496285,51.514864],[-0.491753,51.515635]]}},{"type":"Feature","properties":{"name":"River Ember","kind":"water"},"geometry":{"type":"LineString","coordinates":[[-0.37258,51.386802],[-0.359375,51.387424],[-0.356681,51.390612],[-0.356508,51.393339],[-0.355598,51.395002],[-0.348341,51.397147],[-0.347344,51.398563],[-0.34409,51.399589]]}},{"type":"Feature","properties":{"name":"River Crane","kind":"water"},"geometry":{"type":"LineString","coordinates":[[-0.409055,51.500466],[-0.409217,51.500324]]}},{"type":"Feature","properties":{"name":null,"kind":"water"},"geometry":{"type":"Polygon","coordinates":[[[-0.32512,51.414141],[-0.325585,51.413984],[-0.327707,51.41375],[-0.32512,51.414141]]]}},{"type":"Feature","properties":{"name":"Longford River","kind":"water"},"geometry":{"type":"LineString","coordinates":[[-0.489667,51.463026],[-0.488561,51.462701]]}},{"type":"Feature","properties":{"name":"Longford River","kind":"water"},"geometry":{"type":"LineString","coordinates":[[-0.488561,51.462701],[-0.486579,51.461748],[-0.477087,51.461617]]}},{"type":"Feature","properties":{"name":"Duke of Northumberland's River","kind":"water"},"geometry":{"type":"LineString","coordinates":[[-0.48961,51.463144],[-0.488453,51.462803]]}},{"type":"Feature","properties":{"name":"Duke of Northumberland's River","kind":"water"},"geometry":{"type":"LineString","coordinates":[[-0.488453,51.462803],[-0.485724,51.461794],[-0.476647,51.461527]]}},{"type":"Feature","properties":{"name":"Longford River","kind":"water"},"geometry":{"type":"LineString","coordinates":[[-0.495182,51.474155],[-0.491587,51.470095],[-0.49245,51.464143],[-0.489667,51.463026]]}},{"type":"Feature","properties":{"name":"Duke of Northumberland's River","kind":"water"},"geometry":{"type":"LineString","coordinates":[[-0.495407,51.475107],[-0.495036,51.474182]]}},{"type":"Feature","properties":{"name":"Longford River","kind":"water"},"geometry":{"type":"LineString","coordinates":[[-0.477087,51.461617],[-0.476814,51.461179]]}},{"type":"Feature","properties":{"name":"Longford River","kind":"water"},"geometry":{"type":"LineString","coordinates":[[-0.46156,51.457254],[-0.450674,51.455267],[-0.445309,51.456967],[-0.442414,51.457034],[-0.437804,51.455984],[-0.435136,51.456678],[-0.428248,51.454506],[-0.422634,51.455174]]}},{"type":"Feature","properties":{"name":"Duke of Northumberland's River","kind":"water"},"geometry":{"type":"LineString","coordinates":[[-0.476647,51.461527],[-0.476291,51.460952]]}},{"type":"Feature","properties":{"name":"Duke of Northumberland's River","kind":"water"},"geometry":{"type":"LineString","coordinates":[[-0.476291,51.460952],[-0.472578,51.458594],[-0.458793,51.457181],[-0.450485,51.455416],[-0.444424,51.457223],[-0.438512,51.456673],[-0.41603,51.457048],[-0.403542,51.459673]]}},{"type":"Feature","properties":{"name":null,"kind":"water"},"geometry":{"type":"Polygon","coordinates":[[[0.146928,51.435893],[0.146585,51.435636],[0.147139,51.43615],[0.146928,51.435893]]]}},{"type":"Feature","properties":{"name":"River Brent","kind":"water"},"geometry":{"type":"LineString","coordinates":[[-0.323627,51.491699],[-0.320348,51.491178],[-0.320314,51.489095],[-0.321461,51.488188]]}},{"type":"Feature","properties":{"name":"Clitheroes lock 99 7,7\"","kind":"water"},"geometry":{"type":"LineString","coordinates":[[-0.321452,51.489131],[-0.321491,51.488892]]}},{"type":"Feature","properties":{"name":"Grand Union Canal","kind":"water"},"geometry":{"type":"LineString","coordinates":[[-0.321491,51.488892],[-0.321461,51.488188]]}},{"type":"Feature","properties":{"name":"Grand Union Canal","kind":"water"},"geometry":{"type":"LineString","coordinates":[[-0.311627,51.483221],[-0.311781,51.482981]]}},{"type":"Feature","properties":{"name":"Grand Union Canal","kind":"water"},"geometry":{"type":"LineString","coordinates":[[-0.311619,51.482947],[-0.31177,51.482735]]}},{"type":"Feature","properties":{"name":"Grand Union Canal","kind":"water"},"geometry":{"type":"LineString","coordinates":[[-0.311473,51.483173],[-0.311619,51.482947]]}},{"type":"Feature","properties":{"name":null,"kind":"water"},"geometry":{"type":"Polygon","coordinates":[[[-0.022197,51.398686],[-0.02185,51.398972],[-0.02171,51.398923],[-0.022197,51.398686]]]}},{"type":"Feature","properties":{"name":null,"kind":"water"},"geometry":{"type":"Polygon","coordinates":[[[-0.024187,51.404167],[-0.022675,51.403205],[-0.022874,51.402814],[-0.024187,51.404167]]]}},{"type":"Feature","properties":{"name":"River Colne","kind":"water"},"geometry":{"type":"LineString","coordinates":[[-0.483587,51.553761],[-0.485064,51.552446],[-0.484499,51.551206]]}},{"type":"Feature","properties":{"name":"Hanwell Lock","kind":"water"},"geometry":{"type":"LineString","coordinates":[[-0.345937,51.504595],[-0.345641,51.504418]]}},{"type":"Feature","properties":{"name":"Grand Union Canal","kind":"water"},"geometry":{"type":"LineString","coordinates":[[-0.346762,51.505048],[-0.345937,51.504595]]}},{"type":"Feature","properties":{"name":"Hanwell Lock","kind":"water"},"geometry":{"type":"LineString","coordinates":[[-0.347097,51.505172],[-0.346762,51.505048]]}},{"type":"Feature","properties":{"name":"Grand Union Canal","kind":"water"},"geometry":{"type":"LineString","coordinates":[[-0.348208,51.50545],[-0.347097,51.505172]]}},{"type":"Feature","properties":{"name":"Hanwell Lock","kind":"water"},"geometry":{"type":"LineString","coordinates":[[-0.348597,51.505463],[-0.348208,51.50545]]}},{"type":"Feature","properties":{"name":"Grand Union Canal","kind":"water"},"geometry":{"type":"LineString","coordinates":[[-0.349904,51.505451],[-0.348597,51.505463]]}},{"type":"Feature","properties":{"name":"Grand Union Canal","kind":"water"},"geometry":{"type":"LineString","coordinates":[[-0.3503,51.505425],[-0.349904,51.505451]]}},{"type":"Feature","properties":{"name":"Grand Union Canal","kind":"water"},"geometry":{"type":"LineString","coordinates":[[-0.355315,51.504423],[-0.352714,51.505093]]}},{"type":"Feature","properties":{"name":"Grand Union Canal","kind":"water"},"geometry":{"type":"LineString","coordinates":[[-0.355536,51.504363],[-0.355315,51.504423]]}},{"type":"Feature","properties":{"name":"Grand Union Canal","kind":"water"},"geometry":{"type":"LineString","coordinates":[[-0.345641,51.504418],[-0.34478,51.503898]]}},{"type":"Feature","properties":{"name":"Grand Union Canal","kind":"water"},"geometry":{"type":"LineString","coordinates":[[-0.352343,51.50518],[-0.3503,51.505425]]}},{"type":"Feature","properties":{"name":"Hanwell Locks 91-97 53,2\"","kind":"water"},"geometry":{"type":"LineString","coordinates":[[-0.352714,51.505093],[-0.352343,51.50518]]}},{"type":"Feature","properties":{"name":"Grand Union Canal","kind":"water"},"geometry":{"type":"LineString","coordinates":[[-0.304827,51.482125],[-0.30441,51.482191]]}},{"type":"Feature","properties":{"name":"River Brent","kind":"water"},"geometry":{"type":"LineString","coordinates":[[-0.305229,51.482122],[-0.304925,51.482557]]}},{"type":"Feature","properties":{"name":"Trout Fishery","kind":"water"},"geometry":{"type":"Polygon","coordinates":[[[-0.319191,51.476898],[-0.3215,51.474898],[-0.320959,51.476042],[-0.318582,51.477834],[-0.316362,51.478219],[-0.319191,51.476898]]]}},{"type":"Feature","properties":{"name":"Frays River","kind":"water"},"geometry":{"type":"LineString","coordinates":[[-0.485912,51.529146],[-0.488263,51.526231]]}},{"type":"Feature","properties":{"name":"Duke of Northumberland's River","kind":"water"},"geometry":{"type":"LineString","coordinates":[[-0.483948,51.492733],[-0.482638,51.490032],[-0.485956,51.483791],[-0.486224,51.481067]]}},{"type":"Feature","properties":{"name":"Wraysbury River","kind":"water"},"geometry":{"type":"LineString","coordinates":[[-0.485091,51.498815],[-0.485934,51.49404],[-0.487551,51.493134],[-0.487606,51.492492],[-0.491574,51.488941],[-0.49057,51.487407],[-0.496962,51.486653],[-0.499454,51.484239],[-0.499864,51.48308],[-0.501274,51.482307],[-0.502458,51.480323],[-0.502275,51.478496],[-0.503316,51.477985]]}},{"type":"Feature","properties":{"name":null,"kind":"water"},"geometry":{"type":"Polygon","coordinates":[[[-0.021712,51.399743],[-0.021671,51.399088],[-0.021516,51.399492],[-0.021712,51.399743]]]}},{"type":"Feature","properties":{"name":"Colne Brook","kind":"water"},"geometry":{"type":"LineString","coordinates":[[-0.499464,51.519031],[-0.498703,51.518484]]}},{"type":"Feature","properties":{"name":"Colne Brook","kind":"water"},"geometry":{"type":"LineString","coordinates":[[-0.498703,51.518484],[-0.496256,51.514658],[-0.495333,51.514769],[-0.494787,51.513433],[-0.492372,51.512722],[-0.492683,51.509931]]}},{"type":"Feature","properties":{"name":"Grand Union Canal - Slough Arm","kind":"water"},"geometry":{"type":"LineString","coordinates":[[-0.496553,51.514816],[-0.496285,51.514864]]}},{"type":"Feature","properties":{"name":null,"kind":"water"},"geometry":{"type":"Polygon","coordinates":[[[0.032827,51.411294],[0.032715,51.411321],[0.032784,51.411348],[0.032827,51.411294]]]}},{"type":"Feature","properties":{"name":"Cowley Lake","kind":"water"},"geometry":{"type":"Polygon","coordinates":[[[-0.48653,51.522803],[-0.485093,51.521247],[-0.485902,51.522518],[-0.485481,51.523235],[-0.48653,51.522803]]]}},{"type":"Feature","properties":{"name":"Sand River","kind":"water"},"geometry":{"type":"LineString","coordinates":[[-0.479477,51.559023],[-0.478174,51.557698],[-0.48265,51.554791],[-0.481738,51.554328],[-0.481803,51.553422],[-0.483655,51.551486]]}},{"type":"Feature","properties":{"name":null,"kind":"water"},"geometry":{"type":"Polygon","coordinates":[[[-0.308278,51.511028],[-0.308289,51.510572],[-0.308174,51.510705],[-0.308278,51.511028]]]}},{"type":"Feature","properties":{"name":"Thompson's Pond","kind":"water"},"geometry":{"type":"Polygon","coordinates":[[[-0.276985,51.433721],[-0.277043,51.433589],[-0.276738,51.43354],[-0.276985,51.433721]]]}},{"type":"Feature","properties":{"name":"Grand Union Canal","kind":"water"},"geometry":{"type":"LineString","coordinates":[[-0.311437,51.483384],[-0.31143,51.483249]]}},{"type":"Feature","properties":{"name":null,"kind":"water"},"geometry":{"type":"Polygon","coordinates":[[[-0.493654,51.475968],[-0.491387,51.47632],[-0.493683,51.476584],[-0.493654,51.475968]]]}},{"type":"Feature","properties":{"name":null,"kind":"water"},"geometry":{"type":"Polygon","coordinates":[[[-0.483207,51.518526],[-0.482232,51.517585],[-0.501482,51.514013],[-0.480878,51.51779],[-0.48183,51.518834],[-0.482772,51.519035],[-0.483207,51.518526]]]}},{"type":"Feature","properties":{"name":"Aldenham Reservoir","kind":"water"},"geometry":{"type":"Polygon","coordinates":[[[-0.314741,51.644672],[-0.315126,51.644782],[-0.312902,51.645536],[-0.313173,51.647432],[-0.315634,51.647567],[-0.314333,51.649219],[-0.309379,51.647925],[-0.308554,51.647092],[-0.309082,51.645988],[-0.308546,51.644175],[-0.309468,51.643299],[-0.312896,51.642829],[-0.313069,51.644155],[-0.314741,51.644672]]]}},{"type":"Feature","properties":{"name":null,"kind":"water"},"geometry":{"type":"Polygon","coordinates":[[[-0.244175,51.568639],[-0.243896,51.568519],[-0.243252,51.568833],[-0.244175,51.568639]]]}},{"type":"Feature","properties":{"name":null,"kind":"water"},"geometry":{"type":"Polygon","coordinates":[[[-0.279361,51.576773],[-0.278975,51.576686],[-0.27905,51.576546],[-0.279361,51.576773]]]}},{"type":"Feature","properties":{"name":null,"kind":"water"},"geometry":{"type":"Polygon","coordinates":[[[0.022552,51.403835],[0.02294,51.402962],[0.022053,51.402901],[0.022552,51.403835]]]}},{"type":"Feature","properties":{"name":null,"kind":"water"},"geometry":{"type":"Polygon","coordinates":[[[-0.322423,51.627868],[-0.32238,51.627825],[-0.322203,51.627901],[-0.322423,51.627868]]]}},{"type":"Feature","properties":{"name":null,"kind":"water"},"geometry":{"type":"Polygon","coordinates":[[[-0.321935,51.628014],[-0.321854,51.627904],[-0.321447,51.628114],[-0.321935,51.628014]]]}},{"type":"Feature","properties":{"name":null,"kind":"water"},"geometry":{"type":"Polygon","coordinates":[[[-0.322326,51.626419],[-0.321677,51.626939],[-0.322532,51.627657],[-0.322326,51.626419]]]}},{"type":"Feature","properties":{"name":"Burnt Oak Brook","kind":"water"},"geometry":{"type":"LineString","coordinates":[[-0.259356,51.611214],[-0.261029,51.610073]]}},{"type":"Feature","properties":{"name":null,"kind":"water"},"geometry":{"type":"Polygon","coordinates":[[[-0.177499,51.627991],[-0.176605,51.628468],[-0.176822,51.629273],[-0.177499,51.627991]]]}},{"type":"Feature","properties":{"name":"Colne Brook","kind":"water"},"geometry":{"type":"LineString","coordinates":[[-0.492683,51.509931],[-0.492659,51.509681]]}},{"type":"Feature","properties":{"name":"River Colne","kind":"water"},"geometry":{"type":"LineString","coordinates":[[-0.487474,51.510117],[-0.487543,51.509852]]}},{"type":"Feature","properties":{"name":"River Colne","kind":"water"},"geometry":{"type":"LineString","coordinates":[[-0.487543,51.509852],[-0.488156,51.50886]]}},{"type":"Feature","properties":{"name":"Bigley Ditch","kind":"water"},"geometry":{"type":"LineString","coordinates":[[-0.485051,51.509048],[-0.483633,51.508069],[-0.484115,51.507503]]}},{"type":"Feature","properties":{"name":null,"kind":"water"},"geometry":{"type":"Polygon","coordinates":[[[-0.487674,51.509344],[-0.487869,51.509005],[-0.487466,51.508958],[-0.487674,51.509344]]]}},{"type":"Feature","properties":{"name":"Yeading Brook","kind":"water"},"geometry":{"type":"LineString","coordinates":[[-0.375118,51.58399],[-0.379197,51.582198],[-0.379626,51.581158],[-0.379154,51.579185],[-0.380012,51.578171],[-0.379916,51.57639],[-0.380825,51.575282],[-0.380865,51.573874],[-0.382698,51.573301],[-0.391837,51.567288],[-0.39903,51.566601],[-0.405155,51.562755],[-0.411081,51.561259]]}},{"type":"Feature","properties":{"name":"Park Road Pond","kind":"water"},"geometry":{"type":"Polygon","coordinates":[[[-0.470619,51.551244],[-0.470104,51.551051],[-0.470489,51.550836],[-0.470619,51.551244]]]}},{"type":"Feature","properties":{"name":"River Thames","kind":"water"},"geometry":{"type":"LineString","coordinates":[[-0.325507,51.432405],[-0.327187,51.433149]]}},{"type":"Feature","properties":{"name":null,"kind":"water"},"geometry":{"type":"Polygon","coordinates":[[[0.059165,51.607214],[0.058972,51.606981],[0.059278,51.60693],[0.059165,51.607214]]]}},{"type":"Feature","properties":{"name":"Dead Dog Tunnel","kind":"water"},"geometry":{"type":"LineString","coordinates":[[-0.146692,51.540738],[-0.146773,51.540843]]}},{"type":"Feature","properties":{"name":null,"kind":"water"},"geometry":{"type":"Polygon","coordinates":[[[0.00233,51.582792],[0.002309,51.582626],[0.002716,51.582719],[0.00233,51.582792]]]}},{"type":"Feature","properties":{"name":null,"kind":"water"},"geometry":{"type":"Polygon","coordinates":[[[0.003639,51.582229],[0.003181,51.582209],[0.003971,51.5819],[0.003639,51.582229]]]}},{"type":"Feature","properties":{"name":"River Colne","kind":"water"},"geometry":{"type":"LineString","coordinates":[[-0.504933,51.465007],[-0.505832,51.463497]]}},{"type":"Feature","properties":{"name":"Monken Mead Brook","kind":"water"},"geometry":{"type":"LineString","coordinates":[[-0.158069,51.667682],[-0.157931,51.667462]]}},{"type":"Feature","properties":{"name":null,"kind":"water"},"geometry":{"type":"Polygon","coordinates":[[[-0.043998,51.461341],[-0.044049,51.461341],[-0.044023,51.461379],[-0.043998,51.461341]]]}},{"type":"Feature","properties":{"name":"Hogsmill River","kind":"water"},"geometry":{"type":"LineString","coordinates":[[-0.298858,51.404925],[-0.301507,51.405153],[-0.30357,51.407262]]}},{"type":"Feature","properties":{"name":null,"kind":"water"},"geometry":{"type":"Polygon","coordinates":[[[-0.084387,51.410591],[-0.084427,51.41055],[-0.084392,51.410549],[-0.084387,51.410591]]]}},{"type":"Feature","properties":{"name":"Pymmes Brook","kind":"water"},"geometry":{"type":"LineString","coordinates":[[-0.080644,51.615432],[-0.072801,51.615677]]}},{"type":"Feature","properties":{"name":"Pymmes Brook","kind":"water"},"geometry":{"type":"LineString","coordinates":[[-0.085913,51.615875],[-0.082412,51.615368]]}},{"type":"Feature","properties":{"name":"Gallows Pond","kind":"water"},"geometry":{"type":"Polygon","coordinates":[[[-0.284875,51.42431],[-0.284755,51.424447],[-0.284602,51.424315],[-0.284875,51.42431]]]}},{"type":"Feature","properties":{"name":null,"kind":"water"},"geometry":{"type":"Polygon","coordinates":[[[-0.002395,51.507211],[-0.002227,51.507338],[-0.002819,51.50774],[-0.002395,51.507211]]]}},{"type":"Feature","properties":{"name":null,"kind":"water"},"geometry":{"type":"Polygon","coordinates":[[[-0.104164,51.676645],[-0.104346,51.676579],[-0.104325,51.676685],[-0.104164,51.676645]]]}},{"type":"Feature","properties":{"name":null,"kind":"water"},"geometry":{"type":"Polygon","coordinates":[[[0.050722,51.512173],[0.051354,51.512135],[0.050517,51.511861],[0.050722,51.512173]]]}},{"type":"Feature","properties":{"name":null,"kind":"water"},"geometry":{"type":"Polygon","coordinates":[[[0.219301,51.63117],[0.219354,51.631716],[0.219569,51.631576],[0.219301,51.63117]]]}},{"type":"Feature","properties":{"name":null,"kind":"water"},"geometry":{"type":"Polygon","coordinates":[[[0.217466,51.632408],[0.217337,51.632635],[0.218582,51.632875],[0.217466,51.632408]]]}},{"type":"Feature","properties":{"name":null,"kind":"water"},"geometry":{"type":"Polygon","coordinates":[[[0.215535,51.631583],[0.215224,51.631423],[0.215202,51.631703],[0.215535,51.631583]]]}},{"type":"Feature","properties":{"name":null,"kind":"water"},"geometry":{"type":"Polygon","coordinates":[[[0.219043,51.633314],[0.220105,51.633121],[0.219977,51.632708],[0.219043,51.633314]]]}},{"type":"Feature","properties":{"name":null,"kind":"water"},"geometry":{"type":"Polygon","coordinates":[[[0.219859,51.633248],[0.219837,51.633374],[0.219419,51.633281],[0.219859,51.633248]]]}},{"type":"Feature","properties":{"name":null,"kind":"water"},"geometry":{"type":"Polygon","coordinates":[[[0.286885,51.556669],[0.286649,51.555968],[0.286295,51.556122],[0.286885,51.556669]]]}},{"type":"Feature","properties":{"name":null,"kind":"water"},"geometry":{"type":"Polygon","coordinates":[[[0.284064,51.557382],[0.283849,51.557449],[0.284021,51.557556],[0.284064,51.557382]]]}},{"type":"Feature","properties":{"name":null,"kind":"water"},"geometry":{"type":"Polygon","coordinates":[[[0.281145,51.557642],[0.280813,51.557742],[0.281489,51.557636],[0.281145,51.557642]]]}},{"type":"Feature","properties":{"name":null,"kind":"water"},"geometry":{"type":"Polygon","coordinates":[[[0.282336,51.556108],[0.283152,51.556075],[0.282374,51.55585],[0.282336,51.556108]]]}},{"type":"Feature","properties":{"name":null,"kind":"water"},"geometry":{"type":"Polygon","coordinates":[[[0.280416,51.557296],[0.280169,51.557649],[0.280652,51.557669],[0.280416,51.557296]]]}},{"type":"Feature","properties":{"name":null,"kind":"water"},"geometry":{"type":"Polygon","coordinates":[[[0.280534,51.556182],[0.280051,51.555935],[0.28033,51.555715],[0.280534,51.556182]]]}},{"type":"Feature","properties":{"name":null,"kind":"water"},"geometry":{"type":"Polygon","coordinates":[[[0.27798,51.553727],[0.279021,51.552933],[0.278088,51.55294],[0.27798,51.553727]]]}},{"type":"Feature","properties":{"name":"Nelson Docks","kind":"water"},"geometry":{"type":"Polygon","coordinates":[[[-0.033583,51.504135],[-0.033877,51.503977],[-0.032536,51.503993],[-0.033583,51.504135]]]}},{"type":"Feature","properties":{"name":"Mayes Brook","kind":"water"},"geometry":{"type":"LineString","coordinates":[[0.100292,51.531656],[0.100018,51.531152]]}},{"type":"Feature","properties":{"name":"River Roding","kind":"water"},"geometry":{"type":"LineString","coordinates":[[0.048328,51.604511],[0.047976,51.603112],[0.045299,51.601357],[0.045384,51.599918]]}},{"type":"Feature","properties":{"name":"River Roding","kind":"water"},"geometry":{"type":"LineString","coordinates":[[0.048261,51.605026],[0.048328,51.604511]]}},{"type":"Feature","properties":{"name":"Regent's Canal","kind":"water"},"geometry":{"type":"LineString","coordinates":[[-0.03516,51.511271],[-0.036537,51.510188]]}},{"type":"Feature","properties":{"name":null,"kind":"water"},"geometry":{"type":"Polygon","coordinates":[[[-0.021957,51.471629],[-0.022004,51.471578],[-0.02188,51.471595],[-0.021957,51.471629]]]}},{"type":"Feature","properties":{"name":null,"kind":"water"},"geometry":{"type":"Polygon","coordinates":[[[-0.020686,51.470453],[-0.02024,51.470071],[-0.020236,51.470367],[-0.020686,51.470453]]]}},{"type":"Feature","properties":{"name":"Scio Pond","kind":"water"},"geometry":{"type":"Polygon","coordinates":[[[-0.234332,51.446268],[-0.233588,51.446074],[-0.233808,51.446401],[-0.234332,51.446268]]]}},{"type":"Feature","properties":{"name":null,"kind":"water"},"geometry":{"type":"Polygon","coordinates":[[[-0.289657,51.481665],[-0.289659,51.481779],[-0.289551,51.481756],[-0.289657,51.481665]]]}},{"type":"Feature","properties":{"name":null,"kind":"water"},"geometry":{"type":"Polygon","coordinates":[[[-0.288632,51.482103],[-0.288668,51.482263],[-0.28857,51.482291],[-0.288632,51.482103]]]}},{"type":"Feature","properties":{"name":null,"kind":"water"},"geometry":{"type":"Polygon","coordinates":[[[0.116944,51.403971],[0.117068,51.402201],[0.11651,51.403168],[0.116944,51.403971]]]}},{"type":"Feature","properties":{"name":null,"kind":"water"},"geometry":{"type":"Polygon","coordinates":[[[-0.067279,51.428755],[-0.067604,51.428735],[-0.066964,51.428957],[-0.067279,51.428755]]]}},{"type":"Feature","properties":{"name":null,"kind":"water"},"geometry":{"type":"Polygon","coordinates":[[[-0.068815,51.428374],[-0.068976,51.428408],[-0.068461,51.428663],[-0.068815,51.428374]]]}},{"type":"Feature","properties":{"name":null,"kind":"water"},"geometry":{"type":"Polygon","coordinates":[[[-0.20363,51.501816],[-0.20364,51.50187],[-0.203739,51.501832],[-0.20363,51.501816]]]}},{"type":"Feature","properties":{"name":"Butts Canal","kind":"water"},"geometry":{"type":"LineString","coordinates":[[0.104168,51.504897],[0.103974,51.50496]]}},{"type":"Feature","properties":{"name":"Waterfield Canal","kind":"water"},"geometry":{"type":"LineString","coordinates":[[0.103974,51.50496],[0.102597,51.505221]]}},{"type":"Feature","properties":{"name":"Grand Union Canal (Paddington Branch)","kind":"water"},"geometry":{"type":"LineString","coordinates":[[-0.171959,51.518681],[-0.177033,51.518212]]}},{"type":"Feature","properties":{"name":null,"kind":"water"},"geometry":{"type":"Polygon","coordinates":[[[-0.205323,51.504445],[-0.205268,51.504599],[-0.205465,51.504442],[-0.205323,51.504445]]]}},{"type":"Feature","properties":{"name":null,"kind":"water"},"geometry":{"type":"Polygon","coordinates":[[[-0.014228,51.53007],[-0.013338,51.52969],[-0.013141,51.529792],[-0.014228,51.53007]]]}},{"type":"Feature","properties":{"name":null,"kind":"water"},"geometry":{"type":"Polygon","coordinates":[[[-0.010593,51.538667],[-0.007112,51.535217],[-0.008327,51.533615],[-0.008856,51.533435],[-0.007471,51.534845],[-0.008216,51.535983],[-0.010592,51.537585],[-0.012697,51.540322],[-0.01619,51.542176],[-0.019031,51.551049],[-0.01721,51.547504],[-0.016239,51.543041],[-0.012101,51.5404],[-0.010593,51.538667]]]}},{"type":"Feature","properties":{"name":"River Lea","kind":"water"},"geometry":{"type":"Polygon","coordinates":[[[0.009616,51.507063],[0.008932,51.507283],[0.009021,51.508768],[0.005677,51.509776],[0.007275,51.512486],[0.00681,51.513843],[0.005633,51.513672],[0.004333,51.510601],[0.002281,51.510498],[0.00179,51.511481],[0.003261,51.513883],[0.003209,51.51517],[-0.002639,51.517808],[-0.004347,51.516421],[-0.00555,51.516258],[-0.006827,51.518408],[-0.009017,51.519683],[-0.00932,51.521815],[-0.008592,51.521807],[-0.007878,51.522889],[-0.006947,51.525798],[-0.007757,51.527504],[-0.006362,51.525907],[-0.008518,51.520106],[-0.00604,51.518537],[-0.005307,51.516979],[-0.002473,51.5182],[0.003742,51.515501],[0.004335,51.514401],[0.002564,51.510946],[0.003778,51.51108],[0.004177,51.513024],[0.005227,51.514223],[0.007245,51.514351],[0.008224,51.51287],[0.006715,51.510315],[0.010364,51.508728],[0.009616,51.507063]]]}},{"type":"Feature","properties":{"name":null,"kind":"water"},"geometry":{"type":"Polygon","coordinates":[[[-0.016425,51.541702],[-0.013711,51.539391],[-0.014187,51.537529],[-0.013567,51.536671],[-0.008952,51.533641],[-0.013877,51.530188],[-0.012107,51.532041],[-0.009874,51.532778],[-0.009647,51.533687],[-0.013981,51.536812],[-0.014117,51.539508],[-0.016523,51.541156],[-0.016425,51.541702]]]}},{"type":"Feature","properties":{"name":null,"kind":"water"},"geometry":{"type":"Polygon","coordinates":[[[-0.069077,51.423814],[-0.069495,51.424409],[-0.068798,51.424053],[-0.069077,51.423814]]]}},{"type":"Feature","properties":{"name":"Intermediate Lake","kind":"water"},"geometry":{"type":"Polygon","coordinates":[[[-0.067545,51.423026],[-0.068194,51.423583],[-0.066208,51.423837],[-0.067545,51.423026]]]}},{"type":"Feature","properties":{"name":null,"kind":"water"},"geometry":{"type":"Polygon","coordinates":[[[-0.072999,51.420364],[-0.073069,51.420467],[-0.072854,51.420427],[-0.072999,51.420364]]]}},{"type":"Feature","properties":{"name":null,"kind":"water"},"geometry":{"type":"Polygon","coordinates":[[[-0.149132,51.486738],[-0.149255,51.487375],[-0.148872,51.487273],[-0.149132,51.486738]]]}},{"type":"Feature","properties":{"name":null,"kind":"water"},"geometry":{"type":"LineString","coordinates":[[-0.148846,51.484586],[-0.149108,51.485668]]}},{"type":"Feature","properties":{"name":null,"kind":"water"},"geometry":{"type":"LineString","coordinates":[[-0.149117,51.486139],[-0.149124,51.486656]]}},{"type":"Feature","properties":{"name":null,"kind":"water"},"geometry":{"type":"Polygon","coordinates":[[[-0.315361,51.380045],[-0.315644,51.379369],[-0.315136,51.378756],[-0.315361,51.380045]]]}},{"type":"Feature","properties":{"name":null,"kind":"water"},"geometry":{"type":"Polygon","coordinates":[[[-0.203349,51.504147],[-0.203663,51.504226],[-0.203634,51.504318],[-0.203349,51.504147]]]}},{"type":"Feature","properties":{"name":null,"kind":"water"},"geometry":{"type":"Polygon","coordinates":[[[0.067054,51.599118],[0.067896,51.598972],[0.066668,51.598856],[0.067054,51.599118]]]}},{"type":"Feature","properties":{"name":null,"kind":"water"},"geometry":{"type":"Polygon","coordinates":[[[0.100769,51.590869],[0.100726,51.590976],[0.101325,51.591115],[0.100769,51.590869]]]}},{"type":"Feature","properties":{"name":null,"kind":"water"},"geometry":{"type":"Polygon","coordinates":[[[0.099879,51.590883],[0.099907,51.590543],[0.099672,51.590581],[0.099879,51.590883]]]}},{"type":"Feature","properties":{"name":null,"kind":"water"},"geometry":{"type":"Polygon","coordinates":[[[0.102343,51.591521],[0.098345,51.591436],[0.098673,51.5918],[0.102343,51.591521]]]}},{"type":"Feature","properties":{"name":null,"kind":"water"},"geometry":{"type":"Polygon","coordinates":[[[0.100583,51.590992],[0.100583,51.590818],[0.100208,51.590725],[0.100583,51.590992]]]}},{"type":"Feature","properties":{"name":null,"kind":"water"},"geometry":{"type":"Polygon","coordinates":[[[0.066144,51.395902],[0.066053,51.395971],[0.066249,51.395983],[0.066144,51.395902]]]}},{"type":"Feature","properties":{"name":null,"kind":"water"},"geometry":{"type":"Polygon","coordinates":[[[0.056418,51.394023],[0.05636,51.394494],[0.056769,51.394254],[0.056418,51.394023]]]}},{"type":"Feature","properties":{"name":null,"kind":"water"},"geometry":{"type":"Polygon","coordinates":[[[0.072665,51.404653],[0.073147,51.404849],[0.072934,51.405119],[0.072665,51.404653]]]}},{"type":"Feature","properties":{"name":null,"kind":"water"},"geometry":{"type":"Polygon","coordinates":[[[0.062398,51.393499],[0.062316,51.393456],[0.06242,51.393397],[0.062398,51.393499]]]}},{"type":"Feature","properties":{"name":"Walk Wood Pond","kind":"water"},"geometry":{"type":"Polygon","coordinates":[[[0.076625,51.402806],[0.07643,51.402869],[0.077201,51.403363],[0.076625,51.402806]]]}},{"type":"Feature","properties":{"name":null,"kind":"water"},"geometry":{"type":"Polygon","coordinates":[[[0.126759,51.489054],[0.126747,51.489372],[0.12681,51.489364],[0.126759,51.489054]]]}},{"type":"Feature","properties":{"name":"Conduit Pond","kind":"water"},"geometry":{"type":"Polygon","coordinates":[[[0.129254,51.484223],[0.129149,51.484382],[0.129355,51.484395],[0.129254,51.484223]]]}},{"type":"Feature","properties":{"name":null,"kind":"water"},"geometry":{"type":"Polygon","coordinates":[[[0.126721,51.48949],[0.126618,51.489736],[0.126785,51.489752],[0.126721,51.48949]]]}},{"type":"Feature","properties":{"name":null,"kind":"water"},"geometry":{"type":"Polygon","coordinates":[[[-0.048326,51.497788],[-0.04797,51.498394],[-0.046411,51.499369],[-0.048326,51.497788]]]}},{"type":"Feature","properties":{"name":null,"kind":"water"},"geometry":{"type":"Polygon","coordinates":[[[-0.001739,51.454852],[-0.001801,51.454905],[-0.00186,51.454862],[-0.001739,51.454852]]]}},{"type":"Feature","properties":{"name":"River Colne","kind":"water"},"geometry":{"type":"LineString","coordinates":[[-0.488236,51.547384],[-0.489117,51.545723],[-0.488871,51.544227]]}},{"type":"Feature","properties":{"name":null,"kind":"water"},"geometry":{"type":"Polygon","coordinates":[[[-0.219441,51.668532],[-0.218131,51.669317],[-0.21832,51.668493],[-0.219441,51.668532]]]}},{"type":"Feature","properties":{"name":null,"kind":"water"},"geometry":{"type":"Polygon","coordinates":[[[0.086596,51.412153],[0.086622,51.412255],[0.086956,51.412265],[0.086596,51.412153]]]}},{"type":"Feature","properties":{"name":null,"kind":"water"},"geometry":{"type":"Polygon","coordinates":[[[0.093919,51.41426],[0.093825,51.414338],[0.09393,51.414372],[0.093919,51.41426]]]}},{"type":"Feature","properties":{"name":null,"kind":"water"},"geometry":{"type":"Polygon","coordinates":[[[0.095027,51.411594],[0.094899,51.411705],[0.095068,51.411647],[0.095027,51.411594]]]}},{"type":"Feature","properties":{"name":null,"kind":"water"},"geometry":{"type":"Polygon","coordinates":[[[0.101772,51.412435],[0.101778,51.412571],[0.102041,51.412548],[0.101772,51.412435]]]}},{"type":"Feature","properties":{"name":null,"kind":"water"},"geometry":{"type":"Polygon","coordinates":[[[0.097143,51.410713],[0.096893,51.411082],[0.097385,51.411042],[0.096606,51.41059],[0.096242,51.411058],[0.097143,51.410713]]]}},{"type":"Feature","properties":{"name":null,"kind":"water"},"geometry":{"type":"Polygon","coordinates":[[[0.091546,51.414268],[0.091403,51.414361],[0.091739,51.414359],[0.091546,51.414268]]]}},{"type":"Feature","properties":{"name":"Round Pond","kind":"water"},"geometry":{"type":"Polygon","coordinates":[[[-0.258397,51.484924],[-0.258498,51.484898],[-0.258434,51.484821],[-0.258397,51.484924]]]}},{"type":"Feature","properties":{"name":"Adam's Pond","kind":"water"},"geometry":{"type":"Polygon","coordinates":[[[-0.265253,51.456319],[-0.264469,51.456368],[-0.264502,51.455681],[-0.265253,51.456319]]]}},{"type":"Feature","properties":{"name":null,"kind":"water"},"geometry":{"type":"Polygon","coordinates":[[[-0.3928,51.422002],[-0.394829,51.42201],[-0.394125,51.422631],[-0.3928,51.422002]]]}},{"type":"Feature","properties":{"name":null,"kind":"water"},"geometry":{"type":"Polygon","coordinates":[[[-0.069601,51.672561],[-0.07003,51.672388],[-0.069944,51.672621],[-0.069601,51.672561]]]}},{"type":"Feature","properties":{"name":null,"kind":"water"},"geometry":{"type":"Polygon","coordinates":[[[-0.069397,51.67117],[-0.069655,51.671117],[-0.069697,51.671237],[-0.069397,51.67117]]]}},{"type":"Feature","properties":{"name":null,"kind":"water"},"geometry":{"type":"Polygon","coordinates":[[[-0.387499,51.420416],[-0.387181,51.420482],[-0.387189,51.420243],[-0.387499,51.420416]]]}},{"type":"Feature","properties":{"name":null,"kind":"water"},"geometry":{"type":"Polygon","coordinates":[[[-0.167931,51.684476],[-0.167427,51.684669],[-0.167362,51.68439],[-0.167931,51.684476]]]}},{"type":"Feature","properties":{"name":null,"kind":"water"},"geometry":{"type":"Polygon","coordinates":[[[-0.166772,51.684563],[-0.166053,51.684456],[-0.166096,51.684769],[-0.166772,51.684563]]]}},{"type":"Feature","properties":{"name":null,"kind":"water"},"geometry":{"type":"Polygon","coordinates":[[[-0.165624,51.684629],[-0.164948,51.684736],[-0.164852,51.684483],[-0.165624,51.684629]]]}},{"type":"Feature","properties":{"name":null,"kind":"water"},"geometry":{"type":"Polygon","coordinates":[[[-0.083978,51.442809],[-0.083623,51.442202],[-0.084029,51.44297],[-0.083978,51.442809]]]}},{"type":"Feature","properties":{"name":null,"kind":"water"},"geometry":{"type":"Polygon","coordinates":[[[-0.081868,51.44522],[-0.081832,51.445219],[-0.081819,51.445234],[-0.081868,51.44522]]]}},{"type":"Feature","properties":{"name":null,"kind":"water"},"geometry":{"type":"Polygon","coordinates":[[[-0.124872,51.570363],[-0.124845,51.57027],[-0.124614,51.570296],[-0.124872,51.570363]]]}},{"type":"Feature","properties":{"name":null,"kind":"water"},"geometry":{"type":"Polygon","coordinates":[[[-0.124849,51.57037],[-0.124892,51.570425],[-0.12482,51.570433],[-0.124849,51.57037]]]}},{"type":"Feature","properties":{"name":null,"kind":"water"},"geometry":{"type":"Polygon","coordinates":[[[-0.127043,51.571076],[-0.127042,51.57118],[-0.126932,51.571185],[-0.127043,51.571076]]]}},{"type":"Feature","properties":{"name":null,"kind":"water"},"geometry":{"type":"Polygon","coordinates":[[[-0.199817,51.66169],[-0.199621,51.661361],[-0.200058,51.661347],[-0.199817,51.66169]]]}},{"type":"Feature","properties":{"name":null,"kind":"water"},"geometry":{"type":"Polygon","coordinates":[[[-0.20014,51.658934],[-0.20036,51.658848],[-0.20042,51.658664],[-0.20014,51.658934]]]}},{"type":"Feature","properties":{"name":null,"kind":"water"},"geometry":{"type":"Polygon","coordinates":[[[-0.196758,51.661781],[-0.197109,51.661887],[-0.197077,51.661688],[-0.196758,51.661781]]]}},{"type":"Feature","properties":{"name":null,"kind":"water"},"geometry":{"type":"Polygon","coordinates":[[[-0.160145,51.479625],[-0.160581,51.480255],[-0.160169,51.48036],[-0.160145,51.479625]]]}},{"type":"Feature","properties":{"name":null,"kind":"water"},"geometry":{"type":"Polygon","coordinates":[[[-0.160496,51.480642],[-0.160721,51.480986],[-0.160347,51.48068],[-0.160496,51.480642]]]}},{"type":"Feature","properties":{"name":null,"kind":"water"},"geometry":{"type":"Polygon","coordinates":[[[-0.152994,51.478974],[-0.153063,51.478983],[-0.153051,51.478962],[-0.152994,51.478974]]]}},{"type":"Feature","properties":{"name":null,"kind":"water"},"geometry":{"type":"Polygon","coordinates":[[[-0.160811,51.480562],[-0.160994,51.480916],[-0.16066,51.480601],[-0.160811,51.480562]]]}},{"type":"Feature","properties":{"name":"Langthorne Park Lake","kind":"water"},"geometry":{"type":"Polygon","coordinates":[[[0.0034,51.555591],[0.003604,51.555561],[0.003545,51.555636],[0.0034,51.555591]]]}},{"type":"Feature","properties":{"name":null,"kind":"water"},"geometry":{"type":"Polygon","coordinates":[[[-0.076473,51.439363],[-0.076529,51.43939],[-0.07644,51.439426],[-0.076473,51.439363]]]}},{"type":"Feature","properties":{"name":null,"kind":"water"},"geometry":{"type":"Polygon","coordinates":[[[-0.117979,51.497591],[-0.117966,51.497661],[-0.118167,51.497667],[-0.117979,51.497591]]]}},{"type":"Feature","properties":{"name":null,"kind":"water"},"geometry":{"type":"Polygon","coordinates":[[[-0.038491,51.501253],[-0.039215,51.500006],[-0.038592,51.500519],[-0.038833,51.50067],[-0.038491,51.501253]]]}},{"type":"Feature","properties":{"name":null,"kind":"water"},"geometry":{"type":"Polygon","coordinates":[[[-0.046141,51.498802],[-0.046485,51.498914],[-0.046178,51.498772],[-0.046141,51.498802]]]}},{"type":"Feature","properties":{"name":null,"kind":"water"},"geometry":{"type":"Polygon","coordinates":[[[-0.045211,51.468831],[-0.045369,51.469169],[-0.045503,51.46901],[-0.045211,51.468831]]]}},{"type":"Feature","properties":{"name":null,"kind":"water"},"geometry":{"type":"Polygon","coordinates":[[[-0.040237,51.501621],[-0.039756,51.501407],[-0.040278,51.501752],[-0.040237,51.501621]]]}},{"type":"Feature","properties":{"name":null,"kind":"water"},"geometry":{"type":"Polygon","coordinates":[[[-0.04615,51.498759],[-0.046042,51.49871],[-0.046004,51.498742],[-0.046113,51.498791],[-0.04615,51.498759]]]}},{"type":"Feature","properties":{"name":null,"kind":"water"},"geometry":{"type":"Polygon","coordinates":[[[-0.047047,51.499165],[-0.047452,51.499325],[-0.046963,51.49913],[-0.047047,51.499165]]]}},{"type":"Feature","properties":{"name":null,"kind":"water"},"geometry":{"type":"Polygon","coordinates":[[[-0.054454,51.456988],[-0.054403,51.45696],[-0.055724,51.45745],[-0.054454,51.456988]]]}},{"type":"Feature","properties":{"name":null,"kind":"water"},"geometry":{"type":"Polygon","coordinates":[[[-0.110404,51.44978],[-0.10984,51.449212],[-0.109681,51.449707],[-0.110404,51.44978]]]}},{"type":"Feature","properties":{"name":"River Peck","kind":"water"},"geometry":{"type":"Polygon","coordinates":[[[-0.061054,51.45828],[-0.060996,51.458277],[-0.061926,51.458322],[-0.061054,51.45828]]]}},{"type":"Feature","properties":{"name":null,"kind":"water"},"geometry":{"type":"Polygon","coordinates":[[[-0.062025,51.458003],[-0.061985,51.458031],[-0.062089,51.458038],[-0.062025,51.458003]]]}},{"type":"Feature","properties":{"name":null,"kind":"water"},"geometry":{"type":"Polygon","coordinates":[[[-0.063203,51.458242],[-0.063282,51.458228],[-0.063249,51.458213],[-0.063203,51.458242]]]}},{"type":"Feature","properties":{"name":"River Peck","kind":"water"},"geometry":{"type":"Polygon","coordinates":[[[-0.057217,51.457731],[-0.058799,51.458121],[-0.057006,51.457661],[-0.057217,51.457731]]]}},{"type":"Feature","properties":{"name":null,"kind":"water"},"geometry":{"type":"Polygon","coordinates":[[[-0.063106,51.458269],[-0.063035,51.45828],[-0.06304,51.458262],[-0.063106,51.458269]]]}},{"type":"Feature","properties":{"name":null,"kind":"water"},"geometry":{"type":"Polygon","coordinates":[[[-0.06335,51.458198],[-0.063428,51.458171],[-0.063469,51.45821],[-0.06335,51.458198]]]}},{"type":"Feature","properties":{"name":null,"kind":"water"},"geometry":{"type":"Polygon","coordinates":[[[-0.030179,51.432906],[-0.0304,51.432833],[-0.029966,51.43285],[-0.030179,51.432906]]]}},{"type":"Feature","properties":{"name":"Beulah Hill Pond","kind":"water"},"geometry":{"type":"Polygon","coordinates":[[[-0.106327,51.419389],[-0.105939,51.419244],[-0.10598,51.419563],[-0.106327,51.419389]]]}},{"type":"Feature","properties":{"name":null,"kind":"water"},"geometry":{"type":"Polygon","coordinates":[[[-0.08195,51.442871],[-0.082063,51.442906],[-0.082048,51.442831],[-0.08195,51.442871]]]}},{"type":"Feature","properties":{"name":"River Peck","kind":"water"},"geometry":{"type":"Polygon","coordinates":[[[-0.056714,51.457576],[-0.056059,51.457546],[-0.056405,51.457489],[-0.056714,51.457576]]]}},{"type":"Feature","properties":{"name":null,"kind":"water"},"geometry":{"type":"Polygon","coordinates":[[[-0.117744,51.423788],[-0.118142,51.424214],[-0.118269,51.423959],[-0.117744,51.423788]]]}},{"type":"Feature","properties":{"name":null,"kind":"water"},"geometry":{"type":"Polygon","coordinates":[[[-0.11055,51.450375],[-0.110803,51.450251],[-0.110271,51.449976],[-0.11055,51.450375]]]}},{"type":"Feature","properties":{"name":"River Peck","kind":"water"},"geometry":{"type":"Polygon","coordinates":[[[-0.062142,51.458342],[-0.06194,51.458322],[-0.0623,51.458377],[-0.062142,51.458342]]]}},{"type":"Feature","properties":{"name":null,"kind":"water"},"geometry":{"type":"Polygon","coordinates":[[[-0.060401,51.457125],[-0.060448,51.45714],[-0.060453,51.457115],[-0.060401,51.457125]]]}},{"type":"Feature","properties":{"name":null,"kind":"water"},"geometry":{"type":"Polygon","coordinates":[[[-0.104231,51.344394],[-0.103544,51.344924],[-0.103864,51.34515],[-0.104231,51.344394]]]}},{"type":"Feature","properties":{"name":null,"kind":"water"},"geometry":{"type":"Polygon","coordinates":[[[-0.147364,51.642498],[-0.147793,51.642584],[-0.147643,51.642724],[-0.147364,51.642498]]]}},{"type":"Feature","properties":{"name":null,"kind":"water"},"geometry":{"type":"Polygon","coordinates":[[[-0.146307,51.656633],[-0.14725,51.656457],[-0.146532,51.656697],[-0.146307,51.656633]]]}},{"type":"Feature","properties":{"name":null,"kind":"water"},"geometry":{"type":"Polygon","coordinates":[[[-0.088137,51.675987],[-0.087461,51.675894],[-0.086817,51.674803],[-0.088137,51.675987]]]}},{"type":"Feature","properties":{"name":null,"kind":"water"},"geometry":{"type":"Polygon","coordinates":[[[-0.117807,51.677283],[-0.118204,51.677549],[-0.118054,51.677609],[-0.117807,51.677283]]]}},{"type":"Feature","properties":{"name":"Horse Pond","kind":"water"},"geometry":{"type":"Polygon","coordinates":[[[0.066164,51.573626],[0.066265,51.573743],[0.066857,51.57354],[0.066164,51.573626]]]}},{"type":"Feature","properties":{"name":"Long Pond","kind":"water"},"geometry":{"type":"Polygon","coordinates":[[[0.066985,51.573353],[0.069357,51.572258],[0.069221,51.572158],[0.066985,51.573353]]]}},{"type":"Feature","properties":{"name":null,"kind":"water"},"geometry":{"type":"Polygon","coordinates":[[[-0.242699,51.619789],[-0.242784,51.619702],[-0.242956,51.619749],[-0.242699,51.619789]]]}},{"type":"Feature","properties":{"name":null,"kind":"water"},"geometry":{"type":"Polygon","coordinates":[[[-0.242495,51.619882],[-0.242667,51.619995],[-0.242259,51.620022],[-0.242495,51.619882]]]}},{"type":"Feature","properties":{"name":null,"kind":"water"},"geometry":{"type":"Polygon","coordinates":[[[-0.234684,51.624392],[-0.235425,51.624005],[-0.235049,51.624631],[-0.234684,51.624392]]]}},{"type":"Feature","properties":{"name":null,"kind":"water"},"geometry":{"type":"Polygon","coordinates":[[[-0.131417,51.659322],[-0.131974,51.659282],[-0.131792,51.659449],[-0.131417,51.659322]]]}},{"type":"Feature","properties":{"name":null,"kind":"water"},"geometry":{"type":"Polygon","coordinates":[[[0.021829,51.609681],[0.022321,51.609728],[0.022216,51.609987],[0.021829,51.609681]]]}},{"type":"Feature","properties":{"name":"Potato Pond","kind":"water"},"geometry":{"type":"Polygon","coordinates":[[[0.022189,51.610841],[0.022548,51.611023],[0.022297,51.611092],[0.022189,51.610841]]]}},{"type":"Feature","properties":{"name":null,"kind":"water"},"geometry":{"type":"Polygon","coordinates":[[[-0.007209,51.667062],[-0.008035,51.667248],[-0.007595,51.667175],[-0.007906,51.667761],[-0.007402,51.667874],[-0.007209,51.667062]]]}},{"type":"Feature","properties":{"name":"2 Hawley lock 8'","kind":"water"},"geometry":{"type":"LineString","coordinates":[[-0.14416,51.541617],[-0.143801,51.541712]]}},{"type":"Feature","properties":{"name":"3 Kentish Town lock 8'","kind":"water"},"geometry":{"type":"LineString","coordinates":[[-0.142602,51.541649],[-0.14226,51.541528]]}},{"type":"Feature","properties":{"name":"Regent's Canal","kind":"water"},"geometry":{"type":"LineString","coordinates":[[-0.140026,51.541085],[-0.135843,51.540342]]}},{"type":"Feature","properties":{"name":"Regent's Canal","kind":"water"},"geometry":{"type":"LineString","coordinates":[[-0.146985,51.540655],[-0.145893,51.541054]]}},{"type":"Feature","properties":{"name":"1 Hampstead Road lock 8'","kind":"water"},"geometry":{"type":"LineString","coordinates":[[-0.145893,51.541054],[-0.145558,51.541179]]}},{"type":"Feature","properties":{"name":"Regent's Canal","kind":"water"},"geometry":{"type":"LineString","coordinates":[[-0.145558,51.541179],[-0.14416,51.541617]]}},{"type":"Feature","properties":{"name":null,"kind":"water"},"geometry":{"type":"Polygon","coordinates":[[[-0.008042,51.649904],[-0.007516,51.649924],[-0.007956,51.65011],[-0.008042,51.649904]]]}},{"type":"Feature","properties":{"name":null,"kind":"water"},"geometry":{"type":"Polygon","coordinates":[[[-0.073409,51.671742],[-0.073366,51.671861],[-0.073816,51.671935],[-0.073409,51.671742]]]}},{"type":"Feature","properties":{"name":null,"kind":"water"},"geometry":{"type":"Polygon","coordinates":[[[-0.07357,51.668275],[-0.073194,51.667882],[-0.073323,51.668421],[-0.07357,51.668275]]]}},{"type":"Feature","properties":{"name":null,"kind":"water"},"geometry":{"type":"Polygon","coordinates":[[[-0.078516,51.670551],[-0.074428,51.669426],[-0.073355,51.668488],[-0.073977,51.669153],[-0.078516,51.670551]]]}},{"type":"Feature","properties":{"name":null,"kind":"water"},"geometry":{"type":"Polygon","coordinates":[[[-0.080307,51.671808],[-0.079814,51.671688],[-0.078602,51.670664],[-0.080307,51.671808]]]}},{"type":"Feature","properties":{"name":null,"kind":"water"},"geometry":{"type":"Polygon","coordinates":[[[-0.261021,51.506818],[-0.260537,51.506774],[-0.260651,51.506701],[-0.261021,51.506818]]]}},{"type":"Feature","properties":{"name":"Mutton Brook","kind":"water"},"geometry":{"type":"LineString","coordinates":[[-0.168754,51.58471],[-0.172247,51.584817]]}},{"type":"Feature","properties":{"name":"Mutton Brook","kind":"water"},"geometry":{"type":"LineString","coordinates":[[-0.20847,51.587375],[-0.209096,51.587338]]}},{"type":"Feature","properties":{"name":"Mutton Brook","kind":"water"},"geometry":{"type":"LineString","coordinates":[[-0.209096,51.587338],[-0.211128,51.587262]]}},{"type":"Feature","properties":{"name":null,"kind":"water"},"geometry":{"type":"LineString","coordinates":[[-0.042701,51.598608],[-0.04457,51.595728]]}},{"type":"Feature","properties":{"name":null,"kind":"water"},"geometry":{"type":"Polygon","coordinates":[[[-0.312372,51.334379],[-0.312364,51.334178],[-0.312744,51.334294],[-0.312372,51.334379]]]}},{"type":"Feature","properties":{"name":null,"kind":"water"},"geometry":{"type":"Polygon","coordinates":[[[-0.205596,51.524799],[-0.205381,51.524833],[-0.20534,51.524799],[-0.205596,51.524799]]]}},{"type":"Feature","properties":{"name":null,"kind":"water"},"geometry":{"type":"Polygon","coordinates":[[[-0.204932,51.523954],[-0.204286,51.523454],[-0.204469,51.523411],[-0.204932,51.523954]]]}},{"type":"Feature","properties":{"name":null,"kind":"water"},"geometry":{"type":"Polygon","coordinates":[[[-0.194052,51.597164],[-0.194055,51.597045],[-0.193857,51.597131],[-0.194052,51.597164]]]}},{"type":"Feature","properties":{"name":null,"kind":"water"},"geometry":{"type":"Polygon","coordinates":[[[0.117095,51.410359],[0.118403,51.409958],[0.118285,51.408396],[0.12016,51.410322],[0.119077,51.407472],[0.119415,51.409198],[0.118849,51.407783],[0.116792,51.407347],[0.116044,51.407698],[0.116776,51.409249],[0.114921,51.409813],[0.115543,51.411438],[0.119378,51.411387],[0.119028,51.411124],[0.119708,51.410663],[0.119106,51.409953],[0.116764,51.410915],[0.11637,51.409759],[0.117095,51.410359]]]}},{"type":"Feature","properties":{"name":"Klingers Lake","kind":"water"},"geometry":{"type":"Polygon","coordinates":[[[0.119527,51.412042],[0.120701,51.413414],[0.119229,51.413228],[0.118956,51.412423],[0.119527,51.412042]]]}},{"type":"Feature","properties":{"name":null,"kind":"water"},"geometry":{"type":"Polygon","coordinates":[[[0.079666,51.468419],[0.079583,51.468546],[0.079943,51.468846],[0.079666,51.468419]]]}},{"type":"Feature","properties":{"name":"Orange Tree Pond","kind":"water"},"geometry":{"type":"Polygon","coordinates":[[[-0.196905,51.630254],[-0.197078,51.630087],[-0.197182,51.630272],[-0.196905,51.630254]]]}},{"type":"Feature","properties":{"name":null,"kind":"water"},"geometry":{"type":"Polygon","coordinates":[[[-0.452988,51.511166],[-0.453559,51.509452],[-0.452666,51.510956],[-0.452988,51.511166]]]}},{"type":"Feature","properties":{"name":null,"kind":"water"},"geometry":{"type":"Polygon","coordinates":[[[-0.376503,51.418782],[-0.376456,51.418798],[-0.376451,51.41877],[-0.376503,51.418782]]]}},{"type":"Feature","properties":{"name":"New River Loop (bypassed)","kind":"water"},"geometry":{"type":"LineString","coordinates":[[-0.075484,51.652434],[-0.076048,51.652502]]}},{"type":"Feature","properties":{"name":"New River Loop (bypassed)","kind":"water"},"geometry":{"type":"LineString","coordinates":[[-0.076048,51.652502],[-0.076304,51.652527]]}},{"type":"Feature","properties":{"name":null,"kind":"water"},"geometry":{"type":"Polygon","coordinates":[[[-0.204169,51.467936],[-0.204273,51.466653],[-0.203265,51.466155],[-0.204169,51.467936]]]}},{"type":"Feature","properties":{"name":null,"kind":"water"},"geometry":{"type":"Polygon","coordinates":[[[0.076735,51.421281],[0.076532,51.421636],[0.076943,51.421398],[0.076735,51.421281]]]}},{"type":"Feature","properties":{"name":null,"kind":"water"},"geometry":{"type":"Polygon","coordinates":[[[0.079252,51.419963],[0.079084,51.420247],[0.079273,51.420117],[0.079252,51.419963]]]}},{"type":"Feature","properties":{"name":"Overflow Pond","kind":"water"},"geometry":{"type":"Polygon","coordinates":[[[0.070337,51.411763],[0.070599,51.412524],[0.071204,51.41202],[0.070337,51.411763]]]}},{"type":"Feature","properties":{"name":null,"kind":"water"},"geometry":{"type":"Polygon","coordinates":[[[0.078824,51.421198],[0.078833,51.421869],[0.079564,51.42247],[0.078824,51.421198]]]}},{"type":"Feature","properties":{"name":null,"kind":"water"},"geometry":{"type":"Polygon","coordinates":[[[0.079067,51.420307],[0.078896,51.420561],[0.079063,51.420474],[0.079067,51.420307]]]}},{"type":"Feature","properties":{"name":null,"kind":"water"},"geometry":{"type":"Polygon","coordinates":[[[0.078851,51.420676],[0.078762,51.420853],[0.078875,51.420868],[0.078851,51.420676]]]}},{"type":"Feature","properties":{"name":null,"kind":"water"},"geometry":{"type":"Polygon","coordinates":[[[0.076582,51.421954],[0.077244,51.42209],[0.076886,51.421695],[0.076582,51.421954]]]}},{"type":"Feature","properties":{"name":null,"kind":"water"},"geometry":{"type":"Polygon","coordinates":[[[0.075769,51.421124],[0.076636,51.421203],[0.07577,51.420862],[0.075769,51.421124]]]}},{"type":"Feature","properties":{"name":null,"kind":"water"},"geometry":{"type":"Polygon","coordinates":[[[0.096725,51.502809],[0.096838,51.50291],[0.096754,51.503215],[0.096725,51.502809]]]}},{"type":"Feature","properties":{"name":null,"kind":"water"},"geometry":{"type":"Polygon","coordinates":[[[0.096011,51.502212],[0.096553,51.502535],[0.096489,51.502577],[0.096011,51.502212]]]}},{"type":"Feature","properties":{"name":"Reflecting Pool","kind":"water"},"geometry":{"type":"Polygon","coordinates":[[[-0.114446,51.492178],[-0.114475,51.492156],[-0.11425,51.492082],[-0.114446,51.492178]]]}},{"type":"Feature","properties":{"name":null,"kind":"water"},"geometry":{"type":"Polygon","coordinates":[[[-0.181042,51.472914],[-0.1811,51.472965],[-0.181041,51.472973],[-0.181042,51.472914]]]}},{"type":"Feature","properties":{"name":"River Thames","kind":"water"},"geometry":{"type":"LineString","coordinates":[[-0.355378,51.410752],[-0.349782,51.408341],[-0.350481,51.407458]]}},{"type":"Feature","properties":{"name":"River Thames","kind":"water"},"geometry":{"type":"LineString","coordinates":[[-0.363124,51.411906],[-0.35782,51.411517]]}},{"type":"Feature","properties":{"name":"River Thames","kind":"water"},"geometry":{"type":"LineString","coordinates":[[-0.322807,51.431104],[-0.323379,51.431195]]}},{"type":"Feature","properties":{"name":"River Thames","kind":"water"},"geometry":{"type":"LineString","coordinates":[[-0.322807,51.431104],[-0.323254,51.431396]]}},{"type":"Feature","properties":{"name":"River Thames","kind":"water"},"geometry":{"type":"LineString","coordinates":[[-0.30711,51.423579],[-0.308971,51.423725],[-0.309374,51.424792],[-0.312964,51.427623]]}},{"type":"Feature","properties":{"name":"River Thames","kind":"water"},"geometry":{"type":"LineString","coordinates":[[-0.397203,51.407941],[-0.396473,51.408964],[-0.393148,51.409827],[-0.39126,51.409648]]}},{"type":"Feature","properties":{"name":"River Thames","kind":"water"},"geometry":{"type":"LineString","coordinates":[[-0.33304,51.396463],[-0.332776,51.394667],[-0.33129,51.392977],[-0.32823,51.392035]]}},{"type":"Feature","properties":{"name":"River Ember","kind":"water"},"geometry":{"type":"LineString","coordinates":[[-0.34409,51.399589],[-0.343515,51.400857]]}},{"type":"Feature","properties":{"name":"River Thames","kind":"water"},"geometry":{"type":"LineString","coordinates":[[-0.30668,51.418796],[-0.305375,51.420573],[-0.305953,51.421262]]}},{"type":"Feature","properties":{"name":"River Thames","kind":"water"},"geometry":{"type":"LineString","coordinates":[[-0.376148,51.408286],[-0.373471,51.410095],[-0.366502,51.411128]]}},{"type":"Feature","properties":{"name":"River Thames","kind":"water"},"geometry":{"type":"LineString","coordinates":[[-0.348677,51.407906],[-0.34784,51.407498],[-0.347102,51.405881]]}},{"type":"Feature","properties":{"name":"River Thames","kind":"water"},"geometry":{"type":"LineString","coordinates":[[-0.349782,51.408341],[-0.348677,51.407906]]}},{"type":"Feature","properties":{"name":"River Thames","kind":"water"},"geometry":{"type":"LineString","coordinates":[[-0.318196,51.429878],[-0.321157,51.429905]]}},{"type":"Feature","properties":{"name":"River Thames","kind":"water"},"geometry":{"type":"LineString","coordinates":[[-0.282789,51.485759],[-0.280496,51.485063],[-0.279545,51.484022]]}},{"type":"Feature","properties":{"name":"River Thames","kind":"water"},"geometry":{"type":"LineString","coordinates":[[-0.298153,51.483454],[-0.296148,51.485932],[-0.291964,51.487255],[-0.28865,51.487098]]}},{"type":"Feature","properties":{"name":"River Thames","kind":"water"},"geometry":{"type":"LineString","coordinates":[[-0.316127,51.461559],[-0.316413,51.462284]]}},{"type":"Feature","properties":{"name":"River Thames","kind":"water"},"geometry":{"type":"LineString","coordinates":[[-0.307246,51.457603],[-0.30854,51.457577],[-0.313916,51.460315]]}},{"type":"Feature","properties":{"name":"River Thames","kind":"water"},"geometry":{"type":"LineString","coordinates":[[-0.309208,51.447865],[-0.304767,51.450752],[-0.303252,51.452637]]}},{"type":"Feature","properties":{"name":"Pymmes Brook","kind":"water"},"geometry":{"type":"LineString","coordinates":[[-0.087476,51.615798],[-0.085913,51.615875]]}},{"type":"Feature","properties":{"name":null,"kind":"water"},"geometry":{"type":"Polygon","coordinates":[[[-0.086731,51.619002],[-0.086941,51.618959],[-0.086908,51.619068],[-0.086731,51.619002]]]}},{"type":"Feature","properties":{"name":null,"kind":"water"},"geometry":{"type":"Polygon","coordinates":[[[-0.232063,51.385872],[-0.232308,51.385729],[-0.231696,51.385527],[-0.232063,51.385872]]]}},{"type":"Feature","properties":{"name":null,"kind":"water"},"geometry":{"type":"Polygon","coordinates":[[[-0.232863,51.386504],[-0.233072,51.386324],[-0.232319,51.385965],[-0.232863,51.386504]]]}},{"type":"Feature","properties":{"name":null,"kind":"water"},"geometry":{"type":"Polygon","coordinates":[[[-0.233665,51.386551],[-0.233395,51.386091],[-0.232722,51.385786],[-0.233665,51.386551]]]}},{"type":"Feature","properties":{"name":null,"kind":"water"},"geometry":{"type":"Polygon","coordinates":[[[-0.233469,51.386888],[-0.233292,51.386562],[-0.233142,51.386563],[-0.233469,51.386888]]]}},{"type":"Feature","properties":{"name":null,"kind":"water"},"geometry":{"type":"Polygon","coordinates":[[[-0.232543,51.385758],[-0.231942,51.385404],[-0.232141,51.385272],[-0.232543,51.385758]]]}},{"type":"Feature","properties":{"name":null,"kind":"water"},"geometry":{"type":"Polygon","coordinates":[[[-0.231643,51.385285],[-0.231207,51.385537],[-0.231178,51.38531],[-0.231643,51.385285]]]}},{"type":"Feature","properties":{"name":"Pyl Brook","kind":"water"},"geometry":{"type":"LineString","coordinates":[[-0.237236,51.402273],[-0.24054,51.403064]]}},{"type":"Feature","properties":{"name":"Pyl Brook","kind":"water"},"geometry":{"type":"LineString","coordinates":[[-0.242057,51.403808],[-0.244711,51.403842]]}},{"type":"Feature","properties":{"name":"Pyl Brook","kind":"water"},"geometry":{"type":"LineString","coordinates":[[-0.24054,51.403064],[-0.242057,51.403808]]}},{"type":"Feature","properties":{"name":"Curling Pond","kind":"water"},"geometry":{"type":"Polygon","coordinates":[[[-0.235293,51.443571],[-0.235106,51.443731],[-0.235081,51.443423],[-0.235293,51.443571]]]}},{"type":"Feature","properties":{"name":"Burnt Oak Brook","kind":"water"},"geometry":{"type":"LineString","coordinates":[[-0.245599,51.617951],[-0.245303,51.617239]]}},{"type":"Feature","properties":{"name":null,"kind":"water"},"geometry":{"type":"Polygon","coordinates":[[[0.046516,51.558851],[0.047282,51.558779],[0.047226,51.558884],[0.046516,51.558851]]]}},{"type":"Feature","properties":{"name":null,"kind":"water"},"geometry":{"type":"Polygon","coordinates":[[[0.051307,51.557631],[0.051278,51.557746],[0.051228,51.557698],[0.051307,51.557631]]]}},{"type":"Feature","properties":{"name":"Beverley Brook","kind":"water"},"geometry":{"type":"LineString","coordinates":[[-0.253987,51.437219],[-0.254819,51.438176],[-0.255312,51.440532],[-0.254493,51.443951],[-0.255068,51.448972],[-0.259289,51.453187],[-0.259083,51.455129]]}},{"type":"Feature","properties":{"name":"Beverley Brook","kind":"water"},"geometry":{"type":"LineString","coordinates":[[-0.253673,51.436877],[-0.253987,51.437219]]}},{"type":"Feature","properties":{"name":null,"kind":"water"},"geometry":{"type":"Polygon","coordinates":[[[-0.239046,51.499523],[-0.239085,51.49958],[-0.238899,51.499575],[-0.239046,51.499523]]]}},{"type":"Feature","properties":{"name":null,"kind":"water"},"geometry":{"type":"Polygon","coordinates":[[[-0.104955,51.473826],[-0.104858,51.473782],[-0.104966,51.473723],[-0.104955,51.473826]]]}},{"type":"Feature","properties":{"name":null,"kind":"water"},"geometry":{"type":"Polygon","coordinates":[[[-0.228303,51.509499],[-0.22747,51.509433],[-0.227861,51.509342],[-0.228303,51.509499]]]}},{"type":"Feature","properties":{"name":"Waterworks River","kind":"water"},"geometry":{"type":"LineString","coordinates":[[-0.016093,51.542539],[-0.012467,51.540421],[-0.010229,51.537428],[-0.007405,51.53533],[-0.007319,51.534678],[-0.008564,51.533519]]}},{"type":"Feature","properties":{"name":"Three Mills Wall River","kind":"water"},"geometry":{"type":"LineString","coordinates":[[-0.00719,51.530415],[-0.007101,51.528955]]}},{"type":"Feature","properties":{"name":"Bow Creek","kind":"water"},"geometry":{"type":"LineString","coordinates":[[-0.007616,51.52716],[-0.006608,51.525977]]}},{"type":"Feature","properties":{"name":"Bow Creek","kind":"water"},"geometry":{"type":"LineString","coordinates":[[-0.007669,51.527776],[-0.007834,51.527379]]}},{"type":"Feature","properties":{"name":"Duke of Northumberland's River","kind":"water"},"geometry":{"type":"LineString","coordinates":[[-0.489436,51.479138],[-0.494202,51.478381],[-0.495407,51.475107]]}},{"type":"Feature","properties":{"name":"Duke of Northumberland's River","kind":"water"},"geometry":{"type":"LineString","coordinates":[[-0.486224,51.481067],[-0.488763,51.48056],[-0.489549,51.479124]]}},{"type":"Feature","properties":{"name":null,"kind":"water"},"geometry":{"type":"Polygon","coordinates":[[[0.134393,51.558716],[0.135399,51.558685],[0.135592,51.557909],[0.134393,51.558716]]]}},{"type":"Feature","properties":{"name":null,"kind":"water"},"geometry":{"type":"Polygon","coordinates":[[[0.168165,51.53073],[0.167988,51.530569],[0.168325,51.530628],[0.168165,51.53073]]]}},{"type":"Feature","properties":{"name":null,"kind":"water"},"geometry":{"type":"Polygon","coordinates":[[[0.163333,51.530944],[0.163948,51.531543],[0.1637,51.532186],[0.162971,51.531625],[0.163333,51.530944]]]}},{"type":"Feature","properties":{"name":null,"kind":"water"},"geometry":{"type":"Polygon","coordinates":[[[0.163878,51.5334],[0.164119,51.533514],[0.16414,51.533238],[0.163878,51.5334]]]}},{"type":"Feature","properties":{"name":null,"kind":"water"},"geometry":{"type":"Polygon","coordinates":[[[0.167883,51.530342],[0.167695,51.530147],[0.167876,51.530057],[0.167883,51.530342]]]}},{"type":"Feature","properties":{"name":null,"kind":"water"},"geometry":{"type":"Polygon","coordinates":[[[0.16379,51.530636],[0.163781,51.530482],[0.164379,51.530121],[0.16379,51.530636]]]}},{"type":"Feature","properties":{"name":null,"kind":"water"},"geometry":{"type":"Polygon","coordinates":[[[0.165011,51.529865],[0.165346,51.529845],[0.16522,51.529427],[0.165011,51.529865]]]}},{"type":"Feature","properties":{"name":"River Beam","kind":"water"},"geometry":{"type":"LineString","coordinates":[[0.165906,51.528799],[0.163113,51.524211],[0.159538,51.515832],[0.159197,51.512906]]}},{"type":"Feature","properties":{"name":"River Cray","kind":"water"},"geometry":{"type":"LineString","coordinates":[[0.197779,51.456931],[0.198066,51.457033]]}},{"type":"Feature","properties":{"name":"River Colne","kind":"water"},"geometry":{"type":"LineString","coordinates":[[-0.480001,51.636514],[-0.487621,51.634304]]}},{"type":"Feature","properties":{"name":"The Gores","kind":"water"},"geometry":{"type":"LineString","coordinates":[[0.142035,51.526668],[0.141838,51.526195]]}},{"type":"Feature","properties":{"name":"River Roding","kind":"water"},"geometry":{"type":"LineString","coordinates":[[0.043208,51.578369],[0.042118,51.577343]]}},{"type":"Feature","properties":{"name":"Pymmes Brook","kind":"water"},"geometry":{"type":"LineString","coordinates":[[-0.113888,51.614156],[-0.113541,51.61414]]}},{"type":"Feature","properties":{"name":"Pymmes Brook","kind":"water"},"geometry":{"type":"LineString","coordinates":[[-0.114611,51.61424],[-0.113888,51.614156]]}},{"type":"Feature","properties":{"name":"Pymmes Brook","kind":"water"},"geometry":{"type":"LineString","coordinates":[[-0.106223,51.613103],[-0.105998,51.612828]]}},{"type":"Feature","properties":{"name":"Pymmes Brook","kind":"water"},"geometry":{"type":"LineString","coordinates":[[-0.082412,51.615368],[-0.080644,51.615432]]}},{"type":"Feature","properties":{"name":"River Rom","kind":"water"},"geometry":{"type":"LineString","coordinates":[[0.169468,51.584282],[0.171585,51.584051]]}},{"type":"Feature","properties":{"name":"River Rom","kind":"water"},"geometry":{"type":"LineString","coordinates":[[0.172102,51.583943],[0.172375,51.583903]]}},{"type":"Feature","properties":{"name":"River Rom","kind":"water"},"geometry":{"type":"LineString","coordinates":[[0.171585,51.584051],[0.172102,51.583943]]}},{"type":"Feature","properties":{"name":"Salmons Brook","kind":"water"},"geometry":{"type":"LineString","coordinates":[[-0.044466,51.621315],[-0.041689,51.620807]]}},{"type":"Feature","properties":{"name":"Salmons Brook","kind":"water"},"geometry":{"type":"LineString","coordinates":[[-0.048529,51.621967],[-0.045294,51.621426]]}},{"type":"Feature","properties":{"name":"Salmons Brook","kind":"water"},"geometry":{"type":"LineString","coordinates":[[-0.04919,51.621682],[-0.048529,51.621967]]}},{"type":"Feature","properties":{"name":null,"kind":"water"},"geometry":{"type":"Polygon","coordinates":[[[-0.243612,51.643966],[-0.24329,51.64368],[-0.243698,51.64354],[-0.243612,51.643966]]]}},{"type":"Feature","properties":{"name":"St Pancras Lock   Regents Canal Lock 4","kind":"water"},"geometry":{"type":"LineString","coordinates":[[-0.12801,51.53627],[-0.127814,51.536051]]}},{"type":"Feature","properties":{"name":"Regent's Canal","kind":"water"},"geometry":{"type":"LineString","coordinates":[[-0.127814,51.536051],[-0.126403,51.534709],[-0.122783,51.535469]]}},{"type":"Feature","properties":{"name":null,"kind":"water"},"geometry":{"type":"Polygon","coordinates":[[[-0.126099,51.540225],[-0.125921,51.540238],[-0.126058,51.540165],[-0.126099,51.540225]]]}},{"type":"Feature","properties":{"name":"New River","kind":"water"},"geometry":{"type":"LineString","coordinates":[[-0.117621,51.597711],[-0.117885,51.597157]]}},{"type":"Feature","properties":{"name":"New River","kind":"water"},"geometry":{"type":"LineString","coordinates":[[-0.118028,51.596885],[-0.118906,51.595877]]}},{"type":"Feature","properties":{"name":"River Pinn","kind":"water"},"geometry":{"type":"LineString","coordinates":[[-0.381393,51.591054],[-0.381229,51.590124]]}},{"type":"Feature","properties":{"name":"River Pinn","kind":"water"},"geometry":{"type":"LineString","coordinates":[[-0.382609,51.592901],[-0.381393,51.591054]]}},{"type":"Feature","properties":{"name":null,"kind":"water"},"geometry":{"type":"Polygon","coordinates":[[[-0.178757,51.470324],[-0.178443,51.470249],[-0.178471,51.470178],[-0.178757,51.470324]]]}},{"type":"Feature","properties":{"name":null,"kind":"water"},"geometry":{"type":"Polygon","coordinates":[[[-0.1785,51.470768],[-0.177852,51.470683],[-0.178541,51.470705],[-0.1785,51.470768]]]}},{"type":"Feature","properties":{"name":null,"kind":"water"},"geometry":{"type":"Polygon","coordinates":[[[-0.320335,51.352011],[-0.320181,51.351877],[-0.320552,51.351977],[-0.320335,51.352011]]]}},{"type":"Feature","properties":{"name":"River Thames","kind":"water"},"geometry":{"type":"LineString","coordinates":[[-0.345489,51.404575],[-0.344131,51.404135]]}},{"type":"Feature","properties":{"name":"River Thames","kind":"water"},"geometry":{"type":"LineString","coordinates":[[-0.348197,51.406031],[-0.346473,51.405054]]}},{"type":"Feature","properties":{"name":"River Ravensbourne","kind":"water"},"geometry":{"type":"LineString","coordinates":[[-0.011244,51.426885],[-0.011483,51.427032]]}},{"type":"Feature","properties":{"name":"Beverley Brook","kind":"water"},"geometry":{"type":"LineString","coordinates":[[-0.249747,51.467757],[-0.249935,51.468211],[-0.24863,51.469236],[-0.245731,51.470891]]}},{"type":"Feature","properties":{"name":"Beverley Brook","kind":"water"},"geometry":{"type":"LineString","coordinates":[[-0.253134,51.465137],[-0.252262,51.46562]]}},{"type":"Feature","properties":{"name":"Hogsmill River","kind":"water"},"geometry":{"type":"LineString","coordinates":[[-0.30357,51.407262],[-0.303989,51.407385]]}},{"type":"Feature","properties":{"name":"Hogsmill River","kind":"water"},"geometry":{"type":"LineString","coordinates":[[-0.303989,51.407385],[-0.306641,51.408294]]}},{"type":"Feature","properties":{"name":"New River","kind":"water"},"geometry":{"type":"LineString","coordinates":[[-0.099982,51.617628],[-0.101185,51.616602],[-0.107018,51.614936],[-0.112054,51.614867],[-0.114656,51.612972]]}},{"type":"Feature","properties":{"name":"New River","kind":"water"},"geometry":{"type":"LineString","coordinates":[[-0.114656,51.612972],[-0.114889,51.612189]]}},{"type":"Feature","properties":{"name":null,"kind":"water"},"geometry":{"type":"Polygon","coordinates":[[[-0.068959,51.362568],[-0.069173,51.362622],[-0.069077,51.36252],[-0.068959,51.362568]]]}},{"type":"Feature","properties":{"name":"Waddon Ponds","kind":"water"},"geometry":{"type":"Polygon","coordinates":[[[-0.119783,51.369592],[-0.120496,51.371345],[-0.121118,51.369298],[-0.120391,51.368906],[-0.120446,51.369587],[-0.119783,51.369592]]]}},{"type":"Feature","properties":{"name":null,"kind":"water"},"geometry":{"type":"Polygon","coordinates":[[[-0.072958,51.390905],[-0.073188,51.390539],[-0.073255,51.391821],[-0.074104,51.391286],[-0.072958,51.390905]]]}},{"type":"Feature","properties":{"name":null,"kind":"water"},"geometry":{"type":"Polygon","coordinates":[[[-0.143646,51.609697],[-0.142871,51.609899],[-0.143893,51.609795],[-0.143646,51.609697]]]}},{"type":"Feature","properties":{"name":"Regent's Canal","kind":"water"},"geometry":{"type":"LineString","coordinates":[[-0.14581,51.540997],[-0.145503,51.541116]]}},{"type":"Feature","properties":{"name":"Regent's Canal","kind":"water"},"geometry":{"type":"LineString","coordinates":[[-0.146182,51.540881],[-0.14581,51.540997]]}},{"type":"Feature","properties":{"name":"Regent's Canal","kind":"water"},"geometry":{"type":"LineString","coordinates":[[-0.145503,51.541116],[-0.145209,51.541264]]}},{"type":"Feature","properties":{"name":"River Graveney","kind":"water"},"geometry":{"type":"LineString","coordinates":[[-0.124639,51.413437],[-0.125379,51.413386]]}},{"type":"Feature","properties":{"name":"River Graveney","kind":"water"},"geometry":{"type":"LineString","coordinates":[[-0.142467,51.416328],[-0.143562,51.417321]]}},{"type":"Feature","properties":{"name":"River Graveney","kind":"water"},"geometry":{"type":"LineString","coordinates":[[-0.127891,51.412968],[-0.128425,51.413013]]}},{"type":"Feature","properties":{"name":"River Graveney","kind":"water"},"geometry":{"type":"LineString","coordinates":[[-0.125489,51.413372],[-0.125553,51.413358]]}},{"type":"Feature","properties":{"name":"River Graveney","kind":"water"},"geometry":{"type":"LineString","coordinates":[[-0.143926,51.417636],[-0.144423,51.417996]]}},{"type":"Feature","properties":{"name":null,"kind":"water"},"geometry":{"type":"Polygon","coordinates":[[[-0.180671,51.418692],[-0.180764,51.4183],[-0.179823,51.418915],[-0.180671,51.418692]]]}},{"type":"Feature","properties":{"name":null,"kind":"water"},"geometry":{"type":"Polygon","coordinates":[[[-0.293704,51.484676],[-0.293471,51.484343],[-0.293735,51.485168],[-0.293704,51.484676]]]}},{"type":"Feature","properties":{"name":null,"kind":"water"},"geometry":{"type":"Polygon","coordinates":[[[-0.149062,51.485856],[-0.149691,51.486086],[-0.149065,51.486203],[-0.149062,51.485856]]]}},{"type":"Feature","properties":{"name":null,"kind":"water"},"geometry":{"type":"Polygon","coordinates":[[[-0.130379,51.488613],[-0.130291,51.488573],[-0.130413,51.488527],[-0.130379,51.488613]]]}},{"type":"Feature","properties":{"name":"River Brent","kind":"water"},"geometry":{"type":"LineString","coordinates":[[-0.212318,51.581965],[-0.212538,51.58139]]}},{"type":"Feature","properties":{"name":"River Brent","kind":"water"},"geometry":{"type":"LineString","coordinates":[[-0.212733,51.581213],[-0.216004,51.578367]]}},{"type":"Feature","properties":{"name":"River Brent","kind":"water"},"geometry":{"type":"LineString","coordinates":[[-0.216004,51.578367],[-0.221015,51.575743]]}},{"type":"Feature","properties":{"name":"River Brent","kind":"water"},"geometry":{"type":"LineString","coordinates":[[-0.221015,51.575743],[-0.224614,51.574699]]}},{"type":"Feature","properties":{"name":"River Brent","kind":"water"},"geometry":{"type":"LineString","coordinates":[[-0.224614,51.574699],[-0.225542,51.574488]]}},{"type":"Feature","properties":{"name":"River Brent","kind":"water"},"geometry":{"type":"LineString","coordinates":[[-0.226462,51.574279],[-0.23378,51.571876],[-0.242101,51.572607],[-0.249955,51.56832],[-0.256349,51.567003]]}},{"type":"Feature","properties":{"name":"River Ravensbourne","kind":"water"},"geometry":{"type":"LineString","coordinates":[[-0.022743,51.47425],[-0.022763,51.474301]]}},{"type":"Feature","properties":{"name":"River Ravensbourne","kind":"water"},"geometry":{"type":"LineString","coordinates":[[-0.022743,51.474664],[-0.022908,51.47521],[-0.022282,51.475392]]}},{"type":"Feature","properties":{"name":null,"kind":"water"},"geometry":{"type":"Polygon","coordinates":[[[0.015439,51.389539],[0.015014,51.389778],[0.015287,51.389935],[0.015439,51.389539]]]}},{"type":"Feature","properties":{"name":null,"kind":"water"},"geometry":{"type":"Polygon","coordinates":[[[-0.129428,51.495614],[-0.129376,51.495615],[-0.129368,51.495482],[-0.12942,51.495481],[-0.129428,51.495614]]]}},{"type":"Feature","properties":{"name":null,"kind":"water"},"geometry":{"type":"Polygon","coordinates":[[[-0.12943,51.495733],[-0.129378,51.495734],[-0.129424,51.496291],[-0.12943,51.495733]]]}},{"type":"Feature","properties":{"name":"The Grotto Canal","kind":"water"},"geometry":{"type":"Polygon","coordinates":[[[-0.15912,51.361278],[-0.159351,51.361265],[-0.159401,51.363275],[-0.15912,51.361278]]]}},{"type":"Feature","properties":{"name":null,"kind":"water"},"geometry":{"type":"Polygon","coordinates":[[[-0.159315,51.363287],[-0.159322,51.363432],[-0.159418,51.36342],[-0.159315,51.363287]]]}},{"type":"Feature","properties":{"name":null,"kind":"water"},"geometry":{"type":"Polygon","coordinates":[[[-0.159322,51.363432],[-0.1593,51.36397],[-0.159421,51.363961],[-0.159322,51.363432]]]}},{"type":"Feature","properties":{"name":null,"kind":"water"},"geometry":{"type":"Polygon","coordinates":[[[-0.295379,51.484178],[-0.295398,51.484202],[-0.295306,51.484231],[-0.295379,51.484178]]]}},{"type":"Feature","properties":{"name":null,"kind":"water"},"geometry":{"type":"Polygon","coordinates":[[[-0.290842,51.482084],[-0.290876,51.482166],[-0.290474,51.482167],[-0.290842,51.482084]]]}},{"type":"Feature","properties":{"name":"Kyd Brook","kind":"water"},"geometry":{"type":"LineString","coordinates":[[0.073603,51.397134],[0.072859,51.398973],[0.063135,51.402124],[0.060454,51.403638]]}},{"type":"Feature","properties":{"name":"Former Graving Dock","kind":"water"},"geometry":{"type":"Polygon","coordinates":[[[0.055582,51.494373],[0.055873,51.493822],[0.055552,51.493765],[0.055582,51.494373]]]}},{"type":"Feature","properties":{"name":"Royal Albert Dock","kind":"water"},"geometry":{"type":"Polygon","coordinates":[[[0.068095,51.505113],[0.068729,51.505469],[0.068747,51.506402],[0.067397,51.506852],[0.0426,51.507583],[0.040361,51.506708],[0.066973,51.505523],[0.068028,51.50452],[0.068095,51.505113]]]}},{"type":"Feature","properties":{"name":"Connaught Passage","kind":"water"},"geometry":{"type":"Polygon","coordinates":[[[0.04035,51.506572],[0.040372,51.506843],[0.039192,51.506877],[0.04035,51.506572]]]}},{"type":"Feature","properties":{"name":null,"kind":"water"},"geometry":{"type":"Polygon","coordinates":[[[-0.216574,51.435432],[-0.216302,51.435531],[-0.216083,51.435849],[-0.216574,51.435432]]]}},{"type":"Feature","properties":{"name":"Pontoon Dock","kind":"water"},"geometry":{"type":"Polygon","coordinates":[[[0.034048,51.505603],[0.032535,51.505536],[0.03244,51.504179],[0.030299,51.504091],[0.030639,51.503437],[0.029156,51.503021],[0.034648,51.503888],[0.033964,51.504077],[0.034048,51.505603]]]}},{"type":"Feature","properties":{"name":"Royal Victoria Dock","kind":"water"},"geometry":{"type":"Polygon","coordinates":[[[0.032535,51.505536],[0.039461,51.505459],[0.039192,51.506877],[0.038011,51.507253],[0.026057,51.507022],[0.017168,51.507818],[0.017255,51.505861],[0.018752,51.50544],[0.032535,51.505536]]]}},{"type":"Feature","properties":{"name":"Pymmes Brook","kind":"water"},"geometry":{"type":"LineString","coordinates":[[-0.145785,51.631643],[-0.145276,51.631554]]}},{"type":"Feature","properties":{"name":"Pymmes Brook","kind":"water"},"geometry":{"type":"LineString","coordinates":[[-0.146439,51.632174],[-0.145785,51.631643]]}},{"type":"Feature","properties":{"name":"Pymmes Brook","kind":"water"},"geometry":{"type":"LineString","coordinates":[[-0.146503,51.632278],[-0.146439,51.632174]]}},{"type":"Feature","properties":{"name":null,"kind":"water"},"geometry":{"type":"Polygon","coordinates":[[[-0.123833,51.308777],[-0.123497,51.308937],[-0.123739,51.309054],[-0.123833,51.308777]]]}},{"type":"Feature","properties":{"name":"Old River Lea","kind":"water"},"geometry":{"type":"LineString","coordinates":[[-0.016093,51.542539],[-0.016422,51.541963]]}},{"type":"Feature","properties":{"name":null,"kind":"water"},"geometry":{"type":"Polygon","coordinates":[[[-0.122452,51.57812],[-0.1224,51.578059],[-0.122388,51.578094],[-0.122452,51.57812]]]}},{"type":"Feature","properties":{"name":null,"kind":"water"},"geometry":{"type":"Polygon","coordinates":[[[-0.341112,51.510966],[-0.342008,51.510589],[-0.341032,51.510891],[-0.341112,51.510966]]]}},{"type":"Feature","properties":{"name":null,"kind":"water"},"geometry":{"type":"Polygon","coordinates":[[[-0.336945,51.403214],[-0.336873,51.403128],[-0.337001,51.403117],[-0.336945,51.403214]]]}},{"type":"Feature","properties":{"name":"Still Pond","kind":"water"},"geometry":{"type":"Polygon","coordinates":[[[-0.27707,51.431598],[-0.276991,51.431485],[-0.276925,51.431587],[-0.27707,51.431598]]]}},{"type":"Feature","properties":{"name":null,"kind":"water"},"geometry":{"type":"Polygon","coordinates":[[[-0.015735,51.668113],[-0.014933,51.670102],[-0.015673,51.667932],[-0.016419,51.66791],[-0.015735,51.668113]]]}},{"type":"Feature","properties":{"name":"River Rom","kind":"water"},"geometry":{"type":"LineString","coordinates":[[0.182981,51.571807],[0.185773,51.569344],[0.185422,51.568351]]}},{"type":"Feature","properties":{"name":"West Dock","kind":"water"},"geometry":{"type":"Polygon","coordinates":[[[-0.073318,51.508124],[-0.071365,51.507779],[-0.07143,51.50731],[-0.073615,51.506889],[-0.073318,51.508124]]]}},{"type":"Feature","properties":{"name":"The Fleet","kind":"water"},"geometry":{"type":"LineString","coordinates":[[-0.104329,51.510788],[-0.104369,51.509862]]}},{"type":"Feature","properties":{"name":null,"kind":"water"},"geometry":{"type":"Polygon","coordinates":[[[0.020669,51.568505],[0.021283,51.56865],[0.020897,51.568761],[0.020669,51.568505]]]}},{"type":"Feature","properties":{"name":null,"kind":"water"},"geometry":{"type":"Polygon","coordinates":[[[0.021676,51.569112],[0.021847,51.569178],[0.021697,51.569285],[0.021676,51.569112]]]}},{"type":"Feature","properties":{"name":"Admiralty Cascade","kind":"water"},"geometry":{"type":"LineString","coordinates":[[-0.355535,51.422435],[-0.355197,51.422305]]}},{"type":"Feature","properties":{"name":"Lower Pool","kind":"water"},"geometry":{"type":"Polygon","coordinates":[[[-0.354766,51.422624],[-0.354338,51.422772],[-0.354824,51.422859],[-0.354766,51.422624]]]}},{"type":"Feature","properties":{"name":null,"kind":"water"},"geometry":{"type":"Polygon","coordinates":[[[-0.353082,51.422922],[-0.352745,51.42291],[-0.35295,51.423017],[-0.353082,51.422922]]]}},{"type":"Feature","properties":{"name":null,"kind":"water"},"geometry":{"type":"Polygon","coordinates":[[[-0.018546,51.455525],[-0.018688,51.455506],[-0.01858,51.455409],[-0.018546,51.455525]]]}},{"type":"Feature","properties":{"name":"Island Pond","kind":"water"},"geometry":{"type":"Polygon","coordinates":[[[-0.318792,51.327328],[-0.318663,51.327289],[-0.318738,51.327214],[-0.318792,51.327328]]]}},{"type":"Feature","properties":{"name":"Flag Pond","kind":"water"},"geometry":{"type":"Polygon","coordinates":[[[-0.310043,51.329456],[-0.309909,51.329427],[-0.310109,51.329315],[-0.310043,51.329456]]]}},{"type":"Feature","properties":{"name":"Frogpool","kind":"water"},"geometry":{"type":"Polygon","coordinates":[[[-0.142976,51.58177],[-0.143029,51.5817],[-0.142833,51.581707],[-0.142976,51.58177]]]}},{"type":"Feature","properties":{"name":"South Dock","kind":"water"},"geometry":{"type":"Polygon","coordinates":[[[-0.037672,51.49365],[-0.034274,51.494288],[-0.033904,51.493547],[-0.037235,51.492852],[-0.037672,51.49365]]]}},{"type":"Feature","properties":{"name":null,"kind":"water"},"geometry":{"type":"Polygon","coordinates":[[[0.0248,51.29334],[0.024938,51.293267],[0.024742,51.293211],[0.0248,51.29334]]]}},{"type":"Feature","properties":{"name":"River Wandle","kind":"water"},"geometry":{"type":"LineString","coordinates":[[-0.183507,51.398122],[-0.184345,51.399]]}},{"type":"Feature","properties":{"name":"River Thames","kind":"water"},"geometry":{"type":"LineString","coordinates":[[-0.317197,51.462761],[-0.318541,51.463125]]}},{"type":"Feature","properties":{"name":"River Thames","kind":"water"},"geometry":{"type":"LineString","coordinates":[[-0.316413,51.462284],[-0.317197,51.462761]]}},{"type":"Feature","properties":{"name":"Grand Union Canal (Paddington Branch)","kind":"water"},"geometry":{"type":"LineString","coordinates":[[-0.183741,51.521193],[-0.182827,51.521328]]}},{"type":"Feature","properties":{"name":"River Wandle","kind":"water"},"geometry":{"type":"LineString","coordinates":[[-0.184345,51.399],[-0.184599,51.399891],[-0.186749,51.401574]]}},{"type":"Feature","properties":{"name":"Regent's Canal","kind":"water"},"geometry":{"type":"LineString","coordinates":[[-0.096841,51.532945],[-0.091851,51.534891]]}},{"type":"Feature","properties":{"name":"6 Sturts lock 8'","kind":"water"},"geometry":{"type":"LineString","coordinates":[[-0.091851,51.534891],[-0.09155,51.535036]]}},{"type":"Feature","properties":{"name":"Lee Navigation","kind":"water"},"geometry":{"type":"LineString","coordinates":[[-0.021015,51.537936],[-0.02099,51.537678]]}},{"type":"Feature","properties":{"name":"Lee Navigation","kind":"water"},"geometry":{"type":"LineString","coordinates":[[-0.020852,51.538458],[-0.020975,51.538193]]}},{"type":"Feature","properties":{"name":"Lee Navigation","kind":"water"},"geometry":{"type":"LineString","coordinates":[[-0.020975,51.538193],[-0.021015,51.537936]]}},{"type":"Feature","properties":{"name":null,"kind":"water"},"geometry":{"type":"LineString","coordinates":[[-0.008249,51.523401],[-0.00819,51.523175]]}},{"type":"Feature","properties":{"name":"River Lee Navigation","kind":"water"},"geometry":{"type":"LineString","coordinates":[[-0.045021,51.561615],[-0.04384,51.560925]]}},{"type":"Feature","properties":{"name":null,"kind":"water"},"geometry":{"type":"LineString","coordinates":[[-0.056578,51.587367],[-0.056488,51.587974]]}},{"type":"Feature","properties":{"name":"River Lee Navigation","kind":"water"},"geometry":{"type":"LineString","coordinates":[[-0.056488,51.587974],[-0.056352,51.588251]]}},{"type":"Feature","properties":{"name":"River Lee Navigation","kind":"water"},"geometry":{"type":"LineString","coordinates":[[-0.056146,51.588543],[-0.056352,51.588251]]}},{"type":"Feature","properties":{"name":"River Lee Navigation","kind":"water"},"geometry":{"type":"LineString","coordinates":[[-0.05063,51.597058],[-0.050722,51.596916]]}},{"type":"Feature","properties":{"name":"River Lee Navigation","kind":"water"},"geometry":{"type":"LineString","coordinates":[[-0.050375,51.597273],[-0.05063,51.597058]]}},{"type":"Feature","properties":{"name":"River Lee Navigation","kind":"water"},"geometry":{"type":"LineString","coordinates":[[-0.050169,51.597374],[-0.050375,51.597273]]}},{"type":"Feature","properties":{"name":"Coppermill Stream","kind":"water"},"geometry":{"type":"LineString","coordinates":[[-0.056333,51.573075],[-0.056639,51.572751]]}},{"type":"Feature","properties":{"name":"River Lee Navigation","kind":"water"},"geometry":{"type":"LineString","coordinates":[[-0.03014,51.641871],[-0.030005,51.642122]]}},{"type":"Feature","properties":{"name":"River Lee Navigation","kind":"water"},"geometry":{"type":"LineString","coordinates":[[-0.030005,51.642122],[-0.029839,51.642285]]}},{"type":"Feature","properties":{"name":"River Lee Navigation","kind":"water"},"geometry":{"type":"LineString","coordinates":[[-0.030194,51.641678],[-0.03014,51.641871]]}},{"type":"Feature","properties":{"name":"Grand Union Canal","kind":"water"},"geometry":{"type":"LineString","coordinates":[[-0.36313,51.501843],[-0.359877,51.503058]]}},{"type":"Feature","properties":{"name":"Norwood Top Lock 90 7,10\"","kind":"water"},"geometry":{"type":"LineString","coordinates":[[-0.363462,51.501713],[-0.36313,51.501843]]}},{"type":"Feature","properties":{"name":"Hanwell Lock 91 7,11\"","kind":"water"},"geometry":{"type":"LineString","coordinates":[[-0.359877,51.503058],[-0.359542,51.50318]]}},{"type":"Feature","properties":{"name":"Grand Union Canal","kind":"water"},"geometry":{"type":"LineString","coordinates":[[-0.359542,51.50318],[-0.355536,51.504363]]}},{"type":"Feature","properties":{"name":"River Brent","kind":"water"},"geometry":{"type":"LineString","coordinates":[[-0.27378,51.544447],[-0.277729,51.541546]]}},{"type":"Feature","properties":{"name":"Sanderstead Pond","kind":"water"},"geometry":{"type":"Polygon","coordinates":[[[-0.077175,51.335778],[-0.076733,51.33576],[-0.077056,51.335999],[-0.077175,51.335778]]]}},{"type":"Feature","properties":{"name":"Folly Pond","kind":"water"},"geometry":{"type":"Polygon","coordinates":[[[0.002907,51.472539],[0.002883,51.472381],[0.001857,51.47223],[0.002907,51.472539]]]}},{"type":"Feature","properties":{"name":"River Thames","kind":"water"},"geometry":{"type":"LineString","coordinates":[[-0.323254,51.431396],[-0.325507,51.432405]]}},{"type":"Feature","properties":{"name":"River Thames","kind":"water"},"geometry":{"type":"LineString","coordinates":[[-0.323379,51.431195],[-0.324097,51.431404]]}},{"type":"Feature","properties":{"name":null,"kind":"water"},"geometry":{"type":"Polygon","coordinates":[[[-0.077523,51.680263],[-0.077695,51.68003],[-0.077781,51.68031],[-0.077523,51.680263]]]}},{"type":"Feature","properties":{"name":null,"kind":"water"},"geometry":{"type":"Polygon","coordinates":[[[-0.15079,51.654192],[-0.151327,51.653932],[-0.151273,51.654311],[-0.15079,51.654192]]]}},{"type":"Feature","properties":{"name":null,"kind":"water"},"geometry":{"type":"Polygon","coordinates":[[[0.106232,51.38096],[0.106213,51.381278],[0.105792,51.381146],[0.106232,51.38096]]]}},{"type":"Feature","properties":{"name":"New River","kind":"water"},"geometry":{"type":"LineString","coordinates":[[-0.053967,51.679165],[-0.054974,51.675536],[-0.056703,51.674179],[-0.057419,51.672671]]}},{"type":"Feature","properties":{"name":"New River","kind":"water"},"geometry":{"type":"LineString","coordinates":[[-0.057419,51.672671],[-0.059069,51.670121]]}},{"type":"Feature","properties":{"name":"Pymmes Brook","kind":"water"},"geometry":{"type":"LineString","coordinates":[[-0.113541,51.61414],[-0.11313,51.614108]]}},{"type":"Feature","properties":{"name":"Pymmes Brook","kind":"water"},"geometry":{"type":"LineString","coordinates":[[-0.11313,51.614108],[-0.106599,51.613577],[-0.106223,51.613103]]}},{"type":"Feature","properties":{"name":"Pymmes Brook","kind":"water"},"geometry":{"type":"LineString","coordinates":[[-0.105998,51.612828],[-0.098883,51.613469],[-0.096967,51.614333],[-0.093867,51.614153],[-0.091363,51.614685],[-0.090712,51.615545],[-0.087476,51.615798]]}},{"type":"Feature","properties":{"name":"Pymmes Brook","kind":"water"},"geometry":{"type":"LineString","coordinates":[[-0.135629,51.621262],[-0.134301,51.619601],[-0.131766,51.618001],[-0.129132,51.617755],[-0.120608,51.614571]]}},{"type":"Feature","properties":{"name":null,"kind":"water"},"geometry":{"type":"Polygon","coordinates":[[[-0.016363,51.545072],[-0.015451,51.545275],[-0.015236,51.545919],[-0.016363,51.545072]]]}},{"type":"Feature","properties":{"name":"River Wandle","kind":"water"},"geometry":{"type":"LineString","coordinates":[[-0.192928,51.453996],[-0.193815,51.457133]]}},{"type":"Feature","properties":{"name":"Bessborough Reservoir","kind":"water"},"geometry":{"type":"Polygon","coordinates":[[[-0.394031,51.40238],[-0.39349,51.402368],[-0.394032,51.402351],[-0.390751,51.398419],[-0.385966,51.399445],[-0.384512,51.401292],[-0.386352,51.404443],[-0.390536,51.403745],[-0.394031,51.40238]]]}},{"type":"Feature","properties":{"name":null,"kind":"water"},"geometry":{"type":"Polygon","coordinates":[[[-0.164029,51.387418],[-0.164493,51.38779],[-0.164142,51.388016],[-0.164029,51.387418]]]}},{"type":"Feature","properties":{"name":"Wraysbury Reservoir","kind":"water"},"geometry":{"type":"Polygon","coordinates":[[[-0.536595,51.456749],[-0.529175,51.451522],[-0.526169,51.451155],[-0.523473,51.451861],[-0.521986,51.453114],[-0.516455,51.465421],[-0.516532,51.467998],[-0.518628,51.469874],[-0.521158,51.470795],[-0.524416,51.47091],[-0.527702,51.470066],[-0.531607,51.46362],[-0.536395,51.457882],[-0.536595,51.456749]]]}},{"type":"Feature","properties":{"name":null,"kind":"water"},"geometry":{"type":"Polygon","coordinates":[[[-0.453322,51.444637],[-0.451387,51.44422],[-0.451298,51.444677],[-0.451978,51.445481],[-0.453322,51.444637]]]}},{"type":"Feature","properties":{"name":null,"kind":"water"},"geometry":{"type":"Polygon","coordinates":[[[-0.463989,51.437359],[-0.463137,51.437465],[-0.465274,51.438529],[-0.466985,51.437227],[-0.463989,51.437359]]]}},{"type":"Feature","properties":{"name":"Stew Ponds","kind":"water"},"geometry":{"type":"Polygon","coordinates":[[[-0.302947,51.335478],[-0.302488,51.33464],[-0.302142,51.335015],[-0.302947,51.335478]]]}},{"type":"Feature","properties":{"name":null,"kind":"water"},"geometry":{"type":"Polygon","coordinates":[[[-0.235297,51.650097],[-0.234943,51.650235],[-0.235405,51.649926],[-0.235297,51.650097]]]}},{"type":"Feature","properties":{"name":"Colnbrook Water","kind":"water"},"geometry":{"type":"Polygon","coordinates":[[[-0.508993,51.485063],[-0.507129,51.484941],[-0.506405,51.486355],[-0.508209,51.486291],[-0.508993,51.485063]]]}},{"type":"Feature","properties":{"name":null,"kind":"water"},"geometry":{"type":"Polygon","coordinates":[[[-0.509554,51.483593],[-0.510355,51.483668],[-0.510809,51.482898],[-0.509554,51.483593]]]}},{"type":"Feature","properties":{"name":"Saxon Lake","kind":"water"},"geometry":{"type":"Polygon","coordinates":[[[-0.476925,51.493633],[-0.482219,51.493812],[-0.482265,51.492493],[-0.477993,51.491711],[-0.476925,51.493633]]]}},{"type":"Feature","properties":{"name":"Swan Lake","kind":"water"},"geometry":{"type":"Polygon","coordinates":[[[-0.48741,51.487401],[-0.485202,51.487894],[-0.484921,51.486804],[-0.485465,51.486505],[-0.484604,51.486505],[-0.484137,51.487333],[-0.485121,51.488251],[-0.48741,51.487401]]]}},{"type":"Feature","properties":{"name":null,"kind":"water"},"geometry":{"type":"Polygon","coordinates":[[[-0.152495,51.370257],[-0.152067,51.369934],[-0.151912,51.370109],[-0.152495,51.370257]]]}},{"type":"Feature","properties":{"name":null,"kind":"water"},"geometry":{"type":"Polygon","coordinates":[[[-0.013262,51.545829],[-0.013353,51.546059],[-0.013417,51.545923],[-0.013262,51.545829]]]}},{"type":"Feature","properties":{"name":null,"kind":"water"},"geometry":{"type":"Polygon","coordinates":[[[-0.014592,51.545305],[-0.014286,51.545632],[-0.015118,51.545465],[-0.014592,51.545305]]]}},{"type":"Feature","properties":{"name":null,"kind":"water"},"geometry":{"type":"Polygon","coordinates":[[[-0.014002,51.546236],[-0.014147,51.546413],[-0.014576,51.546483],[-0.014002,51.546236]]]}},{"type":"Feature","properties":{"name":null,"kind":"water"},"geometry":{"type":"Polygon","coordinates":[[[-0.081414,51.637439],[-0.081367,51.637416],[-0.081391,51.637368],[-0.081414,51.637439]]]}},{"type":"Feature","properties":{"name":null,"kind":"water"},"geometry":{"type":"Polygon","coordinates":[[[-0.191797,51.663529],[-0.190922,51.663706],[-0.190928,51.663271],[-0.191797,51.663529]]]}},{"type":"Feature","properties":{"name":null,"kind":"water"},"geometry":{"type":"Polygon","coordinates":[[[-0.189385,51.662897],[-0.189057,51.662833],[-0.189211,51.662688],[-0.189385,51.662897]]]}},{"type":"Feature","properties":{"name":"Old Court House rec ground pond","kind":"water"},"geometry":{"type":"Polygon","coordinates":[[[-0.201761,51.652348],[-0.201874,51.652175],[-0.201675,51.652169],[-0.201761,51.652348]]]}},{"type":"Feature","properties":{"name":null,"kind":"water"},"geometry":{"type":"Polygon","coordinates":[[[-0.16902,51.361697],[-0.169039,51.361672],[-0.168999,51.361662],[-0.16902,51.361697]]]}},{"type":"Feature","properties":{"name":null,"kind":"water"},"geometry":{"type":"Polygon","coordinates":[[[-0.22003,51.642073],[-0.220072,51.641984],[-0.219954,51.642006],[-0.22003,51.642073]]]}},{"type":"Feature","properties":{"name":null,"kind":"water"},"geometry":{"type":"Polygon","coordinates":[[[-0.379569,51.412629],[-0.378523,51.412649],[-0.378312,51.412017],[-0.379315,51.41188],[-0.379569,51.412629]]]}},{"type":"Feature","properties":{"name":null,"kind":"water"},"geometry":{"type":"Polygon","coordinates":[[[-0.381199,51.413475],[-0.379798,51.412802],[-0.380918,51.412621],[-0.381199,51.413475]]]}},{"type":"Feature","properties":{"name":null,"kind":"water"},"geometry":{"type":"Polygon","coordinates":[[[-0.379867,51.41333],[-0.378528,51.412668],[-0.37957,51.412648],[-0.379867,51.41333]]]}},{"type":"Feature","properties":{"name":"Stain Hill West Reservoir","kind":"water"},"geometry":{"type":"Polygon","coordinates":[[[-0.388068,51.413892],[-0.387431,51.41084],[-0.385684,51.410791],[-0.386225,51.413814],[-0.388068,51.413892]]]}},{"type":"Feature","properties":{"name":"Stain Hill East Reservoir","kind":"water"},"geometry":{"type":"Polygon","coordinates":[[[-0.385385,51.413726],[-0.384545,51.410665],[-0.382844,51.410534],[-0.383604,51.413347],[-0.385385,51.413726]]]}},{"type":"Feature","properties":{"name":null,"kind":"water"},"geometry":{"type":"Polygon","coordinates":[[[-0.374137,51.411474],[-0.374352,51.410582],[-0.374647,51.411415],[-0.374137,51.411474]]]}},{"type":"Feature","properties":{"name":null,"kind":"water"},"geometry":{"type":"Polygon","coordinates":[[[-0.375201,51.411359],[-0.37533,51.410343],[-0.375711,51.411299],[-0.375201,51.411359]]]}},{"type":"Feature","properties":{"name":null,"kind":"water"},"geometry":{"type":"Polygon","coordinates":[[[-0.376255,51.411242],[-0.376418,51.410227],[-0.376762,51.411183],[-0.376255,51.411242]]]}},{"type":"Feature","properties":{"name":null,"kind":"water"},"geometry":{"type":"Polygon","coordinates":[[[-0.37573,51.411302],[-0.375868,51.410282],[-0.376237,51.411243],[-0.37573,51.411302]]]}},{"type":"Feature","properties":{"name":null,"kind":"water"},"geometry":{"type":"Polygon","coordinates":[[[-0.374671,51.411416],[-0.37479,51.410439],[-0.375181,51.411356],[-0.374671,51.411416]]]}},{"type":"Feature","properties":{"name":null,"kind":"water"},"geometry":{"type":"Polygon","coordinates":[[[-0.376786,51.411178],[-0.376937,51.410163],[-0.377296,51.411118],[-0.376786,51.411178]]]}},{"type":"Feature","properties":{"name":null,"kind":"water"},"geometry":{"type":"Polygon","coordinates":[[[-0.37732,51.411122],[-0.3775,51.410159],[-0.37783,51.411062],[-0.37732,51.411122]]]}},{"type":"Feature","properties":{"name":null,"kind":"water"},"geometry":{"type":"Polygon","coordinates":[[[-0.379458,51.411137],[-0.379334,51.410269],[-0.378854,51.410191],[-0.378976,51.411055],[-0.379458,51.411137]]]}},{"type":"Feature","properties":{"name":null,"kind":"water"},"geometry":{"type":"Polygon","coordinates":[[[-0.374067,51.411737],[-0.373633,51.411702],[-0.373746,51.410684],[-0.374067,51.411737]]]}},{"type":"Feature","properties":{"name":"Sunnyside Reservoir","kind":"water"},"geometry":{"type":"Polygon","coordinates":[[[-0.382975,51.409819],[-0.37952,51.40978],[-0.378895,51.408497],[-0.383122,51.408984],[-0.382975,51.409819]]]}},{"type":"Feature","properties":{"name":null,"kind":"water"},"geometry":{"type":"Polygon","coordinates":[[[-0.377849,51.411063],[-0.378024,51.410147],[-0.378359,51.411003],[-0.377849,51.411063]]]}},{"type":"Feature","properties":{"name":"Grand Junction Reservoir","kind":"water"},"geometry":{"type":"Polygon","coordinates":[[[-0.377965,51.412416],[-0.377822,51.411789],[-0.375471,51.411874],[-0.375614,51.413509],[-0.377969,51.413405],[-0.377965,51.412416]]]}},{"type":"Feature","properties":{"name":null,"kind":"water"},"geometry":{"type":"Polygon","coordinates":[[[-0.378879,51.411196],[-0.378279,51.410189],[-0.378418,51.411117],[-0.378879,51.411196]]]}},{"type":"Feature","properties":{"name":null,"kind":"water"},"geometry":{"type":"Polygon","coordinates":[[[-0.373501,51.411797],[-0.373051,51.411825],[-0.373136,51.410913],[-0.373501,51.411797]]]}},{"type":"Feature","properties":{"name":null,"kind":"water"},"geometry":{"type":"Polygon","coordinates":[[[-0.381834,51.410937],[-0.380802,51.411062],[-0.380502,51.41014],[-0.381543,51.410055],[-0.381834,51.410937]]]}},{"type":"Feature","properties":{"name":null,"kind":"water"},"geometry":{"type":"Polygon","coordinates":[[[-0.372921,51.411727],[-0.372738,51.411249],[-0.372059,51.411405],[-0.372921,51.411727]]]}},{"type":"Feature","properties":{"name":null,"kind":"water"},"geometry":{"type":"Polygon","coordinates":[[[-0.380913,51.412601],[-0.380614,51.411715],[-0.379562,51.411851],[-0.379723,51.412601],[-0.380913,51.412601]]]}},{"type":"Feature","properties":{"name":"River Thames","kind":"water"},"geometry":{"type":"LineString","coordinates":[[-0.390296,51.409568],[-0.388287,51.410089],[-0.387273,51.409344]]}},{"type":"Feature","properties":{"name":null,"kind":"water"},"geometry":{"type":"Polygon","coordinates":[[[-0.405883,51.419613],[-0.405729,51.419461],[-0.404582,51.419944],[-0.405883,51.419613]]]}},{"type":"Feature","properties":{"name":null,"kind":"water"},"geometry":{"type":"Polygon","coordinates":[[[-0.397887,51.421391],[-0.398691,51.42103],[-0.397902,51.42164],[-0.399142,51.422041],[-0.402307,51.420865],[-0.40117,51.419509],[-0.397861,51.419131],[-0.396685,51.420992],[-0.397887,51.421391]]]}},{"type":"Feature","properties":{"name":"Rushmere Pond","kind":"water"},"geometry":{"type":"Polygon","coordinates":[[[-0.22461,51.425131],[-0.224975,51.424897],[-0.224499,51.424608],[-0.223457,51.424811],[-0.223444,51.425251],[-0.22461,51.425131]]]}},{"type":"Feature","properties":{"name":"River Ravensbourne","kind":"water"},"geometry":{"type":"LineString","coordinates":[[0.006409,51.405238],[0.002593,51.406105],[0.001183,51.407927]]}},{"type":"Feature","properties":{"name":null,"kind":"water"},"geometry":{"type":"Polygon","coordinates":[[[-0.232038,51.423945],[-0.231734,51.423844],[-0.231699,51.424115],[-0.232038,51.423945]]]}},{"type":"Feature","properties":{"name":null,"kind":"water"},"geometry":{"type":"Polygon","coordinates":[[[-0.056396,51.588247],[-0.050783,51.597017],[-0.053591,51.591316],[-0.056396,51.588247]]]}},{"type":"Feature","properties":{"name":"Three Kings Pond","kind":"water"},"geometry":{"type":"Polygon","coordinates":[[[-0.161781,51.404229],[-0.160819,51.403927],[-0.161002,51.40363],[-0.161781,51.404229]]]}},{"type":"Feature","properties":{"name":"Hertford Union Canal","kind":"water"},"geometry":{"type":"LineString","coordinates":[[-0.041377,51.532579],[-0.02986,51.538006]]}},{"type":"Feature","properties":{"name":"Regent's Canal","kind":"water"},"geometry":{"type":"LineString","coordinates":[[-0.036777,51.511612],[-0.03516,51.511271]]}},{"type":"Feature","properties":{"name":null,"kind":"water"},"geometry":{"type":"Polygon","coordinates":[[[-0.162899,51.399481],[-0.163036,51.399328],[-0.162674,51.39932],[-0.162899,51.399481]]]}},{"type":"Feature","properties":{"name":"Saffron Avenue Pond","kind":"water"},"geometry":{"type":"Polygon","coordinates":[[[-0.0037,51.51013],[-0.00353,51.509658],[-0.002024,51.510481],[-0.0037,51.51013]]]}},{"type":"Feature","properties":{"name":"Wildlife Pond","kind":"water"},"geometry":{"type":"Polygon","coordinates":[[[-0.178953,51.625312],[-0.178913,51.624994],[-0.179179,51.625045],[-0.178953,51.625312]]]}},{"type":"Feature","properties":{"name":null,"kind":"water"},"geometry":{"type":"Polygon","coordinates":[[[-0.430151,51.430969],[-0.430039,51.429728],[-0.428773,51.430023],[-0.428553,51.430724],[-0.430151,51.430969]]]}},{"type":"Feature","properties":{"name":null,"kind":"water"},"geometry":{"type":"Polygon","coordinates":[[[0.001286,51.530579],[0.001674,51.530404],[0.000681,51.528374],[-0.002135,51.527012],[-0.006274,51.52594],[-0.006546,51.526317],[0.000294,51.528335],[0.001286,51.530579]]]}},{"type":"Feature","properties":{"name":"River Crane","kind":"water"},"geometry":{"type":"LineString","coordinates":[[-0.326761,51.460033],[-0.326717,51.461719],[-0.325098,51.464032],[-0.323333,51.465349],[-0.320937,51.465563]]}},{"type":"Feature","properties":{"name":null,"kind":"water"},"geometry":{"type":"Polygon","coordinates":[[[-0.004144,51.528155],[-0.003816,51.528037],[-0.004109,51.527031],[-0.004144,51.528155]]]}},{"type":"Feature","properties":{"name":null,"kind":"water"},"geometry":{"type":"Polygon","coordinates":[[[0.000715,51.530698],[-0.00062,51.528337],[0.000853,51.530025],[0.000715,51.530698]]]}},{"type":"Feature","properties":{"name":"Bow Creek","kind":"water"},"geometry":{"type":"LineString","coordinates":[[-0.007834,51.527379],[-0.007616,51.52716]]}},{"type":"Feature","properties":{"name":null,"kind":"water"},"geometry":{"type":"Polygon","coordinates":[[[-0.403209,51.426512],[-0.402396,51.426291],[-0.402604,51.425924],[-0.403426,51.426135],[-0.403209,51.426512]]]}},{"type":"Feature","properties":{"name":"River Ravensbourne","kind":"water"},"geometry":{"type":"LineString","coordinates":[[-0.022282,51.475392],[-0.020858,51.475573],[-0.020154,51.476886],[-0.019129,51.477178],[-0.018859,51.479448],[-0.016284,51.481046],[-0.01831,51.482645],[-0.01765,51.484773]]}},{"type":"Feature","properties":{"name":"Three Mills Lock","kind":"water"},"geometry":{"type":"Polygon","coordinates":[[[-0.004422,51.528499],[-0.004306,51.528506],[-0.004203,51.527923],[-0.004422,51.528499]]]}},{"type":"Feature","properties":{"name":"Prescott Channel","kind":"water"},"geometry":{"type":"LineString","coordinates":[[-0.004051,51.528476],[-0.003988,51.528084]]}},{"type":"Feature","properties":{"name":"Prescott Channel","kind":"water"},"geometry":{"type":"LineString","coordinates":[[-0.004364,51.528502],[-0.004413,51.529021]]}},{"type":"Feature","properties":{"name":"Prescott Channel","kind":"water"},"geometry":{"type":"LineString","coordinates":[[-0.004413,51.529021],[-0.004012,51.527364]]}},{"type":"Feature","properties":{"name":"Prescott Channel","kind":"water"},"geometry":{"type":"LineString","coordinates":[[-0.004364,51.528502],[-0.00426,51.527921]]}},{"type":"Feature","properties":{"name":"Prescott Channel","kind":"water"},"geometry":{"type":"LineString","coordinates":[[-0.00426,51.527921],[-0.004012,51.527364]]}},{"type":"Feature","properties":{"name":"Prescott Channel","kind":"water"},"geometry":{"type":"LineString","coordinates":[[-0.004012,51.527364],[-0.003921,51.526679]]}},{"type":"Feature","properties":{"name":null,"kind":"water"},"geometry":{"type":"Polygon","coordinates":[[[-0.006966,51.528668],[-0.007705,51.527538],[-0.009151,51.527998],[-0.006966,51.528668]]]}},{"type":"Feature","properties":{"name":null,"kind":"water"},"geometry":{"type":"Polygon","coordinates":[[[-0.007355,51.528787],[-0.006892,51.530047],[-0.006915,51.528841],[-0.007355,51.528787]]]}},{"type":"Feature","properties":{"name":null,"kind":"water"},"geometry":{"type":"Polygon","coordinates":[[[-0.007326,51.530102],[-0.008702,51.533256],[-0.008331,51.533434],[-0.006853,51.530099],[-0.007326,51.530102]]]}},{"type":"Feature","properties":{"name":"River Lea","kind":"water"},"geometry":{"type":"Polygon","coordinates":[[[-0.007307,51.527463],[-0.006982,51.527127],[-0.007313,51.527081],[-0.007307,51.527463]]]}},{"type":"Feature","properties":{"name":null,"kind":"water"},"geometry":{"type":"Polygon","coordinates":[[[-0.003899,51.528461],[-0.003917,51.528506],[-0.003798,51.528106],[-0.003899,51.528461]]]}},{"type":"Feature","properties":{"name":"Prescott Channel","kind":"water"},"geometry":{"type":"Polygon","coordinates":[[[-0.004009,51.528224],[-0.006968,51.530485],[-0.004883,51.529602],[-0.004009,51.528224]]]}},{"type":"Feature","properties":{"name":null,"kind":"water"},"geometry":{"type":"Polygon","coordinates":[[[-0.169074,51.508201],[-0.168852,51.508256],[-0.168839,51.508235],[-0.169074,51.508201]]]}},{"type":"Feature","properties":{"name":null,"kind":"water"},"geometry":{"type":"Polygon","coordinates":[[[0.131964,51.60452],[0.131717,51.604167],[0.131921,51.604154],[0.131964,51.60452]]]}},{"type":"Feature","properties":{"name":null,"kind":"water"},"geometry":{"type":"Polygon","coordinates":[[[0.125376,51.605959],[0.125666,51.605919],[0.125527,51.605806],[0.125376,51.605959]]]}},{"type":"Feature","properties":{"name":null,"kind":"water"},"geometry":{"type":"Polygon","coordinates":[[[-0.092007,51.426761],[-0.092077,51.426713],[-0.091923,51.42668],[-0.092007,51.426761]]]}},{"type":"Feature","properties":{"name":null,"kind":"water"},"geometry":{"type":"Polygon","coordinates":[[[-0.15627,51.644705],[-0.155919,51.64449],[-0.156182,51.644261],[-0.15627,51.644705]]]}},{"type":"Feature","properties":{"name":"Pymmes Brook","kind":"water"},"geometry":{"type":"LineString","coordinates":[[-0.149914,51.635378],[-0.146503,51.632278]]}},{"type":"Feature","properties":{"name":"Pymmes Brook","kind":"water"},"geometry":{"type":"LineString","coordinates":[[-0.150125,51.635478],[-0.149914,51.635378]]}},{"type":"Feature","properties":{"name":null,"kind":"water"},"geometry":{"type":"Polygon","coordinates":[[[-0.108087,51.289418],[-0.106488,51.288969],[-0.107829,51.288761],[-0.108087,51.289418]]]}},{"type":"Feature","properties":{"name":null,"kind":"water"},"geometry":{"type":"Polygon","coordinates":[[[-0.01469,51.546095],[-0.014036,51.546088],[-0.01483,51.545882],[-0.01469,51.546095]]]}},{"type":"Feature","properties":{"name":null,"kind":"water"},"geometry":{"type":"Polygon","coordinates":[[[-0.013875,51.545862],[-0.01425,51.545281],[-0.013886,51.545414],[-0.013875,51.545862]]]}},{"type":"Feature","properties":{"name":null,"kind":"water"},"geometry":{"type":"Polygon","coordinates":[[[-0.012597,51.546418],[-0.01198,51.546755],[-0.012092,51.546576],[-0.012597,51.546418]]]}},{"type":"Feature","properties":{"name":null,"kind":"water"},"geometry":{"type":"Polygon","coordinates":[[[-0.011227,51.546865],[-0.011646,51.546625],[-0.01152,51.546824],[-0.011227,51.546865]]]}},{"type":"Feature","properties":{"name":null,"kind":"water"},"geometry":{"type":"Polygon","coordinates":[[[-0.010959,51.547196],[-0.01096,51.54729],[-0.011339,51.547092],[-0.010959,51.547196]]]}},{"type":"Feature","properties":{"name":"Chiswick Quay Marina","kind":"water"},"geometry":{"type":"Polygon","coordinates":[[[-0.27074,51.47605],[-0.271055,51.476411],[-0.270341,51.476712],[-0.269809,51.476287],[-0.27074,51.47605]]]}},{"type":"Feature","properties":{"name":"River Colne","kind":"water"},"geometry":{"type":"LineString","coordinates":[[-0.49529,51.479991],[-0.497397,51.479189],[-0.497944,51.475442],[-0.500683,51.474305],[-0.500282,51.46861],[-0.500968,51.467237]]}},{"type":"Feature","properties":{"name":null,"kind":"water"},"geometry":{"type":"Polygon","coordinates":[[[-0.437146,51.445265],[-0.435237,51.444619],[-0.436942,51.446067],[-0.436014,51.446502],[-0.436535,51.447107],[-0.437881,51.44595],[-0.437146,51.445265]]]}},{"type":"Feature","properties":{"name":null,"kind":"water"},"geometry":{"type":"Polygon","coordinates":[[[-0.318065,51.393001],[-0.317756,51.393179],[-0.317276,51.392857],[-0.317584,51.392678],[-0.318065,51.393001]]]}},{"type":"Feature","properties":{"name":null,"kind":"water"},"geometry":{"type":"Polygon","coordinates":[[[-0.366036,51.412437],[-0.365025,51.412483],[-0.365405,51.412027],[-0.366036,51.412437]]]}},{"type":"Feature","properties":{"name":null,"kind":"water"},"geometry":{"type":"Polygon","coordinates":[[[-0.319183,51.392391],[-0.318137,51.392967],[-0.317617,51.392625],[-0.319183,51.392391]]]}},{"type":"Feature","properties":{"name":null,"kind":"water"},"geometry":{"type":"Polygon","coordinates":[[[-0.370274,51.411527],[-0.368415,51.412219],[-0.367693,51.41142],[-0.370274,51.411527]]]}},{"type":"Feature","properties":{"name":null,"kind":"water"},"geometry":{"type":"Polygon","coordinates":[[[-0.36705,51.411667],[-0.367661,51.412464],[-0.366602,51.411838],[-0.36705,51.411667]]]}},{"type":"Feature","properties":{"name":null,"kind":"water"},"geometry":{"type":"Polygon","coordinates":[[[-0.37073,51.412862],[-0.369212,51.412407],[-0.370228,51.411995],[-0.37073,51.412862]]]}},{"type":"Feature","properties":{"name":null,"kind":"water"},"geometry":{"type":"Polygon","coordinates":[[[-0.313153,51.396294],[-0.311874,51.396381],[-0.312432,51.395882],[-0.313153,51.396294]]]}},{"type":"Feature","properties":{"name":null,"kind":"water"},"geometry":{"type":"Polygon","coordinates":[[[-0.366803,51.41248],[-0.365853,51.411995],[-0.366221,51.411805],[-0.366803,51.41248]]]}},{"type":"Feature","properties":{"name":"Staines Reservoirs Aqueduct","kind":"water"},"geometry":{"type":"LineString","coordinates":[[-0.417847,51.420426],[-0.412927,51.424061],[-0.409665,51.425083],[-0.393447,51.423333],[-0.391491,51.422517],[-0.390928,51.421557]]}},{"type":"Feature","properties":{"name":null,"kind":"water"},"geometry":{"type":"Polygon","coordinates":[[[0.010863,51.585586],[0.011159,51.585685],[0.011163,51.585548],[0.010863,51.585586]]]}},{"type":"Feature","properties":{"name":null,"kind":"water"},"geometry":{"type":"Polygon","coordinates":[[[-0.313794,51.427457],[-0.31615,51.425721],[-0.314608,51.427062],[-0.313794,51.427457]]]}},{"type":"Feature","properties":{"name":"River Wandle","kind":"water"},"geometry":{"type":"LineString","coordinates":[[-0.130482,51.370205],[-0.132963,51.371545],[-0.136973,51.372142],[-0.137291,51.373757],[-0.142429,51.373161],[-0.145155,51.371907],[-0.147148,51.372702],[-0.147766,51.372086]]}},{"type":"Feature","properties":{"name":"River Graveney","kind":"water"},"geometry":{"type":"LineString","coordinates":[[-0.126247,51.413182],[-0.126336,51.413158]]}},{"type":"Feature","properties":{"name":"River Graveney","kind":"water"},"geometry":{"type":"LineString","coordinates":[[-0.126336,51.413158],[-0.126489,51.413152]]}},{"type":"Feature","properties":{"name":"River Graveney","kind":"water"},"geometry":{"type":"LineString","coordinates":[[-0.126489,51.413152],[-0.126669,51.413153]]}},{"type":"Feature","properties":{"name":"River Graveney","kind":"water"},"geometry":{"type":"LineString","coordinates":[[-0.126746,51.413153],[-0.127891,51.412968]]}},{"type":"Feature","properties":{"name":"River Graveney","kind":"water"},"geometry":{"type":"LineString","coordinates":[[-0.125379,51.413386],[-0.125489,51.413372]]}},{"type":"Feature","properties":{"name":"River Graveney","kind":"water"},"geometry":{"type":"LineString","coordinates":[[-0.125553,51.413358],[-0.1256,51.413345]]}},{"type":"Feature","properties":{"name":"River Graveney","kind":"water"},"geometry":{"type":"LineString","coordinates":[[-0.126669,51.413153],[-0.126746,51.413153]]}},{"type":"Feature","properties":{"name":"River Graveney","kind":"water"},"geometry":{"type":"LineString","coordinates":[[-0.1256,51.413345],[-0.126247,51.413182]]}},{"type":"Feature","properties":{"name":"River Graveney","kind":"water"},"geometry":{"type":"LineString","coordinates":[[-0.128841,51.413031],[-0.128968,51.413029]]}},{"type":"Feature","properties":{"name":"River Graveney","kind":"water"},"geometry":{"type":"LineString","coordinates":[[-0.12929,51.413046],[-0.129372,51.413049]]}},{"type":"Feature","properties":{"name":"River Graveney","kind":"water"},"geometry":{"type":"LineString","coordinates":[[-0.128968,51.413029],[-0.12929,51.413046]]}},{"type":"Feature","properties":{"name":"River Graveney","kind":"water"},"geometry":{"type":"LineString","coordinates":[[-0.128425,51.413013],[-0.128841,51.413031]]}},{"type":"Feature","properties":{"name":"River Graveney","kind":"water"},"geometry":{"type":"LineString","coordinates":[[-0.129372,51.413049],[-0.129417,51.41305]]}},{"type":"Feature","properties":{"name":"River Graveney","kind":"water"},"geometry":{"type":"LineString","coordinates":[[-0.129417,51.41305],[-0.1335,51.413527]]}},{"type":"Feature","properties":{"name":null,"kind":"water"},"geometry":{"type":"Polygon","coordinates":[[[-0.228192,51.514051],[-0.228121,51.513983],[-0.228071,51.514004],[-0.228192,51.514051]]]}},{"type":"Feature","properties":{"name":null,"kind":"water"},"geometry":{"type":"Polygon","coordinates":[[[-0.228217,51.514041],[-0.228152,51.513975],[-0.228263,51.514025],[-0.228217,51.514041]]]}},{"type":"Feature","properties":{"name":null,"kind":"water"},"geometry":{"type":"Polygon","coordinates":[[[-0.228047,51.514113],[-0.227969,51.514047],[-0.228127,51.514077],[-0.228047,51.514113]]]}},{"type":"Feature","properties":{"name":"Bishop's Pond","kind":"water"},"geometry":{"type":"Polygon","coordinates":[[[-0.293012,51.451763],[-0.292569,51.451778],[-0.292992,51.451481],[-0.293012,51.451763]]]}},{"type":"Feature","properties":{"name":null,"kind":"water"},"geometry":{"type":"Polygon","coordinates":[[[0.236823,51.616827],[0.236153,51.61648],[0.236828,51.616443],[0.236823,51.616827]]]}},{"type":"Feature","properties":{"name":null,"kind":"water"},"geometry":{"type":"Polygon","coordinates":[[[-0.062451,51.506322],[-0.06179,51.507467],[-0.060563,51.507564],[-0.061652,51.507438],[-0.062451,51.506322]]]}},{"type":"Feature","properties":{"name":null,"kind":"water"},"geometry":{"type":"Polygon","coordinates":[[[-0.058152,51.507638],[-0.058034,51.50764],[-0.058148,51.507607],[-0.058152,51.507638]]]}},{"type":"Feature","properties":{"name":null,"kind":"water"},"geometry":{"type":"Polygon","coordinates":[[[-0.062451,51.506322],[-0.060772,51.506168],[-0.066071,51.505944],[-0.062451,51.506322]]]}},{"type":"Feature","properties":{"name":null,"kind":"water"},"geometry":{"type":"Polygon","coordinates":[[[-0.058323,51.507641],[-0.058152,51.507638],[-0.058321,51.507608],[-0.058323,51.507641]]]}},{"type":"Feature","properties":{"name":null,"kind":"water"},"geometry":{"type":"Polygon","coordinates":[[[-0.06001,51.507576],[-0.060005,51.507487],[-0.060557,51.507496],[-0.06001,51.507576]]]}},{"type":"Feature","properties":{"name":null,"kind":"water"},"geometry":{"type":"Polygon","coordinates":[[[-0.058034,51.50764],[-0.05685,51.507668],[-0.056845,51.507634],[-0.058034,51.50764]]]}},{"type":"Feature","properties":{"name":"River Mole","kind":"water"},"geometry":{"type":"LineString","coordinates":[[-0.381602,51.367217],[-0.378696,51.368257],[-0.377304,51.370812],[-0.37779,51.373734],[-0.3767,51.376912],[-0.377902,51.379391],[-0.377607,51.381166],[-0.375532,51.384758],[-0.37258,51.386802],[-0.373001,51.387534],[-0.371453,51.391541],[-0.36847,51.394103],[-0.369486,51.394875],[-0.369322,51.395614],[-0.367283,51.396244],[-0.362022,51.396165],[-0.356628,51.395107],[-0.352056,51.396374],[-0.344024,51.400861]]}},{"type":"Feature","properties":{"name":null,"kind":"water"},"geometry":{"type":"Polygon","coordinates":[[[-0.443742,51.43633],[-0.44668,51.437034],[-0.44644,51.437503],[-0.443573,51.437061],[-0.443742,51.43633]]]}},{"type":"Feature","properties":{"name":null,"kind":"water"},"geometry":{"type":"Polygon","coordinates":[[[-0.437725,51.434203],[-0.434361,51.43528],[-0.433591,51.43501],[-0.437725,51.434203]]]}},{"type":"Feature","properties":{"name":null,"kind":"water"},"geometry":{"type":"Polygon","coordinates":[[[-0.431161,51.435551],[-0.43009,51.436525],[-0.429005,51.43684],[-0.428441,51.436344],[-0.431161,51.435551]]]}},{"type":"Feature","properties":{"name":null,"kind":"water"},"geometry":{"type":"Polygon","coordinates":[[[-0.433182,51.435111],[-0.433573,51.4354],[-0.431924,51.435756],[-0.433182,51.435111]]]}},{"type":"Feature","properties":{"name":null,"kind":"water"},"geometry":{"type":"Polygon","coordinates":[[[-0.475922,51.532866],[-0.475743,51.532557],[-0.476038,51.532434],[-0.475922,51.532866]]]}},{"type":"Feature","properties":{"name":"Hogsmill River","kind":"water"},"geometry":{"type":"LineString","coordinates":[[-0.276911,51.399679],[-0.277041,51.399893]]}},{"type":"Feature","properties":{"name":"Hogsmill River","kind":"water"},"geometry":{"type":"LineString","coordinates":[[-0.277041,51.399893],[-0.282522,51.403253],[-0.29065,51.403806],[-0.296901,51.405373]]}},{"type":"Feature","properties":{"name":"Dagenham Breach","kind":"water"},"geometry":{"type":"Polygon","coordinates":[[[0.1514,51.522862],[0.150412,51.521865],[0.149228,51.522224],[0.150335,51.523519],[0.154244,51.523995],[0.15622,51.522459],[0.155589,51.521893],[0.1514,51.522862]]]}},{"type":"Feature","properties":{"name":"River Fleet","kind":"water"},"geometry":{"type":"LineString","coordinates":[[-0.140737,51.541459],[-0.136721,51.539728],[-0.13337,51.535707],[-0.129994,51.534406],[-0.124679,51.53089],[-0.120178,51.530901],[-0.116258,51.529905],[-0.115829,51.528638],[-0.116359,51.527744],[-0.11366,51.52459],[-0.112126,51.523639],[-0.108108,51.523021],[-0.106873,51.522122],[-0.105253,51.51862],[-0.104193,51.513433],[-0.104329,51.510788]]}},{"type":"Feature","properties":{"name":"Beverley Brook","kind":"water"},"geometry":{"type":"LineString","coordinates":[[-0.24779,51.411245],[-0.249197,51.414141]]}},{"type":"Feature","properties":{"name":"Beverley Brook","kind":"water"},"geometry":{"type":"LineString","coordinates":[[-0.247484,51.41057],[-0.24779,51.411245]]}},{"type":"Feature","properties":{"name":"Beverley Brook","kind":"water"},"geometry":{"type":"LineString","coordinates":[[-0.244727,51.394856],[-0.246763,51.396962]]}},{"type":"Feature","properties":{"name":"Beverley Brook","kind":"water"},"geometry":{"type":"LineString","coordinates":[[-0.239691,51.389274],[-0.240561,51.391986]]}},{"type":"Feature","properties":{"name":"Beverley Brook","kind":"water"},"geometry":{"type":"LineString","coordinates":[[-0.249197,51.414141],[-0.24927,51.414289]]}},{"type":"Feature","properties":{"name":"Beverley Brook","kind":"water"},"geometry":{"type":"LineString","coordinates":[[-0.245499,51.406563],[-0.245704,51.407428],[-0.247553,51.408524],[-0.247484,51.41057]]}},{"type":"Feature","properties":{"name":"Beverley Brook","kind":"water"},"geometry":{"type":"LineString","coordinates":[[-0.241302,51.393303],[-0.241359,51.393398]]}},{"type":"Feature","properties":{"name":"River Wandle","kind":"water"},"geometry":{"type":"LineString","coordinates":[[-0.190116,51.442436],[-0.192287,51.443053]]}},{"type":"Feature","properties":{"name":"River Wandle","kind":"water"},"geometry":{"type":"LineString","coordinates":[[-0.189203,51.438545],[-0.189759,51.440056]]}},{"type":"Feature","properties":{"name":"River Wandle","kind":"water"},"geometry":{"type":"LineString","coordinates":[[-0.189799,51.431352],[-0.191145,51.433629],[-0.190158,51.435001],[-0.189203,51.438545]]}},{"type":"Feature","properties":{"name":"River Wandle","kind":"water"},"geometry":{"type":"LineString","coordinates":[[-0.189759,51.440056],[-0.19006,51.441472]]}},{"type":"Feature","properties":{"name":"Beverley Brook","kind":"water"},"geometry":{"type":"LineString","coordinates":[[-0.238099,51.38646],[-0.23889,51.386529]]}},{"type":"Feature","properties":{"name":"Beverley Brook","kind":"water"},"geometry":{"type":"LineString","coordinates":[[-0.249601,51.41543],[-0.249584,51.418569],[-0.251123,51.422316],[-0.252955,51.423209],[-0.252361,51.42607],[-0.254205,51.429232],[-0.253328,51.430844],[-0.251084,51.432566]]}},{"type":"Feature","properties":{"name":"Beverley Brook","kind":"water"},"geometry":{"type":"LineString","coordinates":[[-0.24927,51.414289],[-0.249601,51.41543]]}},{"type":"Feature","properties":{"name":"Beverley Brook","kind":"water"},"geometry":{"type":"LineString","coordinates":[[-0.251084,51.432566],[-0.251381,51.434297],[-0.253136,51.435312],[-0.253673,51.436877]]}},{"type":"Feature","properties":{"name":"Whitgift Pond","kind":"water"},"geometry":{"type":"Polygon","coordinates":[[[-0.068895,51.371804],[-0.068793,51.371833],[-0.068848,51.371908],[-0.068895,51.371804]]]}},{"type":"Feature","properties":{"name":"River Graveney","kind":"water"},"geometry":{"type":"LineString","coordinates":[[-0.147784,51.419086],[-0.159271,51.422432]]}},{"type":"Feature","properties":{"name":"River Graveney","kind":"water"},"geometry":{"type":"LineString","coordinates":[[-0.143562,51.417321],[-0.143926,51.417636]]}},{"type":"Feature","properties":{"name":null,"kind":"water"},"geometry":{"type":"Polygon","coordinates":[[[-0.31938,51.631937],[-0.319026,51.631855],[-0.319095,51.632169],[-0.31938,51.631937]]]}},{"type":"Feature","properties":{"name":null,"kind":"water"},"geometry":{"type":"Polygon","coordinates":[[[-0.163328,51.365888],[-0.16312,51.36677],[-0.16343,51.366923],[-0.163328,51.365888]]]}},{"type":"Feature","properties":{"name":"River Wandle","kind":"water"},"geometry":{"type":"LineString","coordinates":[[-0.162646,51.367732],[-0.16044,51.369404],[-0.15836,51.374869]]}},{"type":"Feature","properties":{"name":null,"kind":"water"},"geometry":{"type":"Polygon","coordinates":[[[-0.431001,51.432913],[-0.430504,51.431999],[-0.428731,51.43276],[-0.429314,51.433362],[-0.431001,51.432913]]]}},{"type":"Feature","properties":{"name":null,"kind":"water"},"geometry":{"type":"Polygon","coordinates":[[[-0.084109,51.483231],[-0.084123,51.483194],[-0.084214,51.483208],[-0.084109,51.483231]]]}},{"type":"Feature","properties":{"name":null,"kind":"water"},"geometry":{"type":"Polygon","coordinates":[[[-0.131826,51.662441],[-0.132126,51.662395],[-0.131987,51.662501],[-0.131826,51.662441]]]}},{"type":"Feature","properties":{"name":null,"kind":"water"},"geometry":{"type":"Polygon","coordinates":[[[-0.132673,51.662294],[-0.132939,51.662335],[-0.132274,51.662519],[-0.132673,51.662294]]]}},{"type":"Feature","properties":{"name":null,"kind":"water"},"geometry":{"type":"Polygon","coordinates":[[[-0.135989,51.669564],[-0.136375,51.669451],[-0.136321,51.669667],[-0.135989,51.669564]]]}},{"type":"Feature","properties":{"name":null,"kind":"water"},"geometry":{"type":"Polygon","coordinates":[[[-0.138487,51.667197],[-0.139474,51.66733],[-0.139238,51.668036],[-0.138294,51.668036],[-0.139324,51.667424],[-0.138487,51.667197]]]}},{"type":"Feature","properties":{"name":null,"kind":"water"},"geometry":{"type":"Polygon","coordinates":[[[-0.450885,51.442878],[-0.45021,51.443263],[-0.451158,51.442073],[-0.450885,51.442878]]]}},{"type":"Feature","properties":{"name":null,"kind":"water"},"geometry":{"type":"Polygon","coordinates":[[[-0.450131,51.441943],[-0.450993,51.441156],[-0.448896,51.441652],[-0.448487,51.4424],[-0.450131,51.441943]]]}},{"type":"Feature","properties":{"name":null,"kind":"water"},"geometry":{"type":"Polygon","coordinates":[[[-0.452845,51.440296],[-0.451732,51.440185],[-0.451926,51.43933],[-0.452859,51.439142],[-0.452845,51.440296]]]}},{"type":"Feature","properties":{"name":null,"kind":"water"},"geometry":{"type":"Polygon","coordinates":[[[-0.442406,51.445125],[-0.440496,51.444977],[-0.440701,51.444619],[-0.442406,51.445125]]]}},{"type":"Feature","properties":{"name":null,"kind":"water"},"geometry":{"type":"Polygon","coordinates":[[[-0.448863,51.445837],[-0.449543,51.444781],[-0.447766,51.444407],[-0.44736,51.443622],[-0.446578,51.444224],[-0.446048,51.442861],[-0.443928,51.44399],[-0.443999,51.444483],[-0.446355,51.444622],[-0.448863,51.445837]]]}},{"type":"Feature","properties":{"name":"Wishing Well Pond","kind":"water"},"geometry":{"type":"Polygon","coordinates":[[[0.069455,51.572438],[0.069017,51.572632],[0.069303,51.572392],[0.069455,51.572438]]]}},{"type":"Feature","properties":{"name":"River Thames","kind":"water"},"geometry":{"type":"LineString","coordinates":[[0.157874,51.508769],[0.161727,51.508451],[0.16691,51.506926],[0.172582,51.503654],[0.175688,51.499861],[0.179569,51.489575],[0.181653,51.487325],[0.184817,51.485526],[0.188177,51.484449],[0.195559,51.484186],[0.210307,51.485877]]}},{"type":"Feature","properties":{"name":"River Thames","kind":"water"},"geometry":{"type":"LineString","coordinates":[[0.118286,51.513578],[0.125211,51.515425],[0.132696,51.515207],[0.139042,51.513766],[0.148093,51.510365],[0.157874,51.508769]]}},{"type":"Feature","properties":{"name":"River Colne","kind":"water"},"geometry":{"type":"LineString","coordinates":[[-0.482815,51.56282],[-0.484323,51.561645],[-0.484749,51.560072],[-0.484248,51.559259],[-0.48758,51.556183],[-0.486799,51.55395],[-0.487296,51.552763],[-0.486584,51.552172]]}},{"type":"Feature","properties":{"name":null,"kind":"water"},"geometry":{"type":"Polygon","coordinates":[[[-0.316297,51.420466],[-0.316031,51.420362],[-0.316332,51.420308],[-0.316297,51.420466]]]}},{"type":"Feature","properties":{"name":"River Ingrebourne","kind":"water"},"geometry":{"type":"LineString","coordinates":[[0.17413,51.507956],[0.169897,51.505568]]}},{"type":"Feature","properties":{"name":"River Ingrebourne","kind":"water"},"geometry":{"type":"LineString","coordinates":[[0.175441,51.508617],[0.17413,51.507956]]}},{"type":"Feature","properties":{"name":null,"kind":"water"},"geometry":{"type":"Polygon","coordinates":[[[-0.504606,51.484658],[-0.504605,51.484209],[-0.503359,51.484063],[-0.504606,51.484658]]]}},{"type":"Feature","properties":{"name":"River Colne","kind":"water"},"geometry":{"type":"LineString","coordinates":[[-0.487621,51.634304],[-0.497149,51.63171]]}},{"type":"Feature","properties":{"name":null,"kind":"water"},"geometry":{"type":"Polygon","coordinates":[[[-0.129247,51.292473],[-0.129363,51.292468],[-0.129319,51.292567],[-0.129247,51.292473]]]}},{"type":"Feature","properties":{"name":"Ravine Pond","kind":"water"},"geometry":{"type":"Polygon","coordinates":[[[-0.234396,51.434275],[-0.234089,51.434064],[-0.234275,51.434415],[-0.234396,51.434275]]]}},{"type":"Feature","properties":{"name":"Common Watercourse","kind":"water"},"geometry":{"type":"LineString","coordinates":[[0.216662,51.514804],[0.213034,51.512398],[0.206777,51.510895]]}},{"type":"Feature","properties":{"name":"Common Watercourse","kind":"water"},"geometry":{"type":"LineString","coordinates":[[0.239503,51.521473],[0.228537,51.518182],[0.221593,51.519072],[0.216937,51.515002]]}},{"type":"Feature","properties":{"name":"Berwick Pond","kind":"water"},"geometry":{"type":"Polygon","coordinates":[[[0.221939,51.529004],[0.217857,51.529578],[0.214987,51.530896],[0.215142,51.5313],[0.215732,51.530689],[0.222379,51.52902],[0.220727,51.528423],[0.221939,51.529004]]]}},{"type":"Feature","properties":{"name":"The Slips","kind":"water"},"geometry":{"type":"Polygon","coordinates":[[[0.228138,51.530139],[0.228127,51.529645],[0.222709,51.529331],[0.228138,51.530139]]]}},{"type":"Feature","properties":{"name":null,"kind":"water"},"geometry":{"type":"Polygon","coordinates":[[[0.177584,51.517935],[0.178311,51.518484],[0.177683,51.519043],[0.176363,51.518228],[0.177584,51.517935]]]}},{"type":"Feature","properties":{"name":"Millwall Inner Dock","kind":"water"},"geometry":{"type":"Polygon","coordinates":[[[-0.016838,51.496267],[-0.016123,51.496769],[-0.015619,51.499858],[-0.017219,51.49963],[-0.017656,51.496657],[-0.016838,51.496267]]]}},{"type":"Feature","properties":{"name":"South Dock","kind":"water"},"geometry":{"type":"Polygon","coordinates":[[[-0.022717,51.502839],[-0.016162,51.50195],[-0.015486,51.502419],[-0.014732,51.501805],[-0.01182,51.501587],[-0.010329,51.500608],[-0.023814,51.502111],[-0.023585,51.502472],[-0.025049,51.502942],[-0.022717,51.502839]]]}},{"type":"Feature","properties":{"name":"Bellmouth Passage","kind":"water"},"geometry":{"type":"Polygon","coordinates":[[[-0.015262,51.503935],[-0.015486,51.502419],[-0.016016,51.502475],[-0.015028,51.505555],[-0.015262,51.503935]]]}},{"type":"Feature","properties":{"name":null,"kind":"water"},"geometry":{"type":"Polygon","coordinates":[[[0.222111,51.515191],[0.222814,51.514893],[0.222687,51.513557],[0.221617,51.513942],[0.222111,51.515191]]]}},{"type":"Feature","properties":{"name":"River Thames","kind":"water"},"geometry":{"type":"LineString","coordinates":[[0.099706,51.511899],[0.108188,51.51156],[0.118286,51.513578]]}},{"type":"Feature","properties":{"name":"River Thames","kind":"water"},"geometry":{"type":"LineString","coordinates":[[0.037101,51.496873],[0.044626,51.497365],[0.059821,51.496438],[0.073158,51.49785],[0.077709,51.499896],[0.084947,51.507491],[0.088279,51.509798],[0.092427,51.51133],[0.099706,51.511899]]}},{"type":"Feature","properties":{"name":"River Thames","kind":"water"},"geometry":{"type":"LineString","coordinates":[[-0.023436,51.486802],[-0.018165,51.484876],[-0.013368,51.484524],[-0.006919,51.485461],[-0.002943,51.487176],[-0.001178,51.488712],[-0.000449,51.490913],[-0.000833,51.492657],[-0.004901,51.499184],[-0.00451,51.502941],[-0.002247,51.50531],[0.000481,51.506498],[0.004179,51.506698],[0.007598,51.50551]]}},{"type":"Feature","properties":{"name":null,"kind":"water"},"geometry":{"type":"Polygon","coordinates":[[[-0.016263,51.499956],[-0.0161,51.499935],[-0.016042,51.500198],[-0.016263,51.499956]]]}},{"type":"Feature","properties":{"name":null,"kind":"water"},"geometry":{"type":"Polygon","coordinates":[[[0.057769,51.49444],[0.057784,51.493973],[0.058027,51.49405],[0.057769,51.49444]]]}},{"type":"Feature","properties":{"name":null,"kind":"water"},"geometry":{"type":"Polygon","coordinates":[[[-0.088377,51.400356],[-0.088458,51.400338],[-0.088458,51.40038],[-0.088377,51.400356]]]}},{"type":"Feature","properties":{"name":null,"kind":"water"},"geometry":{"type":"Polygon","coordinates":[[[-0.18063,51.474904],[-0.180198,51.474511],[-0.180128,51.474743],[-0.18063,51.474904]]]}},{"type":"Feature","properties":{"name":null,"kind":"water"},"geometry":{"type":"Polygon","coordinates":[[[-0.165907,51.507175],[-0.166444,51.507287],[-0.166435,51.50743],[-0.165907,51.507175]]]}},{"type":"Feature","properties":{"name":null,"kind":"water"},"geometry":{"type":"Polygon","coordinates":[[[-0.169132,51.504433],[-0.16908,51.504382],[-0.169036,51.504421],[-0.169132,51.504433]]]}},{"type":"Feature","properties":{"name":"Clippers Quay","kind":"water"},"geometry":{"type":"Polygon","coordinates":[[[-0.01662,51.492738],[-0.016901,51.491369],[-0.016512,51.491343],[-0.01662,51.492738]]]}},{"type":"Feature","properties":{"name":"Millwall Outer Dock","kind":"water"},"geometry":{"type":"Polygon","coordinates":[[[-0.017833,51.49533],[-0.018887,51.494156],[-0.024174,51.494458],[-0.024411,51.493527],[-0.015866,51.492956],[-0.015504,51.493919],[-0.016369,51.494426],[-0.016277,51.495919],[-0.017641,51.496148],[-0.017833,51.49533]]]}},{"type":"Feature","properties":{"name":"Farlows Lake","kind":"water"},"geometry":{"type":"Polygon","coordinates":[[[-0.495343,51.517283],[-0.495863,51.517324],[-0.495091,51.518833],[-0.497987,51.520571],[-0.498344,51.518637],[-0.497979,51.518344],[-0.497944,51.519204],[-0.497357,51.518537],[-0.497779,51.519335],[-0.496842,51.518731],[-0.497736,51.517449],[-0.49651,51.51555],[-0.492313,51.516311],[-0.49298,51.517086],[-0.492837,51.518324],[-0.494099,51.518359],[-0.49512,51.517547],[-0.494516,51.516973],[-0.493223,51.517218],[-0.494066,51.516634],[-0.495343,51.517283]]]}},{"type":"Feature","properties":{"name":null,"kind":"water"},"geometry":{"type":"Polygon","coordinates":[[[-0.499106,51.516933],[-0.498412,51.51638],[-0.498414,51.517139],[-0.499106,51.516933]]]}},{"type":"Feature","properties":{"name":null,"kind":"water"},"geometry":{"type":"Polygon","coordinates":[[[-0.142262,51.608472],[-0.142533,51.608501],[-0.142281,51.608304],[-0.142262,51.608472]]]}},{"type":"Feature","properties":{"name":null,"kind":"water"},"geometry":{"type":"Polygon","coordinates":[[[-0.059024,51.507598],[-0.058323,51.507641],[-0.059021,51.507544],[-0.059024,51.507598]]]}},{"type":"Feature","properties":{"name":"Tobacco Dock","kind":"water"},"geometry":{"type":"Polygon","coordinates":[[[-0.059024,51.507598],[-0.058955,51.507443],[-0.06001,51.507576],[-0.059024,51.507598]]]}},{"type":"Feature","properties":{"name":"Wapping Entrance","kind":"water"},"geometry":{"type":"Polygon","coordinates":[[[-0.06318,51.503208],[-0.062801,51.503273],[-0.062755,51.503152],[-0.06318,51.503208]]]}},{"type":"Feature","properties":{"name":"Hermitage Entrance","kind":"water"},"geometry":{"type":"Polygon","coordinates":[[[-0.068082,51.504477],[-0.06847,51.504586],[-0.06807,51.50487],[-0.068082,51.504477]]]}},{"type":"Feature","properties":{"name":null,"kind":"water"},"geometry":{"type":"LineString","coordinates":[[-0.053891,51.508169],[-0.053946,51.508166]]}},{"type":"Feature","properties":{"name":"Poplar Dock","kind":"water"},"geometry":{"type":"Polygon","coordinates":[[[-0.008995,51.504871],[-0.009556,51.505136],[-0.009353,51.506388],[-0.008026,51.506518],[-0.007794,51.504749],[-0.008995,51.504871]]]}},{"type":"Feature","properties":{"name":"Graving Dock","kind":"water"},"geometry":{"type":"Polygon","coordinates":[[[-0.009059,51.503618],[-0.008792,51.502343],[-0.00937,51.503426],[-0.009059,51.503618]]]}},{"type":"Feature","properties":{"name":null,"kind":"water"},"geometry":{"type":"Polygon","coordinates":[[[-0.008828,51.504838],[-0.009194,51.504318],[-0.009122,51.504781],[-0.008828,51.504838]]]}},{"type":"Feature","properties":{"name":null,"kind":"water"},"geometry":{"type":"Polygon","coordinates":[[[-0.511229,51.466711],[-0.51175,51.465852],[-0.512291,51.465612],[-0.511229,51.466711]]]}},{"type":"Feature","properties":{"name":null,"kind":"water"},"geometry":{"type":"Polygon","coordinates":[[[-0.51249,51.46508],[-0.513375,51.464342],[-0.512237,51.46542],[-0.51249,51.46508]]]}},{"type":"Feature","properties":{"name":"Balancing Ponds","kind":"water"},"geometry":{"type":"Polygon","coordinates":[[[0.284196,51.57675],[0.284207,51.577083],[0.284861,51.576896],[0.284196,51.57675]]]}},{"type":"Feature","properties":{"name":null,"kind":"water"},"geometry":{"type":"Polygon","coordinates":[[[-0.022891,51.505378],[-0.022801,51.505295],[-0.023029,51.50532],[-0.022891,51.505378]]]}},{"type":"Feature","properties":{"name":"Royal Albert and Victoria Docks Cut","kind":"water"},"geometry":{"type":"Polygon","coordinates":[[[0.01266,51.506345],[0.012698,51.506335],[0.012343,51.505926],[0.01266,51.506345]]]}},{"type":"Feature","properties":{"name":null,"kind":"water"},"geometry":{"type":"LineString","coordinates":[[0.076239,51.504967],[0.066987,51.506079]]}},{"type":"Feature","properties":{"name":"Royal Albert Basin","kind":"water"},"geometry":{"type":"Polygon","coordinates":[[[0.069948,51.505218],[0.073352,51.504208],[0.074478,51.504253],[0.074117,51.5051],[0.076597,51.50488],[0.074315,51.505407],[0.076271,51.506045],[0.068747,51.506402],[0.068729,51.505469],[0.069948,51.505218]]]}},{"type":"Feature","properties":{"name":"Connaught Passage","kind":"water"},"geometry":{"type":"LineString","coordinates":[[0.039262,51.506745],[0.040361,51.506708]]}},{"type":"Feature","properties":{"name":"Gallions Point Marina","kind":"water"},"geometry":{"type":"Polygon","coordinates":[[[0.073877,51.506124],[0.071685,51.506194],[0.071563,51.504751],[0.074478,51.504253],[0.073915,51.504658],[0.07471,51.506107],[0.073877,51.506124]]]}},{"type":"Feature","properties":{"name":"Heron Pond","kind":"water"},"geometry":{"type":"Polygon","coordinates":[[[-0.332448,51.412243],[-0.331927,51.412935],[-0.330828,51.412471],[-0.329008,51.413649],[-0.327754,51.41372],[-0.32965,51.41238],[-0.332448,51.412243]]]}},{"type":"Feature","properties":{"name":"Millwall Cutting","kind":"water"},"geometry":{"type":"Polygon","coordinates":[[[-0.016233,51.50124],[-0.01569,51.50118],[-0.01593,51.500315],[-0.016233,51.50124]]]}},{"type":"Feature","properties":{"name":null,"kind":"water"},"geometry":{"type":"Polygon","coordinates":[[[-0.009504,51.501174],[-0.008862,51.501146],[-0.008899,51.501386],[-0.009504,51.501174]]]}},{"type":"Feature","properties":{"name":"Blackwall Basin Entrance Lock","kind":"water"},"geometry":{"type":"Polygon","coordinates":[[[-0.009065,51.50389],[-0.006704,51.503924],[-0.006765,51.503759],[-0.009065,51.50389]]]}},{"type":"Feature","properties":{"name":"Blackwall Basin","kind":"water"},"geometry":{"type":"Polygon","coordinates":[[[-0.009059,51.503618],[-0.011625,51.503561],[-0.012219,51.504415],[-0.009665,51.504522],[-0.009059,51.503618]]]}},{"type":"Feature","properties":{"name":null,"kind":"water"},"geometry":{"type":"Polygon","coordinates":[[[-0.161557,51.564946],[-0.161588,51.564894],[-0.161528,51.564872],[-0.161495,51.564919],[-0.161557,51.564946]]]}},{"type":"Feature","properties":{"name":"Blackwall Stairs","kind":"water"},"geometry":{"type":"Polygon","coordinates":[[[-0.00539,51.505032],[-0.005694,51.505196],[-0.00575,51.504969],[-0.00539,51.505032]]]}},{"type":"Feature","properties":{"name":"Entrance Lock","kind":"water"},"geometry":{"type":"LineString","coordinates":[[0.003105,51.508261],[0.003251,51.508524]]}},{"type":"Feature","properties":{"name":null,"kind":"water"},"geometry":{"type":"LineString","coordinates":[[0.003251,51.508524],[0.003302,51.508599]]}},{"type":"Feature","properties":{"name":null,"kind":"water"},"geometry":{"type":"LineString","coordinates":[[0.002698,51.506771],[0.003105,51.508261]]}},{"type":"Feature","properties":{"name":"King George V Dock","kind":"water"},"geometry":{"type":"Polygon","coordinates":[[[0.06857,51.504796],[0.065733,51.503802],[0.052237,51.503557],[0.069495,51.502173],[0.070335,51.503483],[0.06857,51.504796]]]}},{"type":"Feature","properties":{"name":"Cody Dock","kind":"water"},"geometry":{"type":"Polygon","coordinates":[[[-0.002555,51.518494],[-0.003864,51.519538],[-0.004195,51.519331],[-0.002555,51.518494]]]}},{"type":"Feature","properties":{"name":"Battlebridge Basin","kind":"water"},"geometry":{"type":"Polygon","coordinates":[[[-0.120406,51.535173],[-0.120926,51.533929],[-0.121141,51.53521],[-0.120406,51.535173]]]}},{"type":"Feature","properties":{"name":"Entrance Lock","kind":"water"},"geometry":{"type":"Polygon","coordinates":[[[0.002935,51.508246],[0.003302,51.508599],[0.003278,51.508288],[0.002935,51.508246]]]}},{"type":"Feature","properties":{"name":null,"kind":"water"},"geometry":{"type":"Polygon","coordinates":[[[-0.125659,51.486315],[-0.12589,51.486326],[-0.12579,51.486395],[-0.125659,51.486315]]]}},{"type":"Feature","properties":{"name":null,"kind":"water"},"geometry":{"type":"Polygon","coordinates":[[[-0.125186,51.486069],[-0.125079,51.486069],[-0.125173,51.486022],[-0.125186,51.486069]]]}},{"type":"Feature","properties":{"name":null,"kind":"water"},"geometry":{"type":"Polygon","coordinates":[[[-0.095981,51.520471],[-0.096187,51.520903],[-0.096049,51.520929],[-0.095981,51.520471]]]}},{"type":"Feature","properties":{"name":null,"kind":"water"},"geometry":{"type":"Polygon","coordinates":[[[0.02939,51.375473],[0.029588,51.375637],[0.029318,51.375735],[0.02939,51.375473]]]}},{"type":"Feature","properties":{"name":"Oakley Road Fishery","kind":"water"},"geometry":{"type":"Polygon","coordinates":[[[0.04194,51.37922],[0.042281,51.379229],[0.042154,51.379505],[0.04194,51.37922]]]}},{"type":"Feature","properties":{"name":"Limehouse Basin","kind":"water"},"geometry":{"type":"Polygon","coordinates":[[[-0.036241,51.510591],[-0.034642,51.51095],[-0.034391,51.511637],[-0.037677,51.512116],[-0.038469,51.511379],[-0.036241,51.510591]]]}},{"type":"Feature","properties":{"name":null,"kind":"water"},"geometry":{"type":"Polygon","coordinates":[[[-0.348669,51.42359],[-0.345635,51.423837],[-0.349823,51.423164],[-0.348669,51.42359]]]}},{"type":"Feature","properties":{"name":null,"kind":"water"},"geometry":{"type":"Polygon","coordinates":[[[-0.00408,51.49021],[-0.004688,51.490323],[-0.003777,51.490237],[-0.00408,51.49021]]]}},{"type":"Feature","properties":{"name":"River Thames","kind":"water"},"geometry":{"type":"LineString","coordinates":[[-0.299119,51.482882],[-0.295141,51.485379],[-0.288161,51.487008]]}},{"type":"Feature","properties":{"name":"River Thames","kind":"water"},"geometry":{"type":"LineString","coordinates":[[-0.314452,51.428249],[-0.322807,51.431104]]}},{"type":"Feature","properties":{"name":"River Thames","kind":"water"},"geometry":{"type":"LineString","coordinates":[[-0.312491,51.397479],[-0.310635,51.398437],[-0.309723,51.399925]]}},{"type":"Feature","properties":{"name":null,"kind":"water"},"geometry":{"type":"Polygon","coordinates":[[[-0.038285,51.511639],[-0.038027,51.511629],[-0.038047,51.511708],[-0.038285,51.511639]]]}},{"type":"Feature","properties":{"name":"Grand Union Canal","kind":"water"},"geometry":{"type":"LineString","coordinates":[[-0.378946,51.496318],[-0.363462,51.501713]]}},{"type":"Feature","properties":{"name":null,"kind":"water"},"geometry":{"type":"LineString","coordinates":[[-0.379515,51.496112],[-0.379632,51.496231]]}},{"type":"Feature","properties":{"name":"River Thames","kind":"water"},"geometry":{"type":"LineString","coordinates":[[-0.029916,51.493533],[-0.027285,51.489434],[-0.023436,51.486802]]}},{"type":"Feature","properties":{"name":"River Thames","kind":"water"},"geometry":{"type":"LineString","coordinates":[[-0.104629,51.509867],[-0.104147,51.509859]]}},{"type":"Feature","properties":{"name":"River Thames","kind":"water"},"geometry":{"type":"LineString","coordinates":[[-0.108495,51.509886],[-0.104629,51.509867]]}},{"type":"Feature","properties":{"name":"Hookhamslade Pond","kind":"water"},"geometry":{"type":"Polygon","coordinates":[[[-0.229463,51.431815],[-0.228948,51.431925],[-0.229074,51.431644],[-0.229463,51.431815]]]}},{"type":"Feature","properties":{"name":"River Thames","kind":"water"},"geometry":{"type":"LineString","coordinates":[[-0.11147,51.509773],[-0.109188,51.509871]]}},{"type":"Feature","properties":{"name":null,"kind":"water"},"geometry":{"type":"Polygon","coordinates":[[[0.130551,51.348623],[0.130146,51.348582],[0.130953,51.348396],[0.130551,51.348623]]]}},{"type":"Feature","properties":{"name":null,"kind":"water"},"geometry":{"type":"Polygon","coordinates":[[[0.12696,51.359219],[0.127072,51.359016],[0.127442,51.359237],[0.12696,51.359219]]]}},{"type":"Feature","properties":{"name":null,"kind":"water"},"geometry":{"type":"Polygon","coordinates":[[[-0.022278,51.594051],[-0.02226,51.594136],[-0.02204,51.594112],[-0.022278,51.594051]]]}},{"type":"Feature","properties":{"name":null,"kind":"water"},"geometry":{"type":"Polygon","coordinates":[[[-0.22453,51.622032],[-0.223702,51.62196],[-0.224388,51.621905],[-0.22453,51.622032]]]}},{"type":"Feature","properties":{"name":null,"kind":"water"},"geometry":{"type":"Polygon","coordinates":[[[-0.221083,51.633858],[-0.220112,51.633992],[-0.220117,51.633592],[-0.221083,51.633858]]]}},{"type":"Feature","properties":{"name":"Edgwarebury Brook","kind":"water"},"geometry":{"type":"LineString","coordinates":[[-0.282809,51.634109],[-0.282235,51.63358],[-0.284606,51.631469],[-0.284622,51.63009],[-0.28554,51.629283]]}},{"type":"Feature","properties":{"name":"Edgwarebury Brook","kind":"water"},"geometry":{"type":"LineString","coordinates":[[-0.281752,51.63371],[-0.282185,51.633525]]}},{"type":"Feature","properties":{"name":null,"kind":"water"},"geometry":{"type":"Polygon","coordinates":[[[-0.284949,51.62998],[-0.285314,51.629681],[-0.28518,51.629654],[-0.284949,51.62998]]]}},{"type":"Feature","properties":{"name":"Edgwarebury Brook","kind":"water"},"geometry":{"type":"LineString","coordinates":[[-0.286135,51.625625],[-0.285959,51.625105]]}},{"type":"Feature","properties":{"name":null,"kind":"water"},"geometry":{"type":"Polygon","coordinates":[[[-0.286481,51.626409],[-0.28662,51.626319],[-0.286411,51.626351],[-0.286481,51.626409]]]}},{"type":"Feature","properties":{"name":"Edgwarebury Brook","kind":"water"},"geometry":{"type":"LineString","coordinates":[[-0.28554,51.629283],[-0.286042,51.628813]]}},{"type":"Feature","properties":{"name":"Edgwarebury Brook","kind":"water"},"geometry":{"type":"LineString","coordinates":[[-0.286042,51.628813],[-0.286135,51.625625]]}},{"type":"Feature","properties":{"name":"Edgwarebury Brook","kind":"water"},"geometry":{"type":"LineString","coordinates":[[-0.285959,51.625105],[-0.283458,51.622983]]}},{"type":"Feature","properties":{"name":"Edgwarebury Brook","kind":"water"},"geometry":{"type":"LineString","coordinates":[[-0.268935,51.616878],[-0.268607,51.616485]]}},{"type":"Feature","properties":{"name":null,"kind":"water"},"geometry":{"type":"Polygon","coordinates":[[[-0.236923,51.573401],[-0.236762,51.573445],[-0.236716,51.57338],[-0.236876,51.573336],[-0.236923,51.573401]]]}},{"type":"Feature","properties":{"name":"Limekiln Dock","kind":"water"},"geometry":{"type":"Polygon","coordinates":[[[-0.031553,51.507852],[-0.031424,51.50845],[-0.03002,51.508874],[-0.031553,51.507852]]]}},{"type":"Feature","properties":{"name":null,"kind":"water"},"geometry":{"type":"Polygon","coordinates":[[[-0.033082,51.495854],[-0.032562,51.495995],[-0.032285,51.504359],[-0.032851,51.504331],[-0.03383,51.506036],[-0.036163,51.507054],[-0.037308,51.506415],[-0.037103,51.50692],[-0.038353,51.507396],[-0.040887,51.50751],[-0.044368,51.506949],[-0.04536,51.50589],[-0.048334,51.508388],[-0.046109,51.509355],[-0.040716,51.509876],[-0.03592,51.509375],[-0.030064,51.507443],[-0.027225,51.503657],[-0.0259,51.50322],[-0.026996,51.50314],[-0.027351,51.502215],[-0.027878,51.494694],[-0.026318,51.493908],[-0.027314,51.493776],[-0.024921,51.489802],[-0.021869,51.487698],[-0.018405,51.48652],[-0.014037,51.485979],[-0.009832,51.486364],[-0.008501,51.483847],[-0.011648,51.483025],[-0.015768,51.48293],[-0.02258,51.484521],[-0.027606,51.487273],[-0.02939,51.488903],[-0.03301,51.494112],[-0.032516,51.495617],[-0.033082,51.495854]]]}},{"type":"Feature","properties":{"name":"Burnt Oak Brook","kind":"water"},"geometry":{"type":"LineString","coordinates":[[-0.26262,51.603604],[-0.263396,51.602419]]}},{"type":"Feature","properties":{"name":"Burnt Oak Brook","kind":"water"},"geometry":{"type":"LineString","coordinates":[[-0.252495,51.612309],[-0.246428,51.613672],[-0.244577,51.615754],[-0.245303,51.617239]]}},{"type":"Feature","properties":{"name":null,"kind":"water"},"geometry":{"type":"Polygon","coordinates":[[[-0.02081,51.391466],[-0.019407,51.391472],[-0.020085,51.391112],[-0.02081,51.391466]]]}},{"type":"Feature","properties":{"name":null,"kind":"water"},"geometry":{"type":"Polygon","coordinates":[[[-0.249627,51.602203],[-0.249608,51.601965],[-0.249831,51.601961],[-0.249627,51.602203]]]}},{"type":"Feature","properties":{"name":null,"kind":"water"},"geometry":{"type":"Polygon","coordinates":[[[-0.249987,51.601917],[-0.249211,51.601872],[-0.24953,51.6015],[-0.249987,51.601917]]]}},{"type":"Feature","properties":{"name":null,"kind":"water"},"geometry":{"type":"Polygon","coordinates":[[[-0.249061,51.601598],[-0.248608,51.601558],[-0.248514,51.601706],[-0.249061,51.601598]]]}},{"type":"Feature","properties":{"name":"River Brent","kind":"water"},"geometry":{"type":"LineString","coordinates":[[-0.225853,51.574411],[-0.226187,51.574339]]}},{"type":"Feature","properties":{"name":"River Brent","kind":"water"},"geometry":{"type":"LineString","coordinates":[[-0.226187,51.574339],[-0.226462,51.574279]]}},{"type":"Feature","properties":{"name":"River Brent","kind":"water"},"geometry":{"type":"LineString","coordinates":[[-0.225542,51.574488],[-0.225853,51.574411]]}},{"type":"Feature","properties":{"name":null,"kind":"water"},"geometry":{"type":"Polygon","coordinates":[[[-0.223255,51.582898],[-0.223277,51.582861],[-0.22312,51.582889],[-0.223255,51.582898]]]}},{"type":"Feature","properties":{"name":null,"kind":"water"},"geometry":{"type":"Polygon","coordinates":[[[-0.216168,51.578231],[-0.216648,51.577996],[-0.216843,51.578039],[-0.216168,51.578231]]]}},{"type":"Feature","properties":{"name":"The Decoy","kind":"water"},"geometry":{"type":"Polygon","coordinates":[[[-0.210972,51.585897],[-0.210916,51.585183],[-0.210768,51.58625],[-0.210972,51.585897]]]}},{"type":"Feature","properties":{"name":null,"kind":"water"},"geometry":{"type":"Polygon","coordinates":[[[-0.153428,51.534046],[-0.153599,51.534067],[-0.153279,51.533967],[-0.153428,51.534046]]]}},{"type":"Feature","properties":{"name":"Seven Post Pond","kind":"water"},"geometry":{"type":"Polygon","coordinates":[[[-0.223089,51.445148],[-0.22281,51.445352],[-0.222848,51.445009],[-0.223089,51.445148]]]}},{"type":"Feature","properties":{"name":null,"kind":"water"},"geometry":{"type":"Polygon","coordinates":[[[-0.18561,51.599609],[-0.186366,51.599191],[-0.185851,51.598868],[-0.18487,51.599503],[-0.18561,51.599609]]]}},{"type":"Feature","properties":{"name":"River Thames","kind":"water"},"geometry":{"type":"LineString","coordinates":[[-0.221761,51.472332],[-0.215369,51.467821],[-0.206154,51.464982],[-0.198867,51.464017],[-0.19017,51.464319],[-0.185523,51.465837],[-0.182978,51.467449],[-0.178877,51.473712],[-0.177774,51.477539]]}},{"type":"Feature","properties":{"name":"St Saviour's Dock","kind":"water"},"geometry":{"type":"Polygon","coordinates":[[[-0.070779,51.502235],[-0.073707,51.500548],[-0.071979,51.501898],[-0.070779,51.502235]]]}},{"type":"Feature","properties":{"name":null,"kind":"water"},"geometry":{"type":"Polygon","coordinates":[[[-0.033658,51.494112],[-0.033239,51.494202],[-0.033757,51.493978],[-0.033658,51.494112]]]}},{"type":"Feature","properties":{"name":null,"kind":"water"},"geometry":{"type":"Polygon","coordinates":[[[0.059671,51.6008],[0.059534,51.600933],[0.059437,51.600727],[0.059671,51.6008]]]}},{"type":"Feature","properties":{"name":null,"kind":"water"},"geometry":{"type":"Polygon","coordinates":[[[0.076225,51.598664],[0.076225,51.598537],[0.076359,51.598579],[0.076225,51.598664]]]}},{"type":"Feature","properties":{"name":"River Lea","kind":"water"},"geometry":{"type":"LineString","coordinates":[[-0.016577,51.543328],[-0.016093,51.542539]]}},{"type":"Feature","properties":{"name":null,"kind":"water"},"geometry":{"type":"Polygon","coordinates":[[[-0.046321,51.366594],[-0.046324,51.366107],[-0.046127,51.366306],[-0.046321,51.366594]]]}},{"type":"Feature","properties":{"name":"River Lea","kind":"water"},"geometry":{"type":"LineString","coordinates":[[-0.018949,51.550658],[-0.017128,51.546473],[-0.016577,51.543328]]}},{"type":"Feature","properties":{"name":"Hay's Wharf","kind":"water"},"geometry":{"type":"Polygon","coordinates":[[[-0.083147,51.50631],[-0.083303,51.506258],[-0.083381,51.506351],[-0.083147,51.50631]]]}},{"type":"Feature","properties":{"name":"Surrey Water","kind":"water"},"geometry":{"type":"Polygon","coordinates":[[[-0.047375,51.503591],[-0.045378,51.502894],[-0.046434,51.502236],[-0.047375,51.503591]]]}},{"type":"Feature","properties":{"name":"River Ingrebourne","kind":"water"},"geometry":{"type":"LineString","coordinates":[[0.253983,51.601596],[0.241882,51.596351]]}},{"type":"Feature","properties":{"name":null,"kind":"water"},"geometry":{"type":"Polygon","coordinates":[[[-0.253507,51.38469],[-0.253187,51.384695],[-0.253386,51.384611],[-0.253507,51.38469]]]}},{"type":"Feature","properties":{"name":"Lake Daisy","kind":"water"},"geometry":{"type":"Polygon","coordinates":[[[0.049259,51.598152],[0.049599,51.598893],[0.050613,51.598681],[0.050286,51.598055],[0.049259,51.598152]]]}},{"type":"Feature","properties":{"name":"Lake Cuthbert","kind":"water"},"geometry":{"type":"Polygon","coordinates":[[[0.050855,51.598244],[0.0516,51.59866],[0.052252,51.598105],[0.050855,51.598244]]]}},{"type":"Feature","properties":{"name":null,"kind":"water"},"geometry":{"type":"Polygon","coordinates":[[[-0.161641,51.484428],[-0.161615,51.484398],[-0.161808,51.48433],[-0.161641,51.484428]]]}},{"type":"Feature","properties":{"name":"rockery","kind":"water"},"geometry":{"type":"Polygon","coordinates":[[[-0.162359,51.484726],[-0.162298,51.484737],[-0.162304,51.4847],[-0.162359,51.484726]]]}},{"type":"Feature","properties":{"name":null,"kind":"water"},"geometry":{"type":"Polygon","coordinates":[[[-0.195484,51.462895],[-0.195131,51.460205],[-0.193739,51.459765],[-0.193682,51.459228],[-0.193226,51.459905],[-0.194549,51.460064],[-0.194877,51.461706],[-0.193969,51.461468],[-0.195484,51.462895]]]}},{"type":"Feature","properties":{"name":null,"kind":"water"},"geometry":{"type":"Polygon","coordinates":[[[-0.194293,51.4614],[-0.193423,51.460091],[-0.193812,51.461334],[-0.194293,51.4614]]]}},{"type":"Feature","properties":{"name":null,"kind":"water"},"geometry":{"type":"Polygon","coordinates":[[[-0.193774,51.458945],[-0.194039,51.45814],[-0.193742,51.457083],[-0.193774,51.458945]]]}},{"type":"Feature","properties":{"name":null,"kind":"water"},"geometry":{"type":"Polygon","coordinates":[[[0.048277,51.31315],[0.048044,51.312879],[0.048371,51.312914],[0.048277,51.31315]]]}},{"type":"Feature","properties":{"name":"River Graveney","kind":"water"},"geometry":{"type":"LineString","coordinates":[[-0.1335,51.413527],[-0.133713,51.413552]]}},{"type":"Feature","properties":{"name":"River Graveney","kind":"water"},"geometry":{"type":"LineString","coordinates":[[-0.14213,51.416044],[-0.142246,51.416156]]}},{"type":"Feature","properties":{"name":"River Graveney","kind":"water"},"geometry":{"type":"LineString","coordinates":[[-0.140066,51.414874],[-0.140296,51.414944]]}},{"type":"Feature","properties":{"name":"River Graveney","kind":"water"},"geometry":{"type":"LineString","coordinates":[[-0.137651,51.414384],[-0.137844,51.414406]]}},{"type":"Feature","properties":{"name":"River Graveney","kind":"water"},"geometry":{"type":"LineString","coordinates":[[-0.142246,51.416156],[-0.142467,51.416328]]}},{"type":"Feature","properties":{"name":"River Graveney","kind":"water"},"geometry":{"type":"LineString","coordinates":[[-0.137844,51.414406],[-0.140066,51.414874]]}},{"type":"Feature","properties":{"name":"River Graveney","kind":"water"},"geometry":{"type":"LineString","coordinates":[[-0.140296,51.414944],[-0.14213,51.416044]]}},{"type":"Feature","properties":{"name":"River Graveney","kind":"water"},"geometry":{"type":"LineString","coordinates":[[-0.133713,51.413552],[-0.137651,51.414384]]}},{"type":"Feature","properties":{"name":null,"kind":"water"},"geometry":{"type":"Polygon","coordinates":[[[0.216184,51.565422],[0.217591,51.565344],[0.217715,51.564584],[0.216184,51.565422]]]}},{"type":"Feature","properties":{"name":null,"kind":"water"},"geometry":{"type":"Polygon","coordinates":[[[0.091946,51.401876],[0.092151,51.402119],[0.092422,51.402032],[0.091946,51.401876]]]}},{"type":"Feature","properties":{"name":null,"kind":"water"},"geometry":{"type":"Polygon","coordinates":[[[-0.278246,51.427085],[-0.278025,51.42713],[-0.278136,51.426944],[-0.278246,51.427085]]]}},{"type":"Feature","properties":{"name":null,"kind":"water"},"geometry":{"type":"Polygon","coordinates":[[[0.107411,51.331482],[0.107014,51.331543],[0.107241,51.331742],[0.107411,51.331482]]]}},{"type":"Feature","properties":{"name":null,"kind":"water"},"geometry":{"type":"Polygon","coordinates":[[[0.107992,51.617818],[0.107855,51.617711],[0.108276,51.617758],[0.107992,51.617818]]]}},{"type":"Feature","properties":{"name":"River Thames","kind":"water"},"geometry":{"type":"LineString","coordinates":[[-0.405638,51.405183],[-0.39126,51.409648],[-0.383371,51.408538]]}},{"type":"Feature","properties":{"name":"River Wandle","kind":"water"},"geometry":{"type":"LineString","coordinates":[[-0.184496,51.398654],[-0.184345,51.399]]}},{"type":"Feature","properties":{"name":null,"kind":"water"},"geometry":{"type":"Polygon","coordinates":[[[-0.1841,51.398475],[-0.175646,51.395008],[-0.173889,51.395359],[-0.175671,51.395121],[-0.1841,51.398475]]]}},{"type":"Feature","properties":{"name":null,"kind":"water"},"geometry":{"type":"Polygon","coordinates":[[[-0.18445,51.399207],[-0.184565,51.398743],[-0.184269,51.398871],[-0.18445,51.399207]]]}},{"type":"Feature","properties":{"name":"River Wandle","kind":"water"},"geometry":{"type":"Polygon","coordinates":[[[-0.19126,51.403746],[-0.189424,51.403649],[-0.18902,51.402691],[-0.189395,51.40398],[-0.19126,51.403746]]]}},{"type":"Feature","properties":{"name":"Gilberts Lake","kind":"water"},"geometry":{"type":"Polygon","coordinates":[[[-0.356249,51.622495],[-0.355572,51.622965],[-0.35481,51.622871],[-0.356249,51.622495]]]}},{"type":"Feature","properties":{"name":null,"kind":"water"},"geometry":{"type":"Polygon","coordinates":[[[0.005737,51.30119],[0.005587,51.301161],[0.005976,51.300927],[0.005737,51.30119]]]}},{"type":"Feature","properties":{"name":"River Colne","kind":"water"},"geometry":{"type":"LineString","coordinates":[[-0.483878,51.566467],[-0.483243,51.565138]]}},{"type":"Feature","properties":{"name":"River Wandle","kind":"water"},"geometry":{"type":"LineString","coordinates":[[-0.147766,51.372086],[-0.148978,51.37121],[-0.151501,51.370802]]}},{"type":"Feature","properties":{"name":"River Wandle","kind":"water"},"geometry":{"type":"LineString","coordinates":[[-0.188345,51.403625],[-0.186745,51.405513]]}},{"type":"Feature","properties":{"name":null,"kind":"water"},"geometry":{"type":"Polygon","coordinates":[[[-0.33614,51.544797],[-0.335748,51.544597],[-0.335883,51.54435],[-0.33614,51.544797]]]}},{"type":"Feature","properties":{"name":"Pightle Pond","kind":"water"},"geometry":{"type":"Polygon","coordinates":[[[-0.331445,51.547411],[-0.331356,51.547398],[-0.331386,51.547329],[-0.331445,51.547411]]]}},{"type":"Feature","properties":{"name":null,"kind":"water"},"geometry":{"type":"Polygon","coordinates":[[[-0.349794,51.545792],[-0.349972,51.545519],[-0.350615,51.545682],[-0.349794,51.545792]]]}},{"type":"Feature","properties":{"name":"Mill Field Pond","kind":"water"},"geometry":{"type":"Polygon","coordinates":[[[-0.235732,51.621845],[-0.235807,51.621682],[-0.235566,51.621752],[-0.235732,51.621845]]]}},{"type":"Feature","properties":{"name":"Bramstons Pond","kind":"water"},"geometry":{"type":"Polygon","coordinates":[[[-0.332594,51.544264],[-0.332436,51.544244],[-0.33257,51.544155],[-0.332594,51.544264]]]}},{"type":"Feature","properties":{"name":null,"kind":"water"},"geometry":{"type":"Polygon","coordinates":[[[-0.341666,51.544151],[-0.341763,51.544049],[-0.341637,51.543986],[-0.341666,51.544151]]]}},{"type":"Feature","properties":{"name":null,"kind":"water"},"geometry":{"type":"Polygon","coordinates":[[[-0.358304,51.539297],[-0.3581,51.539206],[-0.358304,51.539197],[-0.358304,51.539297]]]}},{"type":"Feature","properties":{"name":"Elm Pond","kind":"water"},"geometry":{"type":"Polygon","coordinates":[[[-0.329493,51.54488],[-0.329616,51.54484],[-0.329461,51.54477],[-0.329493,51.54488]]]}},{"type":"Feature","properties":{"name":"Lower Farm Pond","kind":"water"},"geometry":{"type":"Polygon","coordinates":[[[-0.32149,51.544952],[-0.321656,51.544842],[-0.321431,51.544906],[-0.32149,51.544952]]]}},{"type":"Feature","properties":{"name":null,"kind":"water"},"geometry":{"type":"Polygon","coordinates":[[[-0.005625,51.510202],[-0.004243,51.510038],[-0.005416,51.509755],[-0.005625,51.510202]]]}},{"type":"Feature","properties":{"name":null,"kind":"water"},"geometry":{"type":"Polygon","coordinates":[[[-0.367744,51.539652],[-0.367159,51.53952],[-0.367666,51.539477],[-0.367744,51.539652]]]}},{"type":"Feature","properties":{"name":null,"kind":"water"},"geometry":{"type":"Polygon","coordinates":[[[-0.36731,51.539801],[-0.366435,51.539687],[-0.366966,51.539702],[-0.36731,51.539801]]]}},{"type":"Feature","properties":{"name":null,"kind":"water"},"geometry":{"type":"Polygon","coordinates":[[[-0.055093,51.680652],[-0.055736,51.680493],[-0.055903,51.680629],[-0.055093,51.680652]]]}},{"type":"Feature","properties":{"name":null,"kind":"water"},"geometry":{"type":"Polygon","coordinates":[[[-0.06123,51.530975],[-0.061181,51.531026],[-0.061008,51.531046],[-0.06123,51.530975]]]}},{"type":"Feature","properties":{"name":null,"kind":"water"},"geometry":{"type":"Polygon","coordinates":[[[-0.356818,51.513887],[-0.35567,51.513847],[-0.355348,51.513166],[-0.356782,51.512607],[-0.356818,51.513887]]]}},{"type":"Feature","properties":{"name":null,"kind":"water"},"geometry":{"type":"Polygon","coordinates":[[[-0.348264,51.511922],[-0.34771,51.511782],[-0.347833,51.511692],[-0.348264,51.511922]]]}},{"type":"Feature","properties":{"name":null,"kind":"water"},"geometry":{"type":"Polygon","coordinates":[[[-0.362238,51.514392],[-0.361857,51.514373],[-0.362216,51.514236],[-0.362238,51.514392]]]}},{"type":"Feature","properties":{"name":null,"kind":"water"},"geometry":{"type":"LineString","coordinates":[[-0.333385,51.41408],[-0.330704,51.412425],[-0.327754,51.41372]]}},{"type":"Feature","properties":{"name":null,"kind":"water"},"geometry":{"type":"LineString","coordinates":[[-0.334576,51.410986],[-0.334245,51.412236],[-0.33134,51.412432]]}},{"type":"Feature","properties":{"name":null,"kind":"water"},"geometry":{"type":"Polygon","coordinates":[[[-0.039923,51.537176],[-0.039557,51.537278],[-0.039566,51.537217],[-0.039923,51.537176]]]}},{"type":"Feature","properties":{"name":null,"kind":"water"},"geometry":{"type":"Polygon","coordinates":[[[-0.039509,51.537201],[-0.039268,51.537078],[-0.039406,51.537034],[-0.039509,51.537201]]]}},{"type":"Feature","properties":{"name":null,"kind":"water"},"geometry":{"type":"Polygon","coordinates":[[[-0.039947,51.53714],[-0.039827,51.53696],[-0.039906,51.536924],[-0.039947,51.53714]]]}},{"type":"Feature","properties":{"name":null,"kind":"water"},"geometry":{"type":"Polygon","coordinates":[[[-0.039739,51.536877],[-0.039343,51.536973],[-0.039391,51.536904],[-0.039739,51.536877]]]}},{"type":"Feature","properties":{"name":null,"kind":"water"},"geometry":{"type":"Polygon","coordinates":[[[-0.347386,51.515253],[-0.347459,51.515043],[-0.347232,51.515104],[-0.347386,51.515253]]]}},{"type":"Feature","properties":{"name":null,"kind":"water"},"geometry":{"type":"Polygon","coordinates":[[[-0.347912,51.515296],[-0.347534,51.515352],[-0.347805,51.515215],[-0.347912,51.515296]]]}},{"type":"Feature","properties":{"name":null,"kind":"water"},"geometry":{"type":"Polygon","coordinates":[[[-0.019478,51.551349],[-0.018902,51.551411],[-0.019031,51.551049],[-0.019478,51.551349]]]}},{"type":"Feature","properties":{"name":null,"kind":"water"},"geometry":{"type":"Polygon","coordinates":[[[-0.376288,51.541757],[-0.376238,51.541813],[-0.376373,51.541792],[-0.376288,51.541757]]]}},{"type":"Feature","properties":{"name":null,"kind":"water"},"geometry":{"type":"Polygon","coordinates":[[[-0.368275,51.522661],[-0.368098,51.522595],[-0.368251,51.522498],[-0.368275,51.522661]]]}},{"type":"Feature","properties":{"name":null,"kind":"water"},"geometry":{"type":"Polygon","coordinates":[[[-0.382465,51.517915],[-0.382777,51.517421],[-0.382964,51.517538],[-0.382465,51.517915]]]}},{"type":"Feature","properties":{"name":"Martin's Pond","kind":"water"},"geometry":{"type":"Polygon","coordinates":[[[-0.264965,51.437166],[-0.2646,51.437143],[-0.264715,51.43728],[-0.264965,51.437166]]]}},{"type":"Feature","properties":{"name":"Moat","kind":"water"},"geometry":{"type":"Polygon","coordinates":[[[-0.368504,51.544433],[-0.368129,51.544654],[-0.368618,51.544085],[-0.368504,51.544433]]]}},{"type":"Feature","properties":{"name":"Pyl Brook","kind":"water"},"geometry":{"type":"LineString","coordinates":[[-0.237076,51.402249],[-0.237236,51.402273]]}},{"type":"Feature","properties":{"name":"Pyl Brook","kind":"water"},"geometry":{"type":"LineString","coordinates":[[-0.23456,51.400785],[-0.236713,51.402158]]}},{"type":"Feature","properties":{"name":"Pyl Brook","kind":"water"},"geometry":{"type":"LineString","coordinates":[[-0.231534,51.397966],[-0.23456,51.400785]]}},{"type":"Feature","properties":{"name":null,"kind":"water"},"geometry":{"type":"Polygon","coordinates":[[[-0.393554,51.532341],[-0.393343,51.532056],[-0.393611,51.532214],[-0.393554,51.532341]]]}},{"type":"Feature","properties":{"name":null,"kind":"water"},"geometry":{"type":"Polygon","coordinates":[[[-0.005536,51.480149],[-0.005529,51.480141],[-0.006775,51.479721],[-0.005536,51.480149]]]}},{"type":"Feature","properties":{"name":null,"kind":"water"},"geometry":{"type":"Polygon","coordinates":[[[-0.004737,51.480419],[-0.005307,51.480227],[-0.005301,51.480219],[-0.004737,51.480419]]]}},{"type":"Feature","properties":{"name":"Loxford Water","kind":"water"},"geometry":{"type":"LineString","coordinates":[[0.074663,51.542881],[0.074239,51.542906]]}},{"type":"Feature","properties":{"name":"Loxford Water","kind":"water"},"geometry":{"type":"LineString","coordinates":[[0.075031,51.542944],[0.074663,51.542881]]}},{"type":"Feature","properties":{"name":"Loxford Water","kind":"water"},"geometry":{"type":"LineString","coordinates":[[0.078111,51.544124],[0.077836,51.544014]]}},{"type":"Feature","properties":{"name":"Loxford Water","kind":"water"},"geometry":{"type":"LineString","coordinates":[[0.077836,51.544014],[0.075031,51.542944]]}},{"type":"Feature","properties":{"name":"Hampton Hill Pond","kind":"water"},"geometry":{"type":"Polygon","coordinates":[[[-0.352554,51.42502],[-0.351922,51.425069],[-0.352309,51.425303],[-0.352554,51.42502]]]}},{"type":"Feature","properties":{"name":null,"kind":"water"},"geometry":{"type":"Polygon","coordinates":[[[-0.306973,51.531069],[-0.307192,51.530998],[-0.307087,51.530902],[-0.306973,51.531069]]]}},{"type":"Feature","properties":{"name":null,"kind":"water"},"geometry":{"type":"Polygon","coordinates":[[[-0.284405,51.531471],[-0.284612,51.531135],[-0.283515,51.530248],[-0.284405,51.531471]]]}},{"type":"Feature","properties":{"name":null,"kind":"water"},"geometry":{"type":"Polygon","coordinates":[[[0.013907,51.60183],[0.013649,51.601486],[0.013855,51.601485],[0.013907,51.60183]]]}},{"type":"Feature","properties":{"name":null,"kind":"water"},"geometry":{"type":"Polygon","coordinates":[[[0.013177,51.601143],[0.013013,51.601019],[0.013421,51.601038],[0.013177,51.601143]]]}},{"type":"Feature","properties":{"name":null,"kind":"water"},"geometry":{"type":"Polygon","coordinates":[[[0.013641,51.602401],[0.0134,51.602492],[0.013392,51.602297],[0.013641,51.602401]]]}},{"type":"Feature","properties":{"name":"Swan and Pike Pool","kind":"water"},"geometry":{"type":"Polygon","coordinates":[[[-0.017525,51.666156],[-0.017733,51.666232],[-0.018123,51.665859],[-0.017525,51.666156]]]}},{"type":"Feature","properties":{"name":null,"kind":"water"},"geometry":{"type":"Polygon","coordinates":[[[-0.30831,51.510134],[-0.308337,51.510109],[-0.308288,51.510109],[-0.30831,51.510134]]]}},{"type":"Feature","properties":{"name":null,"kind":"water"},"geometry":{"type":"Polygon","coordinates":[[[-0.42401,51.54515],[-0.42372,51.545057],[-0.423956,51.544877],[-0.42401,51.54515]]]}},{"type":"Feature","properties":{"name":null,"kind":"water"},"geometry":{"type":"Polygon","coordinates":[[[-0.055948,51.580498],[-0.055791,51.580571],[-0.0562,51.580663],[-0.055948,51.580498]]]}},{"type":"Feature","properties":{"name":"River Crane","kind":"water"},"geometry":{"type":"LineString","coordinates":[[-0.411144,51.469866],[-0.411062,51.468764],[-0.405941,51.466588],[-0.402032,51.463208],[-0.401068,51.461289],[-0.401239,51.457926],[-0.399289,51.455654],[-0.395959,51.454375],[-0.392893,51.454606],[-0.392884,51.453839],[-0.390475,51.451318]]}},{"type":"Feature","properties":{"name":null,"kind":"water"},"geometry":{"type":"Polygon","coordinates":[[[-0.162595,51.398193],[-0.162084,51.398043],[-0.162129,51.398288],[-0.162595,51.398193]]]}},{"type":"Feature","properties":{"name":null,"kind":"water"},"geometry":{"type":"Polygon","coordinates":[[[-0.11178,51.373714],[-0.111506,51.373623],[-0.111487,51.373928],[-0.11178,51.373714]]]}},{"type":"Feature","properties":{"name":null,"kind":"water"},"geometry":{"type":"Polygon","coordinates":[[[-0.310468,51.552616],[-0.310403,51.552579],[-0.310472,51.55255],[-0.310468,51.552616]]]}},{"type":"Feature","properties":{"name":null,"kind":"water"},"geometry":{"type":"Polygon","coordinates":[[[-0.374463,51.599044],[-0.374189,51.599087],[-0.373744,51.598677],[-0.374463,51.599044]]]}},{"type":"Feature","properties":{"name":null,"kind":"water"},"geometry":{"type":"Polygon","coordinates":[[[-0.36919,51.597281],[-0.368723,51.597274],[-0.36919,51.597184],[-0.36919,51.597281]]]}},{"type":"Feature","properties":{"name":null,"kind":"water"},"geometry":{"type":"Polygon","coordinates":[[[-0.37825,51.598294],[-0.378191,51.598234],[-0.378277,51.598207],[-0.37825,51.598294]]]}},{"type":"Feature","properties":{"name":"The Horse Pond","kind":"water"},"geometry":{"type":"Polygon","coordinates":[[[-0.427818,51.577418],[-0.427629,51.577489],[-0.427528,51.577148],[-0.427818,51.577418]]]}},{"type":"Feature","properties":{"name":"River Thames","kind":"water"},"geometry":{"type":"LineString","coordinates":[[-0.317193,51.462225],[-0.320028,51.464163],[-0.3208,51.465388]]}},{"type":"Feature","properties":{"name":"Rick Pond","kind":"water"},"geometry":{"type":"Polygon","coordinates":[[[-0.317213,51.399552],[-0.318823,51.397986],[-0.316152,51.399216],[-0.316164,51.399791],[-0.317213,51.399552]]]}},{"type":"Feature","properties":{"name":"Richmond Lock","kind":"water"},"geometry":{"type":"Polygon","coordinates":[[[-0.317176,51.462808],[-0.316491,51.462267],[-0.316475,51.462417],[-0.317176,51.462808]]]}},{"type":"Feature","properties":{"name":"River Mole","kind":"water"},"geometry":{"type":"LineString","coordinates":[[-0.344024,51.400861],[-0.343515,51.400857]]}},{"type":"Feature","properties":{"name":"River Thames","kind":"water"},"geometry":{"type":"LineString","coordinates":[[-0.346473,51.405054],[-0.345489,51.404575]]}},{"type":"Feature","properties":{"name":null,"kind":"water"},"geometry":{"type":"Polygon","coordinates":[[[-0.086352,51.617773],[-0.08636,51.61783],[-0.086267,51.617789],[-0.086352,51.617773]]]}},{"type":"Feature","properties":{"name":null,"kind":"water"},"geometry":{"type":"Polygon","coordinates":[[[-0.379892,51.496556],[-0.379487,51.49628],[-0.379798,51.496176],[-0.379892,51.496556]]]}},{"type":"Feature","properties":{"name":null,"kind":"water"},"geometry":{"type":"Polygon","coordinates":[[[-0.360977,51.504001],[-0.360457,51.50421],[-0.360449,51.50401],[-0.360977,51.504001]]]}},{"type":"Feature","properties":{"name":"Bulls Bridge Wet & Dry Docks","kind":"water"},"geometry":{"type":"Polygon","coordinates":[[[-0.404871,51.499187],[-0.404566,51.49893],[-0.404792,51.498856],[-0.404871,51.499187]]]}},{"type":"Feature","properties":{"name":null,"kind":"water"},"geometry":{"type":"Polygon","coordinates":[[[-0.037936,51.505949],[-0.037242,51.505631],[-0.037257,51.506141],[-0.037936,51.505949]]]}},{"type":"Feature","properties":{"name":null,"kind":"water"},"geometry":{"type":"Polygon","coordinates":[[[-0.07054,51.615116],[-0.071367,51.615357],[-0.071082,51.615079],[-0.07054,51.615116]]]}},{"type":"Feature","properties":{"name":"Pymmes Brook","kind":"water"},"geometry":{"type":"LineString","coordinates":[[-0.072801,51.615677],[-0.071532,51.614959],[-0.068645,51.615101]]}},{"type":"Feature","properties":{"name":"Pymmes Brook","kind":"water"},"geometry":{"type":"LineString","coordinates":[[-0.068645,51.615101],[-0.066125,51.615871],[-0.064408,51.615361]]}},{"type":"Feature","properties":{"name":null,"kind":"water"},"geometry":{"type":"Polygon","coordinates":[[[-0.070438,51.615245],[-0.070384,51.615237],[-0.070397,51.615206],[-0.070451,51.615214],[-0.070438,51.615245]]]}},{"type":"Feature","properties":{"name":null,"kind":"water"},"geometry":{"type":"Polygon","coordinates":[[[-0.070334,51.615467],[-0.070328,51.61544],[-0.070377,51.615453],[-0.070334,51.615467]]]}},{"type":"Feature","properties":{"name":"River Pinn","kind":"water"},"geometry":{"type":"LineString","coordinates":[[-0.381229,51.590124],[-0.381304,51.589861]]}},{"type":"Feature","properties":{"name":"River Ravensbourne","kind":"water"},"geometry":{"type":"LineString","coordinates":[[-0.022745,51.474589],[-0.022743,51.474664]]}},{"type":"Feature","properties":{"name":"River Ravensbourne","kind":"water"},"geometry":{"type":"LineString","coordinates":[[-0.022763,51.474301],[-0.022745,51.474589]]}},{"type":"Feature","properties":{"name":null,"kind":"water"},"geometry":{"type":"Polygon","coordinates":[[[-0.088907,51.594549],[-0.089749,51.594223],[-0.089163,51.594343],[-0.088907,51.594549]]]}},{"type":"Feature","properties":{"name":null,"kind":"water"},"geometry":{"type":"Polygon","coordinates":[[[0.19737,51.590583],[0.197596,51.590618],[0.197495,51.590493],[0.19737,51.590583]]]}},{"type":"Feature","properties":{"name":null,"kind":"water"},"geometry":{"type":"Polygon","coordinates":[[[0.049634,51.455653],[0.049874,51.455677],[0.049864,51.455708],[0.049634,51.455653]]]}},{"type":"Feature","properties":{"name":null,"kind":"water"},"geometry":{"type":"Polygon","coordinates":[[[-0.011024,51.611045],[-0.011067,51.61103],[-0.010884,51.611019],[-0.011024,51.611045]]]}},{"type":"Feature","properties":{"name":"Grand Union Canal","kind":"water"},"geometry":{"type":"LineString","coordinates":[[-0.481257,51.630039],[-0.483264,51.62853],[-0.491117,51.627587],[-0.494516,51.625663]]}},{"type":"Feature","properties":{"name":"Springwell Lock 83 7'11\"","kind":"water"},"geometry":{"type":"LineString","coordinates":[[-0.494516,51.625663],[-0.494728,51.625454]]}},{"type":"Feature","properties":{"name":"Grand Union Canal","kind":"water"},"geometry":{"type":"LineString","coordinates":[[-0.494728,51.625454],[-0.495785,51.62363],[-0.495331,51.619006]]}},{"type":"Feature","properties":{"name":null,"kind":"water"},"geometry":{"type":"Polygon","coordinates":[[[-0.498847,51.610897],[-0.495762,51.618946],[-0.496814,51.617125],[-0.497409,51.617179],[-0.496833,51.61709],[-0.498143,51.614321],[-0.497928,51.613341],[-0.499845,51.60915],[-0.49984,51.606364],[-0.498847,51.610897]]]}},{"type":"Feature","properties":{"name":"Coppermill Lock 84 5'10\"","kind":"water"},"geometry":{"type":"LineString","coordinates":[[-0.498352,51.611057],[-0.498429,51.610824]]}},{"type":"Feature","properties":{"name":"Grand Union Canal","kind":"water"},"geometry":{"type":"LineString","coordinates":[[-0.498429,51.610824],[-0.499136,51.608646]]}},{"type":"Feature","properties":{"name":"Troy Arm","kind":"water"},"geometry":{"type":"LineString","coordinates":[[-0.499725,51.60621],[-0.503291,51.60571],[-0.505772,51.603421]]}},{"type":"Feature","properties":{"name":null,"kind":"water"},"geometry":{"type":"Polygon","coordinates":[[[-0.499906,51.606181],[-0.499104,51.605513],[-0.499596,51.606227],[-0.499906,51.606181]]]}},{"type":"Feature","properties":{"name":null,"kind":"water"},"geometry":{"type":"Polygon","coordinates":[[[-0.496483,51.601602],[-0.496609,51.601318],[-0.495524,51.602272],[-0.496483,51.601602]]]}},{"type":"Feature","properties":{"name":null,"kind":"water"},"geometry":{"type":"Polygon","coordinates":[[[-0.495453,51.602536],[-0.495602,51.602637],[-0.495446,51.602407],[-0.495453,51.602536]]]}},{"type":"Feature","properties":{"name":"Black Jacks Lock 85 3'8\"","kind":"water"},"geometry":{"type":"LineString","coordinates":[[-0.495366,51.602521],[-0.495162,51.602309]]}},{"type":"Feature","properties":{"name":"Grand Union Canal","kind":"water"},"geometry":{"type":"LineString","coordinates":[[-0.495162,51.602309],[-0.488439,51.595464],[-0.486091,51.587733]]}},{"type":"Feature","properties":{"name":null,"kind":"water"},"geometry":{"type":"Polygon","coordinates":[[[-0.487393,51.592559],[-0.486677,51.5916],[-0.486896,51.590861],[-0.487393,51.592559]]]}},{"type":"Feature","properties":{"name":null,"kind":"water"},"geometry":{"type":"Polygon","coordinates":[[[-0.488579,51.592886],[-0.487705,51.591343],[-0.488324,51.590768],[-0.489034,51.591889],[-0.488579,51.592886]]]}},{"type":"Feature","properties":{"name":"Grand Union Canal","kind":"water"},"geometry":{"type":"LineString","coordinates":[[-0.486016,51.587487],[-0.481557,51.571412],[-0.482278,51.565661]]}},{"type":"Feature","properties":{"name":"86 Widewater Lock 8'","kind":"water"},"geometry":{"type":"LineString","coordinates":[[-0.486091,51.587733],[-0.486016,51.587487]]}},{"type":"Feature","properties":{"name":"Grand Union Canal","kind":"water"},"geometry":{"type":"LineString","coordinates":[[-0.482194,51.565259],[-0.481763,51.562739],[-0.482151,51.561018]]}},{"type":"Feature","properties":{"name":"Grand Union Canal","kind":"water"},"geometry":{"type":"LineString","coordinates":[[-0.482151,51.561018],[-0.484045,51.554926],[-0.4835,51.552617]]}},{"type":"Feature","properties":{"name":null,"kind":"water"},"geometry":{"type":"Polygon","coordinates":[[[-0.484486,51.567488],[-0.482174,51.563924],[-0.483353,51.56192],[-0.482459,51.563838],[-0.483572,51.5661],[-0.484891,51.567014],[-0.484337,51.569285],[-0.484486,51.567488]]]}},{"type":"Feature","properties":{"name":null,"kind":"water"},"geometry":{"type":"Polygon","coordinates":[[[-0.483611,51.566528],[-0.4826,51.565839],[-0.482554,51.565574],[-0.483611,51.566528]]]}},{"type":"Feature","properties":{"name":null,"kind":"water"},"geometry":{"type":"Polygon","coordinates":[[[-0.482111,51.565522],[-0.479596,51.564713],[-0.481215,51.565479],[-0.482111,51.565522]]]}},{"type":"Feature","properties":{"name":null,"kind":"water"},"geometry":{"type":"Polygon","coordinates":[[[-0.483477,51.562317],[-0.484336,51.561897],[-0.484845,51.560156],[-0.484364,51.559233],[-0.483035,51.558774],[-0.48458,51.56012],[-0.483477,51.562317]]]}},{"type":"Feature","properties":{"name":"Grand Union Canal","kind":"water"},"geometry":{"type":"LineString","coordinates":[[-0.48351,51.552374],[-0.48351,51.552318]]}},{"type":"Feature","properties":{"name":"88 Uxbridge Lock 4'7\"","kind":"water"},"geometry":{"type":"LineString","coordinates":[[-0.4835,51.552617],[-0.48351,51.552374]]}},{"type":"Feature","properties":{"name":"Grand Union Canal","kind":"water"},"geometry":{"type":"LineString","coordinates":[[-0.48351,51.552318],[-0.487934,51.546335],[-0.487538,51.534698],[-0.48594,51.52983]]}},{"type":"Feature","properties":{"name":null,"kind":"water"},"geometry":{"type":"Polygon","coordinates":[[[-0.484905,51.552449],[-0.48438,51.55218],[-0.484424,51.551844],[-0.484905,51.552449]]]}},{"type":"Feature","properties":{"name":null,"kind":"water"},"geometry":{"type":"Polygon","coordinates":[[[-0.485205,51.550995],[-0.485565,51.551306],[-0.486355,51.550426],[-0.485205,51.550995]]]}},{"type":"Feature","properties":{"name":"Grand Union Canal","kind":"water"},"geometry":{"type":"LineString","coordinates":[[-0.4857,51.528811],[-0.486107,51.525914],[-0.48458,51.521961],[-0.479916,51.517646]]}},{"type":"Feature","properties":{"name":"89 Cowley Lock 6'6\"","kind":"water"},"geometry":{"type":"LineString","coordinates":[[-0.485746,51.529054],[-0.4857,51.528811]]}},{"type":"Feature","properties":{"name":"Grand Union Canal","kind":"water"},"geometry":{"type":"LineString","coordinates":[[-0.48594,51.52983],[-0.485746,51.529054]]}},{"type":"Feature","properties":{"name":null,"kind":"water"},"geometry":{"type":"Polygon","coordinates":[[[-0.482622,51.520051],[-0.482177,51.520179],[-0.481889,51.519332],[-0.484585,51.52161],[-0.486063,51.524823],[-0.485723,51.528729],[-0.487749,51.535809],[-0.485512,51.528233],[-0.485991,51.526641],[-0.485677,51.524541],[-0.484187,51.52146],[-0.482622,51.520051]]]}},{"type":"Feature","properties":{"name":null,"kind":"water"},"geometry":{"type":"Polygon","coordinates":[[[-0.34332,51.507964],[-0.342763,51.508194],[-0.34292,51.507884],[-0.34332,51.507964]]]}},{"type":"Feature","properties":{"name":"Grand Union Canal","kind":"water"},"geometry":{"type":"LineString","coordinates":[[-0.326155,51.491705],[-0.323627,51.491699]]}},{"type":"Feature","properties":{"name":"Thames Locks","kind":"water"},"geometry":{"type":"LineString","coordinates":[[-0.304881,51.482213],[-0.304451,51.48228]]}},{"type":"Feature","properties":{"name":"Grand Union Canal","kind":"water"},"geometry":{"type":"LineString","coordinates":[[-0.304451,51.48228],[-0.303794,51.482357]]}},{"type":"Feature","properties":{"name":"Grand Union Canal","kind":"water"},"geometry":{"type":"LineString","coordinates":[[-0.305229,51.482122],[-0.304881,51.482213]]}},{"type":"Feature","properties":{"name":"Grand Union Canal - Slough Arm","kind":"water"},"geometry":{"type":"LineString","coordinates":[[-0.480232,51.517599],[-0.479916,51.517646]]}},{"type":"Feature","properties":{"name":"Grand Union Canal (Paddington Branch)","kind":"water"},"geometry":{"type":"LineString","coordinates":[[-0.281333,51.537821],[-0.277635,51.535157],[-0.267183,51.535918],[-0.254904,51.532785],[-0.249493,51.528859],[-0.243715,51.527741],[-0.241191,51.525963],[-0.225232,51.526501],[-0.219909,51.527805],[-0.216864,51.526708],[-0.213068,51.526883],[-0.206499,51.526051],[-0.2039,51.523462],[-0.198214,51.521588],[-0.195795,51.521528],[-0.189725,51.523024],[-0.183741,51.521193]]}},{"type":"Feature","properties":{"name":"Grand Union Canal (Paddington Branch)","kind":"water"},"geometry":{"type":"LineString","coordinates":[[-0.282035,51.538414],[-0.281333,51.537821]]}},{"type":"Feature","properties":{"name":"Grand Union Canal (Paddington Branch)","kind":"water"},"geometry":{"type":"LineString","coordinates":[[-0.282423,51.538806],[-0.281913,51.538464]]}},{"type":"Feature","properties":{"name":null,"kind":"water"},"geometry":{"type":"Polygon","coordinates":[[[-0.195821,51.52159],[-0.198374,51.521714],[-0.203174,51.523278],[-0.205311,51.5249],[-0.203615,51.523255],[-0.198521,51.5216],[-0.195821,51.52159]]]}},{"type":"Feature","properties":{"name":null,"kind":"water"},"geometry":{"type":"Polygon","coordinates":[[[-0.225979,51.526402],[-0.241114,51.525863],[-0.243512,51.527558],[-0.249116,51.528617],[-0.254952,51.532734],[-0.267035,51.535822],[-0.277546,51.535071],[-0.281364,51.537804],[-0.277401,51.53521],[-0.268548,51.536069],[-0.263577,51.53552],[-0.254501,51.532723],[-0.249169,51.528731],[-0.243688,51.527808],[-0.240912,51.526002],[-0.225394,51.526554],[-0.219957,51.527896],[-0.216955,51.526808],[-0.20705,51.526272],[-0.205273,51.525216],[-0.20654,51.525996],[-0.210551,51.526621],[-0.213936,51.526786],[-0.216554,51.52657],[-0.216462,51.526176],[-0.21983,51.527715],[-0.225979,51.526402]]]}},{"type":"Feature","properties":{"name":null,"kind":"water"},"geometry":{"type":"Polygon","coordinates":[[[-0.183922,51.521278],[-0.183719,51.521224],[-0.183769,51.521165],[-0.183922,51.521278]]]}},{"type":"Feature","properties":{"name":"Regent's Canal","kind":"water"},"geometry":{"type":"LineString","coordinates":[[-0.166668,51.529102],[-0.166007,51.531827],[-0.163714,51.534351],[-0.151923,51.537287]]}},{"type":"Feature","properties":{"name":null,"kind":"water"},"geometry":{"type":"Polygon","coordinates":[[[-0.171421,51.526459],[-0.167745,51.527937],[-0.166445,51.529466],[-0.166076,51.531867],[-0.163683,51.534441],[-0.152602,51.537233],[-0.163334,51.534499],[-0.165809,51.531951],[-0.166112,51.52986],[-0.16736,51.528136],[-0.169092,51.526765],[-0.171421,51.526459]]]}},{"type":"Feature","properties":{"name":null,"kind":"water"},"geometry":{"type":"LineString","coordinates":[[-0.099062,51.532716],[-0.09868,51.532666]]}},{"type":"Feature","properties":{"name":"Regent's Canal","kind":"water"},"geometry":{"type":"LineString","coordinates":[[-0.09868,51.532666],[-0.097093,51.532883]]}},{"type":"Feature","properties":{"name":"Wenlock Basin","kind":"water"},"geometry":{"type":"Polygon","coordinates":[[[-0.096469,51.532927],[-0.096049,51.533051],[-0.094468,51.530449],[-0.096469,51.532927]]]}},{"type":"Feature","properties":{"name":null,"kind":"water"},"geometry":{"type":"Polygon","coordinates":[[[-0.097141,51.532932],[-0.094265,51.533915],[-0.097913,51.532573],[-0.102322,51.533045],[-0.097141,51.532932]]]}},{"type":"Feature","properties":{"name":"7 Actons Lock 8'","kind":"water"},"geometry":{"type":"LineString","coordinates":[[-0.063976,51.535635],[-0.063587,51.535629]]}},{"type":"Feature","properties":{"name":"Regent's Canal","kind":"water"},"geometry":{"type":"LineString","coordinates":[[-0.063587,51.535629],[-0.059699,51.534133],[-0.056628,51.534677]]}},{"type":"Feature","properties":{"name":"Regents Canal","kind":"water"},"geometry":{"type":"Polygon","coordinates":[[[-0.060373,51.534424],[-0.058442,51.534218],[-0.05408,51.535236],[-0.049436,51.53389],[-0.054468,51.535108],[-0.060303,51.534111],[-0.063344,51.535495],[-0.061566,51.535373],[-0.060373,51.534424]]]}},{"type":"Feature","properties":{"name":null,"kind":"water"},"geometry":{"type":"Polygon","coordinates":[[[-0.045351,51.532323],[-0.044815,51.532165],[-0.049151,51.533648],[-0.045351,51.532323]]]}},{"type":"Feature","properties":{"name":"Regent's Canal","kind":"water"},"geometry":{"type":"LineString","coordinates":[[-0.036461,51.51243],[-0.036532,51.512243]]}},{"type":"Feature","properties":{"name":"Regent's Canal","kind":"water"},"geometry":{"type":"LineString","coordinates":[[-0.036532,51.512243],[-0.036777,51.511612]]}},{"type":"Feature","properties":{"name":null,"kind":"water"},"geometry":{"type":"Polygon","coordinates":[[[-0.172276,51.526412],[-0.174155,51.52589],[-0.173471,51.526269],[-0.172276,51.526412]]]}},{"type":"Feature","properties":{"name":null,"kind":"water"},"geometry":{"type":"Polygon","coordinates":[[[-0.282438,51.538977],[-0.285091,51.540727],[-0.288759,51.54052],[-0.293927,51.538573],[-0.303374,51.539423],[-0.306048,51.540874],[-0.309538,51.544156],[-0.311179,51.544756],[-0.319398,51.543257],[-0.322228,51.541884],[-0.325853,51.542353],[-0.330133,51.541771],[-0.335805,51.542926],[-0.337555,51.545676],[-0.338558,51.54625],[-0.335745,51.542783],[-0.329918,51.541593],[-0.325629,51.54226],[-0.321648,51.541844],[-0.319181,51.543165],[-0.311295,51.544611],[-0.310016,51.544249],[-0.305228,51.539989],[-0.303548,51.539293],[-0.293717,51.538443],[-0.286837,51.540583],[-0.284811,51.54047],[-0.282438,51.538977]]]}},{"type":"Feature","properties":{"name":null,"kind":"water"},"geometry":{"type":"Polygon","coordinates":[[[-0.402428,51.498557],[-0.402596,51.498187],[-0.410891,51.500752],[-0.422444,51.50578],[-0.430992,51.508666],[-0.432798,51.50888],[-0.4386,51.507817],[-0.4344,51.508871],[-0.43132,51.508877],[-0.4069,51.499883],[-0.403457,51.503347],[-0.393212,51.507418],[-0.390084,51.514017],[-0.383505,51.517462],[-0.379957,51.521002],[-0.380862,51.520744],[-0.38186,51.522019],[-0.379859,51.521619],[-0.379993,51.521211],[-0.376368,51.525129],[-0.376386,51.529311],[-0.377433,51.529379],[-0.375917,51.530383],[-0.374582,51.533091],[-0.369412,51.535754],[-0.365841,51.536225],[-0.36515,51.537152],[-0.366135,51.538783],[-0.365729,51.540574],[-0.361641,51.544163],[-0.34738,51.546552],[-0.344901,51.547984],[-0.343033,51.547834],[-0.341689,51.546163],[-0.338646,51.546289],[-0.341881,51.546032],[-0.34322,51.547641],[-0.344656,51.547863],[-0.347272,51.546426],[-0.361347,51.544142],[-0.365376,51.540803],[-0.365857,51.538938],[-0.364888,51.537262],[-0.365674,51.536079],[-0.368913,51.535773],[-0.374555,51.532916],[-0.376219,51.529162],[-0.376296,51.524927],[-0.383939,51.516921],[-0.389847,51.513925],[-0.392995,51.507343],[-0.403125,51.503357],[-0.406659,51.499864],[-0.389471,51.495301],[-0.384375,51.494854],[-0.35775,51.50388],[-0.349012,51.505539],[-0.339864,51.502639],[-0.337562,51.499388],[-0.340058,51.502526],[-0.343652,51.503236],[-0.348668,51.505446],[-0.352752,51.505067],[-0.358103,51.503605],[-0.383713,51.494803],[-0.388064,51.49479],[-0.402428,51.498557]]]}},{"type":"Feature","properties":{"name":"Regent's Canal","kind":"water"},"geometry":{"type":"LineString","coordinates":[[-0.036537,51.510188],[-0.03683,51.509984]]}},{"type":"Feature","properties":{"name":"Regent's Canal","kind":"water"},"geometry":{"type":"LineString","coordinates":[[-0.03683,51.509984],[-0.038235,51.508494]]}},{"type":"Feature","properties":{"name":null,"kind":"water"},"geometry":{"type":"Polygon","coordinates":[[[-0.219319,51.472169],[-0.219663,51.472613],[-0.218568,51.472038],[-0.219319,51.472169]]]}},{"type":"Feature","properties":{"name":null,"kind":"water"},"geometry":{"type":"Polygon","coordinates":[[[-0.212289,51.664116],[-0.212056,51.664087],[-0.212358,51.664051],[-0.212289,51.664116]]]}},{"type":"Feature","properties":{"name":null,"kind":"water"},"geometry":{"type":"Polygon","coordinates":[[[-0.209843,51.663727],[-0.209634,51.663632],[-0.209762,51.663546],[-0.209843,51.663727]]]}},{"type":"Feature","properties":{"name":null,"kind":"water"},"geometry":{"type":"Polygon","coordinates":[[[-0.211533,51.663962],[-0.211798,51.663997],[-0.211465,51.664046],[-0.211533,51.663962]]]}},{"type":"Feature","properties":{"name":null,"kind":"water"},"geometry":{"type":"Polygon","coordinates":[[[-0.21141,51.663363],[-0.210121,51.663595],[-0.210104,51.663183],[-0.21141,51.663363]]]}},{"type":"Feature","properties":{"name":null,"kind":"water"},"geometry":{"type":"Polygon","coordinates":[[[-0.214926,51.664093],[-0.214618,51.66401],[-0.215315,51.663956],[-0.214926,51.664093]]]}},{"type":"Feature","properties":{"name":null,"kind":"water"},"geometry":{"type":"Polygon","coordinates":[[[-0.217448,51.663545],[-0.217089,51.664274],[-0.216878,51.663677],[-0.217448,51.663545]]]}},{"type":"Feature","properties":{"name":null,"kind":"water"},"geometry":{"type":"Polygon","coordinates":[[[-0.213444,51.664044],[-0.213554,51.664169],[-0.21315,51.664153],[-0.213444,51.664044]]]}},{"type":"Feature","properties":{"name":null,"kind":"water"},"geometry":{"type":"Polygon","coordinates":[[[-0.215554,51.664221],[-0.215073,51.66441],[-0.215689,51.664453],[-0.215554,51.664221]]]}},{"type":"Feature","properties":{"name":null,"kind":"water"},"geometry":{"type":"Polygon","coordinates":[[[-0.215525,51.662691],[-0.215408,51.662968],[-0.215285,51.662837],[-0.215525,51.662691]]]}},{"type":"Feature","properties":{"name":null,"kind":"water"},"geometry":{"type":"Polygon","coordinates":[[[-0.213716,51.662551],[-0.213477,51.662725],[-0.213368,51.662587],[-0.213716,51.662551]]]}},{"type":"Feature","properties":{"name":null,"kind":"water"},"geometry":{"type":"Polygon","coordinates":[[[0.321304,51.562134],[0.320975,51.562945],[0.321908,51.562652],[0.32266,51.563372],[0.323024,51.562579],[0.321304,51.562134]]]}},{"type":"Feature","properties":{"name":null,"kind":"water"},"geometry":{"type":"Polygon","coordinates":[[[-0.422822,51.521018],[-0.422268,51.521043],[-0.422573,51.520959],[-0.421976,51.520716],[-0.422822,51.521018]]]}},{"type":"Feature","properties":{"name":null,"kind":"water"},"geometry":{"type":"Polygon","coordinates":[[[-0.342246,51.624386],[-0.342226,51.623962],[-0.342981,51.624087],[-0.342246,51.624386]]]}},{"type":"Feature","properties":{"name":null,"kind":"water"},"geometry":{"type":"Polygon","coordinates":[[[-0.490743,51.459724],[-0.488867,51.459666],[-0.490548,51.460401],[-0.491123,51.460214],[-0.490743,51.459724]]]}},{"type":"Feature","properties":{"name":null,"kind":"water"},"geometry":{"type":"Polygon","coordinates":[[[-0.343839,51.503516],[-0.345413,51.504753],[-0.343897,51.505758],[-0.343499,51.507844],[-0.343454,51.506013],[-0.345097,51.505152],[-0.343839,51.503516]]]}},{"type":"Feature","properties":{"name":null,"kind":"water"},"geometry":{"type":"Polygon","coordinates":[[[-0.494384,51.630215],[-0.493638,51.630597],[-0.494809,51.629419],[-0.493762,51.628615],[-0.49436,51.626835],[-0.493737,51.62666],[-0.495586,51.625097],[-0.494331,51.62738],[-0.49408,51.628464],[-0.49478,51.629189],[-0.494384,51.630215]]]}},{"type":"Feature","properties":{"name":null,"kind":"water"},"geometry":{"type":"Polygon","coordinates":[[[-0.472386,51.633315],[-0.480044,51.631072],[-0.483333,51.62859],[-0.492005,51.627428],[-0.495639,51.624709],[-0.49175,51.627326],[-0.483317,51.628414],[-0.48001,51.630947],[-0.476312,51.631607],[-0.472386,51.633315]]]}},{"type":"Feature","properties":{"name":null,"kind":"water"},"geometry":{"type":"Polygon","coordinates":[[[-0.500043,51.621818],[-0.496047,51.619735],[-0.496856,51.620611],[-0.500043,51.621818]]]}},{"type":"Feature","properties":{"name":null,"kind":"water"},"geometry":{"type":"Polygon","coordinates":[[[-0.498172,51.611173],[-0.498016,51.61118],[-0.497953,51.609869],[-0.498172,51.611173]]]}},{"type":"Feature","properties":{"name":null,"kind":"water"},"geometry":{"type":"Polygon","coordinates":[[[-0.495806,51.624349],[-0.495924,51.621276],[-0.495338,51.619424],[-0.498736,51.610306],[-0.495213,51.618758],[-0.495806,51.624349]]]}},{"type":"Feature","properties":{"name":null,"kind":"water"},"geometry":{"type":"Polygon","coordinates":[[[-0.497547,51.604131],[-0.498902,51.605365],[-0.499083,51.604704],[-0.499304,51.605317],[-0.499625,51.604986],[-0.497547,51.604131]]]}},{"type":"Feature","properties":{"name":null,"kind":"water"},"geometry":{"type":"Polygon","coordinates":[[[-0.499608,51.606289],[-0.498094,51.606447],[-0.499664,51.606167],[-0.499608,51.606289]]]}},{"type":"Feature","properties":{"name":null,"kind":"water"},"geometry":{"type":"Polygon","coordinates":[[[-0.49852,51.609859],[-0.498309,51.609478],[-0.498825,51.609205],[-0.49852,51.609859]]]}},{"type":"Feature","properties":{"name":null,"kind":"water"},"geometry":{"type":"Polygon","coordinates":[[[-0.496829,51.604388],[-0.495504,51.603068],[-0.495703,51.602985],[-0.495641,51.603228],[-0.496829,51.604388]]]}},{"type":"Feature","properties":{"name":null,"kind":"water"},"geometry":{"type":"Polygon","coordinates":[[[-0.498151,51.606902],[-0.499287,51.608717],[-0.498545,51.610018],[-0.499117,51.608846],[-0.497527,51.605594],[-0.494496,51.601791],[-0.496536,51.603596],[-0.498151,51.606902]]]}},{"type":"Feature","properties":{"name":null,"kind":"water"},"geometry":{"type":"Polygon","coordinates":[[[-0.494649,51.601686],[-0.48859,51.59551],[-0.487062,51.590489],[-0.488295,51.595418],[-0.494649,51.601686]]]}},{"type":"Feature","properties":{"name":null,"kind":"water"},"geometry":{"type":"Polygon","coordinates":[[[-0.48465,51.582088],[-0.481675,51.571549],[-0.482583,51.566865],[-0.48218,51.564686],[-0.482371,51.567037],[-0.481438,51.571284],[-0.48465,51.582088]]]}},{"type":"Feature","properties":{"name":null,"kind":"water"},"geometry":{"type":"Polygon","coordinates":[[[-0.483645,51.576233],[-0.483251,51.575267],[-0.482997,51.575511],[-0.483645,51.576233]]]}},{"type":"Feature","properties":{"name":null,"kind":"water"},"geometry":{"type":"Polygon","coordinates":[[[-0.48218,51.564686],[-0.481984,51.562207],[-0.484123,51.55522],[-0.483827,51.551439],[-0.483411,51.553311],[-0.483952,51.55508],[-0.481641,51.562861],[-0.48218,51.564686]]]}},{"type":"Feature","properties":{"name":null,"kind":"water"},"geometry":{"type":"Polygon","coordinates":[[[-0.484881,51.551704],[-0.485328,51.551746],[-0.484923,51.550929],[-0.486573,51.550247],[-0.488235,51.547559],[-0.489147,51.547358],[-0.48799,51.54744],[-0.48683,51.549686],[-0.484431,51.551175],[-0.484424,51.551844],[-0.484413,51.551395],[-0.484881,51.551704]]]}},{"type":"Feature","properties":{"name":"Denham Marina","kind":"water"},"geometry":{"type":"Polygon","coordinates":[[[-0.483554,51.551437],[-0.482069,51.552991],[-0.482984,51.551384],[-0.483554,51.551437]]]}},{"type":"Feature","properties":{"name":"Grand Union Canal","kind":"water"},"geometry":{"type":"LineString","coordinates":[[-0.455489,51.508633],[-0.454104,51.508439]]}},{"type":"Feature","properties":{"name":"Grand Union Canal","kind":"water"},"geometry":{"type":"LineString","coordinates":[[-0.454104,51.508439],[-0.442925,51.507074],[-0.43687,51.508237]]}},{"type":"Feature","properties":{"name":null,"kind":"water"},"geometry":{"type":"Polygon","coordinates":[[[-0.483995,51.551205],[-0.487988,51.546623],[-0.487749,51.535809],[-0.487834,51.546368],[-0.483995,51.551205]]]}},{"type":"Feature","properties":{"name":null,"kind":"water"},"geometry":{"type":"Polygon","coordinates":[[[-0.488054,51.540734],[-0.488675,51.540814],[-0.490993,51.540245],[-0.488054,51.540734]]]}},{"type":"Feature","properties":{"name":null,"kind":"water"},"geometry":{"type":"Polygon","coordinates":[[[-0.45429,51.508497],[-0.472249,51.510532],[-0.477193,51.513727],[-0.478625,51.516629],[-0.482383,51.519904],[-0.480156,51.517692],[-0.481566,51.51744],[-0.479978,51.517574],[-0.478568,51.516278],[-0.477413,51.513706],[-0.471882,51.510216],[-0.443303,51.507024],[-0.4386,51.507817],[-0.443319,51.507163],[-0.45429,51.508497]]]}},{"type":"Feature","properties":{"name":"Grand Union Canal","kind":"water"},"geometry":{"type":"LineString","coordinates":[[-0.43687,51.508237],[-0.436518,51.508318]]}},{"type":"Feature","properties":{"name":"Grand Union Canal","kind":"water"},"geometry":{"type":"LineString","coordinates":[[-0.436518,51.508318],[-0.430883,51.508701],[-0.409212,51.500405]]}},{"type":"Feature","properties":{"name":null,"kind":"water"},"geometry":{"type":"Polygon","coordinates":[[[-0.331019,51.495372],[-0.330823,51.496716],[-0.333726,51.497679],[-0.330699,51.496958],[-0.330432,51.495673],[-0.331019,51.495372]]]}},{"type":"Feature","properties":{"name":null,"kind":"water"},"geometry":{"type":"Polygon","coordinates":[[[-0.333094,51.497416],[-0.337238,51.497974],[-0.33805,51.498639],[-0.337562,51.499388],[-0.338286,51.498853],[-0.336806,51.497673],[-0.333094,51.497416]]]}},{"type":"Feature","properties":{"name":null,"kind":"water"},"geometry":{"type":"Polygon","coordinates":[[[-0.333156,51.497223],[-0.331399,51.495528],[-0.330023,51.492476],[-0.32744,51.491639],[-0.32297,51.49133],[-0.321727,51.490606],[-0.321481,51.489173],[-0.321408,51.490558],[-0.323815,51.49192],[-0.327468,51.491847],[-0.329688,51.492568],[-0.331225,51.495669],[-0.333156,51.497223]]]}},{"type":"Feature","properties":{"name":null,"kind":"water"},"geometry":{"type":"Polygon","coordinates":[[[-0.390556,51.426138],[-0.390241,51.425555],[-0.390713,51.425432],[-0.39414,51.425764],[-0.390556,51.426138]]]}},{"type":"Feature","properties":{"name":null,"kind":"water"},"geometry":{"type":"Polygon","coordinates":[[[-0.390373,51.424321],[-0.390745,51.424211],[-0.390571,51.424084],[-0.390373,51.424321]]]}},{"type":"Feature","properties":{"name":null,"kind":"water"},"geometry":{"type":"Polygon","coordinates":[[[-0.391083,51.424517],[-0.390998,51.424359],[-0.390965,51.424469],[-0.391083,51.424517]]]}},{"type":"Feature","properties":{"name":null,"kind":"water"},"geometry":{"type":"Polygon","coordinates":[[[-0.39139,51.425098],[-0.391368,51.424956],[-0.391246,51.424943],[-0.39139,51.425098]]]}},{"type":"Feature","properties":{"name":"Edgwarebury Brook","kind":"water"},"geometry":{"type":"LineString","coordinates":[[-0.277568,51.618823],[-0.277468,51.61867]]}},{"type":"Feature","properties":{"name":"Edgwarebury Brook","kind":"water"},"geometry":{"type":"LineString","coordinates":[[-0.283313,51.622915],[-0.283549,51.622274],[-0.280262,51.6197]]}},{"type":"Feature","properties":{"name":"Edgwarebury Brook","kind":"water"},"geometry":{"type":"LineString","coordinates":[[-0.277187,51.618656],[-0.275925,51.61846]]}},{"type":"Feature","properties":{"name":"Edgwarebury Brook","kind":"water"},"geometry":{"type":"LineString","coordinates":[[-0.280262,51.6197],[-0.277568,51.618823]]}},{"type":"Feature","properties":{"name":"Edgwarebury Brook","kind":"water"},"geometry":{"type":"LineString","coordinates":[[-0.275925,51.61846],[-0.271844,51.616656],[-0.268935,51.616878]]}},{"type":"Feature","properties":{"name":"East Dock","kind":"water"},"geometry":{"type":"Polygon","coordinates":[[[-0.070687,51.507097],[-0.070936,51.507769],[-0.069402,51.507954],[-0.06848,51.506886],[-0.070687,51.507097]]]}},{"type":"Feature","properties":{"name":"Central Basin","kind":"water"},"geometry":{"type":"Polygon","coordinates":[[[-0.070981,51.506479],[-0.070796,51.506891],[-0.071958,51.507156],[-0.072622,51.506742],[-0.070981,51.506479]]]}},{"type":"Feature","properties":{"name":null,"kind":"water"},"geometry":{"type":"Polygon","coordinates":[[[-0.072255,51.50603],[-0.071989,51.506493],[-0.072398,51.506151],[-0.072255,51.50603]]]}},{"type":"Feature","properties":{"name":null,"kind":"water"},"geometry":{"type":"Polygon","coordinates":[[[-0.052153,51.432366],[-0.051852,51.431829],[-0.052062,51.431809],[-0.052153,51.432366]]]}},{"type":"Feature","properties":{"name":null,"kind":"water"},"geometry":{"type":"Polygon","coordinates":[[[0.251328,51.621848],[0.25092,51.621754],[0.251274,51.621488],[0.251328,51.621848]]]}},{"type":"Feature","properties":{"name":"Greenland Dock","kind":"water"},"geometry":{"type":"Polygon","coordinates":[[[-0.033806,51.49571],[-0.036067,51.494683],[-0.036042,51.494116],[-0.036478,51.49456],[-0.043691,51.493224],[-0.044108,51.493967],[-0.039734,51.4956],[-0.039759,51.495182],[-0.034412,51.496077],[-0.035291,51.495523],[-0.033806,51.49571]]]}},{"type":"Feature","properties":{"name":null,"kind":"water"},"geometry":{"type":"Polygon","coordinates":[[[-0.094119,51.550986],[-0.094081,51.550982],[-0.094092,51.550953],[-0.094119,51.550986]]]}},{"type":"Feature","properties":{"name":"Times Square","kind":"water"},"geometry":{"type":"Polygon","coordinates":[[[-0.068424,51.512745],[-0.068144,51.512837],[-0.068041,51.512486],[-0.068424,51.512745]]]}},{"type":"Feature","properties":{"name":null,"kind":"water"},"geometry":{"type":"LineString","coordinates":[[-0.149124,51.486656],[-0.149132,51.486738]]}},{"type":"Feature","properties":{"name":null,"kind":"water"},"geometry":{"type":"Polygon","coordinates":[[[-0.14939,51.487432],[-0.149585,51.487158],[-0.149337,51.487024],[-0.14939,51.487432]]]}},{"type":"Feature","properties":{"name":null,"kind":"water"},"geometry":{"type":"Polygon","coordinates":[[[-0.060219,51.356225],[-0.060099,51.356352],[-0.05993,51.356193],[-0.060219,51.356225]]]}},{"type":"Feature","properties":{"name":null,"kind":"water"},"geometry":{"type":"Polygon","coordinates":[[[-0.054519,51.435267],[-0.054548,51.435244],[-0.054474,51.43519],[-0.054519,51.435267]]]}},{"type":"Feature","properties":{"name":null,"kind":"water"},"geometry":{"type":"Polygon","coordinates":[[[-0.327752,51.451418],[-0.326761,51.452559],[-0.327022,51.451732],[-0.329278,51.450812],[-0.327752,51.451418]]]}},{"type":"Feature","properties":{"name":null,"kind":"water"},"geometry":{"type":"Polygon","coordinates":[[[-0.246003,51.634662],[-0.245864,51.634566],[-0.246027,51.634532],[-0.246003,51.634662]]]}},{"type":"Feature","properties":{"name":null,"kind":"water"},"geometry":{"type":"Polygon","coordinates":[[[-0.056812,51.357218],[-0.056948,51.357073],[-0.056766,51.357079],[-0.056812,51.357218]]]}},{"type":"Feature","properties":{"name":null,"kind":"water"},"geometry":{"type":"Polygon","coordinates":[[[-0.424608,51.490015],[-0.424797,51.48966],[-0.422706,51.489181],[-0.426034,51.489191],[-0.425338,51.490104],[-0.424608,51.490015]]]}},{"type":"Feature","properties":{"name":null,"kind":"water"},"geometry":{"type":"Polygon","coordinates":[[[-0.35295,51.493454],[-0.352864,51.49282],[-0.352124,51.49307],[-0.35295,51.493454]]]}},{"type":"Feature","properties":{"name":null,"kind":"water"},"geometry":{"type":"Polygon","coordinates":[[[-0.439258,51.509537],[-0.43903,51.509642],[-0.439046,51.509525],[-0.439258,51.509537]]]}},{"type":"Feature","properties":{"name":null,"kind":"water"},"geometry":{"type":"Polygon","coordinates":[[[-0.439233,51.509468],[-0.43896,51.508504],[-0.439472,51.508921],[-0.439233,51.509468]]]}},{"type":"Feature","properties":{"name":null,"kind":"water"},"geometry":{"type":"Polygon","coordinates":[[[-0.15063,51.357866],[-0.150549,51.357843],[-0.150629,51.357819],[-0.15063,51.357866]]]}},{"type":"Feature","properties":{"name":null,"kind":"water"},"geometry":{"type":"Polygon","coordinates":[[[-0.350229,51.414332],[-0.350469,51.414247],[-0.350009,51.414205],[-0.350229,51.414332]]]}},{"type":"Feature","properties":{"name":"River Crane","kind":"water"},"geometry":{"type":"LineString","coordinates":[[-0.361299,51.442096],[-0.360078,51.441644],[-0.356648,51.442509],[-0.35506,51.444121]]}},{"type":"Feature","properties":{"name":"River Crane","kind":"water"},"geometry":{"type":"LineString","coordinates":[[-0.382952,51.445109],[-0.379652,51.444237]]}},{"type":"Feature","properties":{"name":"River Crane","kind":"water"},"geometry":{"type":"LineString","coordinates":[[-0.380877,51.444834],[-0.380902,51.444717]]}},{"type":"Feature","properties":{"name":null,"kind":"water"},"geometry":{"type":"Polygon","coordinates":[[[-0.379007,51.44368],[-0.37896,51.443544],[-0.378883,51.443601],[-0.379007,51.44368]]]}},{"type":"Feature","properties":{"name":"River Crane","kind":"water"},"geometry":{"type":"LineString","coordinates":[[-0.377594,51.443298],[-0.377005,51.443222]]}},{"type":"Feature","properties":{"name":"River Crane","kind":"water"},"geometry":{"type":"LineString","coordinates":[[-0.374403,51.442975],[-0.373578,51.44349]]}},{"type":"Feature","properties":{"name":"River Crane","kind":"water"},"geometry":{"type":"LineString","coordinates":[[-0.370451,51.442896],[-0.369562,51.442369]]}},{"type":"Feature","properties":{"name":null,"kind":"water"},"geometry":{"type":"Polygon","coordinates":[[[-0.486207,51.608495],[-0.487168,51.60881],[-0.487337,51.608418],[-0.486207,51.608495]]]}},{"type":"Feature","properties":{"name":null,"kind":"water"},"geometry":{"type":"Polygon","coordinates":[[[-0.480453,51.603894],[-0.479873,51.603998],[-0.479977,51.603755],[-0.480453,51.603894]]]}},{"type":"Feature","properties":{"name":null,"kind":"water"},"geometry":{"type":"Polygon","coordinates":[[[-0.490828,51.5312],[-0.491092,51.531883],[-0.490608,51.531778],[-0.490828,51.5312]]]}},{"type":"Feature","properties":{"name":null,"kind":"water"},"geometry":{"type":"Polygon","coordinates":[[[-0.062516,51.441608],[-0.062522,51.441579],[-0.06241,51.441599],[-0.062516,51.441608]]]}},{"type":"Feature","properties":{"name":"Crossway Canal","kind":"water"},"geometry":{"type":"LineString","coordinates":[[0.126622,51.50165],[0.126643,51.502193]]}},{"type":"Feature","properties":{"name":"Barn Wood Pond","kind":"water"},"geometry":{"type":"Polygon","coordinates":[[[-0.274662,51.450557],[-0.273923,51.450515],[-0.273982,51.450372],[-0.274662,51.450557]]]}},{"type":"Feature","properties":{"name":null,"kind":"water"},"geometry":{"type":"Polygon","coordinates":[[[-0.421614,51.471348],[-0.421496,51.471234],[-0.421482,51.471294],[-0.421614,51.471348]]]}},{"type":"Feature","properties":{"name":null,"kind":"water"},"geometry":{"type":"Polygon","coordinates":[[[-0.421457,51.471215],[-0.421297,51.471074],[-0.421362,51.471204],[-0.421457,51.471215]]]}},{"type":"Feature","properties":{"name":null,"kind":"water"},"geometry":{"type":"Polygon","coordinates":[[[-0.064053,51.47538],[-0.064123,51.475359],[-0.064121,51.475394],[-0.064053,51.47538]]]}},{"type":"Feature","properties":{"name":"River Wandle","kind":"water"},"geometry":{"type":"LineString","coordinates":[[-0.190031,51.442468],[-0.192521,51.443345]]}},{"type":"Feature","properties":{"name":"Regent's Canal","kind":"water"},"geometry":{"type":"LineString","coordinates":[[-0.182827,51.521328],[-0.181924,51.521841]]}},{"type":"Feature","properties":{"name":"Grand Union Canal (Paddington Branch)","kind":"water"},"geometry":{"type":"LineString","coordinates":[[-0.177033,51.518212],[-0.18102,51.520862],[-0.182827,51.521328]]}},{"type":"Feature","properties":{"name":null,"kind":"water"},"geometry":{"type":"LineString","coordinates":[[-0.151923,51.537287],[-0.151099,51.537195]]}},{"type":"Feature","properties":{"name":null,"kind":"water"},"geometry":{"type":"Polygon","coordinates":[[[-0.018232,51.365247],[-0.018071,51.36534],[-0.01826,51.365326],[-0.018232,51.365247]]]}},{"type":"Feature","properties":{"name":null,"kind":"water"},"geometry":{"type":"Polygon","coordinates":[[[0.089648,51.447542],[0.089773,51.447075],[0.090056,51.447179],[0.089648,51.447542]]]}},{"type":"Feature","properties":{"name":null,"kind":"water"},"geometry":{"type":"Polygon","coordinates":[[[0.025898,51.459758],[0.026142,51.460098],[0.024577,51.461309],[0.025898,51.459758]]]}},{"type":"Feature","properties":{"name":null,"kind":"water"},"geometry":{"type":"Polygon","coordinates":[[[-0.442104,51.458463],[-0.44236,51.458214],[-0.442058,51.458235],[-0.442104,51.458463]]]}},{"type":"Feature","properties":{"name":null,"kind":"water"},"geometry":{"type":"Polygon","coordinates":[[[-0.181874,51.521905],[-0.177131,51.524513],[-0.181344,51.522087],[-0.181874,51.521905]]]}},{"type":"Feature","properties":{"name":null,"kind":"water"},"geometry":{"type":"Polygon","coordinates":[[[-0.021714,51.542735],[-0.022843,51.544969],[-0.030357,51.551327],[-0.032717,51.554136],[-0.034785,51.555111],[-0.03201,51.553921],[-0.030326,51.55165],[-0.022422,51.544766],[-0.020372,51.540556],[-0.020795,51.538238],[-0.02075,51.540744],[-0.021714,51.542735]]]}},{"type":"Feature","properties":{"name":null,"kind":"water"},"geometry":{"type":"Polygon","coordinates":[[[-0.02085,51.537919],[-0.02088,51.538181],[-0.020806,51.538176],[-0.02085,51.537919]]]}},{"type":"Feature","properties":{"name":null,"kind":"water"},"geometry":{"type":"Polygon","coordinates":[[[-0.020977,51.537927],[-0.021019,51.538184],[-0.020937,51.538182],[-0.020977,51.537927]]]}},{"type":"Feature","properties":{"name":null,"kind":"water"},"geometry":{"type":"LineString","coordinates":[[-0.008006,51.523178],[-0.008024,51.522849]]}},{"type":"Feature","properties":{"name":null,"kind":"water"},"geometry":{"type":"Polygon","coordinates":[[[-0.008054,51.52317],[-0.007982,51.522849],[-0.007966,51.523166],[-0.008054,51.52317]]]}},{"type":"Feature","properties":{"name":null,"kind":"water"},"geometry":{"type":"Polygon","coordinates":[[[-0.008143,51.523166],[-0.008209,51.522838],[-0.008233,51.523166],[-0.008143,51.523166]]]}},{"type":"Feature","properties":{"name":null,"kind":"water"},"geometry":{"type":"Polygon","coordinates":[[[-0.009128,51.533327],[-0.008887,51.533524],[-0.008856,51.533435],[-0.009128,51.533327]]]}},{"type":"Feature","properties":{"name":"City Mill Lock","kind":"water"},"geometry":{"type":"Polygon","coordinates":[[[-0.009041,51.533295],[-0.009376,51.533068],[-0.009128,51.533327],[-0.009041,51.533295]]]}},{"type":"Feature","properties":{"name":"St Thomas Creek","kind":"water"},"geometry":{"type":"LineString","coordinates":[[-0.009066,51.533327],[-0.008564,51.533519]]}},{"type":"Feature","properties":{"name":"City Mill Lock","kind":"water"},"geometry":{"type":"LineString","coordinates":[[-0.009348,51.533034],[-0.009066,51.533327]]}},{"type":"Feature","properties":{"name":null,"kind":"water"},"geometry":{"type":"Polygon","coordinates":[[[-0.027547,51.539066],[-0.029492,51.538155],[-0.029238,51.538391],[-0.027547,51.539066]]]}},{"type":"Feature","properties":{"name":"Top Lock","kind":"water"},"geometry":{"type":"Polygon","coordinates":[[[-0.029492,51.538155],[-0.02982,51.537998],[-0.029865,51.538033],[-0.029492,51.538155]]]}},{"type":"Feature","properties":{"name":"Middle Lock","kind":"water"},"geometry":{"type":"Polygon","coordinates":[[[-0.027576,51.539097],[-0.027202,51.539275],[-0.027163,51.539239],[-0.027576,51.539097]]]}},{"type":"Feature","properties":{"name":null,"kind":"water"},"geometry":{"type":"Polygon","coordinates":[[[-0.024696,51.540411],[-0.027163,51.539239],[-0.025858,51.539993],[-0.024696,51.540411]]]}},{"type":"Feature","properties":{"name":null,"kind":"water"},"geometry":{"type":"Polygon","coordinates":[[[-0.02982,51.537998],[-0.043552,51.531518],[-0.034551,51.535918],[-0.02982,51.537998]]]}},{"type":"Feature","properties":{"name":null,"kind":"water"},"geometry":{"type":"Polygon","coordinates":[[[-0.024346,51.540574],[-0.021684,51.541999],[-0.021262,51.541746],[-0.024346,51.540574]]]}},{"type":"Feature","properties":{"name":null,"kind":"water"},"geometry":{"type":"Polygon","coordinates":[[[-0.024346,51.540574],[-0.024696,51.540411],[-0.024424,51.540594],[-0.024346,51.540574]]]}},{"type":"Feature","properties":{"name":null,"kind":"water"},"geometry":{"type":"Polygon","coordinates":[[[0.076338,51.351693],[0.076146,51.351574],[0.076336,51.351568],[0.076338,51.351693]]]}},{"type":"Feature","properties":{"name":null,"kind":"water"},"geometry":{"type":"Polygon","coordinates":[[[-0.091854,51.534924],[-0.091558,51.535061],[-0.091814,51.534884],[-0.091854,51.534924]]]}},{"type":"Feature","properties":{"name":null,"kind":"water"},"geometry":{"type":"Polygon","coordinates":[[[-0.098662,51.532683],[-0.099059,51.532695],[-0.099039,51.532735],[-0.098662,51.532683]]]}},{"type":"Feature","properties":{"name":null,"kind":"water"},"geometry":{"type":"Polygon","coordinates":[[[-0.036213,51.519787],[-0.036201,51.519546],[-0.036282,51.519784],[-0.036213,51.519787]]]}},{"type":"Feature","properties":{"name":null,"kind":"water"},"geometry":{"type":"Polygon","coordinates":[[[-0.0456,51.5325],[-0.045308,51.532358],[-0.045642,51.532469],[-0.0456,51.5325]]]}},{"type":"Feature","properties":{"name":null,"kind":"water"},"geometry":{"type":"Polygon","coordinates":[[[-0.034927,51.514745],[-0.034744,51.514952],[-0.034688,51.514935],[-0.034927,51.514745]]]}},{"type":"Feature","properties":{"name":null,"kind":"water"},"geometry":{"type":"Polygon","coordinates":[[[-0.036571,51.512237],[-0.036503,51.512419],[-0.036438,51.51241],[-0.036571,51.512237]]]}},{"type":"Feature","properties":{"name":"Limehouse Basin Entrance","kind":"water"},"geometry":{"type":"Polygon","coordinates":[[[-0.036863,51.510001],[-0.036234,51.510545],[-0.036062,51.510525],[-0.036863,51.510001]]]}},{"type":"Feature","properties":{"name":"Limehouse Basin Entrance","kind":"water"},"geometry":{"type":"Polygon","coordinates":[[[-0.036863,51.510001],[-0.03738,51.509469],[-0.037609,51.509562],[-0.036863,51.510001]]]}},{"type":"Feature","properties":{"name":null,"kind":"water"},"geometry":{"type":"Polygon","coordinates":[[[-0.2166,51.656953],[-0.216615,51.656901],[-0.216537,51.656924],[-0.2166,51.656953]]]}},{"type":"Feature","properties":{"name":null,"kind":"water"},"geometry":{"type":"Polygon","coordinates":[[[-0.127285,51.671887],[-0.12684,51.671754],[-0.127026,51.671953],[-0.127285,51.671887]]]}},{"type":"Feature","properties":{"name":null,"kind":"water"},"geometry":{"type":"Polygon","coordinates":[[[-0.354417,51.421333],[-0.35513,51.421095],[-0.355103,51.422223],[-0.354417,51.421333]]]}},{"type":"Feature","properties":{"name":null,"kind":"water"},"geometry":{"type":"Polygon","coordinates":[[[-0.354221,51.421403],[-0.352853,51.421616],[-0.352119,51.418433],[-0.352839,51.421492],[-0.354221,51.421403]]]}},{"type":"Feature","properties":{"name":"Upper Pond","kind":"water"},"geometry":{"type":"Polygon","coordinates":[[[-0.146178,51.568975],[-0.14629,51.568875],[-0.146648,51.568785],[-0.146178,51.568975]]]}},{"type":"Feature","properties":{"name":null,"kind":"water"},"geometry":{"type":"Polygon","coordinates":[[[-0.085396,51.649118],[-0.085292,51.649481],[-0.085159,51.649109],[-0.085396,51.649118]]]}},{"type":"Feature","properties":{"name":null,"kind":"water"},"geometry":{"type":"Polygon","coordinates":[[[-0.085491,51.648784],[-0.085355,51.648767],[-0.085505,51.648739],[-0.085491,51.648784]]]}},{"type":"Feature","properties":{"name":null,"kind":"water"},"geometry":{"type":"Polygon","coordinates":[[[-0.085395,51.649091],[-0.085262,51.649074],[-0.085353,51.648797],[-0.085486,51.648814],[-0.085395,51.649091]]]}},{"type":"Feature","properties":{"name":null,"kind":"water"},"geometry":{"type":"Polygon","coordinates":[[[-0.087089,51.650514],[-0.087135,51.650483],[-0.087194,51.650506],[-0.087089,51.650514]]]}},{"type":"Feature","properties":{"name":null,"kind":"water"},"geometry":{"type":"Polygon","coordinates":[[[-0.087222,51.650501],[-0.08723,51.650477],[-0.087285,51.650487],[-0.087222,51.650501]]]}},{"type":"Feature","properties":{"name":null,"kind":"water"},"geometry":{"type":"Polygon","coordinates":[[[-0.084984,51.648401],[-0.085014,51.648365],[-0.085038,51.648408],[-0.084984,51.648401]]]}},{"type":"Feature","properties":{"name":"New River","kind":"water"},"geometry":{"type":"LineString","coordinates":[[-0.075091,51.652385],[-0.075484,51.652434]]}},{"type":"Feature","properties":{"name":"New River","kind":"water"},"geometry":{"type":"LineString","coordinates":[[-0.075091,51.652385],[-0.081704,51.642445]]}},{"type":"Feature","properties":{"name":"New River Loop (bypassed)","kind":"water"},"geometry":{"type":"LineString","coordinates":[[-0.082815,51.644131],[-0.081949,51.643561],[-0.081704,51.642445]]}},{"type":"Feature","properties":{"name":"New River Loop (bypassed)","kind":"water"},"geometry":{"type":"LineString","coordinates":[[-0.082985,51.644233],[-0.082815,51.644131]]}},{"type":"Feature","properties":{"name":null,"kind":"water"},"geometry":{"type":"Polygon","coordinates":[[[0.185956,51.612039],[0.186471,51.612012],[0.186128,51.612412],[0.185956,51.612039]]]}},{"type":"Feature","properties":{"name":null,"kind":"water"},"geometry":{"type":"Polygon","coordinates":[[[0.024123,51.643165],[0.02423,51.643352],[0.023812,51.643438],[0.024123,51.643165]]]}},{"type":"Feature","properties":{"name":null,"kind":"water"},"geometry":{"type":"Polygon","coordinates":[[[0.024928,51.642839],[0.024917,51.642986],[0.024799,51.642879],[0.024928,51.642839]]]}},{"type":"Feature","properties":{"name":null,"kind":"water"},"geometry":{"type":"Polygon","coordinates":[[[0.028343,51.643613],[0.028093,51.643645],[0.028108,51.643492],[0.028343,51.643613]]]}},{"type":"Feature","properties":{"name":null,"kind":"water"},"geometry":{"type":"Polygon","coordinates":[[[0.193751,51.625635],[0.193193,51.625469],[0.193161,51.625622],[0.193751,51.625635]]]}},{"type":"Feature","properties":{"name":null,"kind":"water"},"geometry":{"type":"Polygon","coordinates":[[[0.188837,51.621952],[0.189062,51.621959],[0.189062,51.621772],[0.188837,51.621952]]]}},{"type":"Feature","properties":{"name":null,"kind":"water"},"geometry":{"type":"Polygon","coordinates":[[[0.193729,51.615657],[0.193032,51.615264],[0.193762,51.615357],[0.193729,51.615657]]]}},{"type":"Feature","properties":{"name":null,"kind":"water"},"geometry":{"type":"Polygon","coordinates":[[[0.033156,51.635374],[0.033628,51.635973],[0.033092,51.636479],[0.033156,51.635374]]]}},{"type":"Feature","properties":{"name":null,"kind":"water"},"geometry":{"type":"Polygon","coordinates":[[[-0.260864,51.547759],[-0.261024,51.547742],[-0.260875,51.547851],[-0.260864,51.547759]]]}},{"type":"Feature","properties":{"name":null,"kind":"water"},"geometry":{"type":"Polygon","coordinates":[[[-0.260897,51.547356],[-0.26102,51.547413],[-0.260977,51.547674],[-0.260897,51.547356]]]}},{"type":"Feature","properties":{"name":null,"kind":"water"},"geometry":{"type":"Polygon","coordinates":[[[-0.260753,51.547396],[-0.260572,51.547609],[-0.26064,51.547836],[-0.260753,51.547396]]]}},{"type":"Feature","properties":{"name":null,"kind":"water"},"geometry":{"type":"Polygon","coordinates":[[[0.25614,51.525434],[0.256481,51.526534],[0.254588,51.526606],[0.25614,51.525434]]]}},{"type":"Feature","properties":{"name":"River Brent","kind":"water"},"geometry":{"type":"LineString","coordinates":[[-0.282143,51.538754],[-0.28243,51.538629]]}},{"type":"Feature","properties":{"name":null,"kind":"water"},"geometry":{"type":"Polygon","coordinates":[[[0.16486,51.615897],[0.164925,51.615837],[0.164806,51.61583],[0.16486,51.615897]]]}},{"type":"Feature","properties":{"name":null,"kind":"water"},"geometry":{"type":"Polygon","coordinates":[[[0.166244,51.610074],[0.166083,51.609927],[0.166598,51.61016],[0.166244,51.610074]]]}},{"type":"Feature","properties":{"name":null,"kind":"water"},"geometry":{"type":"Polygon","coordinates":[[[0.209621,51.614085],[0.210103,51.614144],[0.209603,51.614449],[0.209621,51.614085]]]}},{"type":"Feature","properties":{"name":null,"kind":"water"},"geometry":{"type":"Polygon","coordinates":[[[0.203976,51.615871],[0.204363,51.616071],[0.204019,51.616218],[0.203976,51.615871]]]}},{"type":"Feature","properties":{"name":null,"kind":"water"},"geometry":{"type":"Polygon","coordinates":[[[0.179022,51.612939],[0.178743,51.612632],[0.178464,51.612752],[0.179022,51.612939]]]}},{"type":"Feature","properties":{"name":null,"kind":"water"},"geometry":{"type":"Polygon","coordinates":[[[0.180492,51.625975],[0.180998,51.625697],[0.181018,51.625968],[0.180492,51.625975]]]}},{"type":"Feature","properties":{"name":null,"kind":"water"},"geometry":{"type":"Polygon","coordinates":[[[-0.158017,51.55665],[-0.157835,51.556471],[-0.157549,51.556578],[-0.158017,51.55665]]]}},{"type":"Feature","properties":{"name":null,"kind":"water"},"geometry":{"type":"Polygon","coordinates":[[[-0.320706,51.529543],[-0.320674,51.529533],[-0.320703,51.529505],[-0.320706,51.529543]]]}},{"type":"Feature","properties":{"name":null,"kind":"water"},"geometry":{"type":"Polygon","coordinates":[[[-0.321205,51.529956],[-0.321607,51.530323],[-0.321543,51.530087],[-0.321205,51.529956]]]}},{"type":"Feature","properties":{"name":null,"kind":"water"},"geometry":{"type":"Polygon","coordinates":[[[-0.305812,51.523208],[-0.305712,51.523228],[-0.305731,51.523138],[-0.305812,51.523208]]]}},{"type":"Feature","properties":{"name":null,"kind":"water"},"geometry":{"type":"Polygon","coordinates":[[[0.155399,51.403474],[0.155237,51.4033],[0.155673,51.403199],[0.155399,51.403474]]]}},{"type":"Feature","properties":{"name":null,"kind":"water"},"geometry":{"type":"Polygon","coordinates":[[[-0.380219,51.502701],[-0.380019,51.502679],[-0.380037,51.502614],[-0.380237,51.502636],[-0.380219,51.502701]]]}},{"type":"Feature","properties":{"name":null,"kind":"water"},"geometry":{"type":"Polygon","coordinates":[[[-0.318405,51.495059],[-0.318503,51.495186],[-0.318676,51.495208],[-0.318405,51.495059]]]}},{"type":"Feature","properties":{"name":null,"kind":"water"},"geometry":{"type":"Polygon","coordinates":[[[-0.283208,51.51898],[-0.283249,51.518907],[-0.283197,51.518914],[-0.283208,51.51898]]]}},{"type":"Feature","properties":{"name":null,"kind":"water"},"geometry":{"type":"Polygon","coordinates":[[[0.071354,51.537089],[0.073305,51.534635],[0.073135,51.533717],[0.070555,51.538476],[0.069244,51.538711],[0.069497,51.540802],[0.068681,51.542063],[0.069236,51.543515],[0.068945,51.541849],[0.069887,51.540617],[0.069376,51.538953],[0.070746,51.538551],[0.071354,51.537089]]]}},{"type":"Feature","properties":{"name":"Latchmere","kind":"water"},"geometry":{"type":"Polygon","coordinates":[[[-0.292855,51.432357],[-0.292734,51.432492],[-0.292799,51.432522],[-0.292855,51.432357]]]}},{"type":"Feature","properties":{"name":null,"kind":"water"},"geometry":{"type":"Polygon","coordinates":[[[0.260229,51.555568],[0.260121,51.55521],[0.260509,51.555323],[0.260229,51.555568]]]}},{"type":"Feature","properties":{"name":"St Pancras Basin","kind":"water"},"geometry":{"type":"Polygon","coordinates":[[[-0.128858,51.536906],[-0.128672,51.535957],[-0.128248,51.536041],[-0.128858,51.536906]]]}},{"type":"Feature","properties":{"name":null,"kind":"water"},"geometry":{"type":"Polygon","coordinates":[[[-0.286362,51.451176],[-0.286186,51.451084],[-0.28651,51.450788],[-0.286362,51.451176]]]}},{"type":"Feature","properties":{"name":null,"kind":"water"},"geometry":{"type":"Polygon","coordinates":[[[-0.298595,51.605633],[-0.29866,51.604812],[-0.298115,51.604624],[-0.298595,51.605633]]]}},{"type":"Feature","properties":{"name":"Side Pond","kind":"water"},"geometry":{"type":"Polygon","coordinates":[[[-0.34861,51.505395],[-0.34817,51.505378],[-0.348183,51.505247],[-0.34861,51.505395]]]}},{"type":"Feature","properties":{"name":"Side Pond","kind":"water"},"geometry":{"type":"Polygon","coordinates":[[[-0.345983,51.504528],[-0.345681,51.504347],[-0.346134,51.50443],[-0.345983,51.504528]]]}},{"type":"Feature","properties":{"name":"Side Pond","kind":"water"},"geometry":{"type":"Polygon","coordinates":[[[-0.347166,51.505109],[-0.34679,51.504976],[-0.34728,51.504985],[-0.347166,51.505109]]]}},{"type":"Feature","properties":{"name":"Side Pond","kind":"water"},"geometry":{"type":"Polygon","coordinates":[[[-0.344862,51.50385],[-0.344536,51.503667],[-0.344989,51.503762],[-0.344862,51.50385]]]}},{"type":"Feature","properties":{"name":"Side Pond","kind":"water"},"geometry":{"type":"Polygon","coordinates":[[[-0.350277,51.505363],[-0.349869,51.505392],[-0.349846,51.505267],[-0.350254,51.505238],[-0.350277,51.505363]]]}},{"type":"Feature","properties":{"name":null,"kind":"water"},"geometry":{"type":"Polygon","coordinates":[[[-0.33552,51.576313],[-0.335573,51.576347],[-0.335517,51.576346],[-0.33552,51.576313]]]}},{"type":"Feature","properties":{"name":null,"kind":"water"},"geometry":{"type":"Polygon","coordinates":[[[-0.038342,51.496525],[-0.038412,51.496061],[-0.036932,51.496417],[-0.037261,51.497002],[-0.038342,51.496525]]]}},{"type":"Feature","properties":{"name":null,"kind":"water"},"geometry":{"type":"Polygon","coordinates":[[[0.211006,51.458745],[0.212842,51.457166],[0.212354,51.454681],[0.221221,51.448813],[0.220539,51.44675],[0.221062,51.443976],[0.220401,51.446703],[0.221142,51.448163],[0.220837,51.448919],[0.211965,51.454873],[0.212595,51.456919],[0.211006,51.458745]]]}},{"type":"Feature","properties":{"name":null,"kind":"water"},"geometry":{"type":"Polygon","coordinates":[[[0.232173,51.524539],[0.232842,51.523666],[0.230911,51.522721],[0.230342,51.524595],[0.232173,51.524539]]]}},{"type":"Feature","properties":{"name":null,"kind":"water"},"geometry":{"type":"Polygon","coordinates":[[[-0.075934,51.633814],[-0.076009,51.633839],[-0.075972,51.633882],[-0.075934,51.633814]]]}},{"type":"Feature","properties":{"name":"Pymmes Brook","kind":"water"},"geometry":{"type":"LineString","coordinates":[[-0.145276,51.631554],[-0.142144,51.625897],[-0.137222,51.62343],[-0.13587,51.62145]]}},{"type":"Feature","properties":{"name":"Pymmes Brook","kind":"water"},"geometry":{"type":"LineString","coordinates":[[-0.13587,51.62145],[-0.135629,51.621262]]}},{"type":"Feature","properties":{"name":null,"kind":"water"},"geometry":{"type":"Polygon","coordinates":[[[0.094363,51.516091],[0.094192,51.517006],[0.090941,51.516181],[0.091917,51.514943],[0.094082,51.515142],[0.094363,51.516091]]]}},{"type":"Feature","properties":{"name":"Old Gasworks Lake","kind":"water"},"geometry":{"type":"Polygon","coordinates":[[[0.082513,51.513666],[0.082376,51.511681],[0.083274,51.511979],[0.082513,51.513666]]]}},{"type":"Feature","properties":{"name":null,"kind":"water"},"geometry":{"type":"Polygon","coordinates":[[[-0.046957,51.654287],[-0.047229,51.654237],[-0.047259,51.653993],[-0.046957,51.654287]]]}},{"type":"Feature","properties":{"name":null,"kind":"water"},"geometry":{"type":"Polygon","coordinates":[[[-0.091624,51.674814],[-0.091742,51.674787],[-0.091714,51.674851],[-0.091624,51.674814]]]}},{"type":"Feature","properties":{"name":null,"kind":"water"},"geometry":{"type":"Polygon","coordinates":[[[0.022718,51.615076],[0.022453,51.614841],[0.022665,51.614722],[0.022718,51.615076]]]}},{"type":"Feature","properties":{"name":"Beverley Brook","kind":"water"},"geometry":{"type":"LineString","coordinates":[[-0.223421,51.471505],[-0.221761,51.472332]]}},{"type":"Feature","properties":{"name":"Beverley Brook","kind":"water"},"geometry":{"type":"LineString","coordinates":[[-0.223509,51.471422],[-0.223421,51.471505]]}},{"type":"Feature","properties":{"name":null,"kind":"water"},"geometry":{"type":"Polygon","coordinates":[[[-0.050821,51.445528],[-0.050735,51.445508],[-0.050814,51.445499],[-0.050821,51.445528]]]}},{"type":"Feature","properties":{"name":null,"kind":"water"},"geometry":{"type":"Polygon","coordinates":[[[-0.050716,51.445525],[-0.050655,51.445517],[-0.050678,51.445492],[-0.050716,51.445525]]]}},{"type":"Feature","properties":{"name":null,"kind":"water"},"geometry":{"type":"Polygon","coordinates":[[[-0.050908,51.445539],[-0.050851,51.445534],[-0.050889,51.445523],[-0.050908,51.445539]]]}},{"type":"Feature","properties":{"name":"Bomb Crater Pond","kind":"water"},"geometry":{"type":"Polygon","coordinates":[[[-0.048684,51.566867],[-0.048633,51.567007],[-0.048889,51.566919],[-0.048684,51.566867]]]}},{"type":"Feature","properties":{"name":null,"kind":"water"},"geometry":{"type":"Polygon","coordinates":[[[0.164627,51.444304],[0.164639,51.444201],[0.164351,51.444267],[0.164627,51.444304]]]}},{"type":"Feature","properties":{"name":null,"kind":"water"},"geometry":{"type":"Polygon","coordinates":[[[0.170825,51.44195],[0.171285,51.441738],[0.171061,51.441595],[0.170825,51.44195]]]}},{"type":"Feature","properties":{"name":"Hampton Wick Pond","kind":"water"},"geometry":{"type":"Polygon","coordinates":[[[-0.315611,51.409736],[-0.318443,51.408218],[-0.314246,51.409765],[-0.315611,51.409736]]]}},{"type":"Feature","properties":{"name":"Edgware Brook","kind":"water"},"geometry":{"type":"LineString","coordinates":[[-0.276602,51.608333],[-0.276397,51.608443]]}},{"type":"Feature","properties":{"name":null,"kind":"water"},"geometry":{"type":"Polygon","coordinates":[[[-0.346945,51.561267],[-0.347044,51.561223],[-0.346892,51.561211],[-0.346945,51.561267]]]}},{"type":"Feature","properties":{"name":"Long Pond","kind":"water"},"geometry":{"type":"Polygon","coordinates":[[[-0.497131,51.590494],[-0.495024,51.587987],[-0.49681,51.589256],[-0.497131,51.590494]]]}},{"type":"Feature","properties":{"name":null,"kind":"water"},"geometry":{"type":"Polygon","coordinates":[[[-0.01796,51.549671],[-0.018025,51.549736],[-0.017885,51.549689],[-0.01796,51.549671]]]}},{"type":"Feature","properties":{"name":null,"kind":"water"},"geometry":{"type":"Polygon","coordinates":[[[0.269669,51.552922],[0.270066,51.552936],[0.269937,51.552542],[0.269669,51.552922]]]}},{"type":"Feature","properties":{"name":null,"kind":"water"},"geometry":{"type":"Polygon","coordinates":[[[-0.225861,51.605846],[-0.22574,51.605725],[-0.225303,51.606047],[-0.225861,51.605846]]]}},{"type":"Feature","properties":{"name":null,"kind":"water"},"geometry":{"type":"Polygon","coordinates":[[[-0.225638,51.605265],[-0.225433,51.60491],[-0.22564,51.604883],[-0.225638,51.605265]]]}},{"type":"Feature","properties":{"name":null,"kind":"water"},"geometry":{"type":"Polygon","coordinates":[[[0.144754,51.620966],[0.144911,51.620565],[0.145224,51.620934],[0.144754,51.620966]]]}},{"type":"Feature","properties":{"name":null,"kind":"water"},"geometry":{"type":"Polygon","coordinates":[[[-0.180202,51.416191],[-0.182517,51.415988],[-0.183795,51.414074],[-0.182731,51.415764],[-0.18089,51.416357],[-0.179277,51.414978],[-0.180202,51.416191]]]}},{"type":"Feature","properties":{"name":null,"kind":"water"},"geometry":{"type":"Polygon","coordinates":[[[0.112989,51.456102],[0.113503,51.455703],[0.113498,51.456096],[0.112989,51.456102]]]}},{"type":"Feature","properties":{"name":null,"kind":"water"},"geometry":{"type":"Polygon","coordinates":[[[0.022016,51.537923],[0.022014,51.537965],[0.022084,51.537933],[0.022016,51.537923]]]}},{"type":"Feature","properties":{"name":null,"kind":"water"},"geometry":{"type":"Polygon","coordinates":[[[-0.018592,51.539948],[-0.018455,51.540049],[-0.018557,51.539952],[-0.018592,51.539948]]]}},{"type":"Feature","properties":{"name":"Decoy Brook","kind":"water"},"geometry":{"type":"Polygon","coordinates":[[[-0.177398,51.571874],[-0.177021,51.571792],[-0.177703,51.571472],[-0.177398,51.571874]]]}},{"type":"Feature","properties":{"name":null,"kind":"water"},"geometry":{"type":"Polygon","coordinates":[[[-0.010386,51.486639],[-0.009883,51.486498],[-0.010147,51.486312],[-0.010386,51.486639]]]}},{"type":"Feature","properties":{"name":"Newcastle Drawdock","kind":"water"},"geometry":{"type":"Polygon","coordinates":[[[-0.005379,51.488735],[-0.005084,51.48858],[-0.005532,51.488618],[-0.005379,51.488735]]]}},{"type":"Feature","properties":{"name":null,"kind":"water"},"geometry":{"type":"Polygon","coordinates":[[[-0.145326,51.58171],[-0.14535,51.581732],[-0.145261,51.58175],[-0.145326,51.58171]]]}},{"type":"Feature","properties":{"name":null,"kind":"water"},"geometry":{"type":"Polygon","coordinates":[[[0.143722,51.471679],[0.143791,51.471693],[0.143734,51.471706],[0.143722,51.471679]]]}},{"type":"Feature","properties":{"name":null,"kind":"water"},"geometry":{"type":"Polygon","coordinates":[[[-0.013875,51.530075],[-0.017534,51.531772],[-0.017833,51.533377],[-0.02083,51.536408],[-0.020552,51.537627],[-0.021187,51.537632],[-0.02118,51.536227],[-0.019418,51.535107],[-0.017742,51.531628],[-0.013875,51.530075]]]}},{"type":"Feature","properties":{"name":null,"kind":"water"},"geometry":{"type":"Polygon","coordinates":[[[-0.013338,51.52969],[-0.011002,51.529301],[-0.007651,51.52608],[-0.009436,51.522227],[-0.012131,51.520605],[-0.031137,51.512788],[-0.033273,51.510762],[-0.034289,51.511004],[-0.033267,51.51059],[-0.031499,51.512447],[-0.011636,51.520544],[-0.009031,51.522188],[-0.007759,51.523344],[-0.00724,51.526157],[-0.010132,51.528554],[-0.010474,51.529498],[-0.013338,51.52969]]]}},{"type":"Feature","properties":{"name":"Lee Navigation","kind":"water"},"geometry":{"type":"LineString","coordinates":[[-0.021046,51.537388],[-0.021104,51.536508],[-0.018217,51.533637],[-0.017654,51.531726],[-0.014059,51.530072]]}},{"type":"Feature","properties":{"name":"Salmons Brook","kind":"water"},"geometry":{"type":"LineString","coordinates":[[-0.045294,51.621426],[-0.044746,51.621349]]}},{"type":"Feature","properties":{"name":"River Lee Flood Relief Channel","kind":"water"},"geometry":{"type":"LineString","coordinates":[[-0.044991,51.570336],[-0.044991,51.570132]]}},{"type":"Feature","properties":{"name":"River Lee Flood Relief Channel","kind":"water"},"geometry":{"type":"LineString","coordinates":[[-0.045529,51.571459],[-0.04534,51.571166]]}},{"type":"Feature","properties":{"name":"River Lee Flood Relief Channel","kind":"water"},"geometry":{"type":"LineString","coordinates":[[-0.045529,51.571459],[-0.045596,51.571233]]}},{"type":"Feature","properties":{"name":"River Lee Flood Relief Channel","kind":"water"},"geometry":{"type":"LineString","coordinates":[[-0.045148,51.570411],[-0.041279,51.568154],[-0.039547,51.565358],[-0.033743,51.563341]]}},{"type":"Feature","properties":{"name":"River Lee Flood Relief Channel","kind":"water"},"geometry":{"type":"LineString","coordinates":[[-0.0453,51.570483],[-0.044991,51.570132]]}},{"type":"Feature","properties":{"name":"River Lee Flood Relief Channel","kind":"water"},"geometry":{"type":"LineString","coordinates":[[-0.04534,51.571166],[-0.044991,51.570336]]}},{"type":"Feature","properties":{"name":"River Lee Flood Relief Channel","kind":"water"},"geometry":{"type":"LineString","coordinates":[[-0.045596,51.571233],[-0.0453,51.570483]]}},{"type":"Feature","properties":{"name":null,"kind":"water"},"geometry":{"type":"Polygon","coordinates":[[[-0.0412,51.568214],[-0.045208,51.570403],[-0.041,51.567602],[-0.0412,51.568214]]]}},{"type":"Feature","properties":{"name":null,"kind":"water"},"geometry":{"type":"Polygon","coordinates":[[[-0.044659,51.574501],[-0.040736,51.576591],[-0.045215,51.573753],[-0.045393,51.571492],[-0.045836,51.573177],[-0.044659,51.574501]]]}},{"type":"Feature","properties":{"name":"River Lea","kind":"water"},"geometry":{"type":"LineString","coordinates":[[-0.044351,51.56149],[-0.04382,51.561476]]}},{"type":"Feature","properties":{"name":"River Lea","kind":"water"},"geometry":{"type":"LineString","coordinates":[[-0.04382,51.561476],[-0.043618,51.561493]]}},{"type":"Feature","properties":{"name":"River Lea","kind":"water"},"geometry":{"type":"LineString","coordinates":[[-0.043618,51.561493],[-0.043173,51.561537]]}},{"type":"Feature","properties":{"name":"River Lea","kind":"water"},"geometry":{"type":"LineString","coordinates":[[-0.044829,51.561642],[-0.044351,51.56149]]}},{"type":"Feature","properties":{"name":"River Lea","kind":"water"},"geometry":{"type":"LineString","coordinates":[[-0.044754,51.561653],[-0.044301,51.561679]]}},{"type":"Feature","properties":{"name":"River Lea","kind":"water"},"geometry":{"type":"LineString","coordinates":[[-0.044829,51.561642],[-0.044026,51.561681]]}},{"type":"Feature","properties":{"name":null,"kind":"water"},"geometry":{"type":"Polygon","coordinates":[[[-0.045021,51.561486],[-0.047355,51.562641],[-0.047375,51.563422],[-0.045021,51.561486]]]}},{"type":"Feature","properties":{"name":"River Lee Navigation (Hackney Cut)","kind":"water"},"geometry":{"type":"LineString","coordinates":[[-0.04335,51.5608],[-0.040035,51.559755],[-0.038684,51.557658],[-0.035812,51.555815]]}},{"type":"Feature","properties":{"name":"Lee Navigation","kind":"water"},"geometry":{"type":"LineString","coordinates":[[-0.04384,51.560925],[-0.04335,51.5608]]}},{"type":"Feature","properties":{"name":"Lee Navigation","kind":"water"},"geometry":{"type":"LineString","coordinates":[[-0.04384,51.560925],[-0.04335,51.5608]]}},{"type":"Feature","properties":{"name":null,"kind":"water"},"geometry":{"type":"Polygon","coordinates":[[[-0.02934,51.56148],[-0.024269,51.558838],[-0.02375,51.556972],[-0.025302,51.554578],[-0.018902,51.551411],[-0.025965,51.554638],[-0.024259,51.557647],[-0.025161,51.559168],[-0.027779,51.560582],[-0.029538,51.561249],[-0.032885,51.560528],[-0.035975,51.561329],[-0.043239,51.561457],[-0.036577,51.561603],[-0.032895,51.56069],[-0.02934,51.56148]]]}},{"type":"Feature","properties":{"name":null,"kind":"water"},"geometry":{"type":"Polygon","coordinates":[[[-0.039323,51.560958],[-0.039181,51.561048],[-0.039165,51.560936],[-0.039323,51.560958]]]}},{"type":"Feature","properties":{"name":null,"kind":"water"},"geometry":{"type":"Polygon","coordinates":[[[-0.040252,51.562843],[-0.040093,51.562976],[-0.040405,51.563311],[-0.040252,51.562843]]]}},{"type":"Feature","properties":{"name":"River Lee Flood Relief Channel","kind":"water"},"geometry":{"type":"LineString","coordinates":[[-0.033743,51.563341],[-0.030138,51.561672]]}},{"type":"Feature","properties":{"name":"River Lee Flood Relief Channel","kind":"water"},"geometry":{"type":"LineString","coordinates":[[-0.030138,51.561672],[-0.029548,51.561361]]}},{"type":"Feature","properties":{"name":null,"kind":"water"},"geometry":{"type":"Polygon","coordinates":[[[-0.034621,51.563775],[-0.038715,51.565015],[-0.033798,51.563471],[-0.034621,51.563775]]]}},{"type":"Feature","properties":{"name":null,"kind":"water"},"geometry":{"type":"Polygon","coordinates":[[[-0.039037,51.563079],[-0.03958,51.562889],[-0.039477,51.562498],[-0.039037,51.563079]]]}},{"type":"Feature","properties":{"name":null,"kind":"water"},"geometry":{"type":"Polygon","coordinates":[[[-0.038829,51.563651],[-0.038862,51.563974],[-0.039638,51.563674],[-0.038829,51.563651]]]}},{"type":"Feature","properties":{"name":null,"kind":"water"},"geometry":{"type":"Polygon","coordinates":[[[-0.039016,51.563389],[-0.039862,51.562881],[-0.040344,51.56346],[-0.039016,51.563389]]]}},{"type":"Feature","properties":{"name":null,"kind":"water"},"geometry":{"type":"Polygon","coordinates":[[[-0.037899,51.563246],[-0.037821,51.563616],[-0.03718,51.56319],[-0.037899,51.563246]]]}},{"type":"Feature","properties":{"name":null,"kind":"water"},"geometry":{"type":"Polygon","coordinates":[[[-0.03837,51.56358],[-0.03808,51.564156],[-0.038457,51.564195],[-0.03837,51.56358]]]}},{"type":"Feature","properties":{"name":null,"kind":"water"},"geometry":{"type":"Polygon","coordinates":[[[-0.037008,51.563872],[-0.037109,51.563825],[-0.037095,51.563889],[-0.037008,51.563872]]]}},{"type":"Feature","properties":{"name":null,"kind":"water"},"geometry":{"type":"Polygon","coordinates":[[[-0.154951,51.53553],[-0.155399,51.535468],[-0.154816,51.535102],[-0.155297,51.535273],[-0.154951,51.53553]]]}},{"type":"Feature","properties":{"name":null,"kind":"water"},"geometry":{"type":"Polygon","coordinates":[[[-0.066517,51.535711],[-0.064004,51.535655],[-0.073543,51.535727],[-0.084308,51.537417],[-0.087275,51.53695],[-0.094167,51.533838],[-0.087236,51.537129],[-0.084355,51.537574],[-0.066517,51.535711]]]}},{"type":"Feature","properties":{"name":null,"kind":"water"},"geometry":{"type":"Polygon","coordinates":[[[-0.064045,51.535598],[-0.063507,51.535577],[-0.063646,51.535539],[-0.063344,51.535495],[-0.064045,51.535598]]]}},{"type":"Feature","properties":{"name":null,"kind":"water"},"geometry":{"type":"Polygon","coordinates":[[[-0.063958,51.535655],[-0.063568,51.535609],[-0.063567,51.535651],[-0.063958,51.535655]]]}},{"type":"Feature","properties":{"name":"Regent's Canal","kind":"water"},"geometry":{"type":"LineString","coordinates":[[-0.064313,51.535629],[-0.06322,51.535596]]}},{"type":"Feature","properties":{"name":"Silk Stream","kind":"water"},"geometry":{"type":"LineString","coordinates":[[-0.257748,51.596381],[-0.25759,51.596275]]}},{"type":"Feature","properties":{"name":"Silk Stream","kind":"water"},"geometry":{"type":"LineString","coordinates":[[-0.25759,51.596275],[-0.255066,51.593795],[-0.253992,51.593743]]}},{"type":"Feature","properties":{"name":null,"kind":"water"},"geometry":{"type":"Polygon","coordinates":[[[-0.29503,51.612567],[-0.295072,51.612625],[-0.294869,51.612613],[-0.29503,51.612567]]]}},{"type":"Feature","properties":{"name":"The Pond","kind":"water"},"geometry":{"type":"Polygon","coordinates":[[[-0.062945,51.458013],[-0.062878,51.458073],[-0.062894,51.457998],[-0.062945,51.458013]]]}},{"type":"Feature","properties":{"name":null,"kind":"water"},"geometry":{"type":"Polygon","coordinates":[[[-0.140652,51.501977],[-0.140378,51.502034],[-0.140962,51.501852],[-0.140652,51.501977]]]}},{"type":"Feature","properties":{"name":null,"kind":"water"},"geometry":{"type":"Polygon","coordinates":[[[-0.14041,51.501746],[-0.140217,51.501878],[-0.140608,51.501608],[-0.14041,51.501746]]]}},{"type":"Feature","properties":{"name":"Frays River","kind":"water"},"geometry":{"type":"LineString","coordinates":[[-0.488263,51.526231],[-0.488347,51.526122]]}},{"type":"Feature","properties":{"name":"Frays River","kind":"water"},"geometry":{"type":"LineString","coordinates":[[-0.488347,51.526122],[-0.488454,51.523249],[-0.489048,51.522373],[-0.48812,51.520152],[-0.479457,51.513862],[-0.478793,51.511395],[-0.477765,51.510779],[-0.477124,51.509302],[-0.478585,51.507927],[-0.478033,51.505928],[-0.480366,51.504556],[-0.480187,51.50401],[-0.481476,51.502927],[-0.482639,51.500223],[-0.484946,51.499483]]}},{"type":"Feature","properties":{"name":null,"kind":"water"},"geometry":{"type":"Polygon","coordinates":[[[-0.306753,51.420911],[-0.309296,51.420623],[-0.30935,51.420828],[-0.306753,51.420911]]]}},{"type":"Feature","properties":{"name":null,"kind":"water"},"geometry":{"type":"Polygon","coordinates":[[[-0.113692,51.515715],[-0.113638,51.515664],[-0.113675,51.515647],[-0.113692,51.515715]]]}},{"type":"Feature","properties":{"name":null,"kind":"water"},"geometry":{"type":"Polygon","coordinates":[[[-0.113573,51.515723],[-0.113489,51.515703],[-0.113539,51.51567],[-0.113573,51.515723]]]}},{"type":"Feature","properties":{"name":null,"kind":"water"},"geometry":{"type":"Polygon","coordinates":[[[0.003771,51.511647],[0.003895,51.511503],[0.003089,51.510967],[0.003771,51.511647]]]}},{"type":"Feature","properties":{"name":null,"kind":"water"},"geometry":{"type":"Polygon","coordinates":[[[-0.276929,51.476047],[-0.277027,51.476019],[-0.276284,51.475173],[-0.276929,51.476047]]]}},{"type":"Feature","properties":{"name":null,"kind":"water"},"geometry":{"type":"Polygon","coordinates":[[[-0.228819,51.591534],[-0.228677,51.591565],[-0.228801,51.591594],[-0.228819,51.591534]]]}},{"type":"Feature","properties":{"name":null,"kind":"water"},"geometry":{"type":"Polygon","coordinates":[[[-0.046477,51.564418],[-0.046861,51.563296],[-0.047463,51.564976],[-0.046477,51.564418]]]}},{"type":"Feature","properties":{"name":null,"kind":"water"},"geometry":{"type":"Polygon","coordinates":[[[-0.309783,51.412244],[-0.309139,51.412154],[-0.309172,51.412362],[-0.309783,51.412244]]]}},{"type":"Feature","properties":{"name":null,"kind":"water"},"geometry":{"type":"Polygon","coordinates":[[[0.134014,51.557629],[0.135298,51.557566],[0.134306,51.557706],[0.134014,51.557629]]]}},{"type":"Feature","properties":{"name":"River Crane","kind":"water"},"geometry":{"type":"LineString","coordinates":[[-0.390475,51.451318],[-0.389579,51.449244]]}},{"type":"Feature","properties":{"name":null,"kind":"water"},"geometry":{"type":"Polygon","coordinates":[[[-0.08561,51.649337],[-0.085481,51.649507],[-0.085386,51.649144],[-0.08561,51.649337]]]}},{"type":"Feature","properties":{"name":null,"kind":"water"},"geometry":{"type":"Polygon","coordinates":[[[-0.175429,51.510138],[-0.175376,51.510157],[-0.175374,51.510125],[-0.175429,51.510138]]]}},{"type":"Feature","properties":{"name":"Mutton Brook","kind":"water"},"geometry":{"type":"Polygon","coordinates":[[[-0.168167,51.577617],[-0.167935,51.577315],[-0.168262,51.577407],[-0.168167,51.577617]]]}},{"type":"Feature","properties":{"name":"Mutton Brook","kind":"water"},"geometry":{"type":"Polygon","coordinates":[[[-0.168605,51.578238],[-0.168548,51.578352],[-0.168375,51.578173],[-0.168605,51.578238]]]}},{"type":"Feature","properties":{"name":"Mutton Brook","kind":"water"},"geometry":{"type":"Polygon","coordinates":[[[-0.168846,51.578479],[-0.16883,51.578559],[-0.16894,51.578581],[-0.168846,51.578479]]]}},{"type":"Feature","properties":{"name":"Mutton Brook","kind":"water"},"geometry":{"type":"Polygon","coordinates":[[[-0.169784,51.579313],[-0.169826,51.579424],[-0.169842,51.57933],[-0.169784,51.579313]]]}},{"type":"Feature","properties":{"name":"Mutton Brook","kind":"water"},"geometry":{"type":"Polygon","coordinates":[[[-0.170127,51.579586],[-0.170109,51.579664],[-0.170226,51.579688],[-0.170127,51.579586]]]}},{"type":"Feature","properties":{"name":null,"kind":"water"},"geometry":{"type":"Polygon","coordinates":[[[-0.156362,51.669561],[-0.15647,51.669355],[-0.156649,51.669406],[-0.156362,51.669561]]]}},{"type":"Feature","properties":{"name":null,"kind":"water"},"geometry":{"type":"Polygon","coordinates":[[[-0.154528,51.66858],[-0.154482,51.668447],[-0.154712,51.668556],[-0.154528,51.66858]]]}},{"type":"Feature","properties":{"name":null,"kind":"water"},"geometry":{"type":"Polygon","coordinates":[[[-0.149225,51.664828],[-0.149032,51.664688],[-0.14945,51.664681],[-0.149225,51.664828]]]}},{"type":"Feature","properties":{"name":null,"kind":"water"},"geometry":{"type":"Polygon","coordinates":[[[-0.040306,51.496882],[-0.040219,51.496897],[-0.040213,51.496825],[-0.040306,51.496882]]]}},{"type":"Feature","properties":{"name":null,"kind":"water"},"geometry":{"type":"Polygon","coordinates":[[[-0.040319,51.497769],[-0.040248,51.497683],[-0.040319,51.497677],[-0.040319,51.497769]]]}},{"type":"Feature","properties":{"name":null,"kind":"water"},"geometry":{"type":"Polygon","coordinates":[[[-0.184923,51.475427],[-0.185281,51.474872],[-0.185473,51.474941],[-0.184923,51.475427]]]}},{"type":"Feature","properties":{"name":null,"kind":"water"},"geometry":{"type":"Polygon","coordinates":[[[-0.185534,51.475989],[-0.184602,51.477147],[-0.183936,51.475967],[-0.184723,51.475456],[-0.184294,51.476091],[-0.184747,51.47689],[-0.185534,51.475989]]]}},{"type":"Feature","properties":{"name":null,"kind":"water"},"geometry":{"type":"Polygon","coordinates":[[[-0.488935,51.56596],[-0.48606,51.565306],[-0.48636,51.563906],[-0.489622,51.564599],[-0.488935,51.56596]]]}},{"type":"Feature","properties":{"name":null,"kind":"water"},"geometry":{"type":"Polygon","coordinates":[[[-0.298211,51.346979],[-0.298399,51.346824],[-0.297972,51.346898],[-0.298211,51.346979]]]}},{"type":"Feature","properties":{"name":null,"kind":"water"},"geometry":{"type":"Polygon","coordinates":[[[0.211006,51.458745],[0.210874,51.458985],[0.211186,51.459004],[0.211006,51.458745]]]}},{"type":"Feature","properties":{"name":null,"kind":"water"},"geometry":{"type":"Polygon","coordinates":[[[-0.027463,51.521007],[-0.027377,51.520942],[-0.027344,51.520996],[-0.027463,51.521007]]]}},{"type":"Feature","properties":{"name":null,"kind":"water"},"geometry":{"type":"Polygon","coordinates":[[[-0.037563,51.62666],[-0.036061,51.62639],[-0.036463,51.625514],[-0.037965,51.625784],[-0.037563,51.62666]]]}},{"type":"Feature","properties":{"name":null,"kind":"water"},"geometry":{"type":"Polygon","coordinates":[[[-0.038008,51.625691],[-0.036522,51.625418],[-0.036742,51.62498],[-0.03825,51.625256],[-0.038008,51.625691]]]}},{"type":"Feature","properties":{"name":null,"kind":"water"},"geometry":{"type":"Polygon","coordinates":[[[-0.050462,51.567782],[-0.050019,51.567565],[-0.048849,51.566661],[-0.050462,51.567782]]]}},{"type":"Feature","properties":{"name":null,"kind":"water"},"geometry":{"type":"Polygon","coordinates":[[[-0.050505,51.567771],[-0.050543,51.56779],[-0.050484,51.567791],[-0.050505,51.567771]]]}},{"type":"Feature","properties":{"name":null,"kind":"water"},"geometry":{"type":"Polygon","coordinates":[[[-0.056498,51.571111],[-0.054089,51.570311],[-0.052955,51.568627],[-0.04721,51.565264],[-0.053493,51.568575],[-0.054493,51.57017],[-0.056453,51.570574],[-0.056958,51.571255],[-0.056498,51.571111]]]}},{"type":"Feature","properties":{"name":null,"kind":"water"},"geometry":{"type":"Polygon","coordinates":[[[-0.055219,51.573106],[-0.056287,51.571296],[-0.054133,51.574377],[-0.055219,51.573106]]]}},{"type":"Feature","properties":{"name":null,"kind":"water"},"geometry":{"type":"Polygon","coordinates":[[[-0.055739,51.570871],[-0.054036,51.570481],[-0.051327,51.568065],[-0.052643,51.568655],[-0.0542,51.570547],[-0.055739,51.570871]]]}},{"type":"Feature","properties":{"name":null,"kind":"water"},"geometry":{"type":"Polygon","coordinates":[[[-0.058599,51.572452],[-0.062447,51.57936],[-0.061342,51.580793],[-0.056225,51.58422],[-0.056766,51.587119],[-0.056296,51.587942],[-0.05593,51.5844],[-0.054894,51.585814],[-0.055293,51.584654],[-0.061948,51.579543],[-0.058698,51.573943],[-0.058599,51.572452]]]}},{"type":"Feature","properties":{"name":null,"kind":"water"},"geometry":{"type":"Polygon","coordinates":[[[0.108485,51.521336],[0.109075,51.521407],[0.109036,51.521228],[0.108485,51.521336]]]}},{"type":"Feature","properties":{"name":null,"kind":"water"},"geometry":{"type":"Polygon","coordinates":[[[0.106995,51.52135],[0.108029,51.521256],[0.107331,51.521208],[0.106995,51.52135]]]}},{"type":"Feature","properties":{"name":null,"kind":"water"},"geometry":{"type":"Polygon","coordinates":[[[0.116889,51.594929],[0.117603,51.59517],[0.117226,51.594419],[0.116889,51.594929]]]}},{"type":"Feature","properties":{"name":null,"kind":"water"},"geometry":{"type":"Polygon","coordinates":[[[0.117577,51.595716],[0.117602,51.595289],[0.117973,51.595423],[0.117577,51.595716]]]}},{"type":"Feature","properties":{"name":null,"kind":"water"},"geometry":{"type":"Polygon","coordinates":[[[-0.125759,51.605086],[-0.125784,51.605094],[-0.125747,51.605102],[-0.125759,51.605086]]]}},{"type":"Feature","properties":{"name":null,"kind":"water"},"geometry":{"type":"Polygon","coordinates":[[[0.216432,51.537442],[0.217229,51.537068],[0.216939,51.536247],[0.216071,51.536486],[0.216759,51.536848],[0.216432,51.537442]]]}},{"type":"Feature","properties":{"name":"South Dock Lock","kind":"water"},"geometry":{"type":"LineString","coordinates":[[-0.033253,51.494139],[-0.033728,51.494044]]}},{"type":"Feature","properties":{"name":null,"kind":"water"},"geometry":{"type":"Polygon","coordinates":[[[-0.048596,51.577671],[-0.048753,51.577598],[-0.048497,51.577588],[-0.048596,51.577671]]]}},{"type":"Feature","properties":{"name":null,"kind":"water"},"geometry":{"type":"Polygon","coordinates":[[[-0.049558,51.577604],[-0.049461,51.577524],[-0.049304,51.577597],[-0.049401,51.577677],[-0.049558,51.577604]]]}},{"type":"Feature","properties":{"name":null,"kind":"water"},"geometry":{"type":"Polygon","coordinates":[[[-0.048553,51.577852],[-0.048463,51.577777],[-0.048708,51.57778],[-0.048553,51.577852]]]}},{"type":"Feature","properties":{"name":null,"kind":"water"},"geometry":{"type":"Polygon","coordinates":[[[-0.048969,51.577542],[-0.049059,51.577617],[-0.049219,51.577543],[-0.049129,51.577468],[-0.048969,51.577542]]]}},{"type":"Feature","properties":{"name":null,"kind":"water"},"geometry":{"type":"Polygon","coordinates":[[[-0.049016,51.577137],[-0.049174,51.577064],[-0.049265,51.577139],[-0.049106,51.577212],[-0.049016,51.577137]]]}},{"type":"Feature","properties":{"name":null,"kind":"water"},"geometry":{"type":"Polygon","coordinates":[[[-0.048877,51.57792],[-0.048625,51.577912],[-0.048722,51.577993],[-0.048877,51.57792]]]}},{"type":"Feature","properties":{"name":null,"kind":"water"},"geometry":{"type":"Polygon","coordinates":[[[-0.048846,51.577216],[-0.048937,51.577291],[-0.049094,51.577218],[-0.049003,51.577143],[-0.048846,51.577216]]]}},{"type":"Feature","properties":{"name":null,"kind":"water"},"geometry":{"type":"Polygon","coordinates":[[[-0.049232,51.577537],[-0.049389,51.577464],[-0.049142,51.577462],[-0.049232,51.577537]]]}},{"type":"Feature","properties":{"name":null,"kind":"water"},"geometry":{"type":"Polygon","coordinates":[[[-0.049046,51.577842],[-0.04895,51.577761],[-0.048793,51.577834],[-0.048889,51.577915],[-0.049046,51.577842]]]}},{"type":"Feature","properties":{"name":null,"kind":"water"},"geometry":{"type":"Polygon","coordinates":[[[-0.049312,51.577383],[-0.04947,51.57731],[-0.04956,51.577385],[-0.049402,51.577458],[-0.049312,51.577383]]]}},{"type":"Feature","properties":{"name":null,"kind":"water"},"geometry":{"type":"Polygon","coordinates":[[[-0.049095,51.577439],[-0.048996,51.577357],[-0.048835,51.577431],[-0.048934,51.577513],[-0.049095,51.577439]]]}},{"type":"Feature","properties":{"name":null,"kind":"water"},"geometry":{"type":"Polygon","coordinates":[[[-0.048788,51.577627],[-0.048631,51.5777],[-0.048878,51.577701],[-0.048788,51.577627]]]}},{"type":"Feature","properties":{"name":null,"kind":"water"},"geometry":{"type":"Polygon","coordinates":[[[-0.048764,51.577371],[-0.048673,51.577296],[-0.048924,51.577297],[-0.048764,51.577371]]]}},{"type":"Feature","properties":{"name":null,"kind":"water"},"geometry":{"type":"Polygon","coordinates":[[[-0.048583,51.577676],[-0.048428,51.577748],[-0.048329,51.577666],[-0.048484,51.577594],[-0.048583,51.577676]]]}},{"type":"Feature","properties":{"name":null,"kind":"water"},"geometry":{"type":"Polygon","coordinates":[[[-0.048957,51.577548],[-0.0488,51.577621],[-0.049047,51.577623],[-0.048957,51.577548]]]}},{"type":"Feature","properties":{"name":null,"kind":"water"},"geometry":{"type":"Polygon","coordinates":[[[-0.049729,51.577525],[-0.049632,51.577444],[-0.049474,51.577518],[-0.049729,51.577525]]]}},{"type":"Feature","properties":{"name":null,"kind":"water"},"geometry":{"type":"Polygon","coordinates":[[[-0.048335,51.577453],[-0.048582,51.577456],[-0.048492,51.57738],[-0.048335,51.577453]]]}},{"type":"Feature","properties":{"name":null,"kind":"water"},"geometry":{"type":"Polygon","coordinates":[[[-0.048922,51.577519],[-0.048666,51.577509],[-0.048765,51.577592],[-0.048922,51.577519]]]}},{"type":"Feature","properties":{"name":null,"kind":"water"},"geometry":{"type":"Polygon","coordinates":[[[-0.048595,51.57745],[-0.048504,51.577374],[-0.048751,51.577377],[-0.048595,51.57745]]]}},{"type":"Feature","properties":{"name":null,"kind":"water"},"geometry":{"type":"Polygon","coordinates":[[[-0.049215,51.577763],[-0.049119,51.577683],[-0.048962,51.577756],[-0.049059,51.577836],[-0.049215,51.577763]]]}},{"type":"Feature","properties":{"name":null,"kind":"water"},"geometry":{"type":"Polygon","coordinates":[[[-0.048257,51.577606],[-0.048167,51.577531],[-0.048413,51.577534],[-0.048257,51.577606]]]}},{"type":"Feature","properties":{"name":null,"kind":"water"},"geometry":{"type":"Polygon","coordinates":[[[-0.049292,51.577603],[-0.049388,51.577683],[-0.049131,51.577677],[-0.049292,51.577603]]]}},{"type":"Feature","properties":{"name":null,"kind":"water"},"geometry":{"type":"Polygon","coordinates":[[[-0.049277,51.577354],[-0.049178,51.577272],[-0.049435,51.577281],[-0.049277,51.577354]]]}},{"type":"Feature","properties":{"name":null,"kind":"water"},"geometry":{"type":"Polygon","coordinates":[[[-0.049265,51.57736],[-0.049166,51.577278],[-0.049008,51.577351],[-0.049107,51.577433],[-0.049265,51.57736]]]}},{"type":"Feature","properties":{"name":null,"kind":"water"},"geometry":{"type":"Polygon","coordinates":[[[-0.148173,51.313576],[-0.148301,51.31339],[-0.148119,51.313387],[-0.148173,51.313576]]]}},{"type":"Feature","properties":{"name":null,"kind":"water"},"geometry":{"type":"Polygon","coordinates":[[[-0.025792,51.522357],[-0.025872,51.522343],[-0.025846,51.522287],[-0.025792,51.522357]]]}},{"type":"Feature","properties":{"name":null,"kind":"water"},"geometry":{"type":"Polygon","coordinates":[[[-0.05332,51.579093],[-0.053099,51.578705],[-0.05517,51.583712],[-0.05332,51.579093]]]}},{"type":"Feature","properties":{"name":"River Pinn","kind":"water"},"geometry":{"type":"LineString","coordinates":[[-0.465675,51.545204],[-0.467065,51.543999],[-0.466977,51.542031]]}},{"type":"Feature","properties":{"name":"River Pinn","kind":"water"},"geometry":{"type":"LineString","coordinates":[[-0.466977,51.542031],[-0.466311,51.538024],[-0.467405,51.536522],[-0.469074,51.536012]]}},{"type":"Feature","properties":{"name":null,"kind":"water"},"geometry":{"type":"Polygon","coordinates":[[[-0.316293,51.350699],[-0.316403,51.350832],[-0.31655,51.350537],[-0.316293,51.350699]]]}},{"type":"Feature","properties":{"name":null,"kind":"water"},"geometry":{"type":"Polygon","coordinates":[[[-0.316267,51.350867],[-0.315916,51.351206],[-0.315782,51.351194],[-0.316267,51.350867]]]}},{"type":"Feature","properties":{"name":null,"kind":"water"},"geometry":{"type":"Polygon","coordinates":[[[-0.315088,51.348285],[-0.315456,51.348085],[-0.315596,51.348186],[-0.315088,51.348285]]]}},{"type":"Feature","properties":{"name":null,"kind":"water"},"geometry":{"type":"Polygon","coordinates":[[[-0.316775,51.350448],[-0.316662,51.350578],[-0.317047,51.350436],[-0.316775,51.350448]]]}},{"type":"Feature","properties":{"name":"Penguin Bay","kind":"water"},"geometry":{"type":"Polygon","coordinates":[[[-0.316357,51.349353],[-0.31623,51.349364],[-0.316376,51.349274],[-0.316357,51.349353]]]}},{"type":"Feature","properties":{"name":null,"kind":"water"},"geometry":{"type":"Polygon","coordinates":[[[-0.318546,51.348884],[-0.318682,51.348868],[-0.318682,51.348904],[-0.318546,51.348884]]]}},{"type":"Feature","properties":{"name":null,"kind":"water"},"geometry":{"type":"Polygon","coordinates":[[[-0.320313,51.348708],[-0.320499,51.348597],[-0.320346,51.348496],[-0.320313,51.348708]]]}},{"type":"Feature","properties":{"name":null,"kind":"water"},"geometry":{"type":"Polygon","coordinates":[[[-0.320196,51.348399],[-0.320037,51.348339],[-0.319775,51.348654],[-0.320196,51.348399]]]}},{"type":"Feature","properties":{"name":null,"kind":"water"},"geometry":{"type":"Polygon","coordinates":[[[-0.316746,51.350646],[-0.316515,51.35086],[-0.316621,51.350887],[-0.316746,51.350646]]]}},{"type":"Feature","properties":{"name":null,"kind":"water"},"geometry":{"type":"Polygon","coordinates":[[[-0.317553,51.350228],[-0.317709,51.350213],[-0.317641,51.350148],[-0.317553,51.350228]]]}},{"type":"Feature","properties":{"name":null,"kind":"water"},"geometry":{"type":"Polygon","coordinates":[[[-0.316666,51.349348],[-0.31676,51.349309],[-0.316557,51.349259],[-0.316666,51.349348]]]}},{"type":"Feature","properties":{"name":"Mini Boats","kind":"water"},"geometry":{"type":"Polygon","coordinates":[[[-0.318853,51.348698],[-0.319032,51.34871],[-0.31899,51.348664],[-0.318853,51.348698]]]}},{"type":"Feature","properties":{"name":null,"kind":"water"},"geometry":{"type":"Polygon","coordinates":[[[-0.319731,51.34864],[-0.319927,51.348351],[-0.320207,51.348353],[-0.319871,51.348341],[-0.319731,51.34864]]]}},{"type":"Feature","properties":{"name":null,"kind":"water"},"geometry":{"type":"Polygon","coordinates":[[[0.020739,51.442156],[0.020807,51.442065],[0.020949,51.442174],[0.020739,51.442156]]]}},{"type":"Feature","properties":{"name":null,"kind":"water"},"geometry":{"type":"Polygon","coordinates":[[[0.110755,51.419752],[0.110726,51.419816],[0.110826,51.419805],[0.110755,51.419752]]]}},{"type":"Feature","properties":{"name":null,"kind":"water"},"geometry":{"type":"Polygon","coordinates":[[[-0.130056,51.606059],[-0.13015,51.605986],[-0.129877,51.605914],[-0.130056,51.606059]]]}},{"type":"Feature","properties":{"name":null,"kind":"water"},"geometry":{"type":"Polygon","coordinates":[[[-0.063729,51.675511],[-0.063608,51.675306],[-0.064064,51.675569],[-0.063729,51.675511]]]}},{"type":"Feature","properties":{"name":null,"kind":"water"},"geometry":{"type":"Polygon","coordinates":[[[-0.118119,51.421218],[-0.118057,51.421233],[-0.118057,51.421204],[-0.118119,51.421218]]]}},{"type":"Feature","properties":{"name":"Mill Pond","kind":"water"},"geometry":{"type":"Polygon","coordinates":[[[-0.013438,51.460426],[-0.013184,51.460378],[-0.013154,51.45998],[-0.013438,51.460426]]]}},{"type":"Feature","properties":{"name":null,"kind":"water"},"geometry":{"type":"Polygon","coordinates":[[[-0.211413,51.445725],[-0.211226,51.445868],[-0.210875,51.445698],[-0.211413,51.445725]]]}},{"type":"Feature","properties":{"name":null,"kind":"water"},"geometry":{"type":"Polygon","coordinates":[[[-0.320795,51.489862],[-0.321148,51.490017],[-0.321217,51.489781],[-0.320795,51.489862]]]}},{"type":"Feature","properties":{"name":null,"kind":"water"},"geometry":{"type":"Polygon","coordinates":[[[-0.386133,51.59234],[-0.385926,51.592641],[-0.386437,51.592228],[-0.386133,51.59234]]]}},{"type":"Feature","properties":{"name":null,"kind":"water"},"geometry":{"type":"Polygon","coordinates":[[[-0.140064,51.527329],[-0.140286,51.527236],[-0.140281,51.527329],[-0.140064,51.527329]]]}},{"type":"Feature","properties":{"name":null,"kind":"water"},"geometry":{"type":"Polygon","coordinates":[[[0.084219,51.527221],[0.084416,51.526863],[0.084157,51.52688],[0.084219,51.527221]]]}},{"type":"Feature","properties":{"name":null,"kind":"water"},"geometry":{"type":"Polygon","coordinates":[[[0.084476,51.527203],[0.084745,51.527184],[0.084683,51.526844],[0.084476,51.527203]]]}},{"type":"Feature","properties":{"name":null,"kind":"water"},"geometry":{"type":"Polygon","coordinates":[[[0.084745,51.527184],[0.085013,51.527166],[0.084951,51.526825],[0.084745,51.527184]]]}},{"type":"Feature","properties":{"name":"Mayes Brook","kind":"water"},"geometry":{"type":"LineString","coordinates":[[0.093702,51.529105],[0.093505,51.528768]]}},{"type":"Feature","properties":{"name":"Mayes Brook","kind":"water"},"geometry":{"type":"LineString","coordinates":[[0.105577,51.538447],[0.102877,51.535384]]}},{"type":"Feature","properties":{"name":"The Gores","kind":"water"},"geometry":{"type":"LineString","coordinates":[[0.132618,51.522227],[0.13189,51.52134],[0.131905,51.519602]]}},{"type":"Feature","properties":{"name":"The Gores","kind":"water"},"geometry":{"type":"LineString","coordinates":[[0.132124,51.51942],[0.132729,51.518743]]}},{"type":"Feature","properties":{"name":"The Gores","kind":"water"},"geometry":{"type":"LineString","coordinates":[[0.143721,51.529953],[0.143706,51.529766]]}},{"type":"Feature","properties":{"name":null,"kind":"water"},"geometry":{"type":"Polygon","coordinates":[[[-0.098168,51.668516],[-0.097733,51.668591],[-0.097738,51.66848],[-0.098168,51.668516]]]}},{"type":"Feature","properties":{"name":null,"kind":"water"},"geometry":{"type":"Polygon","coordinates":[[[-0.038186,51.496721],[-0.037914,51.496794],[-0.038016,51.496659],[-0.038186,51.496721]]]}},{"type":"Feature","properties":{"name":null,"kind":"water"},"geometry":{"type":"Polygon","coordinates":[[[-0.104314,51.453752],[-0.104355,51.453607],[-0.104763,51.453662],[-0.104314,51.453752]]]}},{"type":"Feature","properties":{"name":null,"kind":"water"},"geometry":{"type":"Polygon","coordinates":[[[0.215639,51.45966],[0.213988,51.459693],[0.213913,51.461585],[0.215694,51.462126],[0.216509,51.459974],[0.215639,51.45966]]]}},{"type":"Feature","properties":{"name":null,"kind":"water"},"geometry":{"type":"Polygon","coordinates":[[[-0.480839,51.558721],[-0.480654,51.558078],[-0.481142,51.55825],[-0.480839,51.558721]]]}},{"type":"Feature","properties":{"name":null,"kind":"water"},"geometry":{"type":"Polygon","coordinates":[[[-0.479742,51.559165],[-0.479444,51.559088],[-0.480297,51.558586],[-0.479742,51.559165]]]}},{"type":"Feature","properties":{"name":null,"kind":"water"},"geometry":{"type":"Polygon","coordinates":[[[-0.497797,51.549635],[-0.498028,51.547492],[-0.498986,51.546373],[-0.496191,51.545667],[-0.495183,51.547546],[-0.496776,51.548495],[-0.49724,51.549514],[-0.496998,51.551746],[-0.497498,51.551824],[-0.497797,51.549635]]]}},{"type":"Feature","properties":{"name":null,"kind":"water"},"geometry":{"type":"Polygon","coordinates":[[[-0.488231,51.563678],[-0.487099,51.563398],[-0.487893,51.56136],[-0.488719,51.56132],[-0.489583,51.56185],[-0.489159,51.562884],[-0.489717,51.563328],[-0.488231,51.563678]]]}},{"type":"Feature","properties":{"name":null,"kind":"water"},"geometry":{"type":"Polygon","coordinates":[[[-0.489843,51.570122],[-0.490522,51.570249],[-0.489288,51.569862],[-0.489843,51.570122]]]}},{"type":"Feature","properties":{"name":null,"kind":"water"},"geometry":{"type":"Polygon","coordinates":[[[-0.488955,51.568506],[-0.489884,51.568289],[-0.488296,51.567994],[-0.488955,51.568506]]]}},{"type":"Feature","properties":{"name":null,"kind":"water"},"geometry":{"type":"Polygon","coordinates":[[[-0.487365,51.575443],[-0.488073,51.574856],[-0.487802,51.574438],[-0.486925,51.574778],[-0.487365,51.575443]]]}},{"type":"Feature","properties":{"name":"River Quaggy","kind":"water"},"geometry":{"type":"LineString","coordinates":[[-0.011031,51.464738],[-0.011461,51.464856]]}},{"type":"Feature","properties":{"name":"River Ravensbourne","kind":"water"},"geometry":{"type":"LineString","coordinates":[[-0.012282,51.464712],[-0.012577,51.465234]]}},{"type":"Feature","properties":{"name":null,"kind":"water"},"geometry":{"type":"Polygon","coordinates":[[[-0.066565,51.522263],[-0.066552,51.522274],[-0.066507,51.522246],[-0.066565,51.522263]]]}},{"type":"Feature","properties":{"name":null,"kind":"water"},"geometry":{"type":"Polygon","coordinates":[[[-0.456824,51.450166],[-0.455354,51.450134],[-0.455448,51.44918],[-0.456897,51.449205],[-0.456824,51.450166]]]}},{"type":"Feature","properties":{"name":null,"kind":"water"},"geometry":{"type":"Polygon","coordinates":[[[-0.045343,51.560971],[-0.0455,51.560895],[-0.045909,51.561355],[-0.045343,51.560971]]]}},{"type":"Feature","properties":{"name":null,"kind":"water"},"geometry":{"type":"Polygon","coordinates":[[[-0.099375,51.49593],[-0.099374,51.495874],[-0.099088,51.495876],[-0.099375,51.49593]]]}},{"type":"Feature","properties":{"name":"West India Dock Entrance Lock","kind":"water"},"geometry":{"type":"Polygon","coordinates":[[[-0.009476,51.501409],[-0.011436,51.501519],[-0.011467,51.501288],[-0.009476,51.501409]]]}},{"type":"Feature","properties":{"name":null,"kind":"water"},"geometry":{"type":"Polygon","coordinates":[[[-0.162221,51.480521],[-0.162083,51.480621],[-0.16204,51.48057],[-0.162221,51.480521]]]}},{"type":"Feature","properties":{"name":null,"kind":"water"},"geometry":{"type":"Polygon","coordinates":[[[-0.236842,51.55921],[-0.237539,51.558998],[-0.237826,51.559187],[-0.236842,51.55921]]]}},{"type":"Feature","properties":{"name":"River Lee Navigation (Hackney Cut)","kind":"water"},"geometry":{"type":"Polygon","coordinates":[[[-0.040991,51.560259],[-0.03991,51.559864],[-0.037802,51.557025],[-0.034614,51.555237],[-0.0383,51.557178],[-0.040991,51.560259]]]}},{"type":"Feature","properties":{"name":null,"kind":"water"},"geometry":{"type":"Polygon","coordinates":[[[-0.133606,51.669218],[-0.133751,51.669175],[-0.133719,51.669251],[-0.133606,51.669218]]]}},{"type":"Feature","properties":{"name":null,"kind":"water"},"geometry":{"type":"Polygon","coordinates":[[[-0.001562,51.53216],[-0.000976,51.53234],[-0.001048,51.531971],[-0.001562,51.53216]]]}},{"type":"Feature","properties":{"name":"Monks Farm Pond","kind":"water"},"geometry":{"type":"Polygon","coordinates":[[[0.309157,51.56366],[0.309203,51.563685],[0.309205,51.563645],[0.309157,51.56366]]]}},{"type":"Feature","properties":{"name":null,"kind":"water"},"geometry":{"type":"Polygon","coordinates":[[[-0.000188,51.369577],[0.000122,51.369527],[-0.000033,51.369152],[-0.000343,51.369202],[-0.000188,51.369577]]]}},{"type":"Feature","properties":{"name":null,"kind":"water"},"geometry":{"type":"Polygon","coordinates":[[[-0.275614,51.53738],[-0.275788,51.537494],[-0.275649,51.537637],[-0.275614,51.53738]]]}},{"type":"Feature","properties":{"name":null,"kind":"water"},"geometry":{"type":"Polygon","coordinates":[[[-0.045657,51.578601],[-0.045608,51.578561],[-0.045747,51.578496],[-0.045657,51.578601]]]}},{"type":"Feature","properties":{"name":null,"kind":"water"},"geometry":{"type":"Polygon","coordinates":[[[-0.0458,51.578539],[-0.045843,51.578575],[-0.045661,51.578605],[-0.0458,51.578539]]]}},{"type":"Feature","properties":{"name":"New River Loop (bypassed)","kind":"water"},"geometry":{"type":"LineString","coordinates":[[-0.080134,51.654608],[-0.080126,51.654758]]}},{"type":"Feature","properties":{"name":"New River Loop (bypassed)","kind":"water"},"geometry":{"type":"LineString","coordinates":[[-0.080153,51.654327],[-0.080134,51.654608]]}},{"type":"Feature","properties":{"name":"New River Loop (bypassed)","kind":"water"},"geometry":{"type":"LineString","coordinates":[[-0.080415,51.655086],[-0.080731,51.655179]]}},{"type":"Feature","properties":{"name":"New River Loop (bypassed)","kind":"water"},"geometry":{"type":"LineString","coordinates":[[-0.080324,51.654823],[-0.080377,51.654858]]}},{"type":"Feature","properties":{"name":"New River Loop (bypassed)","kind":"water"},"geometry":{"type":"LineString","coordinates":[[-0.08015,51.654235],[-0.080153,51.654327]]}},{"type":"Feature","properties":{"name":"New River Loop (bypassed)","kind":"water"},"geometry":{"type":"LineString","coordinates":[[-0.076794,51.652549],[-0.079087,51.652485]]}},{"type":"Feature","properties":{"name":"New River Loop (bypassed)","kind":"water"},"geometry":{"type":"LineString","coordinates":[[-0.080377,51.654858],[-0.080405,51.655064]]}},{"type":"Feature","properties":{"name":"New River Loop (bypassed)","kind":"water"},"geometry":{"type":"LineString","coordinates":[[-0.080125,51.654781],[-0.080324,51.654823]]}},{"type":"Feature","properties":{"name":"New River Loop (bypassed)","kind":"water"},"geometry":{"type":"LineString","coordinates":[[-0.076304,51.652527],[-0.076794,51.652549]]}},{"type":"Feature","properties":{"name":null,"kind":"water"},"geometry":{"type":"Polygon","coordinates":[[[-0.080187,51.654612],[-0.080104,51.654327],[-0.080206,51.654327],[-0.080187,51.654612]]]}},{"type":"Feature","properties":{"name":"New River Loop (bypassed)","kind":"water"},"geometry":{"type":"LineString","coordinates":[[-0.086053,51.646849],[-0.082985,51.644233]]}},{"type":"Feature","properties":{"name":"New River Loop (bypassed)","kind":"water"},"geometry":{"type":"LineString","coordinates":[[-0.080126,51.654758],[-0.080125,51.654781]]}},{"type":"Feature","properties":{"name":"New River Loop (bypassed)","kind":"water"},"geometry":{"type":"LineString","coordinates":[[-0.080405,51.655064],[-0.080415,51.655086]]}},{"type":"Feature","properties":{"name":null,"kind":"water"},"geometry":{"type":"Polygon","coordinates":[[[-0.080005,51.654234],[-0.079997,51.653911],[-0.080204,51.653911],[-0.080005,51.654234]]]}},{"type":"Feature","properties":{"name":null,"kind":"water"},"geometry":{"type":"Polygon","coordinates":[[[-0.080141,51.654833],[-0.08033,51.655066],[-0.080466,51.654857],[-0.080141,51.654833]]]}},{"type":"Feature","properties":{"name":null,"kind":"water"},"geometry":{"type":"Polygon","coordinates":[[[-0.074712,51.551281],[-0.074721,51.551294],[-0.074709,51.551295],[-0.074712,51.551281]]]}},{"type":"Feature","properties":{"name":null,"kind":"water"},"geometry":{"type":"Polygon","coordinates":[[[-0.019571,51.480711],[-0.01955,51.480699],[-0.019918,51.480683],[-0.019571,51.480711]]]}},{"type":"Feature","properties":{"name":null,"kind":"water"},"geometry":{"type":"Polygon","coordinates":[[[-0.02735,51.523942],[-0.027414,51.523913],[-0.027288,51.523897],[-0.02735,51.523942]]]}},{"type":"Feature","properties":{"name":"Hobb's Hole","kind":"water"},"geometry":{"type":"Polygon","coordinates":[[[0.277475,51.547564],[0.277051,51.547334],[0.277442,51.546917],[0.277475,51.547564]]]}},{"type":"Feature","properties":{"name":null,"kind":"water"},"geometry":{"type":"Polygon","coordinates":[[[0.280692,51.550107],[0.280874,51.550017],[0.280713,51.549917],[0.280692,51.550107]]]}},{"type":"Feature","properties":{"name":null,"kind":"water"},"geometry":{"type":"Polygon","coordinates":[[[0.281023,51.551758],[0.281298,51.551645],[0.281314,51.551748],[0.281023,51.551758]]]}},{"type":"Feature","properties":{"name":null,"kind":"water"},"geometry":{"type":"Polygon","coordinates":[[[0.028318,51.458099],[0.028096,51.457707],[0.028751,51.457226],[0.028318,51.458099]]]}},{"type":"Feature","properties":{"name":"River Quaggy","kind":"water"},"geometry":{"type":"LineString","coordinates":[[-0.009128,51.462201],[-0.010696,51.463894]]}},{"type":"Feature","properties":{"name":null,"kind":"water"},"geometry":{"type":"Polygon","coordinates":[[[0.238822,51.626613],[0.239272,51.626763],[0.239069,51.626983],[0.238822,51.626613]]]}},{"type":"Feature","properties":{"name":null,"kind":"water"},"geometry":{"type":"Polygon","coordinates":[[[-0.112585,51.580098],[-0.112209,51.579659],[-0.112049,51.580036],[-0.112585,51.580098]]]}},{"type":"Feature","properties":{"name":null,"kind":"water"},"geometry":{"type":"Polygon","coordinates":[[[-0.30407,51.6331],[-0.304832,51.63309],[-0.304784,51.632942],[-0.30407,51.6331]]]}},{"type":"Feature","properties":{"name":null,"kind":"water"},"geometry":{"type":"Polygon","coordinates":[[[0.006392,51.595706],[0.006313,51.595841],[0.006573,51.595896],[0.006392,51.595706]]]}},{"type":"Feature","properties":{"name":null,"kind":"water"},"geometry":{"type":"Polygon","coordinates":[[[0.177597,51.547779],[0.178005,51.546781],[0.178837,51.546701],[0.178826,51.547759],[0.177597,51.547779]]]}},{"type":"Feature","properties":{"name":null,"kind":"water"},"geometry":{"type":"Polygon","coordinates":[[[-0.317979,51.427703],[-0.317869,51.427724],[-0.317952,51.427798],[-0.317979,51.427703]]]}},{"type":"Feature","properties":{"name":null,"kind":"water"},"geometry":{"type":"Polygon","coordinates":[[[-0.318161,51.427367],[-0.317968,51.427424],[-0.318166,51.427664],[-0.318161,51.427367]]]}},{"type":"Feature","properties":{"name":"Attenborough's Pond","kind":"water"},"geometry":{"type":"Polygon","coordinates":[[[-0.259767,51.436821],[-0.259739,51.436678],[-0.259468,51.43682],[-0.259767,51.436821]]]}},{"type":"Feature","properties":{"name":null,"kind":"water"},"geometry":{"type":"Polygon","coordinates":[[[0.187622,51.629521],[0.187468,51.62948],[0.187622,51.629441],[0.187622,51.629521]]]}},{"type":"Feature","properties":{"name":null,"kind":"water"},"geometry":{"type":"Polygon","coordinates":[[[0.19624,51.605093],[0.196197,51.604913],[0.196358,51.605033],[0.19624,51.605093]]]}},{"type":"Feature","properties":{"name":null,"kind":"water"},"geometry":{"type":"Polygon","coordinates":[[[0.194202,51.604466],[0.194599,51.604513],[0.194835,51.604113],[0.194202,51.604466]]]}},{"type":"Feature","properties":{"name":"Damselfly Pond","kind":"water"},"geometry":{"type":"Polygon","coordinates":[[[0.195478,51.604546],[0.195253,51.6045],[0.195393,51.604333],[0.195478,51.604546]]]}},{"type":"Feature","properties":{"name":null,"kind":"water"},"geometry":{"type":"Polygon","coordinates":[[[0.193462,51.603847],[0.193504,51.60374],[0.193987,51.60386],[0.193462,51.603847]]]}},{"type":"Feature","properties":{"name":null,"kind":"water"},"geometry":{"type":"Polygon","coordinates":[[[0.193816,51.604386],[0.193998,51.604167],[0.193826,51.604073],[0.193816,51.604386]]]}},{"type":"Feature","properties":{"name":null,"kind":"water"},"geometry":{"type":"Polygon","coordinates":[[[0.195725,51.606152],[0.195639,51.605992],[0.195843,51.605972],[0.195725,51.606152]]]}},{"type":"Feature","properties":{"name":null,"kind":"water"},"geometry":{"type":"Polygon","coordinates":[[[0.19727,51.604906],[0.197453,51.60494],[0.197399,51.604752],[0.19727,51.604906]]]}},{"type":"Feature","properties":{"name":null,"kind":"water"},"geometry":{"type":"Polygon","coordinates":[[[0.197034,51.604706],[0.197002,51.604573],[0.197238,51.604653],[0.197034,51.604706]]]}},{"type":"Feature","properties":{"name":null,"kind":"water"},"geometry":{"type":"Polygon","coordinates":[[[0.195264,51.604047],[0.194953,51.603923],[0.195484,51.603867],[0.195264,51.604047]]]}},{"type":"Feature","properties":{"name":null,"kind":"water"},"geometry":{"type":"Polygon","coordinates":[[[0.194492,51.60363],[0.194282,51.603474],[0.193768,51.603409],[0.194492,51.60363]]]}},{"type":"Feature","properties":{"name":"Round Pond","kind":"water"},"geometry":{"type":"Polygon","coordinates":[[[0.193097,51.612132],[0.192796,51.611966],[0.193107,51.611852],[0.193097,51.612132]]]}},{"type":"Feature","properties":{"name":null,"kind":"water"},"geometry":{"type":"Polygon","coordinates":[[[0.190715,51.610467],[0.1905,51.610467],[0.190576,51.610273],[0.190715,51.610467]]]}},{"type":"Feature","properties":{"name":null,"kind":"water"},"geometry":{"type":"LineString","coordinates":[[-0.066743,51.505673],[-0.067687,51.50525]]}},{"type":"Feature","properties":{"name":"River Wandle","kind":"water"},"geometry":{"type":"Polygon","coordinates":[[[-0.18793,51.402517],[-0.188434,51.403683],[-0.186702,51.405648],[-0.188146,51.404019],[-0.18793,51.402517]]]}},{"type":"Feature","properties":{"name":null,"kind":"water"},"geometry":{"type":"Polygon","coordinates":[[[0.078393,51.469805],[0.077824,51.469823],[0.077602,51.469811],[0.078393,51.469805]]]}},{"type":"Feature","properties":{"name":null,"kind":"water"},"geometry":{"type":"Polygon","coordinates":[[[0.080091,51.473352],[0.080711,51.473326],[0.081408,51.473224],[0.080091,51.473352]]]}},{"type":"Feature","properties":{"name":null,"kind":"water"},"geometry":{"type":"Polygon","coordinates":[[[0.078169,51.471609],[0.078943,51.471482],[0.078413,51.471536],[0.078169,51.471609]]]}},{"type":"Feature","properties":{"name":null,"kind":"water"},"geometry":{"type":"Polygon","coordinates":[[[-0.202685,51.373334],[-0.201289,51.372319],[-0.20159,51.372815],[-0.202685,51.373334]]]}},{"type":"Feature","properties":{"name":null,"kind":"water"},"geometry":{"type":"Polygon","coordinates":[[[-0.099151,51.379575],[-0.099168,51.379506],[-0.098977,51.379566],[-0.099151,51.379575]]]}},{"type":"Feature","properties":{"name":null,"kind":"water"},"geometry":{"type":"Polygon","coordinates":[[[-0.098917,51.37956],[-0.098882,51.379522],[-0.098782,51.37955],[-0.098917,51.37956]]]}},{"type":"Feature","properties":{"name":null,"kind":"water"},"geometry":{"type":"Polygon","coordinates":[[[0.22897,51.575307],[0.228552,51.575252],[0.230491,51.575579],[0.22897,51.575307]]]}},{"type":"Feature","properties":{"name":null,"kind":"water"},"geometry":{"type":"Polygon","coordinates":[[[-0.270394,51.475912],[-0.271283,51.47534],[-0.271356,51.475375],[-0.270394,51.475912]]]}},{"type":"Feature","properties":{"name":null,"kind":"water"},"geometry":{"type":"Polygon","coordinates":[[[-0.323205,51.446881],[-0.32316,51.446865],[-0.323196,51.446833],[-0.323205,51.446881]]]}},{"type":"Feature","properties":{"name":null,"kind":"water"},"geometry":{"type":"Polygon","coordinates":[[[-0.329169,51.438197],[-0.328491,51.438002],[-0.329005,51.438066],[-0.329169,51.438197]]]}},{"type":"Feature","properties":{"name":null,"kind":"water"},"geometry":{"type":"Polygon","coordinates":[[[-0.322195,51.465436],[-0.321812,51.465434],[-0.322529,51.465409],[-0.322195,51.465436]]]}},{"type":"Feature","properties":{"name":"River Wandle","kind":"water"},"geometry":{"type":"LineString","coordinates":[[-0.194586,51.461896],[-0.194864,51.462356]]}},{"type":"Feature","properties":{"name":null,"kind":"water"},"geometry":{"type":"Polygon","coordinates":[[[-0.198933,51.673901],[-0.198974,51.673462],[-0.198301,51.673865],[-0.198933,51.673901]]]}},{"type":"Feature","properties":{"name":null,"kind":"water"},"geometry":{"type":"Polygon","coordinates":[[[-0.195971,51.672119],[-0.196261,51.671709],[-0.196102,51.671622],[-0.195971,51.672119]]]}},{"type":"Feature","properties":{"name":"Mutton Brook","kind":"water"},"geometry":{"type":"LineString","coordinates":[[-0.183941,51.585134],[-0.189536,51.585917],[-0.190187,51.586547]]}},{"type":"Feature","properties":{"name":"Mutton Brook","kind":"water"},"geometry":{"type":"LineString","coordinates":[[-0.183555,51.585076],[-0.183941,51.585134]]}},{"type":"Feature","properties":{"name":null,"kind":"water"},"geometry":{"type":"Polygon","coordinates":[[[0.216454,51.478059],[0.215634,51.476867],[0.212012,51.475901],[0.211257,51.475206],[0.211166,51.473086],[0.208173,51.470901],[0.210982,51.46842],[0.209952,51.465463],[0.2103,51.462731],[0.204292,51.459873],[0.202908,51.458566],[0.203102,51.457941],[0.204885,51.459893],[0.210201,51.462045],[0.21073,51.459146],[0.211502,51.459008],[0.210723,51.465122],[0.21138,51.466869],[0.211905,51.46661],[0.211568,51.466164],[0.212336,51.46649],[0.211683,51.466847],[0.211918,51.4692],[0.209244,51.470949],[0.212131,51.472883],[0.212055,51.474717],[0.212681,51.475501],[0.216841,51.476777],[0.21714,51.47943],[0.219852,51.479497],[0.217464,51.480506],[0.215905,51.479228],[0.216454,51.478059]]]}},{"type":"Feature","properties":{"name":"River Thames","kind":"water"},"geometry":{"type":"LineString","coordinates":[[0.224984,51.481669],[0.243795,51.470874],[0.257821,51.464991]]}},{"type":"Feature","properties":{"name":"Old River Lea","kind":"water"},"geometry":{"type":"LineString","coordinates":[[-0.016422,51.541963],[-0.016473,51.541706]]}},{"type":"Feature","properties":{"name":null,"kind":"water"},"geometry":{"type":"Polygon","coordinates":[[[-0.060051,51.507675],[-0.060009,51.507761],[-0.05896,51.507725],[-0.060051,51.507675]]]}},{"type":"Feature","properties":{"name":null,"kind":"water"},"geometry":{"type":"Polygon","coordinates":[[[-0.239932,51.627512],[-0.239471,51.627257],[-0.239581,51.627166],[-0.239932,51.627512]]]}},{"type":"Feature","properties":{"name":null,"kind":"water"},"geometry":{"type":"Polygon","coordinates":[[[-0.49288,51.56881],[-0.491947,51.568469],[-0.492589,51.568543],[-0.49288,51.56881]]]}},{"type":"Feature","properties":{"name":"Kingsland Basin","kind":"water"},"geometry":{"type":"Polygon","coordinates":[[[-0.078062,51.538426],[-0.078264,51.536755],[-0.077687,51.538424],[-0.078062,51.538426]]]}},{"type":"Feature","properties":{"name":null,"kind":"water"},"geometry":{"type":"Polygon","coordinates":[[[-0.040935,51.57669],[-0.042544,51.578659],[-0.042439,51.580923],[-0.044718,51.584068],[-0.045533,51.586379],[-0.044147,51.58941],[-0.045298,51.586639],[-0.044618,51.584319],[-0.042118,51.58079],[-0.042398,51.578888],[-0.040935,51.57669]]]}},{"type":"Feature","properties":{"name":null,"kind":"water"},"geometry":{"type":"Polygon","coordinates":[[[-0.013691,51.590837],[-0.013274,51.590882],[-0.013382,51.590658],[-0.013691,51.590837]]]}},{"type":"Feature","properties":{"name":null,"kind":"water"},"geometry":{"type":"Polygon","coordinates":[[[0.1204,51.41841],[0.12057,51.418228],[0.120744,51.418257],[0.1204,51.41841]]]}},{"type":"Feature","properties":{"name":null,"kind":"water"},"geometry":{"type":"Polygon","coordinates":[[[0.067118,51.40219],[0.067376,51.402107],[0.067194,51.40195],[0.067118,51.40219]]]}},{"type":"Feature","properties":{"name":null,"kind":"water"},"geometry":{"type":"Polygon","coordinates":[[[-0.404499,51.42689],[-0.403685,51.426655],[-0.404781,51.426514],[-0.404499,51.42689]]]}},{"type":"Feature","properties":{"name":null,"kind":"water"},"geometry":{"type":"Polygon","coordinates":[[[-0.404515,51.426978],[-0.403392,51.42707],[-0.403626,51.426734],[-0.404515,51.426978]]]}},{"type":"Feature","properties":{"name":null,"kind":"water"},"geometry":{"type":"Polygon","coordinates":[[[-0.404002,51.4277],[-0.403092,51.427496],[-0.404185,51.427336],[-0.404002,51.4277]]]}},{"type":"Feature","properties":{"name":null,"kind":"water"},"geometry":{"type":"Polygon","coordinates":[[[-0.403542,51.428213],[-0.402789,51.428],[-0.402996,51.427598],[-0.403843,51.42784],[-0.403542,51.428213]]]}},{"type":"Feature","properties":{"name":null,"kind":"water"},"geometry":{"type":"Polygon","coordinates":[[[-0.403343,51.4286],[-0.402499,51.428416],[-0.402691,51.428015],[-0.403343,51.4286]]]}},{"type":"Feature","properties":{"name":null,"kind":"water"},"geometry":{"type":"Polygon","coordinates":[[[-0.40295,51.429032],[-0.402206,51.428822],[-0.402407,51.428432],[-0.40322,51.428657],[-0.40295,51.429032]]]}},{"type":"Feature","properties":{"name":null,"kind":"water"},"geometry":{"type":"Polygon","coordinates":[[[-0.402909,51.426926],[-0.402091,51.426703],[-0.403117,51.426541],[-0.402909,51.426926]]]}},{"type":"Feature","properties":{"name":null,"kind":"water"},"geometry":{"type":"Polygon","coordinates":[[[-0.402614,51.427339],[-0.401977,51.426756],[-0.402826,51.426956],[-0.402614,51.427339]]]}},{"type":"Feature","properties":{"name":null,"kind":"water"},"geometry":{"type":"Polygon","coordinates":[[[-0.402197,51.427826],[-0.401433,51.427611],[-0.401646,51.427242],[-0.402539,51.427465],[-0.402197,51.427826]]]}},{"type":"Feature","properties":{"name":null,"kind":"water"},"geometry":{"type":"Polygon","coordinates":[[[-0.401894,51.428238],[-0.40132,51.427668],[-0.40221,51.427884],[-0.401894,51.428238]]]}},{"type":"Feature","properties":{"name":null,"kind":"water"},"geometry":{"type":"Polygon","coordinates":[[[-0.401602,51.428649],[-0.401032,51.428075],[-0.401922,51.428292],[-0.401602,51.428649]]]}},{"type":"Feature","properties":{"name":null,"kind":"water"},"geometry":{"type":"Polygon","coordinates":[[[-0.032516,51.625952],[-0.033837,51.622838],[-0.040246,51.61199],[-0.032516,51.625952]]]}},{"type":"Feature","properties":{"name":null,"kind":"water"},"geometry":{"type":"Polygon","coordinates":[[[-0.030682,51.637424],[-0.030369,51.631623],[-0.032293,51.626233],[-0.030777,51.631168],[-0.030682,51.637424]]]}},{"type":"Feature","properties":{"name":null,"kind":"water"},"geometry":{"type":"Polygon","coordinates":[[[-0.031336,51.61579],[-0.031379,51.615627],[-0.030993,51.6156],[-0.031336,51.61579]]]}},{"type":"Feature","properties":{"name":null,"kind":"water"},"geometry":{"type":"Polygon","coordinates":[[[-0.026013,51.621807],[-0.025608,51.621331],[-0.023937,51.62446],[-0.015118,51.635391],[-0.013345,51.639144],[-0.011469,51.65012],[-0.011524,51.653357],[-0.008747,51.660599],[-0.009978,51.662086],[-0.010461,51.662197],[-0.009321,51.661175],[-0.009141,51.659998],[-0.011837,51.653359],[-0.011743,51.650338],[-0.013561,51.63936],[-0.015685,51.635196],[-0.026013,51.621807]]]}},{"type":"Feature","properties":{"name":null,"kind":"water"},"geometry":{"type":"Polygon","coordinates":[[[-0.029802,51.642566],[-0.030031,51.64214],[-0.02834,51.64462],[-0.025081,51.647017],[-0.028416,51.644923],[-0.029802,51.642566]]]}},{"type":"Feature","properties":{"name":null,"kind":"water"},"geometry":{"type":"Polygon","coordinates":[[[-0.030871,51.64043],[-0.031012,51.637435],[-0.030013,51.641765],[-0.030581,51.641003],[-0.031288,51.64128],[-0.030871,51.64043]]]}},{"type":"Feature","properties":{"name":null,"kind":"water"},"geometry":{"type":"LineString","coordinates":[[-0.03186,51.627201],[-0.031424,51.627131]]}},{"type":"Feature","properties":{"name":null,"kind":"water"},"geometry":{"type":"Polygon","coordinates":[[[-0.051682,51.588294],[-0.052052,51.586588],[-0.051998,51.588177],[-0.051682,51.588294]]]}},{"type":"Feature","properties":{"name":null,"kind":"water"},"geometry":{"type":"Polygon","coordinates":[[[-0.051473,51.588587],[-0.052567,51.588522],[-0.051414,51.588309],[-0.051473,51.588587]]]}},{"type":"Feature","properties":{"name":null,"kind":"water"},"geometry":{"type":"Polygon","coordinates":[[[-0.043957,51.595729],[-0.043564,51.591166],[-0.044042,51.589608],[-0.043302,51.590729],[-0.043957,51.595729]]]}},{"type":"Feature","properties":{"name":null,"kind":"water"},"geometry":{"type":"Polygon","coordinates":[[[-0.026257,51.62112],[-0.031285,51.616936],[-0.03176,51.616411],[-0.031382,51.615793],[-0.031846,51.61601],[-0.033327,51.614723],[-0.026257,51.62112]]]}},{"type":"Feature","properties":{"name":null,"kind":"water"},"geometry":{"type":"Polygon","coordinates":[[[-0.031542,51.617374],[-0.025775,51.621696],[-0.028834,51.618648],[-0.031542,51.617374]]]}},{"type":"Feature","properties":{"name":null,"kind":"water"},"geometry":{"type":"Polygon","coordinates":[[[-0.041972,51.60458],[-0.040813,51.606179],[-0.035719,51.608115],[-0.034339,51.609211],[-0.034169,51.610139],[-0.035601,51.612567],[-0.032763,51.616349],[-0.031295,51.617295],[-0.035276,51.612754],[-0.035204,51.611761],[-0.033753,51.609892],[-0.034064,51.609018],[-0.041077,51.60577],[-0.041972,51.60458]]]}},{"type":"Feature","properties":{"name":null,"kind":"water"},"geometry":{"type":"Polygon","coordinates":[[[-0.042768,51.598794],[-0.041098,51.601335],[-0.041972,51.60458],[-0.040845,51.601283],[-0.04355,51.597144],[-0.043713,51.595741],[-0.043991,51.596625],[-0.042768,51.598794]]]}},{"type":"Feature","properties":{"name":null,"kind":"water"},"geometry":{"type":"Polygon","coordinates":[[[-0.050039,51.597642],[-0.050356,51.597335],[-0.046856,51.599725],[-0.042244,51.604981],[-0.040421,51.611698],[-0.041217,51.611064],[-0.042647,51.604898],[-0.046937,51.599949],[-0.050039,51.597642]]]}},{"type":"Feature","properties":{"name":null,"kind":"water"},"geometry":{"type":"Polygon","coordinates":[[[-0.018195,51.66733],[-0.017393,51.671225],[-0.015926,51.673095],[-0.012985,51.674692],[-0.012215,51.677816],[-0.012382,51.674604],[-0.01595,51.672826],[-0.017869,51.669822],[-0.018195,51.66733]]]}},{"type":"Feature","properties":{"name":null,"kind":"water"},"geometry":{"type":"Polygon","coordinates":[[[-0.018195,51.66733],[-0.018231,51.667091],[-0.018159,51.667061],[-0.018195,51.66733]]]}},{"type":"Feature","properties":{"name":null,"kind":"water"},"geometry":{"type":"Polygon","coordinates":[[[-0.018172,51.666323],[-0.018254,51.665478],[-0.020232,51.663667],[-0.018277,51.666714],[-0.018172,51.666323]]]}},{"type":"Feature","properties":{"name":null,"kind":"water"},"geometry":{"type":"Polygon","coordinates":[[[-0.015246,51.664419],[-0.016038,51.663077],[-0.015605,51.663083],[-0.015246,51.664419]]]}},{"type":"Feature","properties":{"name":null,"kind":"water"},"geometry":{"type":"Polygon","coordinates":[[[-0.020359,51.663464],[-0.017162,51.663305],[-0.020434,51.663342],[-0.020359,51.663464]]]}},{"type":"Feature","properties":{"name":null,"kind":"water"},"geometry":{"type":"Polygon","coordinates":[[[-0.025323,51.647095],[-0.022418,51.65024],[-0.020613,51.653269],[-0.020803,51.663517],[-0.020232,51.663667],[-0.020312,51.653285],[-0.022262,51.650041],[-0.025323,51.647095]]]}},{"type":"Feature","properties":{"name":null,"kind":"water"},"geometry":{"type":"Polygon","coordinates":[[[-0.015246,51.664419],[-0.010702,51.662035],[-0.016831,51.665951],[-0.017341,51.667451],[-0.01673,51.670761],[-0.013329,51.673779],[-0.014212,51.67277],[-0.015665,51.672401],[-0.017536,51.669272],[-0.017316,51.666205],[-0.015246,51.664419]]]}},{"type":"Feature","properties":{"name":null,"kind":"water"},"geometry":{"type":"Polygon","coordinates":[[[-0.026891,51.645532],[-0.027481,51.645201],[-0.026979,51.645218],[-0.026891,51.645532]]]}},{"type":"Feature","properties":{"name":"Ponders End Lock East","kind":"water"},"geometry":{"type":"Polygon","coordinates":[[[-0.029906,51.642108],[-0.030079,51.641782],[-0.029833,51.64209],[-0.029906,51.642108]]]}},{"type":"Feature","properties":{"name":"Ponders End Lock West","kind":"water"},"geometry":{"type":"Polygon","coordinates":[[[-0.030216,51.641807],[-0.030031,51.64214],[-0.029953,51.642125],[-0.030216,51.641807]]]}},{"type":"Feature","properties":{"name":null,"kind":"water"},"geometry":{"type":"Polygon","coordinates":[[[-0.050302,51.597224],[-0.050526,51.597035],[-0.050235,51.597193],[-0.050302,51.597224]]]}},{"type":"Feature","properties":{"name":"Stonebridge Lock West","kind":"water"},"geometry":{"type":"Polygon","coordinates":[[[-0.050605,51.597031],[-0.050353,51.597248],[-0.050646,51.597088],[-0.050605,51.597031]]]}},{"type":"Feature","properties":{"name":null,"kind":"water"},"geometry":{"type":"Polygon","coordinates":[[[-0.01124,51.683621],[-0.010626,51.685256],[-0.011699,51.687715],[-0.011123,51.688802],[-0.013274,51.696081],[-0.010774,51.688749],[-0.011293,51.68756],[-0.010447,51.684788],[-0.01124,51.683621]]]}},{"type":"Feature","properties":{"name":"The Marina @ Hazlemere Marina","kind":"water"},"geometry":{"type":"Polygon","coordinates":[[[-0.011488,51.685272],[-0.011164,51.685247],[-0.011321,51.685548],[-0.011488,51.685272]]]}},{"type":"Feature","properties":{"name":null,"kind":"water"},"geometry":{"type":"Polygon","coordinates":[[[-0.011017,51.685121],[-0.012427,51.687246],[-0.010768,51.685208],[-0.011649,51.683757],[-0.012049,51.678342],[-0.012108,51.683754],[-0.011017,51.685121]]]}},{"type":"Feature","properties":{"name":"Rammey Marsh Lock","kind":"water"},"geometry":{"type":"Polygon","coordinates":[[[-0.012049,51.678342],[-0.012092,51.677999],[-0.012012,51.677997],[-0.012049,51.678342]]]}},{"type":"Feature","properties":{"name":null,"kind":"water"},"geometry":{"type":"Polygon","coordinates":[[[-0.010639,51.675967],[-0.01124,51.683621],[-0.010164,51.67705],[-0.010639,51.675967]]]}},{"type":"Feature","properties":{"name":null,"kind":"water"},"geometry":{"type":"Polygon","coordinates":[[[-0.012472,51.674763],[-0.011186,51.674781],[-0.011077,51.674567],[-0.012472,51.674763]]]}},{"type":"Feature","properties":{"name":null,"kind":"water"},"geometry":{"type":"Polygon","coordinates":[[[-0.010461,51.662197],[-0.011618,51.6638],[-0.011344,51.667983],[-0.01067,51.669255],[-0.011603,51.670998],[-0.010639,51.675967],[-0.011234,51.671088],[-0.010365,51.669052],[-0.011291,51.664003],[-0.010461,51.662197]]]}},{"type":"Feature","properties":{"name":null,"kind":"water"},"geometry":{"type":"Polygon","coordinates":[[[-0.042451,51.598769],[-0.04268,51.598581],[-0.04249,51.59883],[-0.042451,51.598769]]]}},{"type":"Feature","properties":{"name":null,"kind":"water"},"geometry":{"type":"Polygon","coordinates":[[[-0.04249,51.59883],[-0.040531,51.601407],[-0.04116,51.599897],[-0.04249,51.59883]]]}},{"type":"Feature","properties":{"name":null,"kind":"water"},"geometry":{"type":"Polygon","coordinates":[[[-0.04268,51.598581],[-0.044067,51.597132],[-0.044444,51.59544],[-0.044161,51.597139],[-0.04268,51.598581]]]}},{"type":"Feature","properties":{"name":null,"kind":"water"},"geometry":{"type":"Polygon","coordinates":[[[-0.033178,51.608709],[-0.040878,51.605672],[-0.041417,51.604603],[-0.040571,51.601988],[-0.041329,51.604828],[-0.040901,51.605566],[-0.033178,51.608709]]]}},{"type":"Feature","properties":{"name":null,"kind":"water"},"geometry":{"type":"Polygon","coordinates":[[[-0.03283,51.614834],[-0.034567,51.612042],[-0.03306,51.608754],[-0.034442,51.612324],[-0.032641,51.614251],[-0.03283,51.614834]]]}},{"type":"Feature","properties":{"name":null,"kind":"water"},"geometry":{"type":"Polygon","coordinates":[[[-0.042362,51.604079],[-0.042092,51.604559],[-0.044601,51.601749],[-0.042362,51.604079]]]}},{"type":"Feature","properties":{"name":null,"kind":"water"},"geometry":{"type":"Polygon","coordinates":[[[-0.038934,51.565232],[-0.040658,51.567343],[-0.039984,51.565701],[-0.038934,51.565232]]]}},{"type":"Feature","properties":{"name":null,"kind":"water"},"geometry":{"type":"Polygon","coordinates":[[[-0.053515,51.589871],[-0.053148,51.589345],[-0.053813,51.58974],[-0.053515,51.589871]]]}},{"type":"Feature","properties":{"name":null,"kind":"water"},"geometry":{"type":"Polygon","coordinates":[[[-0.044601,51.601749],[-0.050564,51.596628],[-0.052078,51.59437],[-0.053711,51.589938],[-0.050403,51.596476],[-0.044601,51.601749]]]}},{"type":"Feature","properties":{"name":null,"kind":"water"},"geometry":{"type":"Polygon","coordinates":[[[-0.046361,51.591725],[-0.046586,51.59168],[-0.04647,51.591417],[-0.046361,51.591725]]]}},{"type":"Feature","properties":{"name":null,"kind":"water"},"geometry":{"type":"Polygon","coordinates":[[[-0.029935,51.63986],[-0.030444,51.63977],[-0.030526,51.629999],[-0.035174,51.61977],[-0.034375,51.618878],[-0.032087,51.618243],[-0.031714,51.617366],[-0.03189,51.618251],[-0.034542,51.619089],[-0.035059,51.619963],[-0.031705,51.626279],[-0.029999,51.631616],[-0.030349,51.63878],[-0.029935,51.63986]]]}},{"type":"Feature","properties":{"name":null,"kind":"water"},"geometry":{"type":"Polygon","coordinates":[[[-0.015844,51.636911],[-0.015869,51.636881],[-0.015006,51.636623],[-0.015844,51.636911]]]}},{"type":"Feature","properties":{"name":null,"kind":"water"},"geometry":{"type":"Polygon","coordinates":[[[-0.052292,51.588056],[-0.052567,51.588522],[-0.052224,51.587671],[-0.052292,51.588056]]]}},{"type":"Feature","properties":{"name":null,"kind":"water"},"geometry":{"type":"Polygon","coordinates":[[[-0.033927,51.608202],[-0.030939,51.607489],[-0.033982,51.608181],[-0.033927,51.608202]]]}},{"type":"Feature","properties":{"name":null,"kind":"water"},"geometry":{"type":"Polygon","coordinates":[[[-0.029935,51.63986],[-0.028961,51.641461],[-0.029822,51.639875],[-0.029935,51.63986]]]}},{"type":"Feature","properties":{"name":null,"kind":"water"},"geometry":{"type":"Polygon","coordinates":[[[-0.029061,51.641466],[-0.026828,51.64448],[-0.02705,51.645145],[-0.026868,51.644324],[-0.029061,51.641466]]]}},{"type":"Feature","properties":{"name":"Pickett's Lock","kind":"water"},"geometry":{"type":"Polygon","coordinates":[[[-0.032402,51.62621],[-0.032321,51.626196],[-0.032516,51.625952],[-0.032402,51.62621]]]}},{"type":"Feature","properties":{"name":null,"kind":"water"},"geometry":{"type":"Polygon","coordinates":[[[-0.040674,51.623993],[-0.040595,51.624165],[-0.041417,51.624311],[-0.040674,51.623993]]]}},{"type":"Feature","properties":{"name":null,"kind":"water"},"geometry":{"type":"Polygon","coordinates":[[[-0.041569,51.62398],[-0.041647,51.62381],[-0.040828,51.623658],[-0.041569,51.62398]]]}},{"type":"Feature","properties":{"name":null,"kind":"water"},"geometry":{"type":"Polygon","coordinates":[[[-0.041647,51.62381],[-0.041728,51.623634],[-0.040906,51.623489],[-0.041647,51.62381]]]}},{"type":"Feature","properties":{"name":null,"kind":"water"},"geometry":{"type":"Polygon","coordinates":[[[-0.041492,51.624147],[-0.041569,51.62398],[-0.04075,51.623827],[-0.041492,51.624147]]]}},{"type":"Feature","properties":{"name":null,"kind":"water"},"geometry":{"type":"Polygon","coordinates":[[[-0.041569,51.62416],[-0.041491,51.624325],[-0.042381,51.624305],[-0.041569,51.62416]]]}},{"type":"Feature","properties":{"name":null,"kind":"water"},"geometry":{"type":"Polygon","coordinates":[[[-0.04246,51.624136],[-0.042537,51.623971],[-0.041648,51.623991],[-0.04246,51.624136]]]}},{"type":"Feature","properties":{"name":null,"kind":"water"},"geometry":{"type":"Polygon","coordinates":[[[-0.042537,51.623971],[-0.042615,51.623804],[-0.041804,51.623658],[-0.042537,51.623971]]]}},{"type":"Feature","properties":{"name":null,"kind":"water"},"geometry":{"type":"Polygon","coordinates":[[[-0.042381,51.624305],[-0.04246,51.624136],[-0.041569,51.62416],[-0.042381,51.624305]]]}},{"type":"Feature","properties":{"name":null,"kind":"water"},"geometry":{"type":"Polygon","coordinates":[[[-0.211668,51.632613],[-0.21155,51.632434],[-0.211286,51.632424],[-0.211668,51.632613]]]}},{"type":"Feature","properties":{"name":null,"kind":"water"},"geometry":{"type":"Polygon","coordinates":[[[-0.227076,51.630804],[-0.226835,51.630839],[-0.227012,51.63071],[-0.227076,51.630804]]]}},{"type":"Feature","properties":{"name":null,"kind":"water"},"geometry":{"type":"Polygon","coordinates":[[[-0.243541,51.632451],[-0.243942,51.632143],[-0.24398,51.632375],[-0.243541,51.632451]]]}},{"type":"Feature","properties":{"name":"Burnham Pond","kind":"water"},"geometry":{"type":"Polygon","coordinates":[[[-0.21641,51.632715],[-0.216115,51.632553],[-0.216292,51.632485],[-0.21641,51.632715]]]}},{"type":"Feature","properties":{"name":null,"kind":"water"},"geometry":{"type":"Polygon","coordinates":[[[-0.21466,51.633151],[-0.214459,51.633232],[-0.214446,51.633083],[-0.21466,51.633151]]]}},{"type":"Feature","properties":{"name":"Ellern Mede Pond","kind":"water"},"geometry":{"type":"Polygon","coordinates":[[[-0.219309,51.631901],[-0.219229,51.631727],[-0.219097,51.631819],[-0.219309,51.631901]]]}},{"type":"Feature","properties":{"name":"Pink Cottage Pond","kind":"water"},"geometry":{"type":"Polygon","coordinates":[[[-0.221382,51.631917],[-0.221254,51.63172],[-0.22089,51.631943],[-0.221382,51.631917]]]}},{"type":"Feature","properties":{"name":"Warren Pond","kind":"water"},"geometry":{"type":"Polygon","coordinates":[[[-0.215349,51.63151],[-0.215353,51.631428],[-0.215164,51.631437],[-0.215349,51.63151]]]}},{"type":"Feature","properties":{"name":null,"kind":"water"},"geometry":{"type":"Polygon","coordinates":[[[-0.089328,51.560878],[-0.087196,51.561189],[-0.086268,51.560581],[-0.089328,51.560878]]]}},{"type":"Feature","properties":{"name":null,"kind":"water"},"geometry":{"type":"Polygon","coordinates":[[[-0.09401,51.544585],[-0.094213,51.54447],[-0.094021,51.54435],[-0.09401,51.544585]]]}},{"type":"Feature","properties":{"name":null,"kind":"water"},"geometry":{"type":"Polygon","coordinates":[[[-0.112125,51.579637],[-0.112086,51.579394],[-0.112043,51.579609],[-0.112125,51.579637]]]}},{"type":"Feature","properties":{"name":"Building 50 Lagoon","kind":"water"},"geometry":{"type":"Polygon","coordinates":[[[0.075148,51.49537],[0.075856,51.494957],[0.075644,51.495455],[0.075148,51.49537]]]}},{"type":"Feature","properties":{"name":null,"kind":"water"},"geometry":{"type":"Polygon","coordinates":[[[-0.311565,51.627632],[-0.311792,51.627399],[-0.311601,51.627336],[-0.311565,51.627632]]]}},{"type":"Feature","properties":{"name":null,"kind":"water"},"geometry":{"type":"Polygon","coordinates":[[[-0.247885,51.424968],[-0.247869,51.425118],[-0.247558,51.425055],[-0.247885,51.424968]]]}},{"type":"Feature","properties":{"name":null,"kind":"water"},"geometry":{"type":"Polygon","coordinates":[[[-0.248117,51.424729],[-0.248034,51.424767],[-0.248108,51.424805],[-0.248117,51.424729]]]}},{"type":"Feature","properties":{"name":null,"kind":"water"},"geometry":{"type":"Polygon","coordinates":[[[-0.248274,51.424875],[-0.248297,51.424843],[-0.248239,51.424835],[-0.248274,51.424875]]]}},{"type":"Feature","properties":{"name":null,"kind":"water"},"geometry":{"type":"Polygon","coordinates":[[[-0.313627,51.479484],[-0.31399,51.479095],[-0.31372,51.479506],[-0.313627,51.479484]]]}},{"type":"Feature","properties":{"name":null,"kind":"water"},"geometry":{"type":"Polygon","coordinates":[[[-0.407643,51.617092],[-0.407602,51.617079],[-0.407673,51.617065],[-0.407643,51.617092]]]}},{"type":"Feature","properties":{"name":"New River Loop (bypassed)","kind":"water"},"geometry":{"type":"LineString","coordinates":[[-0.079087,51.652485],[-0.079945,51.652677],[-0.080082,51.653911]]}},{"type":"Feature","properties":{"name":"River Wandle","kind":"water"},"geometry":{"type":"LineString","coordinates":[[-0.18129,51.419785],[-0.181291,51.420124]]}},{"type":"Feature","properties":{"name":"River Wandle","kind":"water"},"geometry":{"type":"LineString","coordinates":[[-0.181291,51.420124],[-0.181412,51.420555]]}},{"type":"Feature","properties":{"name":null,"kind":"water"},"geometry":{"type":"Polygon","coordinates":[[[-0.450203,51.577736],[-0.44934,51.577968],[-0.449511,51.577585],[-0.450203,51.577736]]]}},{"type":"Feature","properties":{"name":null,"kind":"water"},"geometry":{"type":"Polygon","coordinates":[[[0.138482,51.503066],[0.139005,51.503195],[0.138837,51.503613],[0.138482,51.503066]]]}},{"type":"Feature","properties":{"name":"Pond No.3","kind":"water"},"geometry":{"type":"Polygon","coordinates":[[[0.137965,51.509906],[0.1377,51.509633],[0.138012,51.509516],[0.138277,51.509788],[0.137965,51.509906]]]}},{"type":"Feature","properties":{"name":null,"kind":"water"},"geometry":{"type":"Polygon","coordinates":[[[0.147896,51.506026],[0.147404,51.506132],[0.147999,51.505828],[0.147896,51.506026]]]}},{"type":"Feature","properties":{"name":"River Lee Flood Relief Channel","kind":"water"},"geometry":{"type":"LineString","coordinates":[[-0.0093,51.710224],[-0.007434,51.70794],[-0.007408,51.706938],[-0.009383,51.705545],[-0.012918,51.704296],[-0.013731,51.699262],[-0.010541,51.684996],[-0.011333,51.682303],[-0.010322,51.676612],[-0.011425,51.670754],[-0.010468,51.66923],[-0.011226,51.667563],[-0.01149,51.664008],[-0.008878,51.660399],[-0.011753,51.653115],[-0.011599,51.650367],[-0.013333,51.63948],[-0.015175,51.635633],[-0.025257,51.622478]]}},{"type":"Feature","properties":{"name":"River Lee Flood Relief Channel","kind":"water"},"geometry":{"type":"LineString","coordinates":[[-0.025257,51.622478],[-0.029037,51.618402],[-0.031639,51.61724]]}},{"type":"Feature","properties":{"name":"Lee Navigation","kind":"water"},"geometry":{"type":"LineString","coordinates":[[-0.020881,51.537929],[-0.021046,51.537388]]}},{"type":"Feature","properties":{"name":"Bow Creek","kind":"water"},"geometry":{"type":"LineString","coordinates":[[-0.008026,51.522271],[-0.00889,51.5201],[-0.006659,51.518707],[-0.005549,51.51664],[-0.003354,51.517937],[-0.002195,51.517921],[0.00383,51.514978],[0.00237,51.510749],[0.004111,51.510892],[0.005564,51.514104],[0.007632,51.513791],[0.00787,51.512445],[0.006023,51.509833],[0.009146,51.509033],[0.009746,51.507965],[0.007598,51.50551]]}},{"type":"Feature","properties":{"name":"River Wandle","kind":"water"},"geometry":{"type":"LineString","coordinates":[[-0.163143,51.3668],[-0.162646,51.367732]]}},{"type":"Feature","properties":{"name":"River Wandle","kind":"water"},"geometry":{"type":"LineString","coordinates":[[-0.151501,51.370802],[-0.153903,51.371144]]}},{"type":"Feature","properties":{"name":"River Cray","kind":"water"},"geometry":{"type":"LineString","coordinates":[[0.157853,51.445393],[0.158622,51.446887],[0.159998,51.447382],[0.168833,51.44761],[0.172597,51.449852],[0.175756,51.450376],[0.178263,51.451582]]}},{"type":"Feature","properties":{"name":"River Thames","kind":"water"},"geometry":{"type":"LineString","coordinates":[[0.223676,51.482272],[0.224984,51.481669]]}},{"type":"Feature","properties":{"name":"River Quaggy","kind":"water"},"geometry":{"type":"LineString","coordinates":[[0.032537,51.4457],[0.033608,51.447683],[0.033773,51.449503]]}},{"type":"Feature","properties":{"name":"River Quaggy","kind":"water"},"geometry":{"type":"LineString","coordinates":[[0.02702,51.42825],[0.027677,51.429856],[0.027141,51.431559]]}},{"type":"Feature","properties":{"name":"River Ember","kind":"water"},"geometry":{"type":"LineString","coordinates":[[-0.343515,51.400857],[-0.338502,51.401042]]}},{"type":"Feature","properties":{"name":"River Beam","kind":"water"},"geometry":{"type":"LineString","coordinates":[[0.16779,51.530398],[0.165906,51.528799]]}},{"type":"Feature","properties":{"name":"River Beam","kind":"water"},"geometry":{"type":"LineString","coordinates":[[0.185169,51.564782],[0.183946,51.563865],[0.182788,51.561183],[0.184583,51.560117],[0.184772,51.556424],[0.186859,51.555818],[0.188005,51.554003],[0.190026,51.552716],[0.189648,51.551514],[0.187491,51.550195],[0.186173,51.547759]]}},{"type":"Feature","properties":{"name":"River Beam","kind":"water"},"geometry":{"type":"LineString","coordinates":[[0.172406,51.535655],[0.170805,51.532678],[0.16779,51.530398]]}},{"type":"Feature","properties":{"name":"River Rom","kind":"water"},"geometry":{"type":"LineString","coordinates":[[0.1779,51.578663],[0.178973,51.578106],[0.180744,51.574347]]}},{"type":"Feature","properties":{"name":null,"kind":"water"},"geometry":{"type":"Polygon","coordinates":[[[-0.114935,51.419081],[-0.114915,51.419048],[-0.114888,51.419057],[-0.114935,51.419081]]]}},{"type":"Feature","properties":{"name":null,"kind":"water"},"geometry":{"type":"Polygon","coordinates":[[[-0.114582,51.418942],[-0.114607,51.418896],[-0.114522,51.418924],[-0.114582,51.418942]]]}},{"type":"Feature","properties":{"name":"Swiftdens pond","kind":"water"},"geometry":{"type":"Polygon","coordinates":[[[0.001265,51.419339],[0.001407,51.419304],[0.001269,51.419284],[0.001265,51.419339]]]}},{"type":"Feature","properties":{"name":null,"kind":"water"},"geometry":{"type":"Polygon","coordinates":[[[-0.187112,51.505696],[-0.186635,51.505689],[-0.186674,51.505775],[-0.187112,51.505696]]]}},{"type":"Feature","properties":{"name":"Joy of Life Fountain","kind":"water"},"geometry":{"type":"Polygon","coordinates":[[[-0.155828,51.508432],[-0.155789,51.508545],[-0.156011,51.508513],[-0.155828,51.508432]]]}},{"type":"Feature","properties":{"name":null,"kind":"water"},"geometry":{"type":"Polygon","coordinates":[[[-0.157644,51.492556],[-0.157719,51.492533],[-0.157631,51.492488],[-0.157644,51.492556]]]}},{"type":"Feature","properties":{"name":"Waterfall","kind":"water"},"geometry":{"type":"Polygon","coordinates":[[[-0.096597,51.514703],[-0.09654,51.514718],[-0.096545,51.514703],[-0.096597,51.514703]]]}},{"type":"Feature","properties":{"name":null,"kind":"water"},"geometry":{"type":"Polygon","coordinates":[[[-0.175813,51.51058],[-0.175803,51.510825],[-0.175538,51.510605],[-0.175813,51.51058]]]}},{"type":"Feature","properties":{"name":null,"kind":"water"},"geometry":{"type":"Polygon","coordinates":[[[-0.175514,51.510808],[-0.175317,51.510868],[-0.175191,51.510635],[-0.175386,51.510574],[-0.175514,51.510808]]]}},{"type":"Feature","properties":{"name":null,"kind":"water"},"geometry":{"type":"Polygon","coordinates":[[[-0.175741,51.510256],[-0.17573,51.5105],[-0.175465,51.51028],[-0.175741,51.510256]]]}},{"type":"Feature","properties":{"name":null,"kind":"water"},"geometry":{"type":"Polygon","coordinates":[[[-0.175394,51.510287],[-0.175377,51.510531],[-0.175118,51.510311],[-0.175394,51.510287]]]}},{"type":"Feature","properties":{"name":null,"kind":"water"},"geometry":{"type":"Polygon","coordinates":[[[-0.175525,51.510529],[-0.175477,51.510571],[-0.175463,51.51052],[-0.175525,51.510529]]]}},{"type":"Feature","properties":{"name":"River Colne","kind":"water"},"geometry":{"type":"LineString","coordinates":[[-0.490516,51.534108],[-0.491048,51.533229],[-0.490254,51.532762],[-0.49019,51.531792]]}},{"type":"Feature","properties":{"name":"River Colne","kind":"water"},"geometry":{"type":"LineString","coordinates":[[-0.493733,51.536195],[-0.492112,51.53569],[-0.491543,51.53484]]}},{"type":"Feature","properties":{"name":"River Colne","kind":"water"},"geometry":{"type":"LineString","coordinates":[[-0.500968,51.467237],[-0.501749,51.466212],[-0.503779,51.465637],[-0.504883,51.463725],[-0.505832,51.463497]]}},{"type":"Feature","properties":{"name":"River Colne","kind":"water"},"geometry":{"type":"LineString","coordinates":[[-0.495866,51.619559],[-0.495331,51.619006]]}},{"type":"Feature","properties":{"name":"River Colne","kind":"water"},"geometry":{"type":"LineString","coordinates":[[-0.505832,51.463497],[-0.506131,51.462488]]}},{"type":"Feature","properties":{"name":null,"kind":"water"},"geometry":{"type":"Polygon","coordinates":[[[0.109918,51.595162],[0.109608,51.594794],[0.110507,51.594687],[0.109918,51.595162]]]}},{"type":"Feature","properties":{"name":null,"kind":"water"},"geometry":{"type":"Polygon","coordinates":[[[-0.061163,51.674483],[-0.061469,51.674471],[-0.061365,51.674346],[-0.061163,51.674483]]]}},{"type":"Feature","properties":{"name":null,"kind":"water"},"geometry":{"type":"Polygon","coordinates":[[[0.131455,51.503547],[0.131152,51.503142],[0.132214,51.503352],[0.131455,51.503547]]]}},{"type":"Feature","properties":{"name":"River Rom","kind":"water"},"geometry":{"type":"LineString","coordinates":[[0.172954,51.583828],[0.177438,51.579308]]}},{"type":"Feature","properties":{"name":"River Rom","kind":"water"},"geometry":{"type":"LineString","coordinates":[[0.172375,51.583903],[0.172954,51.583828]]}},{"type":"Feature","properties":{"name":null,"kind":"water"},"geometry":{"type":"Polygon","coordinates":[[[-0.307211,51.480548],[-0.307057,51.480498],[-0.3072,51.480407],[-0.307211,51.480548]]]}},{"type":"Feature","properties":{"name":null,"kind":"water"},"geometry":{"type":"Polygon","coordinates":[[[-0.305953,51.480103],[-0.305884,51.480026],[-0.30598,51.480005],[-0.305953,51.480103]]]}},{"type":"Feature","properties":{"name":null,"kind":"water"},"geometry":{"type":"Polygon","coordinates":[[[-0.314401,51.47958],[-0.314341,51.479563],[-0.314599,51.479188],[-0.314401,51.47958]]]}},{"type":"Feature","properties":{"name":null,"kind":"water"},"geometry":{"type":"Polygon","coordinates":[[[-0.215679,51.651826],[-0.215808,51.65152],[-0.216097,51.651643],[-0.215679,51.651826]]]}},{"type":"Feature","properties":{"name":null,"kind":"water"},"geometry":{"type":"Polygon","coordinates":[[[-0.216896,51.651979],[-0.216698,51.652036],[-0.216741,51.651893],[-0.216896,51.651979]]]}},{"type":"Feature","properties":{"name":null,"kind":"water"},"geometry":{"type":"Polygon","coordinates":[[[-0.105961,51.574781],[-0.10593,51.574758],[-0.105939,51.57475],[-0.105961,51.574781]]]}},{"type":"Feature","properties":{"name":null,"kind":"water"},"geometry":{"type":"Polygon","coordinates":[[[-0.117376,51.51119],[-0.117123,51.51126],[-0.11693,51.510991],[-0.117376,51.51119]]]}},{"type":"Feature","properties":{"name":"Huntress Fountain","kind":"water"},"geometry":{"type":"Polygon","coordinates":[[[-0.155228,51.503717],[-0.155203,51.50377],[-0.155314,51.503742],[-0.155228,51.503717]]]}},{"type":"Feature","properties":{"name":"Boy and Dolphin Fountain","kind":"water"},"geometry":{"type":"Polygon","coordinates":[[[-0.154507,51.503785],[-0.154499,51.503809],[-0.154545,51.503792],[-0.154507,51.503785]]]}},{"type":"Feature","properties":{"name":null,"kind":"water"},"geometry":{"type":"Polygon","coordinates":[[[0.205695,51.554913],[0.205663,51.554925],[0.205667,51.554893],[0.205695,51.554913]]]}},{"type":"Feature","properties":{"name":null,"kind":"water"},"geometry":{"type":"Polygon","coordinates":[[[-0.279962,51.435065],[-0.280053,51.435021],[-0.279919,51.434986],[-0.279962,51.435065]]]}},{"type":"Feature","properties":{"name":null,"kind":"water"},"geometry":{"type":"Polygon","coordinates":[[[0.116127,51.590903],[0.117087,51.590033],[0.11539,51.589307],[0.113965,51.59067],[0.116127,51.590903]]]}},{"type":"Feature","properties":{"name":null,"kind":"water"},"geometry":{"type":"Polygon","coordinates":[[[0.114632,51.590074],[0.115171,51.589614],[0.114867,51.589495],[0.114632,51.590074]]]}},{"type":"Feature","properties":{"name":"Fountain Court Fountain","kind":"water"},"geometry":{"type":"Polygon","coordinates":[[[-0.112005,51.512505],[-0.111921,51.512527],[-0.112003,51.51255],[-0.112005,51.512505]]]}},{"type":"Feature","properties":{"name":"Fountain of Goddess Diana","kind":"water"},"geometry":{"type":"Polygon","coordinates":[[[-0.142243,51.506308],[-0.142235,51.506329],[-0.142279,51.506319],[-0.142243,51.506308]]]}},{"type":"Feature","properties":{"name":null,"kind":"water"},"geometry":{"type":"Polygon","coordinates":[[[0.275068,51.556508],[0.274944,51.556378],[0.275296,51.556326],[0.275068,51.556508]]]}},{"type":"Feature","properties":{"name":null,"kind":"water"},"geometry":{"type":"Polygon","coordinates":[[[0.273414,51.551167],[0.273306,51.550975],[0.27358,51.551027],[0.273414,51.551167]]]}},{"type":"Feature","properties":{"name":null,"kind":"water"},"geometry":{"type":"Polygon","coordinates":[[[0.272311,51.550426],[0.272183,51.550364],[0.272444,51.550144],[0.272311,51.550426]]]}},{"type":"Feature","properties":{"name":null,"kind":"water"},"geometry":{"type":"Polygon","coordinates":[[[0.26742,51.552037],[0.26805,51.551047],[0.268031,51.551814],[0.26742,51.552037]]]}},{"type":"Feature","properties":{"name":null,"kind":"water"},"geometry":{"type":"Polygon","coordinates":[[[0.26336,51.551673],[0.263345,51.551464],[0.263674,51.551655],[0.26336,51.551673]]]}},{"type":"Feature","properties":{"name":null,"kind":"water"},"geometry":{"type":"Polygon","coordinates":[[[-0.262616,51.414821],[-0.261968,51.414796],[-0.262328,51.415036],[-0.262616,51.414821]]]}},{"type":"Feature","properties":{"name":null,"kind":"water"},"geometry":{"type":"Polygon","coordinates":[[[-0.463005,51.586608],[-0.462755,51.586501],[-0.462953,51.586369],[-0.463005,51.586608]]]}},{"type":"Feature","properties":{"name":null,"kind":"water"},"geometry":{"type":"Polygon","coordinates":[[[-0.458,51.587212],[-0.457849,51.587182],[-0.457978,51.58715],[-0.458,51.587212]]]}},{"type":"Feature","properties":{"name":null,"kind":"water"},"geometry":{"type":"Polygon","coordinates":[[[0.089348,51.299306],[0.089314,51.299215],[0.089417,51.299223],[0.089348,51.299306]]]}},{"type":"Feature","properties":{"name":null,"kind":"water"},"geometry":{"type":"Polygon","coordinates":[[[-0.198751,51.638688],[-0.198716,51.638705],[-0.198713,51.638684],[-0.198751,51.638688]]]}},{"type":"Feature","properties":{"name":null,"kind":"water"},"geometry":{"type":"Polygon","coordinates":[[[-0.256885,51.566944],[-0.256476,51.567006],[-0.256685,51.566679],[-0.256885,51.566944]]]}},{"type":"Feature","properties":{"name":"Shakespeare Fountain","kind":"water"},"geometry":{"type":"Polygon","coordinates":[[[-0.130052,51.510354],[-0.130051,51.510402],[-0.13014,51.510377],[-0.130052,51.510354]]]}},{"type":"Feature","properties":{"name":null,"kind":"water"},"geometry":{"type":"Polygon","coordinates":[[[-0.042058,51.324151],[-0.042069,51.324099],[-0.041987,51.32411],[-0.042058,51.324151]]]}},{"type":"Feature","properties":{"name":null,"kind":"water"},"geometry":{"type":"Polygon","coordinates":[[[-0.043291,51.325213],[-0.043422,51.325179],[-0.043331,51.325088],[-0.043291,51.325213]]]}},{"type":"Feature","properties":{"name":null,"kind":"water"},"geometry":{"type":"Polygon","coordinates":[[[-0.044972,51.325406],[-0.044869,51.325357],[-0.044855,51.325418],[-0.044972,51.325406]]]}},{"type":"Feature","properties":{"name":null,"kind":"water"},"geometry":{"type":"Polygon","coordinates":[[[-0.043489,51.326142],[-0.043453,51.326056],[-0.043314,51.326099],[-0.043489,51.326142]]]}},{"type":"Feature","properties":{"name":null,"kind":"water"},"geometry":{"type":"Polygon","coordinates":[[[-0.053072,51.578441],[-0.052249,51.576944],[-0.05185,51.577146],[-0.053072,51.578441]]]}},{"type":"Feature","properties":{"name":"River Quaggy","kind":"water"},"geometry":{"type":"LineString","coordinates":[[0.033773,51.449503],[0.033776,51.449616]]}},{"type":"Feature","properties":{"name":"River Quaggy","kind":"water"},"geometry":{"type":"LineString","coordinates":[[0.033776,51.449616],[0.033373,51.451196]]}},{"type":"Feature","properties":{"name":"Ornamental Pool","kind":"water"},"geometry":{"type":"Polygon","coordinates":[[[0.003412,51.556328],[0.003447,51.55623],[0.003377,51.556246],[0.003412,51.556328]]]}},{"type":"Feature","properties":{"name":null,"kind":"water"},"geometry":{"type":"Polygon","coordinates":[[[-0.308354,51.450464],[-0.308308,51.450485],[-0.308198,51.450392],[-0.308244,51.450371],[-0.308354,51.450464]]]}},{"type":"Feature","properties":{"name":null,"kind":"water"},"geometry":{"type":"Polygon","coordinates":[[[0.023376,51.287903],[0.023022,51.287608],[0.023764,51.287795],[0.023376,51.287903]]]}},{"type":"Feature","properties":{"name":null,"kind":"water"},"geometry":{"type":"Polygon","coordinates":[[[0.020958,51.291581],[0.020788,51.291483],[0.020977,51.291374],[0.020958,51.291581]]]}},{"type":"Feature","properties":{"name":null,"kind":"water"},"geometry":{"type":"Polygon","coordinates":[[[0.022409,51.291396],[0.022381,51.291332],[0.022523,51.291332],[0.022409,51.291396]]]}},{"type":"Feature","properties":{"name":null,"kind":"water"},"geometry":{"type":"Polygon","coordinates":[[[0.024881,51.303721],[0.024763,51.303672],[0.024885,51.303616],[0.024881,51.303721]]]}},{"type":"Feature","properties":{"name":null,"kind":"water"},"geometry":{"type":"Polygon","coordinates":[[[0.289099,51.554309],[0.288664,51.553726],[0.288989,51.553616],[0.289099,51.554309]]]}},{"type":"Feature","properties":{"name":null,"kind":"water"},"geometry":{"type":"Polygon","coordinates":[[[0.273062,51.552222],[0.27292,51.552163],[0.273078,51.552088],[0.273062,51.552222]]]}},{"type":"Feature","properties":{"name":"Jubilee Fountain","kind":"water"},"geometry":{"type":"Polygon","coordinates":[[[-0.125209,51.5005],[-0.125142,51.500508],[-0.125192,51.500554],[-0.125209,51.5005]]]}},{"type":"Feature","properties":{"name":null,"kind":"water"},"geometry":{"type":"Polygon","coordinates":[[[-0.12753,51.498449],[-0.127508,51.498448],[-0.127513,51.498421],[-0.12753,51.498449]]]}},{"type":"Feature","properties":{"name":null,"kind":"water"},"geometry":{"type":"Polygon","coordinates":[[[-0.128014,51.494418],[-0.128091,51.49437],[-0.128004,51.494328],[-0.128014,51.494418]]]}},{"type":"Feature","properties":{"name":"Waterfall","kind":"water"},"geometry":{"type":"Polygon","coordinates":[[[-0.075351,51.503722],[-0.075425,51.503764],[-0.075436,51.503719],[-0.075351,51.503722]]]}},{"type":"Feature","properties":{"name":null,"kind":"water"},"geometry":{"type":"Polygon","coordinates":[[[-0.115424,51.505143],[-0.115603,51.505241],[-0.115626,51.505133],[-0.115424,51.505143]]]}},{"type":"Feature","properties":{"name":null,"kind":"water"},"geometry":{"type":"Polygon","coordinates":[[[-0.119585,51.500445],[-0.119363,51.500393],[-0.119578,51.50032],[-0.119585,51.500445]]]}},{"type":"Feature","properties":{"name":null,"kind":"water"},"geometry":{"type":"Polygon","coordinates":[[[-0.150365,51.509132],[-0.150413,51.509159],[-0.15042,51.50913],[-0.150365,51.509132]]]}},{"type":"Feature","properties":{"name":null,"kind":"water"},"geometry":{"type":"Polygon","coordinates":[[[-0.199744,51.499762],[-0.199806,51.499655],[-0.199639,51.499609],[-0.199744,51.499762]]]}},{"type":"Feature","properties":{"name":"Shaftesbury Memorial Fountain","kind":"water"},"geometry":{"type":"Polygon","coordinates":[[[-0.134516,51.509908],[-0.134476,51.509874],[-0.134465,51.509914],[-0.134516,51.509908]]]}},{"type":"Feature","properties":{"name":null,"kind":"water"},"geometry":{"type":"Polygon","coordinates":[[[-0.123487,51.511465],[-0.123516,51.511475],[-0.123518,51.511459],[-0.123487,51.511465]]]}},{"type":"Feature","properties":{"name":null,"kind":"water"},"geometry":{"type":"Polygon","coordinates":[[[-0.092212,51.510911],[-0.092218,51.510923],[-0.092242,51.510917],[-0.092212,51.510911]]]}},{"type":"Feature","properties":{"name":"The Mosaic Fountain","kind":"water"},"geometry":{"type":"Polygon","coordinates":[[[-0.039099,51.510197],[-0.03917,51.510237],[-0.039018,51.510228],[-0.039099,51.510197]]]}},{"type":"Feature","properties":{"name":null,"kind":"water"},"geometry":{"type":"Polygon","coordinates":[[[0.051565,51.289365],[0.051619,51.289282],[0.051831,51.289321],[0.051565,51.289365]]]}},{"type":"Feature","properties":{"name":null,"kind":"water"},"geometry":{"type":"Polygon","coordinates":[[[0.051731,51.289461],[0.051683,51.289426],[0.051822,51.289403],[0.051731,51.289461]]]}},{"type":"Feature","properties":{"name":null,"kind":"water"},"geometry":{"type":"Polygon","coordinates":[[[0.189397,51.600481],[0.18927,51.600283],[0.189524,51.600251],[0.189397,51.600481]]]}},{"type":"Feature","properties":{"name":null,"kind":"water"},"geometry":{"type":"Polygon","coordinates":[[[0.195029,51.598758],[0.195248,51.598718],[0.195342,51.59856],[0.195029,51.598758]]]}},{"type":"Feature","properties":{"name":null,"kind":"water"},"geometry":{"type":"Polygon","coordinates":[[[0.19352,51.599812],[0.193817,51.599771],[0.193791,51.599657],[0.19352,51.599812]]]}},{"type":"Feature","properties":{"name":null,"kind":"water"},"geometry":{"type":"Polygon","coordinates":[[[0.196278,51.597899],[0.196443,51.597717],[0.196115,51.597888],[0.196278,51.597899]]]}},{"type":"Feature","properties":{"name":null,"kind":"water"},"geometry":{"type":"Polygon","coordinates":[[[0.191496,51.595212],[0.191728,51.59519],[0.191651,51.595168],[0.191496,51.595212]]]}},{"type":"Feature","properties":{"name":null,"kind":"water"},"geometry":{"type":"Polygon","coordinates":[[[0.046931,51.294288],[0.046966,51.294224],[0.047049,51.294256],[0.046931,51.294288]]]}},{"type":"Feature","properties":{"name":null,"kind":"water"},"geometry":{"type":"Polygon","coordinates":[[[0.047389,51.314923],[0.047356,51.314881],[0.047436,51.31488],[0.047389,51.314923]]]}},{"type":"Feature","properties":{"name":"Elstree Spring","kind":"water"},"geometry":{"type":"Polygon","coordinates":[[[0.002491,51.415659],[0.002614,51.415656],[0.002544,51.415622],[0.002491,51.415659]]]}},{"type":"Feature","properties":{"name":null,"kind":"water"},"geometry":{"type":"Polygon","coordinates":[[[-0.093439,51.466655],[-0.093269,51.466668],[-0.093494,51.466558],[-0.093439,51.466655]]]}},{"type":"Feature","properties":{"name":null,"kind":"water"},"geometry":{"type":"Polygon","coordinates":[[[0.059893,51.299853],[0.059799,51.299831],[0.059881,51.29977],[0.059893,51.299853]]]}},{"type":"Feature","properties":{"name":null,"kind":"water"},"geometry":{"type":"Polygon","coordinates":[[[0.05662,51.298871],[0.056612,51.298774],[0.056711,51.298813],[0.05662,51.298871]]]}},{"type":"Feature","properties":{"name":null,"kind":"water"},"geometry":{"type":"Polygon","coordinates":[[[0.062984,51.303191],[0.06288,51.303105],[0.062978,51.303009],[0.062984,51.303191]]]}},{"type":"Feature","properties":{"name":null,"kind":"water"},"geometry":{"type":"Polygon","coordinates":[[[0.064734,51.303671],[0.064669,51.303594],[0.064774,51.303563],[0.064734,51.303671]]]}},{"type":"Feature","properties":{"name":null,"kind":"water"},"geometry":{"type":"LineString","coordinates":[[0.105911,51.542676],[0.105932,51.54208]]}},{"type":"Feature","properties":{"name":null,"kind":"water"},"geometry":{"type":"Polygon","coordinates":[[[-0.318897,51.349847],[-0.318661,51.349869],[-0.318835,51.349801],[-0.318897,51.349847]]]}},{"type":"Feature","properties":{"name":null,"kind":"water"},"geometry":{"type":"Polygon","coordinates":[[[-0.318664,51.349917],[-0.318418,51.349961],[-0.318525,51.349837],[-0.318664,51.349917]]]}},{"type":"Feature","properties":{"name":null,"kind":"water"},"geometry":{"type":"Polygon","coordinates":[[[0.158275,51.418554],[0.158089,51.418396],[0.158524,51.418509],[0.158275,51.418554]]]}},{"type":"Feature","properties":{"name":null,"kind":"water"},"geometry":{"type":"Polygon","coordinates":[[[-0.42156,51.594804],[-0.421583,51.594763],[-0.421513,51.594758],[-0.42156,51.594804]]]}},{"type":"Feature","properties":{"name":null,"kind":"water"},"geometry":{"type":"Polygon","coordinates":[[[-0.421446,51.594766],[-0.421469,51.594724],[-0.421399,51.59472],[-0.421446,51.594766]]]}},{"type":"Feature","properties":{"name":null,"kind":"water"},"geometry":{"type":"Polygon","coordinates":[[[-0.418514,51.588109],[-0.41843,51.588208],[-0.418345,51.588092],[-0.418514,51.588109]]]}},{"type":"Feature","properties":{"name":null,"kind":"water"},"geometry":{"type":"Polygon","coordinates":[[[0.014432,51.361118],[0.01438,51.361075],[0.014497,51.361069],[0.014432,51.361118]]]}},{"type":"Feature","properties":{"name":"Molesey Lock","kind":"water"},"geometry":{"type":"Polygon","coordinates":[[[-0.34541,51.404603],[-0.346489,51.40502],[-0.345498,51.404526],[-0.34541,51.404603]]]}},{"type":"Feature","properties":{"name":null,"kind":"water"},"geometry":{"type":"Polygon","coordinates":[[[-0.325504,51.432445],[-0.323311,51.431375],[-0.323245,51.431439],[-0.325504,51.432445]]]}},{"type":"Feature","properties":{"name":"Teddington Launch Lock","kind":"water"},"geometry":{"type":"Polygon","coordinates":[[[-0.3241,51.431441],[-0.323374,51.431232],[-0.324145,51.431382],[-0.3241,51.431441]]]}},{"type":"Feature","properties":{"name":"Teddington Skiff Lock (dis.)","kind":"water"},"geometry":{"type":"Polygon","coordinates":[[[-0.323754,51.431226],[-0.323537,51.431165],[-0.323762,51.431212],[-0.323754,51.431226]]]}},{"type":"Feature","properties":{"name":"River Thames","kind":"water"},"geometry":{"type":"LineString","coordinates":[[-0.322355,51.430944],[-0.323099,51.430926]]}},{"type":"Feature","properties":{"name":"River Thames","kind":"water"},"geometry":{"type":"LineString","coordinates":[[-0.323408,51.430912],[-0.32425,51.431091]]}},{"type":"Feature","properties":{"name":"River Thames","kind":"water"},"geometry":{"type":"LineString","coordinates":[[-0.323099,51.430926],[-0.323408,51.430912]]}},{"type":"Feature","properties":{"name":"River Thames","kind":"water"},"geometry":{"type":"LineString","coordinates":[[-0.321157,51.429905],[-0.32595,51.431957]]}},{"type":"Feature","properties":{"name":"River Thames","kind":"water"},"geometry":{"type":"LineString","coordinates":[[-0.316278,51.461653],[-0.317445,51.461879]]}},{"type":"Feature","properties":{"name":"River Thames","kind":"water"},"geometry":{"type":"LineString","coordinates":[[-0.317779,51.462077],[-0.317987,51.462755]]}},{"type":"Feature","properties":{"name":"River Thames","kind":"water"},"geometry":{"type":"LineString","coordinates":[[-0.317445,51.461879],[-0.317779,51.462077]]}},{"type":"Feature","properties":{"name":null,"kind":"water"},"geometry":{"type":"Polygon","coordinates":[[[0.074372,51.331022],[0.07447,51.330925],[0.074647,51.331039],[0.074372,51.331022]]]}},{"type":"Feature","properties":{"name":"River Quaggy","kind":"water"},"geometry":{"type":"LineString","coordinates":[[0.027141,51.431559],[0.027143,51.431676]]}},{"type":"Feature","properties":{"name":"River Quaggy","kind":"water"},"geometry":{"type":"LineString","coordinates":[[0.02792,51.433595],[0.028042,51.433752]]}},{"type":"Feature","properties":{"name":"River Quaggy","kind":"water"},"geometry":{"type":"LineString","coordinates":[[0.027143,51.431676],[0.02792,51.433595]]}},{"type":"Feature","properties":{"name":"River Quaggy","kind":"water"},"geometry":{"type":"LineString","coordinates":[[0.028042,51.433752],[0.029098,51.434555],[0.028568,51.440232],[0.029392,51.441651]]}},{"type":"Feature","properties":{"name":"River Thames","kind":"water"},"geometry":{"type":"LineString","coordinates":[[-0.09573,51.509285],[-0.092361,51.508446]]}},{"type":"Feature","properties":{"name":"River Thames","kind":"water"},"geometry":{"type":"LineString","coordinates":[[-0.048646,51.506297],[-0.045495,51.507934],[-0.04093,51.508635],[-0.036087,51.508077],[-0.031498,51.506436],[-0.030364,51.505418],[-0.029373,51.50269],[-0.030204,51.496067],[-0.029916,51.493533]]}},{"type":"Feature","properties":{"name":"River Thames","kind":"water"},"geometry":{"type":"LineString","coordinates":[[-0.085542,51.507718],[-0.08106,51.50705]]}},{"type":"Feature","properties":{"name":"River Thames","kind":"water"},"geometry":{"type":"LineString","coordinates":[[-0.057559,51.502019],[-0.054873,51.502795],[-0.048646,51.506297]]}},{"type":"Feature","properties":{"name":"River Thames","kind":"water"},"geometry":{"type":"LineString","coordinates":[[-0.080209,51.506871],[-0.075468,51.505534]]}},{"type":"Feature","properties":{"name":null,"kind":"water"},"geometry":{"type":"Polygon","coordinates":[[[-0.211026,51.394443],[-0.210622,51.3947],[-0.210576,51.394541],[-0.211026,51.394443]]]}},{"type":"Feature","properties":{"name":null,"kind":"water"},"geometry":{"type":"Polygon","coordinates":[[[-0.145536,51.639435],[-0.145399,51.639375],[-0.145481,51.639269],[-0.145536,51.639435]]]}},{"type":"Feature","properties":{"name":"River Lea","kind":"water"},"geometry":{"type":"LineString","coordinates":[[-0.023969,51.557373],[-0.025687,51.554864],[-0.025378,51.554397],[-0.019864,51.551937],[-0.018949,51.550658]]}},{"type":"Feature","properties":{"name":null,"kind":"water"},"geometry":{"type":"Polygon","coordinates":[[[-0.326943,51.400032],[-0.324788,51.399732],[-0.324178,51.400388],[-0.324801,51.399785],[-0.326943,51.400032]]]}},{"type":"Feature","properties":{"name":null,"kind":"water"},"geometry":{"type":"Polygon","coordinates":[[[0.11604,51.32898],[0.115893,51.329354],[0.116115,51.329399],[0.11604,51.32898]]]}},{"type":"Feature","properties":{"name":null,"kind":"water"},"geometry":{"type":"Polygon","coordinates":[[[0.116241,51.329605],[0.116072,51.329436],[0.116676,51.329579],[0.116241,51.329605]]]}},{"type":"Feature","properties":{"name":null,"kind":"water"},"geometry":{"type":"Polygon","coordinates":[[[0.17267,51.5585],[0.173464,51.558463],[0.172874,51.558276],[0.17267,51.5585]]]}},{"type":"Feature","properties":{"name":null,"kind":"water"},"geometry":{"type":"Polygon","coordinates":[[[0.170256,51.55803],[0.170712,51.558312],[0.171018,51.558023],[0.170256,51.55803]]]}},{"type":"Feature","properties":{"name":null,"kind":"water"},"geometry":{"type":"Polygon","coordinates":[[[-0.377439,51.381202],[-0.375824,51.384211],[-0.372948,51.386566],[-0.362158,51.386525],[-0.358915,51.387512],[-0.356367,51.390718],[-0.35634,51.393637],[-0.355595,51.394839],[-0.350577,51.39678],[-0.348218,51.39706],[-0.347252,51.398509],[-0.344179,51.399283],[-0.342878,51.401009],[-0.338968,51.40096],[-0.340252,51.401381],[-0.34434,51.400949],[-0.343855,51.400807],[-0.344389,51.399489],[-0.347601,51.398566],[-0.348241,51.397316],[-0.355663,51.395084],[-0.356623,51.393756],[-0.356784,51.390717],[-0.359194,51.387653],[-0.371779,51.387017],[-0.374142,51.386259],[-0.376682,51.383528],[-0.377821,51.380869],[-0.378072,51.379174],[-0.376985,51.376508],[-0.378012,51.374246],[-0.377355,51.371365],[-0.378424,51.368657],[-0.381029,51.367265],[-0.386351,51.368585],[-0.39076,51.368133],[-0.391592,51.3644],[-0.394977,51.362707],[-0.396516,51.361162],[-0.397262,51.358562],[-0.396782,51.357262],[-0.391856,51.355386],[-0.392283,51.354998],[-0.391497,51.354486],[-0.392086,51.35568],[-0.396591,51.357272],[-0.397062,51.358449],[-0.396138,51.361454],[-0.391356,51.364386],[-0.390511,51.366126],[-0.391029,51.367195],[-0.390506,51.368044],[-0.385482,51.368367],[-0.381359,51.367124],[-0.378121,51.368502],[-0.376834,51.371167],[-0.377562,51.37403],[-0.376458,51.376665],[-0.377671,51.379295],[-0.377439,51.381202]]]}},{"type":"Feature","properties":{"name":"Chris and Chris's Ond","kind":"water"},"geometry":{"type":"Polygon","coordinates":[[[0.113553,51.340075],[0.113544,51.340024],[0.113602,51.340009],[0.113553,51.340075]]]}},{"type":"Feature","properties":{"name":null,"kind":"water"},"geometry":{"type":"Polygon","coordinates":[[[0.119559,51.342476],[0.119486,51.342424],[0.119556,51.342403],[0.119559,51.342476]]]}},{"type":"Feature","properties":{"name":null,"kind":"water"},"geometry":{"type":"Polygon","coordinates":[[[0.131561,51.34205],[0.131106,51.341515],[0.131321,51.341434],[0.131561,51.34205]]]}},{"type":"Feature","properties":{"name":null,"kind":"water"},"geometry":{"type":"Polygon","coordinates":[[[0.120757,51.328003],[0.120634,51.32789],[0.120825,51.327962],[0.120757,51.328003]]]}},{"type":"Feature","properties":{"name":null,"kind":"water"},"geometry":{"type":"Polygon","coordinates":[[[0.117665,51.339405],[0.117716,51.339351],[0.117742,51.339361],[0.117665,51.339405]]]}},{"type":"Feature","properties":{"name":null,"kind":"water"},"geometry":{"type":"Polygon","coordinates":[[[0.110752,51.348308],[0.110778,51.348201],[0.11083,51.348257],[0.110752,51.348308]]]}},{"type":"Feature","properties":{"name":null,"kind":"water"},"geometry":{"type":"Polygon","coordinates":[[[0.111797,51.50353],[0.11231,51.503517],[0.112017,51.503716],[0.111797,51.50353]]]}},{"type":"Feature","properties":{"name":null,"kind":"water"},"geometry":{"type":"Polygon","coordinates":[[[0.113339,51.503091],[0.112427,51.503532],[0.113272,51.503505],[0.113339,51.503091]]]}},{"type":"Feature","properties":{"name":"The Gores","kind":"water"},"geometry":{"type":"LineString","coordinates":[[0.132729,51.518743],[0.133367,51.518081]]}},{"type":"Feature","properties":{"name":null,"kind":"water"},"geometry":{"type":"Polygon","coordinates":[[[0.048871,51.367837],[0.048759,51.367644],[0.049025,51.367688],[0.048871,51.367837]]]}},{"type":"Feature","properties":{"name":"Wall Fountain","kind":"water"},"geometry":{"type":"Polygon","coordinates":[[[-0.097079,51.513181],[-0.096983,51.513273],[-0.097038,51.513318],[-0.097079,51.513181]]]}},{"type":"Feature","properties":{"name":null,"kind":"water"},"geometry":{"type":"Polygon","coordinates":[[[0.110139,51.61639],[0.110415,51.616376],[0.110158,51.616292],[0.110139,51.61639]]]}},{"type":"Feature","properties":{"name":null,"kind":"water"},"geometry":{"type":"Polygon","coordinates":[[[-0.430937,51.444777],[-0.427804,51.444349],[-0.428899,51.444128],[-0.430937,51.444777]]]}},{"type":"Feature","properties":{"name":null,"kind":"water"},"geometry":{"type":"Polygon","coordinates":[[[-0.131351,51.482832],[-0.131902,51.483121],[-0.132871,51.482964],[-0.131351,51.482832]]]}},{"type":"Feature","properties":{"name":null,"kind":"water"},"geometry":{"type":"Polygon","coordinates":[[[0.087701,51.521572],[0.090041,51.519733],[0.091288,51.520347],[0.089098,51.522261],[0.087701,51.521572]]]}},{"type":"Feature","properties":{"name":null,"kind":"water"},"geometry":{"type":"Polygon","coordinates":[[[0.083681,51.523427],[0.081176,51.522175],[0.080624,51.522603],[0.082943,51.523998],[0.083681,51.523427]]]}},{"type":"Feature","properties":{"name":null,"kind":"water"},"geometry":{"type":"Polygon","coordinates":[[[0.084534,51.522776],[0.082029,51.521524],[0.081458,51.521968],[0.083796,51.523348],[0.084534,51.522776]]]}},{"type":"Feature","properties":{"name":null,"kind":"water"},"geometry":{"type":"Polygon","coordinates":[[[0.085344,51.522142],[0.082839,51.52089],[0.082283,51.521321],[0.084606,51.522714],[0.085344,51.522142]]]}},{"type":"Feature","properties":{"name":null,"kind":"water"},"geometry":{"type":"Polygon","coordinates":[[[0.086186,51.521504],[0.083681,51.520252],[0.083115,51.520688],[0.085431,51.522086],[0.086186,51.521504]]]}},{"type":"Feature","properties":{"name":null,"kind":"water"},"geometry":{"type":"Polygon","coordinates":[[[0.091092,51.51912],[0.091175,51.51931],[0.091514,51.519152],[0.091092,51.51912]]]}},{"type":"Feature","properties":{"name":null,"kind":"water"},"geometry":{"type":"Polygon","coordinates":[[[0.091592,51.519166],[0.091675,51.519356],[0.092015,51.519198],[0.091592,51.519166]]]}},{"type":"Feature","properties":{"name":null,"kind":"water"},"geometry":{"type":"Polygon","coordinates":[[[0.092099,51.519211],[0.092182,51.5194],[0.092522,51.519242],[0.092099,51.519211]]]}},{"type":"Feature","properties":{"name":null,"kind":"water"},"geometry":{"type":"Polygon","coordinates":[[[0.092605,51.519259],[0.092687,51.519449],[0.093027,51.519291],[0.092605,51.519259]]]}},{"type":"Feature","properties":{"name":null,"kind":"water"},"geometry":{"type":"Polygon","coordinates":[[[0.093062,51.518895],[0.093145,51.519085],[0.093484,51.518927],[0.093062,51.518895]]]}},{"type":"Feature","properties":{"name":null,"kind":"water"},"geometry":{"type":"Polygon","coordinates":[[[0.092552,51.518857],[0.092635,51.519047],[0.092975,51.518888],[0.092552,51.518857]]]}},{"type":"Feature","properties":{"name":null,"kind":"water"},"geometry":{"type":"Polygon","coordinates":[[[0.092045,51.518808],[0.092128,51.518998],[0.092468,51.51884],[0.092045,51.518808]]]}},{"type":"Feature","properties":{"name":null,"kind":"water"},"geometry":{"type":"Polygon","coordinates":[[[0.091548,51.518763],[0.091631,51.518953],[0.091971,51.518794],[0.091548,51.518763]]]}},{"type":"Feature","properties":{"name":null,"kind":"water"},"geometry":{"type":"Polygon","coordinates":[[[0.092154,51.520144],[0.092548,51.520317],[0.092579,51.52008],[0.092154,51.520144]]]}},{"type":"Feature","properties":{"name":null,"kind":"water"},"geometry":{"type":"Polygon","coordinates":[[[0.092599,51.520364],[0.092994,51.520537],[0.093025,51.5203],[0.092599,51.520364]]]}},{"type":"Feature","properties":{"name":null,"kind":"water"},"geometry":{"type":"Polygon","coordinates":[[[0.092207,51.520671],[0.092602,51.520844],[0.092633,51.520607],[0.092207,51.520671]]]}},{"type":"Feature","properties":{"name":null,"kind":"water"},"geometry":{"type":"Polygon","coordinates":[[[0.091767,51.520451],[0.092162,51.520624],[0.092193,51.520387],[0.091767,51.520451]]]}},{"type":"Feature","properties":{"name":null,"kind":"water"},"geometry":{"type":"Polygon","coordinates":[[[0.091392,51.520745],[0.091786,51.520918],[0.091818,51.520681],[0.091392,51.520745]]]}},{"type":"Feature","properties":{"name":null,"kind":"water"},"geometry":{"type":"Polygon","coordinates":[[[0.091826,51.520982],[0.092221,51.521155],[0.092252,51.520918],[0.091826,51.520982]]]}},{"type":"Feature","properties":{"name":null,"kind":"water"},"geometry":{"type":"Polygon","coordinates":[[[0.091445,51.521272],[0.09184,51.521445],[0.091871,51.521208],[0.091445,51.521272]]]}},{"type":"Feature","properties":{"name":null,"kind":"water"},"geometry":{"type":"Polygon","coordinates":[[[0.091,51.521058],[0.091395,51.521231],[0.091426,51.520994],[0.091,51.521058]]]}},{"type":"Feature","properties":{"name":null,"kind":"water"},"geometry":{"type":"Polygon","coordinates":[[[0.090619,51.521349],[0.091014,51.521522],[0.091045,51.521285],[0.090619,51.521349]]]}},{"type":"Feature","properties":{"name":null,"kind":"water"},"geometry":{"type":"Polygon","coordinates":[[[0.091059,51.521562],[0.091454,51.521735],[0.091485,51.521498],[0.091059,51.521562]]]}},{"type":"Feature","properties":{"name":null,"kind":"water"},"geometry":{"type":"Polygon","coordinates":[[[0.090673,51.52187],[0.091068,51.522042],[0.091099,51.521805],[0.090673,51.52187]]]}},{"type":"Feature","properties":{"name":null,"kind":"water"},"geometry":{"type":"Polygon","coordinates":[[[0.090228,51.521642],[0.090622,51.521815],[0.090654,51.521578],[0.090228,51.521642]]]}},{"type":"Feature","properties":{"name":null,"kind":"water"},"geometry":{"type":"Polygon","coordinates":[[[0.089842,51.521946],[0.090236,51.522119],[0.090267,51.521882],[0.089842,51.521946]]]}},{"type":"Feature","properties":{"name":null,"kind":"water"},"geometry":{"type":"Polygon","coordinates":[[[0.08945,51.52226],[0.089845,51.522433],[0.089876,51.522196],[0.08945,51.52226]]]}},{"type":"Feature","properties":{"name":null,"kind":"water"},"geometry":{"type":"Polygon","coordinates":[[[0.090271,51.522183],[0.090665,51.522356],[0.090696,51.522119],[0.090271,51.522183]]]}},{"type":"Feature","properties":{"name":null,"kind":"water"},"geometry":{"type":"Polygon","coordinates":[[[0.08989,51.52247],[0.090285,51.522643],[0.090316,51.522406],[0.08989,51.52247]]]}},{"type":"Feature","properties":{"name":null,"kind":"water"},"geometry":{"type":"Polygon","coordinates":[[[0.086301,51.521863],[0.086696,51.522036],[0.086727,51.521799],[0.086301,51.521863]]]}},{"type":"Feature","properties":{"name":null,"kind":"water"},"geometry":{"type":"Polygon","coordinates":[[[0.086736,51.522096],[0.08713,51.522269],[0.087161,51.522033],[0.086736,51.522096]]]}},{"type":"Feature","properties":{"name":null,"kind":"water"},"geometry":{"type":"Polygon","coordinates":[[[0.087192,51.522313],[0.087586,51.522486],[0.087617,51.522249],[0.087192,51.522313]]]}},{"type":"Feature","properties":{"name":null,"kind":"water"},"geometry":{"type":"Polygon","coordinates":[[[0.087621,51.52253],[0.088015,51.522703],[0.088046,51.522466],[0.087621,51.52253]]]}},{"type":"Feature","properties":{"name":null,"kind":"water"},"geometry":{"type":"Polygon","coordinates":[[[0.088066,51.522754],[0.088461,51.522927],[0.088492,51.52269],[0.088066,51.522754]]]}},{"type":"Feature","properties":{"name":null,"kind":"water"},"geometry":{"type":"Polygon","coordinates":[[[0.088517,51.522981],[0.088911,51.523154],[0.088942,51.522917],[0.088517,51.522981]]]}},{"type":"Feature","properties":{"name":null,"kind":"water"},"geometry":{"type":"Polygon","coordinates":[[[0.08812,51.523271],[0.088514,51.523444],[0.088545,51.523207],[0.08812,51.523271]]]}},{"type":"Feature","properties":{"name":null,"kind":"water"},"geometry":{"type":"Polygon","coordinates":[[[0.087701,51.523054],[0.088096,51.523227],[0.088127,51.52299],[0.087701,51.523054]]]}},{"type":"Feature","properties":{"name":null,"kind":"water"},"geometry":{"type":"Polygon","coordinates":[[[0.08724,51.522841],[0.087635,51.523014],[0.087666,51.522777],[0.08724,51.522841]]]}},{"type":"Feature","properties":{"name":null,"kind":"water"},"geometry":{"type":"Polygon","coordinates":[[[0.086816,51.522604],[0.087211,51.522777],[0.087242,51.52254],[0.086816,51.522604]]]}},{"type":"Feature","properties":{"name":null,"kind":"water"},"geometry":{"type":"Polygon","coordinates":[[[0.08636,51.522383],[0.086755,51.522556],[0.086786,51.52232],[0.08636,51.522383]]]}},{"type":"Feature","properties":{"name":null,"kind":"water"},"geometry":{"type":"Polygon","coordinates":[[[0.085915,51.52217],[0.086309,51.522343],[0.086341,51.522106],[0.085915,51.52217]]]}},{"type":"Feature","properties":{"name":null,"kind":"water"},"geometry":{"type":"Polygon","coordinates":[[[0.08547,51.52251],[0.085864,51.522683],[0.085895,51.522446],[0.08547,51.52251]]]}},{"type":"Feature","properties":{"name":null,"kind":"water"},"geometry":{"type":"Polygon","coordinates":[[[0.085915,51.522731],[0.086309,51.522903],[0.086341,51.522667],[0.085915,51.522731]]]}},{"type":"Feature","properties":{"name":null,"kind":"water"},"geometry":{"type":"Polygon","coordinates":[[[0.086365,51.522951],[0.08676,51.523124],[0.086791,51.522887],[0.086365,51.522951]]]}},{"type":"Feature","properties":{"name":null,"kind":"water"},"geometry":{"type":"Polygon","coordinates":[[[0.086816,51.523178],[0.087211,51.523351],[0.087242,51.523114],[0.086816,51.523178]]]}},{"type":"Feature","properties":{"name":null,"kind":"water"},"geometry":{"type":"Polygon","coordinates":[[[0.087245,51.523398],[0.08764,51.523571],[0.087671,51.523334],[0.087245,51.523398]]]}},{"type":"Feature","properties":{"name":null,"kind":"water"},"geometry":{"type":"Polygon","coordinates":[[[0.087696,51.523622],[0.08809,51.523795],[0.088122,51.523558],[0.087696,51.523622]]]}},{"type":"Feature","properties":{"name":null,"kind":"water"},"geometry":{"type":"Polygon","coordinates":[[[0.08732,51.523922],[0.087715,51.524095],[0.087746,51.523858],[0.08732,51.523922]]]}},{"type":"Feature","properties":{"name":null,"kind":"water"},"geometry":{"type":"Polygon","coordinates":[[[0.08687,51.523702],[0.087264,51.523875],[0.087295,51.523638],[0.08687,51.523702]]]}},{"type":"Feature","properties":{"name":null,"kind":"water"},"geometry":{"type":"Polygon","coordinates":[[[0.086424,51.523472],[0.086819,51.523644],[0.08685,51.523408],[0.086424,51.523472]]]}},{"type":"Feature","properties":{"name":null,"kind":"water"},"geometry":{"type":"Polygon","coordinates":[[[0.085974,51.523258],[0.086369,51.523431],[0.0864,51.523194],[0.085974,51.523258]]]}},{"type":"Feature","properties":{"name":null,"kind":"water"},"geometry":{"type":"Polygon","coordinates":[[[0.085529,51.523028],[0.085923,51.523201],[0.085954,51.522964],[0.085529,51.523028]]]}},{"type":"Feature","properties":{"name":null,"kind":"water"},"geometry":{"type":"Polygon","coordinates":[[[0.085089,51.522791],[0.085483,51.522964],[0.085514,51.522727],[0.085089,51.522791]]]}},{"type":"Feature","properties":{"name":null,"kind":"water"},"geometry":{"type":"Polygon","coordinates":[[[0.084649,51.523151],[0.085043,51.523324],[0.085075,51.523087],[0.084649,51.523151]]]}},{"type":"Feature","properties":{"name":null,"kind":"water"},"geometry":{"type":"Polygon","coordinates":[[[0.085083,51.523378],[0.085478,51.523551],[0.085509,51.523314],[0.085083,51.523378]]]}},{"type":"Feature","properties":{"name":null,"kind":"water"},"geometry":{"type":"Polygon","coordinates":[[[0.085539,51.523608],[0.085934,51.523781],[0.085965,51.523544],[0.085539,51.523608]]]}},{"type":"Feature","properties":{"name":null,"kind":"water"},"geometry":{"type":"Polygon","coordinates":[[[0.085985,51.523822],[0.086379,51.523995],[0.08641,51.523758],[0.085985,51.523822]]]}},{"type":"Feature","properties":{"name":null,"kind":"water"},"geometry":{"type":"Polygon","coordinates":[[[0.08643,51.524042],[0.086824,51.524215],[0.086856,51.523978],[0.08643,51.524042]]]}},{"type":"Feature","properties":{"name":null,"kind":"water"},"geometry":{"type":"Polygon","coordinates":[[[0.08687,51.524256],[0.087264,51.524429],[0.087295,51.524192],[0.08687,51.524256]]]}},{"type":"Feature","properties":{"name":null,"kind":"water"},"geometry":{"type":"Polygon","coordinates":[[[0.086494,51.52456],[0.086889,51.524732],[0.08692,51.524496],[0.086494,51.52456]]]}},{"type":"Feature","properties":{"name":null,"kind":"water"},"geometry":{"type":"Polygon","coordinates":[[[0.086038,51.524339],[0.086433,51.524512],[0.086464,51.524275],[0.086038,51.524339]]]}},{"type":"Feature","properties":{"name":null,"kind":"water"},"geometry":{"type":"Polygon","coordinates":[[[0.08562,51.524116],[0.086014,51.524289],[0.086045,51.524052],[0.08562,51.524116]]]}},{"type":"Feature","properties":{"name":null,"kind":"water"},"geometry":{"type":"Polygon","coordinates":[[[0.085142,51.523889],[0.085537,51.524062],[0.085568,51.523825],[0.085142,51.523889]]]}},{"type":"Feature","properties":{"name":null,"kind":"water"},"geometry":{"type":"Polygon","coordinates":[[[0.084681,51.523668],[0.085076,51.523841],[0.085107,51.523605],[0.084681,51.523668]]]}},{"type":"Feature","properties":{"name":null,"kind":"water"},"geometry":{"type":"Polygon","coordinates":[[[0.084247,51.523455],[0.084641,51.523628],[0.084672,51.523391],[0.084247,51.523455]]]}},{"type":"Feature","properties":{"name":null,"kind":"water"},"geometry":{"type":"Polygon","coordinates":[[[0.083812,51.523789],[0.084207,51.523961],[0.084238,51.523725],[0.083812,51.523789]]]}},{"type":"Feature","properties":{"name":null,"kind":"water"},"geometry":{"type":"Polygon","coordinates":[[[0.083431,51.524092],[0.083826,51.524265],[0.083857,51.524028],[0.083431,51.524092]]]}},{"type":"Feature","properties":{"name":null,"kind":"water"},"geometry":{"type":"Polygon","coordinates":[[[0.08426,51.524007],[0.084654,51.52418],[0.084686,51.523943],[0.08426,51.524007]]]}},{"type":"Feature","properties":{"name":null,"kind":"water"},"geometry":{"type":"Polygon","coordinates":[[[0.083879,51.524314],[0.084274,51.524487],[0.084305,51.52425],[0.083879,51.524314]]]}},{"type":"Feature","properties":{"name":null,"kind":"water"},"geometry":{"type":"Polygon","coordinates":[[[0.084324,51.524528],[0.084719,51.524701],[0.08475,51.524464],[0.084324,51.524528]]]}},{"type":"Feature","properties":{"name":null,"kind":"water"},"geometry":{"type":"Polygon","coordinates":[[[0.084708,51.524238],[0.085102,51.52441],[0.085134,51.524174],[0.084708,51.524238]]]}},{"type":"Feature","properties":{"name":null,"kind":"water"},"geometry":{"type":"Polygon","coordinates":[[[0.085158,51.524453],[0.085553,51.524626],[0.085584,51.524389],[0.085158,51.524453]]]}},{"type":"Feature","properties":{"name":null,"kind":"water"},"geometry":{"type":"Polygon","coordinates":[[[0.084778,51.524752],[0.085172,51.524924],[0.085203,51.524688],[0.084778,51.524752]]]}},{"type":"Feature","properties":{"name":null,"kind":"water"},"geometry":{"type":"Polygon","coordinates":[[[0.085215,51.524979],[0.085609,51.525151],[0.08564,51.524915],[0.085215,51.524979]]]}},{"type":"Feature","properties":{"name":null,"kind":"water"},"geometry":{"type":"Polygon","coordinates":[[[0.08559,51.524683],[0.085985,51.524856],[0.086016,51.524619],[0.08559,51.524683]]]}},{"type":"Feature","properties":{"name":null,"kind":"water"},"geometry":{"type":"Polygon","coordinates":[[[0.086041,51.524905],[0.086435,51.525078],[0.086467,51.524841],[0.086041,51.524905]]]}},{"type":"Feature","properties":{"name":null,"kind":"water"},"geometry":{"type":"Polygon","coordinates":[[[0.085664,51.525198],[0.086059,51.525371],[0.08609,51.525134],[0.085664,51.525198]]]}},{"type":"Feature","properties":{"name":null,"kind":"water"},"geometry":{"type":"Polygon","coordinates":[[[0.077012,51.519499],[0.077487,51.519754],[0.077554,51.519462],[0.077012,51.519499]]]}},{"type":"Feature","properties":{"name":null,"kind":"water"},"geometry":{"type":"Polygon","coordinates":[[[0.076293,51.519469],[0.076768,51.519724],[0.076835,51.519432],[0.076293,51.519469]]]}},{"type":"Feature","properties":{"name":null,"kind":"water"},"geometry":{"type":"Polygon","coordinates":[[[0.077022,51.520076],[0.077498,51.520331],[0.077564,51.52004],[0.077022,51.520076]]]}},{"type":"Feature","properties":{"name":null,"kind":"water"},"geometry":{"type":"Polygon","coordinates":[[[0.076288,51.52005],[0.076763,51.520304],[0.076829,51.520013],[0.076288,51.52005]]]}},{"type":"Feature","properties":{"name":null,"kind":"water"},"geometry":{"type":"Polygon","coordinates":[[[0.075537,51.52007],[0.076012,51.520324],[0.076078,51.520033],[0.075537,51.52007]]]}},{"type":"Feature","properties":{"name":null,"kind":"water"},"geometry":{"type":"Polygon","coordinates":[[[0.075526,51.52055],[0.076001,51.520805],[0.076068,51.520514],[0.075526,51.52055]]]}},{"type":"Feature","properties":{"name":null,"kind":"water"},"geometry":{"type":"Polygon","coordinates":[[[0.076255,51.52055],[0.07673,51.520805],[0.076797,51.520514],[0.076255,51.52055]]]}},{"type":"Feature","properties":{"name":null,"kind":"water"},"geometry":{"type":"Polygon","coordinates":[[[0.077012,51.520537],[0.077487,51.520792],[0.077554,51.5205],[0.077012,51.520537]]]}},{"type":"Feature","properties":{"name":null,"kind":"water"},"geometry":{"type":"Polygon","coordinates":[[[0.077022,51.521058],[0.077498,51.521312],[0.077564,51.521021],[0.077022,51.521058]]]}},{"type":"Feature","properties":{"name":null,"kind":"water"},"geometry":{"type":"Polygon","coordinates":[[[0.076277,51.521061],[0.076752,51.521316],[0.076819,51.521024],[0.076277,51.521061]]]}},{"type":"Feature","properties":{"name":null,"kind":"water"},"geometry":{"type":"Polygon","coordinates":[[[0.075553,51.521044],[0.076028,51.521299],[0.076094,51.521008],[0.075553,51.521044]]]}},{"type":"Feature","properties":{"name":null,"kind":"water"},"geometry":{"type":"Polygon","coordinates":[[[0.07552,51.521535],[0.075996,51.52179],[0.076062,51.521498],[0.07552,51.521535]]]}},{"type":"Feature","properties":{"name":null,"kind":"water"},"geometry":{"type":"Polygon","coordinates":[[[0.076261,51.521542],[0.076736,51.521796],[0.076802,51.521505],[0.076261,51.521542]]]}},{"type":"Feature","properties":{"name":null,"kind":"water"},"geometry":{"type":"Polygon","coordinates":[[[0.077028,51.521535],[0.077503,51.52179],[0.07757,51.521498],[0.077028,51.521535]]]}},{"type":"Feature","properties":{"name":null,"kind":"water"},"geometry":{"type":"Polygon","coordinates":[[[0.07699,51.522112],[0.077465,51.522367],[0.077532,51.522076],[0.07699,51.522112]]]}},{"type":"Feature","properties":{"name":null,"kind":"water"},"geometry":{"type":"Polygon","coordinates":[[[0.076261,51.522099],[0.076736,51.522354],[0.076802,51.522062],[0.076261,51.522099]]]}},{"type":"Feature","properties":{"name":null,"kind":"water"},"geometry":{"type":"Polygon","coordinates":[[[0.07798,51.520833],[0.079201,51.520835],[0.079205,51.51978],[0.077985,51.519778],[0.07798,51.520833]]]}},{"type":"Feature","properties":{"name":null,"kind":"water"},"geometry":{"type":"Polygon","coordinates":[[[0.077958,51.521995],[0.079161,51.522004],[0.079181,51.520947],[0.077979,51.520938],[0.077958,51.521995]]]}},{"type":"Feature","properties":{"name":"River Graveney","kind":"water"},"geometry":{"type":"LineString","coordinates":[[-0.159271,51.422432],[-0.161844,51.420043],[-0.164907,51.420295]]}},{"type":"Feature","properties":{"name":"River Ravensbourne","kind":"water"},"geometry":{"type":"LineString","coordinates":[[0.009569,51.403697],[0.009009,51.403935]]}},{"type":"Feature","properties":{"name":"River Ravensbourne","kind":"water"},"geometry":{"type":"LineString","coordinates":[[-0.011483,51.427032],[-0.012011,51.427437]]}},{"type":"Feature","properties":{"name":"River Quaggy","kind":"water"},"geometry":{"type":"LineString","coordinates":[[0.027054,51.42263],[0.027493,51.426211]]}},{"type":"Feature","properties":{"name":"River Quaggy","kind":"water"},"geometry":{"type":"LineString","coordinates":[[0.027459,51.426981],[0.02702,51.42825]]}},{"type":"Feature","properties":{"name":"River Quaggy","kind":"water"},"geometry":{"type":"LineString","coordinates":[[0.029457,51.44182],[0.029747,51.442783]]}},{"type":"Feature","properties":{"name":"River Quaggy","kind":"water"},"geometry":{"type":"LineString","coordinates":[[0.029392,51.441651],[0.029457,51.44182]]}},{"type":"Feature","properties":{"name":"River Quaggy","kind":"water"},"geometry":{"type":"LineString","coordinates":[[0.02993,51.44282],[0.030596,51.444318],[0.03196,51.444013]]}},{"type":"Feature","properties":{"name":"River Quaggy","kind":"water"},"geometry":{"type":"LineString","coordinates":[[0.029747,51.442783],[0.02993,51.44282]]}},{"type":"Feature","properties":{"name":"River Quaggy","kind":"water"},"geometry":{"type":"LineString","coordinates":[[0.031979,51.444291],[0.032114,51.444661]]}},{"type":"Feature","properties":{"name":"River Quaggy","kind":"water"},"geometry":{"type":"LineString","coordinates":[[0.03196,51.444013],[0.031979,51.444291]]}},{"type":"Feature","properties":{"name":"River Quaggy","kind":"water"},"geometry":{"type":"LineString","coordinates":[[0.03234,51.445485],[0.032537,51.4457]]}},{"type":"Feature","properties":{"name":"River Quaggy","kind":"water"},"geometry":{"type":"LineString","coordinates":[[0.032196,51.445042],[0.03234,51.445485]]}},{"type":"Feature","properties":{"name":"River Quaggy","kind":"water"},"geometry":{"type":"LineString","coordinates":[[0.032013,51.453108],[0.031683,51.453701]]}},{"type":"Feature","properties":{"name":"River Quaggy","kind":"water"},"geometry":{"type":"LineString","coordinates":[[0.027558,51.456196],[0.026468,51.456675]]}},{"type":"Feature","properties":{"name":"Kyd Brook","kind":"water"},"geometry":{"type":"LineString","coordinates":[[0.060454,51.403638],[0.057324,51.404216],[0.056316,51.405076]]}},{"type":"Feature","properties":{"name":"Kyd Brook","kind":"water"},"geometry":{"type":"LineString","coordinates":[[0.056064,51.405885],[0.056391,51.40708]]}},{"type":"Feature","properties":{"name":"Kyd Brook","kind":"water"},"geometry":{"type":"LineString","coordinates":[[0.056316,51.405076],[0.056064,51.405885]]}},{"type":"Feature","properties":{"name":"Kyd Brook","kind":"water"},"geometry":{"type":"LineString","coordinates":[[0.056391,51.40708],[0.056101,51.407726]]}},{"type":"Feature","properties":{"name":"Kyd Brook","kind":"water"},"geometry":{"type":"LineString","coordinates":[[0.051783,51.411578],[0.047805,51.413148]]}},{"type":"Feature","properties":{"name":"Bounds Green Brook","kind":"water"},"geometry":{"type":"LineString","coordinates":[[-0.128183,51.615396],[-0.127121,51.616106]]}},{"type":"Feature","properties":{"name":"Pymmes Brook","kind":"water"},"geometry":{"type":"LineString","coordinates":[[-0.048619,51.611369],[-0.045461,51.611015]]}},{"type":"Feature","properties":{"name":"Pymmes Brook","kind":"water"},"geometry":{"type":"LineString","coordinates":[[-0.050583,51.612315],[-0.049229,51.611531]]}},{"type":"Feature","properties":{"name":"Pymmes Brook","kind":"water"},"geometry":{"type":"LineString","coordinates":[[-0.064408,51.615361],[-0.064126,51.614891],[-0.052603,51.613263],[-0.050583,51.612315]]}},{"type":"Feature","properties":{"name":"Salmons Brook","kind":"water"},"geometry":{"type":"LineString","coordinates":[[-0.060273,51.626276],[-0.060191,51.625441]]}},{"type":"Feature","properties":{"name":"Dollis Brook","kind":"water"},"geometry":{"type":"LineString","coordinates":[[-0.189346,51.617214],[-0.188968,51.615759],[-0.190863,51.612677],[-0.196509,51.610174],[-0.19842,51.608238],[-0.199792,51.607991],[-0.199916,51.60716],[-0.201264,51.606455],[-0.200896,51.605654],[-0.202739,51.604383],[-0.205546,51.603594],[-0.208677,51.600695],[-0.210026,51.597393],[-0.209954,51.59507],[-0.210878,51.594803],[-0.211612,51.593271],[-0.211526,51.591671],[-0.210854,51.591054],[-0.211128,51.587262]]}},{"type":"Feature","properties":{"name":"Dean's Brook","kind":"water"},"geometry":{"type":"LineString","coordinates":[[-0.264298,51.622441],[-0.26453,51.621752]]}},{"type":"Feature","properties":{"name":"Dean's Brook","kind":"water"},"geometry":{"type":"LineString","coordinates":[[-0.263518,51.623346],[-0.264298,51.622441]]}},{"type":"Feature","properties":{"name":"Dean's Brook","kind":"water"},"geometry":{"type":"LineString","coordinates":[[-0.2703,51.611051],[-0.270477,51.608772]]}},{"type":"Feature","properties":{"name":"Dean's Brook","kind":"water"},"geometry":{"type":"LineString","coordinates":[[-0.270827,51.61219],[-0.2703,51.611051]]}},{"type":"Feature","properties":{"name":"Dean's Brook","kind":"water"},"geometry":{"type":"LineString","coordinates":[[-0.270651,51.608702],[-0.271206,51.608355]]}},{"type":"Feature","properties":{"name":"Dean's Brook","kind":"water"},"geometry":{"type":"LineString","coordinates":[[-0.270477,51.608772],[-0.270651,51.608702]]}},{"type":"Feature","properties":{"name":"Dean's Brook","kind":"water"},"geometry":{"type":"LineString","coordinates":[[-0.271228,51.608018],[-0.271386,51.60785]]}},{"type":"Feature","properties":{"name":"Dean's Brook","kind":"water"},"geometry":{"type":"LineString","coordinates":[[-0.271206,51.608355],[-0.271228,51.608018]]}},{"type":"Feature","properties":{"name":"Dean's Brook","kind":"water"},"geometry":{"type":"LineString","coordinates":[[-0.271608,51.607668],[-0.271743,51.60736]]}},{"type":"Feature","properties":{"name":"Dean's Brook","kind":"water"},"geometry":{"type":"LineString","coordinates":[[-0.271386,51.60785],[-0.271608,51.607668]]}},{"type":"Feature","properties":{"name":"Burnt Oak Brook","kind":"water"},"geometry":{"type":"LineString","coordinates":[[-0.261321,51.609839],[-0.262113,51.608592]]}},{"type":"Feature","properties":{"name":"Burnt Oak Brook","kind":"water"},"geometry":{"type":"LineString","coordinates":[[-0.261029,51.610073],[-0.261321,51.609839]]}},{"type":"Feature","properties":{"name":"Burnt Oak Brook","kind":"water"},"geometry":{"type":"LineString","coordinates":[[-0.259127,51.611303],[-0.259356,51.611214]]}},{"type":"Feature","properties":{"name":"Burnt Oak Brook","kind":"water"},"geometry":{"type":"LineString","coordinates":[[-0.252495,51.612309],[-0.259127,51.611303]]}},{"type":"Feature","properties":{"name":"Burnt Oak Brook","kind":"water"},"geometry":{"type":"LineString","coordinates":[[-0.262041,51.608455],[-0.260992,51.605941],[-0.26262,51.603604]]}},{"type":"Feature","properties":{"name":"Burnt Oak Brook","kind":"water"},"geometry":{"type":"LineString","coordinates":[[-0.262113,51.608592],[-0.262041,51.608455]]}},{"type":"Feature","properties":{"name":"Burnt Oak Brook","kind":"water"},"geometry":{"type":"LineString","coordinates":[[-0.263396,51.602419],[-0.263781,51.602033]]}},{"type":"Feature","properties":{"name":"Loxford Water","kind":"water"},"geometry":{"type":"LineString","coordinates":[[0.074239,51.542906],[0.069494,51.543969]]}},{"type":"Feature","properties":{"name":"River Moselle","kind":"water"},"geometry":{"type":"LineString","coordinates":[[-0.060049,51.581578],[-0.059946,51.581381]]}},{"type":"Feature","properties":{"name":"River Moselle","kind":"water"},"geometry":{"type":"LineString","coordinates":[[-0.062255,51.582483],[-0.060049,51.581578]]}},{"type":"Feature","properties":{"name":null,"kind":"water"},"geometry":{"type":"Polygon","coordinates":[[[0.000793,51.530683],[0.001172,51.531112],[0.0013,51.530804],[0.000793,51.530683]]]}},{"type":"Feature","properties":{"name":"Bounds Green Brook","kind":"water"},"geometry":{"type":"LineString","coordinates":[[-0.126932,51.616181],[-0.126295,51.616515]]}},{"type":"Feature","properties":{"name":"Bounds Green Brook","kind":"water"},"geometry":{"type":"LineString","coordinates":[[-0.127121,51.616106],[-0.126932,51.616181]]}},{"type":"Feature","properties":{"name":null,"kind":"water"},"geometry":{"type":"Polygon","coordinates":[[[-0.09119,51.67044],[-0.091334,51.669944],[-0.091452,51.670326],[-0.09119,51.67044]]]}},{"type":"Feature","properties":{"name":null,"kind":"water"},"geometry":{"type":"Polygon","coordinates":[[[-0.091248,51.67177],[-0.091543,51.67164],[-0.091554,51.67176],[-0.091248,51.67177]]]}},{"type":"Feature","properties":{"name":null,"kind":"water"},"geometry":{"type":"Polygon","coordinates":[[[-0.066105,51.50827],[-0.065928,51.507886],[-0.06616,51.508046],[-0.066105,51.50827]]]}},{"type":"Feature","properties":{"name":null,"kind":"water"},"geometry":{"type":"Polygon","coordinates":[[[0.121064,51.349849],[0.121053,51.350466],[0.120194,51.349656],[0.121064,51.349849]]]}},{"type":"Feature","properties":{"name":null,"kind":"water"},"geometry":{"type":"Polygon","coordinates":[[[0.124325,51.349302],[0.125535,51.349713],[0.12476,51.3491],[0.124325,51.349302]]]}},{"type":"Feature","properties":{"name":"Upper Gravel Pond","kind":"water"},"geometry":{"type":"Polygon","coordinates":[[[-0.336105,51.33679],[-0.335972,51.336691],[-0.33567,51.336781],[-0.336105,51.33679]]]}},{"type":"Feature","properties":{"name":null,"kind":"water"},"geometry":{"type":"Polygon","coordinates":[[[-0.234781,51.403931],[-0.234194,51.403753],[-0.234716,51.403611],[-0.234781,51.403931]]]}},{"type":"Feature","properties":{"name":"River Colne","kind":"water"},"geometry":{"type":"LineString","coordinates":[[-0.498127,51.63111],[-0.499446,51.630335],[-0.500256,51.628844],[-0.497729,51.62638],[-0.500067,51.623647],[-0.49996,51.621848]]}},{"type":"Feature","properties":{"name":null,"kind":"water"},"geometry":{"type":"Polygon","coordinates":[[[-0.500161,51.628726],[-0.499009,51.63056],[-0.500237,51.628998],[-0.497947,51.626942],[-0.498423,51.625248],[-0.498002,51.625491],[-0.497685,51.62678],[-0.500161,51.628726]]]}},{"type":"Feature","properties":{"name":null,"kind":"water"},"geometry":{"type":"Polygon","coordinates":[[[-0.500065,51.622317],[-0.499337,51.62423],[-0.500135,51.623685],[-0.500148,51.621917],[-0.500065,51.622317]]]}},{"type":"Feature","properties":{"name":"River Colne","kind":"water"},"geometry":{"type":"LineString","coordinates":[[-0.49996,51.621848],[-0.49683,51.620498]]}},{"type":"Feature","properties":{"name":null,"kind":"water"},"geometry":{"type":"Polygon","coordinates":[[[-0.49574,51.619572],[-0.495754,51.619028],[-0.495426,51.619233],[-0.49574,51.619572]]]}},{"type":"Feature","properties":{"name":null,"kind":"water"},"geometry":{"type":"Polygon","coordinates":[[[-0.499139,51.624426],[-0.498501,51.625199],[-0.498855,51.624534],[-0.499139,51.624426]]]}},{"type":"Feature","properties":{"name":"River Colne","kind":"water"},"geometry":{"type":"LineString","coordinates":[[-0.497149,51.63171],[-0.498724,51.630809]]}},{"type":"Feature","properties":{"name":"River Colne","kind":"water"},"geometry":{"type":"LineString","coordinates":[[-0.494766,51.584636],[-0.491745,51.583137]]}},{"type":"Feature","properties":{"name":"River Colne","kind":"water"},"geometry":{"type":"LineString","coordinates":[[-0.495177,51.585971],[-0.494766,51.584636]]}},{"type":"Feature","properties":{"name":"River Colne","kind":"water"},"geometry":{"type":"LineString","coordinates":[[-0.497429,51.604131],[-0.496243,51.602487]]}},{"type":"Feature","properties":{"name":"River Colne","kind":"water"},"geometry":{"type":"LineString","coordinates":[[-0.4965,51.602076],[-0.496435,51.601813]]}},{"type":"Feature","properties":{"name":"River Colne","kind":"water"},"geometry":{"type":"LineString","coordinates":[[-0.496241,51.602007],[-0.496622,51.601819]]}},{"type":"Feature","properties":{"name":"River Colne","kind":"water"},"geometry":{"type":"LineString","coordinates":[[-0.496243,51.602487],[-0.496686,51.601351]]}},{"type":"Feature","properties":{"name":null,"kind":"water"},"geometry":{"type":"Polygon","coordinates":[[[-0.496589,51.601559],[-0.496763,51.601383],[-0.496439,51.602314],[-0.496589,51.601559]]]}},{"type":"Feature","properties":{"name":null,"kind":"water"},"geometry":{"type":"Polygon","coordinates":[[[-0.500773,51.599793],[-0.500398,51.601286],[-0.497655,51.600954],[-0.496763,51.601383],[-0.496405,51.602502],[-0.497605,51.60434],[-0.495998,51.602156],[-0.497302,51.6009],[-0.50031,51.601071],[-0.5005,51.598543],[-0.498442,51.594359],[-0.499467,51.592304],[-0.495784,51.588319],[-0.494707,51.586235],[-0.495177,51.585971],[-0.495916,51.588085],[-0.497727,51.589681],[-0.497991,51.590913],[-0.49963,51.592038],[-0.498703,51.594485],[-0.499575,51.59541],[-0.500773,51.599793]]]}},{"type":"Feature","properties":{"name":"Grand Union Canal","kind":"water"},"geometry":{"type":"LineString","coordinates":[[-0.497255,51.604864],[-0.495366,51.602521]]}},{"type":"Feature","properties":{"name":"Grand Union Canal","kind":"water"},"geometry":{"type":"LineString","coordinates":[[-0.498495,51.607796],[-0.497255,51.604864]]}},{"type":"Feature","properties":{"name":null,"kind":"water"},"geometry":{"type":"Polygon","coordinates":[[[-0.49731,51.604131],[-0.497364,51.604813],[-0.497569,51.604348],[-0.49731,51.604131]]]}},{"type":"Feature","properties":{"name":"River Colne","kind":"water"},"geometry":{"type":"LineString","coordinates":[[-0.497255,51.604864],[-0.497429,51.604131]]}},{"type":"Feature","properties":{"name":null,"kind":"water"},"geometry":{"type":"Polygon","coordinates":[[[-0.495696,51.631278],[-0.493605,51.63068],[-0.496891,51.631727],[-0.495696,51.631278]]]}},{"type":"Feature","properties":{"name":null,"kind":"water"},"geometry":{"type":"Polygon","coordinates":[[[-0.497103,51.631657],[-0.496724,51.631979],[-0.497194,51.631763],[-0.497103,51.631657]]]}},{"type":"Feature","properties":{"name":null,"kind":"water"},"geometry":{"type":"Polygon","coordinates":[[[-0.500771,51.599669],[-0.501112,51.599745],[-0.500648,51.599574],[-0.500771,51.599669]]]}},{"type":"Feature","properties":{"name":"Grand Union Canal","kind":"water"},"geometry":{"type":"LineString","coordinates":[[-0.499136,51.608646],[-0.498495,51.607796]]}},{"type":"Feature","properties":{"name":"Grand Union Canal","kind":"water"},"geometry":{"type":"LineString","coordinates":[[-0.498706,51.609897],[-0.498396,51.609588],[-0.499061,51.609198]]}},{"type":"Feature","properties":{"name":"River Colne","kind":"water"},"geometry":{"type":"LineString","coordinates":[[-0.497948,51.613972],[-0.498957,51.610084]]}},{"type":"Feature","properties":{"name":null,"kind":"water"},"geometry":{"type":"Polygon","coordinates":[[[-0.284417,51.364941],[-0.28807,51.362279],[-0.280156,51.36767],[-0.277064,51.368567],[-0.276013,51.369905],[-0.274376,51.370508],[-0.284417,51.364941]]]}},{"type":"Feature","properties":{"name":null,"kind":"water"},"geometry":{"type":"Polygon","coordinates":[[[-0.288219,51.362253],[-0.288191,51.362221],[-0.288549,51.362108],[-0.288219,51.362253]]]}},{"type":"Feature","properties":{"name":null,"kind":"water"},"geometry":{"type":"Polygon","coordinates":[[[-0.272597,51.37212],[-0.273427,51.371692],[-0.274095,51.370703],[-0.272597,51.37212]]]}},{"type":"Feature","properties":{"name":null,"kind":"water"},"geometry":{"type":"Polygon","coordinates":[[[-0.057821,51.507258],[-0.057682,51.507253],[-0.057685,51.507195],[-0.057821,51.507258]]]}},{"type":"Feature","properties":{"name":null,"kind":"water"},"geometry":{"type":"Polygon","coordinates":[[[-0.057479,51.507364],[-0.057303,51.507359],[-0.057481,51.507343],[-0.057479,51.507364]]]}},{"type":"Feature","properties":{"name":null,"kind":"water"},"geometry":{"type":"Polygon","coordinates":[[[-0.057846,51.507258],[-0.057848,51.507235],[-0.058152,51.507244],[-0.05815,51.507267],[-0.057846,51.507258]]]}},{"type":"Feature","properties":{"name":null,"kind":"water"},"geometry":{"type":"Polygon","coordinates":[[[-0.057982,51.507381],[-0.057983,51.50736],[-0.058471,51.507374],[-0.057982,51.507381]]]}},{"type":"Feature","properties":{"name":null,"kind":"water"},"geometry":{"type":"Polygon","coordinates":[[[-0.058476,51.507272],[-0.058311,51.507268],[-0.058313,51.507245],[-0.058477,51.507249],[-0.058476,51.507272]]]}},{"type":"Feature","properties":{"name":"Stanham River","kind":"water"},"geometry":{"type":"LineString","coordinates":[[0.205067,51.457394],[0.203265,51.457595]]}},{"type":"Feature","properties":{"name":"Stanham River","kind":"water"},"geometry":{"type":"LineString","coordinates":[[0.192947,51.4517],[0.196114,51.452384],[0.198006,51.45185],[0.199631,51.452642]]}},{"type":"Feature","properties":{"name":"Stanham River","kind":"water"},"geometry":{"type":"LineString","coordinates":[[0.200785,51.453215],[0.202787,51.453973],[0.203603,51.455288]]}},{"type":"Feature","properties":{"name":"Stanham River","kind":"water"},"geometry":{"type":"LineString","coordinates":[[0.199631,51.452642],[0.200785,51.453215]]}},{"type":"Feature","properties":{"name":"Stanham River","kind":"water"},"geometry":{"type":"LineString","coordinates":[[0.203659,51.455348],[0.20384,51.456026]]}},{"type":"Feature","properties":{"name":"Stanham River","kind":"water"},"geometry":{"type":"LineString","coordinates":[[0.203603,51.455288],[0.203659,51.455348]]}},{"type":"Feature","properties":{"name":"Stanham River","kind":"water"},"geometry":{"type":"LineString","coordinates":[[0.203311,51.457723],[0.203297,51.457916]]}},{"type":"Feature","properties":{"name":"Stanham River","kind":"water"},"geometry":{"type":"LineString","coordinates":[[0.203265,51.457595],[0.203311,51.457723]]}},{"type":"Feature","properties":{"name":"Stanham River","kind":"water"},"geometry":{"type":"LineString","coordinates":[[0.203297,51.457916],[0.202878,51.458162]]}},{"type":"Feature","properties":{"name":"River Cray","kind":"water"},"geometry":{"type":"LineString","coordinates":[[0.202878,51.458162],[0.204692,51.45995],[0.210593,51.462278]]}},{"type":"Feature","properties":{"name":"River Cray","kind":"water"},"geometry":{"type":"LineString","coordinates":[[0.198066,51.457033],[0.199522,51.45847],[0.202878,51.458162]]}},{"type":"Feature","properties":{"name":"Darent","kind":"water"},"geometry":{"type":"LineString","coordinates":[[0.216694,51.478345],[0.21644,51.479313],[0.217192,51.480098],[0.220055,51.480407],[0.223676,51.482272]]}},{"type":"Feature","properties":{"name":"Darent","kind":"water"},"geometry":{"type":"LineString","coordinates":[[0.21672,51.478252],[0.216694,51.478345]]}},{"type":"Feature","properties":{"name":"Darent","kind":"water"},"geometry":{"type":"LineString","coordinates":[[0.210593,51.462278],[0.210243,51.465362],[0.211626,51.468671],[0.208643,51.470792],[0.211895,51.47303],[0.211495,51.474789],[0.212047,51.475621],[0.21593,51.476398],[0.216708,51.477022],[0.21672,51.478252]]}},{"type":"Feature","properties":{"name":"River Colne","kind":"water"},"geometry":{"type":"LineString","coordinates":[[-0.488991,51.529069],[-0.490871,51.526035]]}},{"type":"Feature","properties":{"name":"River Colne","kind":"water"},"geometry":{"type":"LineString","coordinates":[[-0.491543,51.53484],[-0.490516,51.534108]]}},{"type":"Feature","properties":{"name":"River Colne","kind":"water"},"geometry":{"type":"LineString","coordinates":[[-0.491051,51.544557],[-0.492052,51.54267],[-0.491804,51.54172],[-0.493649,51.540818]]}},{"type":"Feature","properties":{"name":"River Colne","kind":"water"},"geometry":{"type":"LineString","coordinates":[[-0.484499,51.551206],[-0.485109,51.550819]]}},{"type":"Feature","properties":{"name":"River Colne","kind":"water"},"geometry":{"type":"LineString","coordinates":[[-0.48531,51.550753],[-0.48706,51.549661],[-0.48817,51.547429],[-0.489543,51.547115],[-0.489498,51.546265],[-0.491195,51.546225],[-0.491595,51.545387],[-0.490813,51.544958],[-0.491051,51.544557]]}},{"type":"Feature","properties":{"name":"River Colne","kind":"water"},"geometry":{"type":"LineString","coordinates":[[-0.483243,51.565138],[-0.482364,51.564105],[-0.482815,51.56282]]}},{"type":"Feature","properties":{"name":"River Colne","kind":"water"},"geometry":{"type":"LineString","coordinates":[[-0.491745,51.583137],[-0.488935,51.580703],[-0.488599,51.579747],[-0.489431,51.578458],[-0.489034,51.577363],[-0.487739,51.576239],[-0.484047,51.575125],[-0.485455,51.573922],[-0.484034,51.571193],[-0.484784,51.566869],[-0.483878,51.566467]]}},{"type":"Feature","properties":{"name":"River Colne","kind":"water"},"geometry":{"type":"LineString","coordinates":[[-0.500617,51.599687],[-0.49859,51.594147],[-0.499574,51.592265],[-0.495357,51.5871]]}},{"type":"Feature","properties":{"name":"River Colne","kind":"water"},"geometry":{"type":"LineString","coordinates":[[-0.495866,51.619559],[-0.495799,51.619035]]}},{"type":"Feature","properties":{"name":"Bigley Ditch","kind":"water"},"geometry":{"type":"LineString","coordinates":[[-0.486395,51.50082],[-0.487256,51.50099],[-0.489583,51.499213],[-0.489775,51.498845],[-0.488922,51.498599],[-0.489472,51.49755],[-0.4887,51.49602],[-0.489663,51.495474]]}},{"type":"Feature","properties":{"name":"Longford River","kind":"water"},"geometry":{"type":"LineString","coordinates":[[-0.476814,51.461179],[-0.476298,51.460537]]}},{"type":"Feature","properties":{"name":"Longford River","kind":"water"},"geometry":{"type":"LineString","coordinates":[[-0.475883,51.460091],[-0.473112,51.458532],[-0.46156,51.457254]]}},{"type":"Feature","properties":{"name":"River Colne","kind":"water"},"geometry":{"type":"LineString","coordinates":[[-0.495357,51.5871],[-0.495123,51.584957],[-0.491745,51.583137]]}},{"type":"Feature","properties":{"name":"River Colne","kind":"water"},"geometry":{"type":"LineString","coordinates":[[-0.496686,51.601351],[-0.49798,51.600884],[-0.500134,51.601318],[-0.500617,51.599687]]}},{"type":"Feature","properties":{"name":"River Roding","kind":"water"},"geometry":{"type":"LineString","coordinates":[[0.048717,51.615334],[0.048205,51.613201]]}},{"type":"Feature","properties":{"name":"River Roding","kind":"water"},"geometry":{"type":"LineString","coordinates":[[0.05272,51.616652],[0.05017,51.616438],[0.048717,51.615334]]}},{"type":"Feature","properties":{"name":"River Ingrebourne","kind":"water"},"geometry":{"type":"LineString","coordinates":[[0.258075,51.606532],[0.258132,51.605118],[0.254188,51.602379],[0.253983,51.601596]]}},{"type":"Feature","properties":{"name":null,"kind":"water"},"geometry":{"type":"Polygon","coordinates":[[[0.050348,51.613039],[0.049737,51.613307],[0.050463,51.613752],[0.049937,51.613877],[0.050357,51.615077],[0.051036,51.614981],[0.05029,51.614527],[0.050829,51.614396],[0.050348,51.613039]]]}},{"type":"Feature","properties":{"name":"River Roding","kind":"water"},"geometry":{"type":"LineString","coordinates":[[0.053685,51.618278],[0.054354,51.617622],[0.054225,51.616764],[0.05272,51.616652]]}},{"type":"Feature","properties":{"name":"River Thames","kind":"water"},"geometry":{"type":"LineString","coordinates":[[-0.348838,51.406463],[-0.348197,51.406031]]}},{"type":"Feature","properties":{"name":"River Thames","kind":"water"},"geometry":{"type":"LineString","coordinates":[[-0.348197,51.406031],[-0.347102,51.405881]]}},{"type":"Feature","properties":{"name":"River Thames","kind":"water"},"geometry":{"type":"LineString","coordinates":[[-0.366502,51.411128],[-0.363124,51.411906],[-0.359161,51.411903],[-0.355645,51.41085],[-0.354436,51.409454],[-0.348838,51.406463]]}},{"type":"Feature","properties":{"name":"River Thames","kind":"water"},"geometry":{"type":"LineString","coordinates":[[-0.383371,51.408538],[-0.379617,51.407842],[-0.374218,51.408438],[-0.366502,51.411128]]}},{"type":"Feature","properties":{"name":"River Thames","kind":"water"},"geometry":{"type":"LineString","coordinates":[[-0.342365,51.403604],[-0.33961,51.402326],[-0.337227,51.399619],[-0.32784,51.391838],[-0.324868,51.391473],[-0.31772,51.393668]]}},{"type":"Feature","properties":{"name":"Stanham River","kind":"water"},"geometry":{"type":"LineString","coordinates":[[0.20384,51.456026],[0.205067,51.457394]]}},{"type":"Feature","properties":{"name":"River Thames","kind":"water"},"geometry":{"type":"LineString","coordinates":[[0.210307,51.485877],[0.216702,51.48504],[0.223676,51.482272]]}},{"type":"Feature","properties":{"name":null,"kind":"water"},"geometry":{"type":"Polygon","coordinates":[[[-0.227796,51.357348],[-0.227766,51.357327],[-0.227798,51.357309],[-0.227828,51.357329],[-0.227796,51.357348]]]}},{"type":"Feature","properties":{"name":"River Thames","kind":"water"},"geometry":{"type":"LineString","coordinates":[[-0.347102,51.405881],[-0.342365,51.403604]]}},{"type":"Feature","properties":{"name":"River Colne","kind":"water"},"geometry":{"type":"LineString","coordinates":[[-0.498063,51.631151],[-0.498127,51.63111]]}},{"type":"Feature","properties":{"name":"River Colne","kind":"water"},"geometry":{"type":"LineString","coordinates":[[-0.497149,51.63171],[-0.498063,51.631151]]}},{"type":"Feature","properties":{"name":"Grand Union Canal","kind":"water"},"geometry":{"type":"LineString","coordinates":[[-0.495331,51.619006],[-0.497239,51.614545]]}},{"type":"Feature","properties":{"name":"Grand Union Canal","kind":"water"},"geometry":{"type":"LineString","coordinates":[[-0.497239,51.614545],[-0.498352,51.611057]]}},{"type":"Feature","properties":{"name":"River Colne","kind":"water"},"geometry":{"type":"LineString","coordinates":[[-0.497239,51.614545],[-0.497948,51.613972]]}},{"type":"Feature","properties":{"name":"River Colne","kind":"water"},"geometry":{"type":"LineString","coordinates":[[-0.495799,51.619035],[-0.497948,51.613972]]}},{"type":"Feature","properties":{"name":"River Colne","kind":"water"},"geometry":{"type":"LineString","coordinates":[[-0.498957,51.610084],[-0.499686,51.609281],[-0.499725,51.60621]]}},{"type":"Feature","properties":{"name":"Grand Union Canal","kind":"water"},"geometry":{"type":"LineString","coordinates":[[-0.499136,51.608646],[-0.498495,51.607796]]}},{"type":"Feature","properties":{"name":"River Colne","kind":"water"},"geometry":{"type":"LineString","coordinates":[[-0.49683,51.620498],[-0.495866,51.619559]]}},{"type":"Feature","properties":{"name":"River Colne","kind":"water"},"geometry":{"type":"LineString","coordinates":[[-0.485109,51.550819],[-0.48531,51.550753]]}},{"type":"Feature","properties":{"name":"River Colne","kind":"water"},"geometry":{"type":"LineString","coordinates":[[-0.493649,51.540818],[-0.495473,51.538632],[-0.493733,51.536195]]}},{"type":"Feature","properties":{"name":"River Colne","kind":"water"},"geometry":{"type":"LineString","coordinates":[[-0.489018,51.529189],[-0.488991,51.529069]]}},{"type":"Feature","properties":{"name":"River Colne","kind":"water"},"geometry":{"type":"LineString","coordinates":[[-0.49019,51.531792],[-0.489018,51.529189]]}},{"type":"Feature","properties":{"name":"Longford River","kind":"water"},"geometry":{"type":"LineString","coordinates":[[-0.476298,51.460537],[-0.475883,51.460091]]}},{"type":"Feature","properties":{"name":"Horseshoe Pond","kind":"water"},"geometry":{"type":"Polygon","coordinates":[[[-0.28583,51.498763],[-0.285405,51.4985],[-0.284839,51.498658],[-0.28583,51.498763]]]}},{"type":"Feature","properties":{"name":"Pyl Brook","kind":"water"},"geometry":{"type":"LineString","coordinates":[[-0.236713,51.402158],[-0.236767,51.402171]]}},{"type":"Feature","properties":{"name":"Pyl Brook","kind":"water"},"geometry":{"type":"LineString","coordinates":[[-0.236767,51.402171],[-0.237076,51.402249]]}},{"type":"Feature","properties":{"name":"Beverley Brook","kind":"water"},"geometry":{"type":"LineString","coordinates":[[-0.245263,51.405965],[-0.245346,51.406256]]}},{"type":"Feature","properties":{"name":"Beverley Brook","kind":"water"},"geometry":{"type":"LineString","coordinates":[[-0.244711,51.403842],[-0.245263,51.405965]]}},{"type":"Feature","properties":{"name":null,"kind":"water"},"geometry":{"type":"Polygon","coordinates":[[[0.166607,51.494525],[0.166828,51.493979],[0.167151,51.494276],[0.166607,51.494525]]]}},{"type":"Feature","properties":{"name":null,"kind":"water"},"geometry":{"type":"Polygon","coordinates":[[[0.1627,51.493313],[0.162357,51.493429],[0.162308,51.493121],[0.1627,51.493313]]]}},{"type":"Feature","properties":{"name":"Pyl Brook","kind":"water"},"geometry":{"type":"LineString","coordinates":[[-0.225414,51.390751],[-0.22543,51.39126]]}},{"type":"Feature","properties":{"name":"Pyl Brook","kind":"water"},"geometry":{"type":"LineString","coordinates":[[-0.22543,51.39126],[-0.225467,51.392456],[-0.231534,51.397966]]}},{"type":"Feature","properties":{"name":null,"kind":"water"},"geometry":{"type":"Polygon","coordinates":[[[-0.149611,51.480003],[-0.149548,51.480013],[-0.149589,51.479978],[-0.149611,51.480003]]]}},{"type":"Feature","properties":{"name":"Weald Brook","kind":"water"},"geometry":{"type":"LineString","coordinates":[[0.258052,51.60706],[0.258075,51.606532]]}},{"type":"Feature","properties":{"name":null,"kind":"water"},"geometry":{"type":"LineString","coordinates":[[-0.016662,51.491309],[-0.016383,51.493534],[-0.017372,51.493586]]}},{"type":"Feature","properties":{"name":null,"kind":"water"},"geometry":{"type":"LineString","coordinates":[[-0.008046,51.503911],[-0.009619,51.503964]]}},{"type":"Feature","properties":{"name":null,"kind":"water"},"geometry":{"type":"LineString","coordinates":[[-0.00947,51.505215],[-0.008857,51.505107],[-0.009619,51.503964],[-0.011898,51.504266],[-0.013361,51.504971],[-0.0132,51.505515],[-0.023243,51.506887]]}},{"type":"Feature","properties":{"name":null,"kind":"water"},"geometry":{"type":"LineString","coordinates":[[-0.008934,51.502847],[-0.009619,51.503964]]}},{"type":"Feature","properties":{"name":null,"kind":"water"},"geometry":{"type":"Polygon","coordinates":[[[-0.015303,51.503436],[-0.013572,51.503606],[-0.014387,51.502926],[-0.015303,51.503436]]]}},{"type":"Feature","properties":{"name":null,"kind":"water"},"geometry":{"type":"LineString","coordinates":[[-0.02419,51.493902],[-0.017372,51.493586],[-0.015884,51.501641]]}},{"type":"Feature","properties":{"name":null,"kind":"water"},"geometry":{"type":"Polygon","coordinates":[[[-0.151494,51.529253],[-0.151556,51.529276],[-0.151555,51.529237],[-0.151494,51.529253]]]}},{"type":"Feature","properties":{"name":null,"kind":"water"},"geometry":{"type":"LineString","coordinates":[[-0.008422,51.506334],[-0.008857,51.505107],[-0.009104,51.50636],[-0.008138,51.506439]]}},{"type":"Feature","properties":{"name":null,"kind":"water"},"geometry":{"type":"LineString","coordinates":[[-0.024539,51.505154],[-0.024718,51.504221],[-0.022399,51.503945]]}},{"type":"Feature","properties":{"name":null,"kind":"water"},"geometry":{"type":"LineString","coordinates":[[-0.022399,51.503945],[-0.022485,51.503664]]}},{"type":"Feature","properties":{"name":null,"kind":"water"},"geometry":{"type":"LineString","coordinates":[[-0.022489,51.50365],[-0.02275,51.502848]]}},{"type":"Feature","properties":{"name":null,"kind":"water"},"geometry":{"type":"LineString","coordinates":[[-0.024836,51.502881],[-0.022903,51.50242]]}},{"type":"Feature","properties":{"name":null,"kind":"water"},"geometry":{"type":"LineString","coordinates":[[-0.011572,51.501419],[-0.022903,51.50242]]}},{"type":"Feature","properties":{"name":null,"kind":"water"},"geometry":{"type":"Polygon","coordinates":[[[-0.014765,51.420232],[-0.015003,51.419469],[-0.013892,51.420134],[-0.012189,51.42009],[-0.014765,51.420232]]]}},{"type":"Feature","properties":{"name":"Mounts Pond","kind":"water"},"geometry":{"type":"Polygon","coordinates":[[[0.000961,51.470504],[0.001159,51.470291],[0.000664,51.470275],[0.000961,51.470504]]]}},{"type":"Feature","properties":{"name":"Pymmes Brook","kind":"water"},"geometry":{"type":"LineString","coordinates":[[-0.049229,51.611531],[-0.048922,51.611439]]}},{"type":"Feature","properties":{"name":"Pymmes Brook","kind":"water"},"geometry":{"type":"LineString","coordinates":[[-0.048922,51.611439],[-0.048619,51.611369]]}},{"type":"Feature","properties":{"name":"River Rom","kind":"water"},"geometry":{"type":"LineString","coordinates":[[0.18605,51.565845],[0.186009,51.565499]]}},{"type":"Feature","properties":{"name":"River Rom","kind":"water"},"geometry":{"type":"LineString","coordinates":[[0.186009,51.565499],[0.185169,51.564782]]}},{"type":"Feature","properties":{"name":"River Beam","kind":"water"},"geometry":{"type":"LineString","coordinates":[[0.185924,51.547414],[0.180314,51.544123],[0.179258,51.540451],[0.174713,51.538281],[0.172406,51.535655]]}},{"type":"Feature","properties":{"name":"River Beam","kind":"water"},"geometry":{"type":"LineString","coordinates":[[0.186173,51.547759],[0.185924,51.547414]]}},{"type":"Feature","properties":{"name":"River Rom","kind":"water"},"geometry":{"type":"LineString","coordinates":[[0.18564,51.567502],[0.18608,51.566372]]}},{"type":"Feature","properties":{"name":"River Rom","kind":"water"},"geometry":{"type":"LineString","coordinates":[[0.18608,51.566372],[0.18605,51.565845]]}},{"type":"Feature","properties":{"name":"River Brent","kind":"water"},"geometry":{"type":"LineString","coordinates":[[-0.211331,51.586991],[-0.211431,51.586869]]}},{"type":"Feature","properties":{"name":"River Brent","kind":"water"},"geometry":{"type":"LineString","coordinates":[[-0.211431,51.586869],[-0.211912,51.584448],[-0.211526,51.583323],[-0.212318,51.581965]]}},{"type":"Feature","properties":{"name":null,"kind":"water"},"geometry":{"type":"Polygon","coordinates":[[[-0.234218,51.40543],[-0.233181,51.405737],[-0.233951,51.405343],[-0.234218,51.40543]]]}},{"type":"Feature","properties":{"name":"Beverley Brook","kind":"water"},"geometry":{"type":"LineString","coordinates":[[-0.244668,51.394734],[-0.244727,51.394856]]}},{"type":"Feature","properties":{"name":"Beverley Brook","kind":"water"},"geometry":{"type":"LineString","coordinates":[[-0.241359,51.393398],[-0.244668,51.394734]]}},{"type":"Feature","properties":{"name":"Beverley Brook","kind":"water"},"geometry":{"type":"LineString","coordinates":[[-0.246959,51.39814],[-0.246685,51.399095]]}},{"type":"Feature","properties":{"name":"Beverley Brook","kind":"water"},"geometry":{"type":"LineString","coordinates":[[-0.246763,51.396962],[-0.247425,51.397578],[-0.246959,51.39814]]}},{"type":"Feature","properties":{"name":"Beverley Brook","kind":"water"},"geometry":{"type":"LineString","coordinates":[[-0.246685,51.399095],[-0.24661,51.399287]]}},{"type":"Feature","properties":{"name":"Beverley Brook","kind":"water"},"geometry":{"type":"LineString","coordinates":[[-0.24661,51.399287],[-0.246719,51.400659]]}},{"type":"Feature","properties":{"name":"Grand Union Canal (Paddington Branch)","kind":"water"},"geometry":{"type":"LineString","coordinates":[[-0.281913,51.538464],[-0.281239,51.537861]]}},{"type":"Feature","properties":{"name":null,"kind":"water"},"geometry":{"type":"Polygon","coordinates":[[[0.047407,51.367444],[0.047271,51.367883],[0.047252,51.367508],[0.047407,51.367444]]]}},{"type":"Feature","properties":{"name":null,"kind":"water"},"geometry":{"type":"Polygon","coordinates":[[[-0.060033,51.674051],[-0.060012,51.674008],[-0.059972,51.674016],[-0.060033,51.674051]]]}},{"type":"Feature","properties":{"name":null,"kind":"water"},"geometry":{"type":"Polygon","coordinates":[[[-0.452491,51.440905],[-0.452631,51.44077],[-0.452487,51.440739],[-0.452491,51.440905]]]}},{"type":"Feature","properties":{"name":null,"kind":"water"},"geometry":{"type":"Polygon","coordinates":[[[-0.39046,51.608677],[-0.390206,51.608661],[-0.390673,51.608524],[-0.39046,51.608677]]]}},{"type":"Feature","properties":{"name":null,"kind":"water"},"geometry":{"type":"Polygon","coordinates":[[[-0.396739,51.613104],[-0.396764,51.612947],[-0.396458,51.613059],[-0.396739,51.613104]]]}},{"type":"Feature","properties":{"name":null,"kind":"water"},"geometry":{"type":"Polygon","coordinates":[[[-0.39749,51.612502],[-0.397306,51.612506],[-0.397067,51.611811],[-0.39749,51.612502]]]}},{"type":"Feature","properties":{"name":null,"kind":"water"},"geometry":{"type":"Polygon","coordinates":[[[-0.203878,51.667147],[-0.203921,51.666941],[-0.203508,51.666899],[-0.203878,51.667147]]]}},{"type":"Feature","properties":{"name":null,"kind":"water"},"geometry":{"type":"Polygon","coordinates":[[[-0.202712,51.663551],[-0.2026,51.66394],[-0.202595,51.663558],[-0.202712,51.663551]]]}},{"type":"Feature","properties":{"name":null,"kind":"water"},"geometry":{"type":"Polygon","coordinates":[[[-0.163669,51.501179],[-0.163606,51.501179],[-0.163604,51.501064],[-0.163669,51.501179]]]}},{"type":"Feature","properties":{"name":null,"kind":"water"},"geometry":{"type":"Polygon","coordinates":[[[-0.033091,51.504692],[-0.033946,51.504602],[-0.033073,51.504578],[-0.033091,51.504692]]]}},{"type":"Feature","properties":{"name":null,"kind":"water"},"geometry":{"type":"Polygon","coordinates":[[[-0.256794,51.629482],[-0.25644,51.629711],[-0.256426,51.629587],[-0.256794,51.629482]]]}},{"type":"Feature","properties":{"name":null,"kind":"water"},"geometry":{"type":"Polygon","coordinates":[[[-0.2551,51.632809],[-0.254686,51.63282],[-0.255562,51.63283],[-0.2551,51.632809]]]}},{"type":"Feature","properties":{"name":"River Rom","kind":"water"},"geometry":{"type":"LineString","coordinates":[[0.185378,51.568311],[0.18564,51.567502]]}},{"type":"Feature","properties":{"name":"River Rom","kind":"water"},"geometry":{"type":"LineString","coordinates":[[0.185422,51.568351],[0.185378,51.568311]]}},{"type":"Feature","properties":{"name":null,"kind":"water"},"geometry":{"type":"Polygon","coordinates":[[[-0.019557,51.505883],[-0.019548,51.505362],[-0.019692,51.505377],[-0.019557,51.505883]]]}},{"type":"Feature","properties":{"name":null,"kind":"water"},"geometry":{"type":"Polygon","coordinates":[[[-0.019104,51.505851],[-0.019166,51.505326],[-0.019285,51.505338],[-0.019104,51.505851]]]}},{"type":"Feature","properties":{"name":null,"kind":"water"},"geometry":{"type":"Polygon","coordinates":[[[-0.323284,51.447353],[-0.323361,51.447283],[-0.322983,51.447324],[-0.323284,51.447353]]]}},{"type":"Feature","properties":{"name":null,"kind":"water"},"geometry":{"type":"Polygon","coordinates":[[[-0.016265,51.416645],[-0.016144,51.417001],[-0.015983,51.416896],[-0.016265,51.416645]]]}},{"type":"Feature","properties":{"name":null,"kind":"water"},"geometry":{"type":"Polygon","coordinates":[[[-0.015718,51.417628],[-0.016023,51.41723],[-0.015704,51.417225],[-0.015718,51.417628]]]}},{"type":"Feature","properties":{"name":null,"kind":"water"},"geometry":{"type":"Polygon","coordinates":[[[-0.240421,51.417199],[-0.240223,51.417348],[-0.2402,51.417075],[-0.240421,51.417199]]]}},{"type":"Feature","properties":{"name":null,"kind":"water"},"geometry":{"type":"Polygon","coordinates":[[[-0.019055,51.503272],[-0.018888,51.503344],[-0.018716,51.503285],[-0.019055,51.503272]]]}},{"type":"Feature","properties":{"name":null,"kind":"water"},"geometry":{"type":"Polygon","coordinates":[[[-0.019203,51.503339],[-0.019275,51.503275],[-0.019427,51.503285],[-0.019203,51.503339]]]}},{"type":"Feature","properties":{"name":null,"kind":"water"},"geometry":{"type":"Polygon","coordinates":[[[-0.018066,51.503206],[-0.01784,51.503155],[-0.017875,51.503117],[-0.018066,51.503206]]]}},{"type":"Feature","properties":{"name":null,"kind":"water"},"geometry":{"type":"Polygon","coordinates":[[[-0.018379,51.503228],[-0.018435,51.503257],[-0.018059,51.503304],[-0.018379,51.503228]]]}},{"type":"Feature","properties":{"name":null,"kind":"water"},"geometry":{"type":"Polygon","coordinates":[[[-0.018538,51.503282],[-0.0185,51.503245],[-0.018664,51.503311],[-0.018538,51.503282]]]}},{"type":"Feature","properties":{"name":null,"kind":"water"},"geometry":{"type":"Polygon","coordinates":[[[-0.106821,51.528743],[-0.106778,51.528793],[-0.106897,51.528784],[-0.106821,51.528743]]]}},{"type":"Feature","properties":{"name":"River Ravensbourne","kind":"water"},"geometry":{"type":"LineString","coordinates":[[-0.025905,51.449913],[-0.025779,51.449976]]}},{"type":"Feature","properties":{"name":"River Ravensbourne","kind":"water"},"geometry":{"type":"LineString","coordinates":[[-0.025779,51.449976],[-0.023167,51.451872],[-0.020421,51.452423],[-0.018581,51.453793],[-0.017584,51.455939],[-0.018313,51.457116],[-0.014294,51.458994]]}},{"type":"Feature","properties":{"name":null,"kind":"water"},"geometry":{"type":"Polygon","coordinates":[[[-0.286217,51.45376],[-0.286299,51.453697],[-0.286226,51.453652],[-0.286217,51.45376]]]}},{"type":"Feature","properties":{"name":null,"kind":"water"},"geometry":{"type":"Polygon","coordinates":[[[-0.287809,51.453123],[-0.287839,51.453035],[-0.287745,51.453055],[-0.287809,51.453123]]]}},{"type":"Feature","properties":{"name":null,"kind":"water"},"geometry":{"type":"Polygon","coordinates":[[[-0.280933,51.459838],[-0.281472,51.45994],[-0.281468,51.460049],[-0.280933,51.459838]]]}},{"type":"Feature","properties":{"name":null,"kind":"water"},"geometry":{"type":"Polygon","coordinates":[[[-0.274636,51.448517],[-0.274573,51.448419],[-0.274506,51.448452],[-0.274636,51.448517]]]}},{"type":"Feature","properties":{"name":null,"kind":"water"},"geometry":{"type":"Polygon","coordinates":[[[-0.276423,51.446193],[-0.276384,51.445703],[-0.27623,51.445815],[-0.276423,51.446193]]]}},{"type":"Feature","properties":{"name":null,"kind":"water"},"geometry":{"type":"Polygon","coordinates":[[[-0.288251,51.446979],[-0.288346,51.446784],[-0.288064,51.446788],[-0.288251,51.446979]]]}},{"type":"Feature","properties":{"name":null,"kind":"water"},"geometry":{"type":"Polygon","coordinates":[[[-0.262751,51.446015],[-0.262798,51.445965],[-0.262674,51.445881],[-0.262751,51.446015]]]}},{"type":"Feature","properties":{"name":null,"kind":"water"},"geometry":{"type":"Polygon","coordinates":[[[-0.281684,51.452537],[-0.281421,51.452358],[-0.281369,51.452455],[-0.281684,51.452537]]]}},{"type":"Feature","properties":{"name":null,"kind":"water"},"geometry":{"type":"Polygon","coordinates":[[[-0.281322,51.452426],[-0.281192,51.452331],[-0.281173,51.452413],[-0.281322,51.452426]]]}},{"type":"Feature","properties":{"name":null,"kind":"water"},"geometry":{"type":"Polygon","coordinates":[[[-0.293375,51.438544],[-0.293401,51.438485],[-0.29323,51.438492],[-0.293375,51.438544]]]}},{"type":"Feature","properties":{"name":null,"kind":"water"},"geometry":{"type":"Polygon","coordinates":[[[-0.286287,51.427031],[-0.286139,51.42697],[-0.286201,51.427058],[-0.286287,51.427031]]]}},{"type":"Feature","properties":{"name":null,"kind":"water"},"geometry":{"type":"Polygon","coordinates":[[[-0.245532,51.444133],[-0.245401,51.444027],[-0.24538,51.444123],[-0.245532,51.444133]]]}},{"type":"Feature","properties":{"name":null,"kind":"water"},"geometry":{"type":"Polygon","coordinates":[[[-0.247549,51.445725],[-0.247549,51.445674],[-0.247434,51.445647],[-0.247549,51.445725]]]}},{"type":"Feature","properties":{"name":null,"kind":"water"},"geometry":{"type":"Polygon","coordinates":[[[-0.250966,51.446194],[-0.25108,51.446133],[-0.250852,51.445981],[-0.250966,51.446194]]]}},{"type":"Feature","properties":{"name":null,"kind":"water"},"geometry":{"type":"Polygon","coordinates":[[[-0.287032,51.432147],[-0.286607,51.431898],[-0.286813,51.432134],[-0.287032,51.432147]]]}},{"type":"Feature","properties":{"name":null,"kind":"water"},"geometry":{"type":"Polygon","coordinates":[[[-0.294707,51.443021],[-0.294735,51.442996],[-0.294673,51.442981],[-0.294707,51.443021]]]}},{"type":"Feature","properties":{"name":null,"kind":"water"},"geometry":{"type":"Polygon","coordinates":[[[-0.202712,51.663551],[-0.202657,51.663476],[-0.201803,51.663451],[-0.202712,51.663551]]]}},{"type":"Feature","properties":{"name":null,"kind":"water"},"geometry":{"type":"Polygon","coordinates":[[[-0.390684,51.608543],[-0.391862,51.608555],[-0.3911,51.608527],[-0.390684,51.608543]]]}},{"type":"Feature","properties":{"name":null,"kind":"water"},"geometry":{"type":"Polygon","coordinates":[[[-0.392305,51.608558],[-0.392863,51.608524],[-0.392858,51.608514],[-0.392305,51.608558]]]}},{"type":"Feature","properties":{"name":null,"kind":"water"},"geometry":{"type":"Polygon","coordinates":[[[-0.39339,51.608507],[-0.393574,51.608505],[-0.39357,51.608496],[-0.39339,51.608507]]]}},{"type":"Feature","properties":{"name":null,"kind":"water"},"geometry":{"type":"Polygon","coordinates":[[[-0.39167,51.610397],[-0.391027,51.610414],[-0.391027,51.610434],[-0.39167,51.610397]]]}},{"type":"Feature","properties":{"name":null,"kind":"water"},"geometry":{"type":"Polygon","coordinates":[[[-0.392155,51.61035],[-0.392391,51.610302],[-0.392737,51.610285],[-0.392155,51.61035]]]}},{"type":"Feature","properties":{"name":null,"kind":"water"},"geometry":{"type":"Polygon","coordinates":[[[-0.394432,51.610399],[-0.395132,51.610415],[-0.394432,51.610386],[-0.394432,51.610399]]]}},{"type":"Feature","properties":{"name":null,"kind":"water"},"geometry":{"type":"Polygon","coordinates":[[[-0.397002,51.607382],[-0.396689,51.606963],[-0.396672,51.60697],[-0.397002,51.607382]]]}},{"type":"Feature","properties":{"name":null,"kind":"water"},"geometry":{"type":"Polygon","coordinates":[[[-0.393068,51.612938],[-0.392901,51.61293],[-0.392499,51.612876],[-0.393068,51.612938]]]}},{"type":"Feature","properties":{"name":null,"kind":"water"},"geometry":{"type":"Polygon","coordinates":[[[-0.202901,51.662761],[-0.202397,51.662724],[-0.202399,51.662756],[-0.202901,51.662761]]]}},{"type":"Feature","properties":{"name":null,"kind":"water"},"geometry":{"type":"Polygon","coordinates":[[[-0.205414,51.66069],[-0.205606,51.660742],[-0.205422,51.66068],[-0.205414,51.66069]]]}},{"type":"Feature","properties":{"name":null,"kind":"water"},"geometry":{"type":"Polygon","coordinates":[[[-0.205693,51.660741],[-0.205692,51.660753],[-0.20618,51.660863],[-0.205693,51.660741]]]}},{"type":"Feature","properties":{"name":null,"kind":"water"},"geometry":{"type":"Polygon","coordinates":[[[-0.206149,51.661209],[-0.206476,51.661164],[-0.206479,51.661183],[-0.206149,51.661209]]]}},{"type":"Feature","properties":{"name":null,"kind":"water"},"geometry":{"type":"Polygon","coordinates":[[[-0.20529,51.666044],[-0.205001,51.6654],[-0.204977,51.665406],[-0.20529,51.666044]]]}},{"type":"Feature","properties":{"name":null,"kind":"water"},"geometry":{"type":"Polygon","coordinates":[[[-0.203898,51.667203],[-0.20388,51.667197],[-0.203354,51.667607],[-0.203898,51.667203]]]}},{"type":"Feature","properties":{"name":null,"kind":"water"},"geometry":{"type":"Polygon","coordinates":[[[-0.202751,51.664273],[-0.2026,51.66394],[-0.20265,51.664221],[-0.202751,51.664273]]]}},{"type":"Feature","properties":{"name":null,"kind":"water"},"geometry":{"type":"Polygon","coordinates":[[[-0.324905,51.608634],[-0.325067,51.608457],[-0.324891,51.608626],[-0.324905,51.608634]]]}},{"type":"Feature","properties":{"name":null,"kind":"water"},"geometry":{"type":"Polygon","coordinates":[[[-0.314611,51.606195],[-0.314488,51.606281],[-0.314555,51.606209],[-0.314611,51.606195]]]}},{"type":"Feature","properties":{"name":null,"kind":"water"},"geometry":{"type":"Polygon","coordinates":[[[-0.31553,51.607145],[-0.317943,51.606996],[-0.315974,51.607045],[-0.31553,51.607145]]]}},{"type":"Feature","properties":{"name":null,"kind":"water"},"geometry":{"type":"Polygon","coordinates":[[[-0.320615,51.609292],[-0.321125,51.609259],[-0.321125,51.609273],[-0.320615,51.609292]]]}},{"type":"Feature","properties":{"name":null,"kind":"water"},"geometry":{"type":"Polygon","coordinates":[[[-0.31448,51.606279],[-0.31421,51.607346],[-0.314265,51.607257],[-0.31448,51.606279]]]}},{"type":"Feature","properties":{"name":null,"kind":"water"},"geometry":{"type":"Polygon","coordinates":[[[-0.31686,51.606085],[-0.314972,51.605906],[-0.315831,51.605928],[-0.31686,51.606085]]]}},{"type":"Feature","properties":{"name":null,"kind":"water"},"geometry":{"type":"Polygon","coordinates":[[[-0.315224,51.607871],[-0.314728,51.608199],[-0.315215,51.607864],[-0.315224,51.607871]]]}},{"type":"Feature","properties":{"name":null,"kind":"water"},"geometry":{"type":"Polygon","coordinates":[[[-0.394302,51.611326],[-0.392851,51.611619],[-0.393989,51.611259],[-0.394302,51.611326]]]}},{"type":"Feature","properties":{"name":null,"kind":"water"},"geometry":{"type":"Polygon","coordinates":[[[0.11347,51.33853],[0.113502,51.338516],[0.113475,51.338498],[0.11347,51.33853]]]}},{"type":"Feature","properties":{"name":null,"kind":"water"},"geometry":{"type":"Polygon","coordinates":[[[0.006296,51.384471],[0.006165,51.384407],[0.006458,51.384338],[0.006296,51.384471]]]}},{"type":"Feature","properties":{"name":null,"kind":"water"},"geometry":{"type":"Polygon","coordinates":[[[0.014339,51.375757],[0.014522,51.375833],[0.014298,51.376227],[0.014339,51.375757]]]}},{"type":"Feature","properties":{"name":null,"kind":"water"},"geometry":{"type":"Polygon","coordinates":[[[0.01442,51.376531],[0.014368,51.376714],[0.014546,51.376749],[0.01442,51.376531]]]}},{"type":"Feature","properties":{"name":null,"kind":"water"},"geometry":{"type":"Polygon","coordinates":[[[0.014449,51.3773],[0.014335,51.377412],[0.014449,51.377457],[0.014449,51.3773]]]}},{"type":"Feature","properties":{"name":null,"kind":"water"},"geometry":{"type":"Polygon","coordinates":[[[0.014465,51.377267],[0.014559,51.377161],[0.01449,51.3771],[0.014465,51.377267]]]}},{"type":"Feature","properties":{"name":null,"kind":"water"},"geometry":{"type":"Polygon","coordinates":[[[0.014437,51.376899],[0.014481,51.377077],[0.014563,51.377046],[0.014437,51.376899]]]}},{"type":"Feature","properties":{"name":null,"kind":"water"},"geometry":{"type":"Polygon","coordinates":[[[-0.181452,51.576069],[-0.180752,51.576108],[-0.181451,51.576059],[-0.181452,51.576069]]]}},{"type":"Feature","properties":{"name":null,"kind":"water"},"geometry":{"type":"Polygon","coordinates":[[[-0.179507,51.576177],[-0.179061,51.576208],[-0.179505,51.576167],[-0.179507,51.576177]]]}},{"type":"Feature","properties":{"name":null,"kind":"water"},"geometry":{"type":"Polygon","coordinates":[[[-0.176626,51.575301],[-0.176255,51.575344],[-0.176479,51.575291],[-0.176626,51.575301]]]}},{"type":"Feature","properties":{"name":"Beverley Brook","kind":"water"},"geometry":{"type":"LineString","coordinates":[[-0.240697,51.392098],[-0.240848,51.392149]]}},{"type":"Feature","properties":{"name":"Beverley Brook","kind":"water"},"geometry":{"type":"LineString","coordinates":[[-0.240848,51.392149],[-0.241302,51.393303]]}},{"type":"Feature","properties":{"name":"Beverley Brook","kind":"water"},"geometry":{"type":"LineString","coordinates":[[-0.240657,51.392081],[-0.240697,51.392098]]}},{"type":"Feature","properties":{"name":"Beverley Brook","kind":"water"},"geometry":{"type":"LineString","coordinates":[[-0.240561,51.391986],[-0.240657,51.392081]]}},{"type":"Feature","properties":{"name":null,"kind":"water"},"geometry":{"type":"Polygon","coordinates":[[[-0.143102,51.405612],[-0.142913,51.405698],[-0.143218,51.405473],[-0.143102,51.405612]]]}},{"type":"Feature","properties":{"name":"River Quaggy","kind":"water"},"geometry":{"type":"LineString","coordinates":[[-0.004262,51.459333],[-0.009128,51.462201]]}},{"type":"Feature","properties":{"name":"River Quaggy","kind":"water"},"geometry":{"type":"LineString","coordinates":[[-0.00407,51.459207],[-0.004262,51.459333]]}},{"type":"Feature","properties":{"name":null,"kind":"water"},"geometry":{"type":"Polygon","coordinates":[[[-0.257612,51.63254],[-0.257453,51.63258],[-0.257447,51.63257],[-0.257612,51.63254]]]}},{"type":"Feature","properties":{"name":null,"kind":"water"},"geometry":{"type":"Polygon","coordinates":[[[-0.258007,51.632419],[-0.258124,51.632345],[-0.258073,51.63236],[-0.258007,51.632419]]]}},{"type":"Feature","properties":{"name":null,"kind":"water"},"geometry":{"type":"Polygon","coordinates":[[[-0.258509,51.632026],[-0.258542,51.631991],[-0.258554,51.631999],[-0.258509,51.632026]]]}},{"type":"Feature","properties":{"name":null,"kind":"water"},"geometry":{"type":"Polygon","coordinates":[[[-0.258581,51.631977],[-0.258566,51.63197],[-0.258638,51.631924],[-0.258581,51.631977]]]}},{"type":"Feature","properties":{"name":null,"kind":"water"},"geometry":{"type":"Polygon","coordinates":[[[-0.258115,51.631614],[-0.258111,51.631597],[-0.258032,51.631595],[-0.258032,51.631611],[-0.258115,51.631614]]]}},{"type":"Feature","properties":{"name":null,"kind":"water"},"geometry":{"type":"Polygon","coordinates":[[[-0.257991,51.631608],[-0.257988,51.631594],[-0.257688,51.631589],[-0.257991,51.631608]]]}},{"type":"Feature","properties":{"name":null,"kind":"water"},"geometry":{"type":"Polygon","coordinates":[[[-0.257623,51.631601],[-0.257461,51.63159],[-0.257464,51.6316],[-0.257623,51.631601]]]}},{"type":"Feature","properties":{"name":null,"kind":"water"},"geometry":{"type":"Polygon","coordinates":[[[-0.25873,51.632142],[-0.258721,51.632133],[-0.258786,51.632112],[-0.25873,51.632142]]]}},{"type":"Feature","properties":{"name":null,"kind":"water"},"geometry":{"type":"Polygon","coordinates":[[[-0.258852,51.632109],[-0.259342,51.631939],[-0.259216,51.632007],[-0.258852,51.632109]]]}},{"type":"Feature","properties":{"name":null,"kind":"water"},"geometry":{"type":"Polygon","coordinates":[[[-0.2594,51.631923],[-0.259384,51.631911],[-0.259941,51.631591],[-0.2594,51.631923]]]}},{"type":"Feature","properties":{"name":null,"kind":"water"},"geometry":{"type":"Polygon","coordinates":[[[-0.261178,51.633078],[-0.261411,51.632442],[-0.261274,51.632914],[-0.261178,51.633078]]]}},{"type":"Feature","properties":{"name":null,"kind":"water"},"geometry":{"type":"Polygon","coordinates":[[[-0.174033,51.624712],[-0.174169,51.624721],[-0.174161,51.624734],[-0.174033,51.624712]]]}},{"type":"Feature","properties":{"name":null,"kind":"water"},"geometry":{"type":"Polygon","coordinates":[[[-0.173975,51.624705],[-0.173873,51.62468],[-0.173871,51.624693],[-0.173975,51.624705]]]}},{"type":"Feature","properties":{"name":null,"kind":"water"},"geometry":{"type":"Polygon","coordinates":[[[-0.173194,51.624683],[-0.173088,51.624796],[-0.17324,51.624843],[-0.173194,51.624683]]]}},{"type":"Feature","properties":{"name":null,"kind":"water"},"geometry":{"type":"Polygon","coordinates":[[[-0.170142,51.623177],[-0.169859,51.623219],[-0.170139,51.623168],[-0.170142,51.623177]]]}},{"type":"Feature","properties":{"name":null,"kind":"water"},"geometry":{"type":"Polygon","coordinates":[[[-0.169791,51.623249],[-0.169222,51.623362],[-0.169216,51.623353],[-0.169791,51.623249]]]}},{"type":"Feature","properties":{"name":null,"kind":"water"},"geometry":{"type":"Polygon","coordinates":[[[-0.170185,51.622157],[-0.170779,51.621975],[-0.170004,51.622152],[-0.170185,51.622157]]]}},{"type":"Feature","properties":{"name":null,"kind":"water"},"geometry":{"type":"Polygon","coordinates":[[[-0.165636,51.620062],[-0.166441,51.61988],[-0.165965,51.61995],[-0.165636,51.620062]]]}},{"type":"Feature","properties":{"name":null,"kind":"water"},"geometry":{"type":"Polygon","coordinates":[[[-0.279513,51.394775],[-0.279476,51.394703],[-0.279424,51.394773],[-0.279513,51.394775]]]}},{"type":"Feature","properties":{"name":null,"kind":"water"},"geometry":{"type":"Polygon","coordinates":[[[-0.16514,51.619576],[-0.165123,51.619581],[-0.165064,51.619475],[-0.16514,51.619576]]]}},{"type":"Feature","properties":{"name":null,"kind":"water"},"geometry":{"type":"Polygon","coordinates":[[[-0.165232,51.619775],[-0.165436,51.619804],[-0.165648,51.62002],[-0.165232,51.619775]]]}},{"type":"Feature","properties":{"name":null,"kind":"water"},"geometry":{"type":"Polygon","coordinates":[[[-0.165629,51.620092],[-0.165734,51.620378],[-0.165528,51.620259],[-0.165629,51.620092]]]}},{"type":"Feature","properties":{"name":null,"kind":"water"},"geometry":{"type":"Polygon","coordinates":[[[-0.165884,51.620455],[-0.166409,51.620826],[-0.166381,51.620837],[-0.165861,51.620465],[-0.165884,51.620455]]]}},{"type":"Feature","properties":{"name":null,"kind":"water"},"geometry":{"type":"Polygon","coordinates":[[[-0.168756,51.622366],[-0.168516,51.622106],[-0.168645,51.622197],[-0.168756,51.622366]]]}},{"type":"Feature","properties":{"name":null,"kind":"water"},"geometry":{"type":"Polygon","coordinates":[[[-0.168542,51.621998],[-0.167538,51.621302],[-0.167482,51.621457],[-0.168542,51.621998]]]}},{"type":"Feature","properties":{"name":null,"kind":"water"},"geometry":{"type":"Polygon","coordinates":[[[-0.171987,51.622236],[-0.171588,51.621988],[-0.171641,51.621974],[-0.171987,51.622236]]]}},{"type":"Feature","properties":{"name":null,"kind":"water"},"geometry":{"type":"Polygon","coordinates":[[[0.201871,51.524687],[0.202139,51.524361],[0.20143,51.524267],[0.201871,51.524687]]]}},{"type":"Feature","properties":{"name":null,"kind":"water"},"geometry":{"type":"Polygon","coordinates":[[[0.202978,51.525469],[0.202507,51.525373],[0.202692,51.525176],[0.202978,51.525469]]]}},{"type":"Feature","properties":{"name":null,"kind":"water"},"geometry":{"type":"Polygon","coordinates":[[[0.209381,51.529643],[0.208953,51.529416],[0.209764,51.529088],[0.209381,51.529643]]]}},{"type":"Feature","properties":{"name":null,"kind":"water"},"geometry":{"type":"Polygon","coordinates":[[[0.209796,51.529794],[0.211211,51.530005],[0.211084,51.53038],[0.209796,51.529794]]]}},{"type":"Feature","properties":{"name":null,"kind":"water"},"geometry":{"type":"Polygon","coordinates":[[[0.211505,51.530998],[0.212388,51.5312],[0.212489,51.531803],[0.211505,51.530998]]]}},{"type":"Feature","properties":{"name":null,"kind":"water"},"geometry":{"type":"Polygon","coordinates":[[[0.212644,51.531888],[0.212944,51.53199],[0.212762,51.531983],[0.212644,51.531888]]]}},{"type":"Feature","properties":{"name":null,"kind":"water"},"geometry":{"type":"Polygon","coordinates":[[[-0.261177,51.634043],[-0.261045,51.634053],[-0.261177,51.634029],[-0.261177,51.634043]]]}},{"type":"Feature","properties":{"name":null,"kind":"water"},"geometry":{"type":"Polygon","coordinates":[[[-0.261325,51.634022],[-0.26132,51.634009],[-0.261235,51.634023],[-0.261244,51.634036],[-0.261325,51.634022]]]}},{"type":"Feature","properties":{"name":null,"kind":"water"},"geometry":{"type":"Polygon","coordinates":[[[-0.260699,51.633524],[-0.260564,51.633596],[-0.26058,51.633607],[-0.260699,51.633524]]]}},{"type":"Feature","properties":{"name":null,"kind":"water"},"geometry":{"type":"Polygon","coordinates":[[[-0.262096,51.632608],[-0.2621,51.632591],[-0.261981,51.632574],[-0.26198,51.632592],[-0.262096,51.632608]]]}},{"type":"Feature","properties":{"name":null,"kind":"water"},"geometry":{"type":"Polygon","coordinates":[[[-0.261592,51.631419],[-0.262663,51.632134],[-0.262049,51.631805],[-0.261592,51.631419]]]}},{"type":"Feature","properties":{"name":null,"kind":"water"},"geometry":{"type":"Polygon","coordinates":[[[-0.261074,51.630533],[-0.261047,51.630546],[-0.260936,51.630473],[-0.261074,51.630533]]]}},{"type":"Feature","properties":{"name":null,"kind":"water"},"geometry":{"type":"Polygon","coordinates":[[[-0.261125,51.630579],[-0.261096,51.630589],[-0.261257,51.630682],[-0.261125,51.630579]]]}},{"type":"Feature","properties":{"name":null,"kind":"water"},"geometry":{"type":"Polygon","coordinates":[[[-0.263219,51.635761],[-0.263102,51.635902],[-0.263197,51.635751],[-0.263219,51.635761]]]}},{"type":"Feature","properties":{"name":null,"kind":"water"},"geometry":{"type":"Polygon","coordinates":[[[-0.263016,51.636051],[-0.263065,51.635917],[-0.263087,51.635928],[-0.263016,51.636051]]]}},{"type":"Feature","properties":{"name":null,"kind":"water"},"geometry":{"type":"Polygon","coordinates":[[[-0.261144,51.635954],[-0.260897,51.635952],[-0.260944,51.635931],[-0.261144,51.635954]]]}},{"type":"Feature","properties":{"name":null,"kind":"water"},"geometry":{"type":"Polygon","coordinates":[[[-0.259117,51.636536],[-0.259339,51.636252],[-0.259373,51.636264],[-0.259117,51.636536]]]}},{"type":"Feature","properties":{"name":null,"kind":"water"},"geometry":{"type":"Polygon","coordinates":[[[-0.259095,51.636558],[-0.259067,51.636543],[-0.258747,51.636786],[-0.259095,51.636558]]]}},{"type":"Feature","properties":{"name":null,"kind":"water"},"geometry":{"type":"Polygon","coordinates":[[[-0.43067,51.607678],[-0.432457,51.608947],[-0.431119,51.608263],[-0.43067,51.607678]]]}},{"type":"Feature","properties":{"name":null,"kind":"water"},"geometry":{"type":"Polygon","coordinates":[[[-0.430206,51.607533],[-0.430299,51.607531],[-0.429631,51.607171],[-0.430206,51.607533]]]}},{"type":"Feature","properties":{"name":null,"kind":"water"},"geometry":{"type":"Polygon","coordinates":[[[-0.427399,51.60569],[-0.427591,51.605812],[-0.427546,51.605879],[-0.427399,51.60569]]]}},{"type":"Feature","properties":{"name":null,"kind":"water"},"geometry":{"type":"Polygon","coordinates":[[[-0.428039,51.606161],[-0.427858,51.606034],[-0.427836,51.60606],[-0.428039,51.606161]]]}},{"type":"Feature","properties":{"name":null,"kind":"water"},"geometry":{"type":"Polygon","coordinates":[[[-0.429232,51.606907],[-0.428988,51.606679],[-0.429154,51.606757],[-0.429232,51.606907]]]}},{"type":"Feature","properties":{"name":null,"kind":"water"},"geometry":{"type":"Polygon","coordinates":[[[-0.43262,51.609297],[-0.432982,51.609357],[-0.433302,51.609766],[-0.433786,51.609946],[-0.43262,51.609297]]]}},{"type":"Feature","properties":{"name":null,"kind":"water"},"geometry":{"type":"Polygon","coordinates":[[[-0.426487,51.605107],[-0.426248,51.604293],[-0.426216,51.604753],[-0.426487,51.605107]]]}},{"type":"Feature","properties":{"name":null,"kind":"water"},"geometry":{"type":"Polygon","coordinates":[[[-0.426232,51.604176],[-0.426255,51.60394],[-0.426141,51.603992],[-0.426232,51.604176]]]}},{"type":"Feature","properties":{"name":null,"kind":"water"},"geometry":{"type":"Polygon","coordinates":[[[-0.42626,51.603542],[-0.426266,51.60343],[-0.426609,51.603262],[-0.42626,51.603542]]]}},{"type":"Feature","properties":{"name":null,"kind":"water"},"geometry":{"type":"Polygon","coordinates":[[[-0.427183,51.603034],[-0.427076,51.603051],[-0.427537,51.602831],[-0.427183,51.603034]]]}},{"type":"Feature","properties":{"name":null,"kind":"water"},"geometry":{"type":"Polygon","coordinates":[[[-0.429032,51.602136],[-0.429584,51.601124],[-0.429472,51.60174],[-0.429032,51.602136]]]}},{"type":"Feature","properties":{"name":null,"kind":"water"},"geometry":{"type":"Polygon","coordinates":[[[-0.002474,51.545674],[-0.0022,51.545607],[-0.002312,51.545494],[-0.002474,51.545674]]]}},{"type":"Feature","properties":{"name":null,"kind":"water"},"geometry":{"type":"Polygon","coordinates":[[[-0.288735,51.487873],[-0.288628,51.487875],[-0.288634,51.488057],[-0.288741,51.488055],[-0.288735,51.487873]]]}},{"type":"Feature","properties":{"name":null,"kind":"water"},"geometry":{"type":"Polygon","coordinates":[[[-0.28935,51.488048],[-0.289225,51.487836],[-0.289349,51.487835],[-0.28935,51.488048]]]}},{"type":"Feature","properties":{"name":null,"kind":"water"},"geometry":{"type":"Polygon","coordinates":[[[-0.132149,51.603206],[-0.132208,51.603166],[-0.13209,51.603136],[-0.132149,51.603206]]]}},{"type":"Feature","properties":{"name":"Grand Union Canal","kind":"water"},"geometry":{"type":"LineString","coordinates":[[-0.311781,51.482981],[-0.311917,51.482663]]}},{"type":"Feature","properties":{"name":"Grand Union Canal","kind":"water"},"geometry":{"type":"LineString","coordinates":[[-0.311437,51.483384],[-0.311627,51.483221]]}},{"type":"Feature","properties":{"name":"Grand Union Canal","kind":"water"},"geometry":{"type":"LineString","coordinates":[[-0.305229,51.482122],[-0.304827,51.482125]]}},{"type":"Feature","properties":{"name":"Grand Union Canal","kind":"water"},"geometry":{"type":"LineString","coordinates":[[-0.30441,51.482191],[-0.303794,51.482357]]}},{"type":"Feature","properties":{"name":null,"kind":"water"},"geometry":{"type":"Polygon","coordinates":[[[-0.225021,51.397932],[-0.22416,51.397844],[-0.224343,51.398207],[-0.225021,51.397932]]]}},{"type":"Feature","properties":{"name":null,"kind":"water"},"geometry":{"type":"Polygon","coordinates":[[[-0.367669,51.568145],[-0.367206,51.567974],[-0.367539,51.567908],[-0.367669,51.568145]]]}},{"type":"Feature","properties":{"name":null,"kind":"water"},"geometry":{"type":"Polygon","coordinates":[[[-0.141624,51.603678],[-0.141609,51.603667],[-0.141784,51.603548],[-0.141624,51.603678]]]}},{"type":"Feature","properties":{"name":null,"kind":"water"},"geometry":{"type":"Polygon","coordinates":[[[-0.1382,51.608216],[-0.137804,51.60853],[-0.137264,51.608375],[-0.137797,51.608543],[-0.1382,51.608216]]]}},{"type":"Feature","properties":{"name":null,"kind":"water"},"geometry":{"type":"Polygon","coordinates":[[[-0.136845,51.608224],[-0.136349,51.608122],[-0.136837,51.608237],[-0.136845,51.608224]]]}},{"type":"Feature","properties":{"name":null,"kind":"water"},"geometry":{"type":"Polygon","coordinates":[[[-0.137906,51.606706],[-0.137794,51.606391],[-0.137845,51.606714],[-0.137906,51.606706]]]}},{"type":"Feature","properties":{"name":null,"kind":"water"},"geometry":{"type":"Polygon","coordinates":[[[-0.138241,51.606691],[-0.139657,51.605906],[-0.138751,51.606481],[-0.138241,51.606691]]]}},{"type":"Feature","properties":{"name":null,"kind":"water"},"geometry":{"type":"Polygon","coordinates":[[[-0.134332,51.606632],[-0.134498,51.606414],[-0.13431,51.606625],[-0.134332,51.606632]]]}},{"type":"Feature","properties":{"name":null,"kind":"water"},"geometry":{"type":"Polygon","coordinates":[[[-0.138996,51.604555],[-0.138774,51.604668],[-0.138756,51.604657],[-0.138996,51.604555]]]}},{"type":"Feature","properties":{"name":null,"kind":"water"},"geometry":{"type":"Polygon","coordinates":[[[-0.138714,51.604697],[-0.1387,51.604681],[-0.138298,51.604893],[-0.138714,51.604697]]]}},{"type":"Feature","properties":{"name":null,"kind":"water"},"geometry":{"type":"Polygon","coordinates":[[[-0.140981,51.602907],[-0.14033,51.602678],[-0.140972,51.602919],[-0.140981,51.602907]]]}},{"type":"Feature","properties":{"name":null,"kind":"water"},"geometry":{"type":"Polygon","coordinates":[[[-0.139973,51.602559],[-0.139681,51.602459],[-0.13945,51.602446],[-0.139973,51.602559]]]}},{"type":"Feature","properties":{"name":null,"kind":"water"},"geometry":{"type":"Polygon","coordinates":[[[-0.138948,51.602534],[-0.138513,51.602685],[-0.13853,51.602698],[-0.138948,51.602534]]]}},{"type":"Feature","properties":{"name":null,"kind":"water"},"geometry":{"type":"Polygon","coordinates":[[[-0.136923,51.603457],[-0.138091,51.602891],[-0.137404,51.603109],[-0.136923,51.603457]]]}},{"type":"Feature","properties":{"name":null,"kind":"water"},"geometry":{"type":"Polygon","coordinates":[[[-0.138739,51.607542],[-0.138092,51.607064],[-0.138371,51.607392],[-0.138739,51.607542]]]}},{"type":"Feature","properties":{"name":null,"kind":"water"},"geometry":{"type":"Polygon","coordinates":[[[-0.189738,51.634625],[-0.188641,51.634805],[-0.188968,51.634907],[-0.189738,51.634625]]]}},{"type":"Feature","properties":{"name":null,"kind":"water"},"geometry":{"type":"Polygon","coordinates":[[[-0.187421,51.637267],[-0.186951,51.637392],[-0.187193,51.63737],[-0.187421,51.637267]]]}},{"type":"Feature","properties":{"name":null,"kind":"water"},"geometry":{"type":"Polygon","coordinates":[[[-0.190488,51.639555],[-0.190352,51.639653],[-0.190436,51.639616],[-0.190488,51.639555]]]}},{"type":"Feature","properties":{"name":null,"kind":"water"},"geometry":{"type":"Polygon","coordinates":[[[-0.191719,51.633987],[-0.191815,51.633961],[-0.191954,51.633871],[-0.191719,51.633987]]]}},{"type":"Feature","properties":{"name":null,"kind":"water"},"geometry":{"type":"Polygon","coordinates":[[[-0.191211,51.633495],[-0.191054,51.63358],[-0.191046,51.633571],[-0.191211,51.633495]]]}},{"type":"Feature","properties":{"name":null,"kind":"water"},"geometry":{"type":"Polygon","coordinates":[[[0.197734,51.455955],[0.197691,51.455881],[0.198253,51.455873],[0.197734,51.455955]]]}},{"type":"Feature","properties":{"name":null,"kind":"water"},"geometry":{"type":"Polygon","coordinates":[[[-0.21985,51.6005],[-0.218631,51.600546],[-0.219686,51.600475],[-0.21985,51.6005]]]}},{"type":"Feature","properties":{"name":null,"kind":"water"},"geometry":{"type":"Polygon","coordinates":[[[-0.216526,51.599616],[-0.216668,51.599485],[-0.21724,51.599236],[-0.216526,51.599616]]]}},{"type":"Feature","properties":{"name":null,"kind":"water"},"geometry":{"type":"Polygon","coordinates":[[[-0.218749,51.604763],[-0.219379,51.604629],[-0.219245,51.604644],[-0.218749,51.604763]]]}},{"type":"Feature","properties":{"name":null,"kind":"water"},"geometry":{"type":"Polygon","coordinates":[[[-0.218422,51.604531],[-0.218151,51.604471],[-0.217315,51.604724],[-0.218422,51.604531]]]}},{"type":"Feature","properties":{"name":null,"kind":"water"},"geometry":{"type":"Polygon","coordinates":[[[-0.217994,51.600396],[-0.215279,51.601052],[-0.216016,51.600724],[-0.217994,51.600396]]]}},{"type":"Feature","properties":{"name":null,"kind":"water"},"geometry":{"type":"Polygon","coordinates":[[[-0.213248,51.601997],[-0.212601,51.602202],[-0.212869,51.601977],[-0.213248,51.601997]]]}},{"type":"Feature","properties":{"name":null,"kind":"water"},"geometry":{"type":"Polygon","coordinates":[[[-0.217874,51.598734],[-0.217397,51.59904],[-0.217311,51.599134],[-0.217874,51.598734]]]}},{"type":"Feature","properties":{"name":null,"kind":"water"},"geometry":{"type":"Polygon","coordinates":[[[-0.216727,51.600602],[-0.216412,51.600194],[-0.21639,51.600201],[-0.216727,51.600602]]]}},{"type":"Feature","properties":{"name":null,"kind":"water"},"geometry":{"type":"Polygon","coordinates":[[[-0.02492,51.48464],[-0.024974,51.48455],[-0.024749,51.484545],[-0.02492,51.48464]]]}},{"type":"Feature","properties":{"name":null,"kind":"water"},"geometry":{"type":"Polygon","coordinates":[[[-0.44368,51.509064],[-0.443927,51.509051],[-0.444254,51.510092],[-0.44368,51.509064]]]}},{"type":"Feature","properties":{"name":null,"kind":"water"},"geometry":{"type":"Polygon","coordinates":[[[-0.250576,51.423461],[-0.250485,51.423469],[-0.250374,51.423291],[-0.250576,51.423461]]]}},{"type":"Feature","properties":{"name":null,"kind":"water"},"geometry":{"type":"Polygon","coordinates":[[[-0.251022,51.424478],[-0.250526,51.423642],[-0.25125,51.424468],[-0.251022,51.424478]]]}},{"type":"Feature","properties":{"name":null,"kind":"water"},"geometry":{"type":"Polygon","coordinates":[[[-0.251082,51.424682],[-0.251578,51.42545],[-0.251283,51.425606],[-0.251082,51.424682]]]}},{"type":"Feature","properties":{"name":null,"kind":"water"},"geometry":{"type":"Polygon","coordinates":[[[-0.209186,51.433481],[-0.209981,51.432754],[-0.209508,51.432887],[-0.209186,51.433481]]]}},{"type":"Feature","properties":{"name":null,"kind":"water"},"geometry":{"type":"Polygon","coordinates":[[[-0.210031,51.432689],[-0.210703,51.43256],[-0.210333,51.432907],[-0.210031,51.432689]]]}},{"type":"Feature","properties":{"name":null,"kind":"water"},"geometry":{"type":"Polygon","coordinates":[[[-0.210703,51.43256],[-0.210382,51.432476],[-0.210016,51.432636],[-0.210703,51.43256]]]}},{"type":"Feature","properties":{"name":null,"kind":"water"},"geometry":{"type":"Polygon","coordinates":[[[-0.49505,51.466477],[-0.495554,51.466277],[-0.494846,51.465374],[-0.4935,51.465655],[-0.493301,51.466464],[-0.49505,51.466477]]]}},{"type":"Feature","properties":{"name":null,"kind":"water"},"geometry":{"type":"Polygon","coordinates":[[[-0.207512,51.409864],[-0.207533,51.409854],[-0.207492,51.409846],[-0.207512,51.409864]]]}},{"type":"Feature","properties":{"name":"Channelsea River","kind":"water"},"geometry":{"type":"LineString","coordinates":[[0.001172,51.531112],[0.000955,51.530254]]}},{"type":"Feature","properties":{"name":"River Ravensbourne","kind":"water"},"geometry":{"type":"LineString","coordinates":[[-0.012751,51.465424],[-0.01694,51.469054],[-0.019239,51.469497],[-0.021584,51.471645],[-0.022743,51.47425]]}},{"type":"Feature","properties":{"name":"River Ravensbourne","kind":"water"},"geometry":{"type":"LineString","coordinates":[[-0.012577,51.465234],[-0.012747,51.465393]]}},{"type":"Feature","properties":{"name":"River Ravensbourne","kind":"water"},"geometry":{"type":"LineString","coordinates":[[-0.012747,51.465393],[-0.012751,51.465424]]}},{"type":"Feature","properties":{"name":"River Cray","kind":"water"},"geometry":{"type":"LineString","coordinates":[[0.151545,51.440517],[0.151591,51.440619]]}},{"type":"Feature","properties":{"name":"River Cray","kind":"water"},"geometry":{"type":"LineString","coordinates":[[0.151591,51.440619],[0.151609,51.440671]]}},{"type":"Feature","properties":{"name":null,"kind":"water"},"geometry":{"type":"Polygon","coordinates":[[[-0.097823,51.5652],[-0.097786,51.565206],[-0.097792,51.565194],[-0.097823,51.5652]]]}},{"type":"Feature","properties":{"name":"River Ingrebourne","kind":"water"},"geometry":{"type":"LineString","coordinates":[[0.239546,51.558939],[0.239325,51.557946],[0.237797,51.557198],[0.237233,51.555955],[0.237778,51.555266],[0.236244,51.552381],[0.232676,51.550815]]}},{"type":"Feature","properties":{"name":"River Ingrebourne","kind":"water"},"geometry":{"type":"LineString","coordinates":[[0.239664,51.559756],[0.239486,51.559279]]}},{"type":"Feature","properties":{"name":"River Ingrebourne","kind":"water"},"geometry":{"type":"LineString","coordinates":[[0.239842,51.560021],[0.239664,51.559756]]}},{"type":"Feature","properties":{"name":"River Rom","kind":"water"},"geometry":{"type":"LineString","coordinates":[[0.177438,51.579308],[0.177607,51.579013]]}},{"type":"Feature","properties":{"name":"River Rom","kind":"water"},"geometry":{"type":"LineString","coordinates":[[0.177607,51.579013],[0.1779,51.578663]]}},{"type":"Feature","properties":{"name":null,"kind":"water"},"geometry":{"type":"Polygon","coordinates":[[[-0.278961,51.578793],[-0.278665,51.578739],[-0.278573,51.578866],[-0.278961,51.578793]]]}},{"type":"Feature","properties":{"name":null,"kind":"water"},"geometry":{"type":"Polygon","coordinates":[[[-0.277417,51.577952],[-0.277181,51.577819],[-0.277147,51.577987],[-0.277417,51.577952]]]}},{"type":"Feature","properties":{"name":null,"kind":"water"},"geometry":{"type":"Polygon","coordinates":[[[-0.244389,51.441894],[-0.244793,51.441952],[-0.244198,51.442428],[-0.244389,51.441894]]]}},{"type":"Feature","properties":{"name":null,"kind":"water"},"geometry":{"type":"Polygon","coordinates":[[[-0.247882,51.441147],[-0.247887,51.440975],[-0.247993,51.441162],[-0.247882,51.441147]]]}},{"type":"Feature","properties":{"name":"Cray","kind":"water"},"geometry":{"type":"LineString","coordinates":[[0.114538,51.395822],[0.114583,51.395938]]}},{"type":"Feature","properties":{"name":null,"kind":"water"},"geometry":{"type":"Polygon","coordinates":[[[-0.252327,51.448786],[-0.25226,51.448694],[-0.252476,51.448698],[-0.252327,51.448786]]]}},{"type":"Feature","properties":{"name":"Well water tank","kind":"water"},"geometry":{"type":"Polygon","coordinates":[[[-0.434969,51.591371],[-0.435187,51.591224],[-0.435267,51.591313],[-0.434969,51.591371]]]}},{"type":"Feature","properties":{"name":null,"kind":"water"},"geometry":{"type":"Polygon","coordinates":[[[-0.434751,51.591434],[-0.434687,51.591435],[-0.434722,51.591386],[-0.434751,51.591434]]]}},{"type":"Feature","properties":{"name":null,"kind":"water"},"geometry":{"type":"Polygon","coordinates":[[[-0.114831,51.612144],[-0.115383,51.609675],[-0.115368,51.610557],[-0.114831,51.612144]]]}},{"type":"Feature","properties":{"name":"River Thames","kind":"water"},"geometry":{"type":"LineString","coordinates":[[0.007598,51.50551],[0.016216,51.498806],[0.021918,51.496522],[0.027771,51.496017],[0.037101,51.496873]]}},{"type":"Feature","properties":{"name":"Weald Brook","kind":"water"},"geometry":{"type":"LineString","coordinates":[[0.238125,51.623264],[0.238658,51.621875],[0.238164,51.621648],[0.239398,51.621082],[0.246023,51.619855]]}},{"type":"Feature","properties":{"name":"Weald Brook","kind":"water"},"geometry":{"type":"LineString","coordinates":[[0.238151,51.62352],[0.238125,51.623264]]}},{"type":"Feature","properties":{"name":"Weald Brook","kind":"water"},"geometry":{"type":"LineString","coordinates":[[0.246333,51.619962],[0.246602,51.620054]]}},{"type":"Feature","properties":{"name":"Weald Brook","kind":"water"},"geometry":{"type":"LineString","coordinates":[[0.246023,51.619855],[0.246333,51.619962]]}},{"type":"Feature","properties":{"name":"Weald Brook","kind":"water"},"geometry":{"type":"LineString","coordinates":[[0.246602,51.620054],[0.250792,51.618757],[0.253727,51.616653]]}},{"type":"Feature","properties":{"name":"Weald Brook","kind":"water"},"geometry":{"type":"LineString","coordinates":[[0.253531,51.616464],[0.253384,51.616323]]}},{"type":"Feature","properties":{"name":"Weald Brook","kind":"water"},"geometry":{"type":"LineString","coordinates":[[0.253727,51.616653],[0.253531,51.616464]]}},{"type":"Feature","properties":{"name":"Weald Brook","kind":"water"},"geometry":{"type":"LineString","coordinates":[[0.253384,51.616323],[0.253936,51.614887],[0.253539,51.612828],[0.255738,51.61051],[0.255684,51.609237],[0.258052,51.60706]]}},{"type":"Feature","properties":{"name":"Weald Brook","kind":"water"},"geometry":{"type":"LineString","coordinates":[[0.238173,51.623737],[0.238151,51.62352]]}},{"type":"Feature","properties":{"name":null,"kind":"water"},"geometry":{"type":"Polygon","coordinates":[[[0.145683,51.621749],[0.146296,51.621781],[0.145637,51.621971],[0.145683,51.621749]]]}},{"type":"Feature","properties":{"name":null,"kind":"water"},"geometry":{"type":"Polygon","coordinates":[[[0.145586,51.620053],[0.145785,51.620104],[0.145639,51.62022],[0.145586,51.620053]]]}},{"type":"Feature","properties":{"name":null,"kind":"water"},"geometry":{"type":"Polygon","coordinates":[[[0.165403,51.615338],[0.16539,51.615367],[0.165427,51.615367],[0.165403,51.615338]]]}},{"type":"Feature","properties":{"name":"Mutton Brook","kind":"water"},"geometry":{"type":"LineString","coordinates":[[-0.173277,51.584483],[-0.176951,51.584297],[-0.180944,51.584983]]}},{"type":"Feature","properties":{"name":"Mutton Brook","kind":"water"},"geometry":{"type":"LineString","coordinates":[[-0.190102,51.586742],[-0.190736,51.587139]]}},{"type":"Feature","properties":{"name":"Mutton Brook","kind":"water"},"geometry":{"type":"LineString","coordinates":[[-0.190187,51.586547],[-0.190102,51.586742]]}},{"type":"Feature","properties":{"name":"Mutton Brook","kind":"water"},"geometry":{"type":"LineString","coordinates":[[-0.190945,51.587185],[-0.191762,51.587365]]}},{"type":"Feature","properties":{"name":"Mutton Brook","kind":"water"},"geometry":{"type":"LineString","coordinates":[[-0.190736,51.587139],[-0.190945,51.587185]]}},{"type":"Feature","properties":{"name":"Mutton Brook","kind":"water"},"geometry":{"type":"LineString","coordinates":[[-0.191956,51.58742],[-0.192744,51.58765]]}},{"type":"Feature","properties":{"name":"Mutton Brook","kind":"water"},"geometry":{"type":"LineString","coordinates":[[-0.191762,51.587365],[-0.191956,51.58742]]}},{"type":"Feature","properties":{"name":"Mutton Brook","kind":"water"},"geometry":{"type":"LineString","coordinates":[[-0.192744,51.58765],[-0.192766,51.587651]]}},{"type":"Feature","properties":{"name":"Mutton Brook","kind":"water"},"geometry":{"type":"LineString","coordinates":[[-0.192958,51.58766],[-0.192975,51.587661]]}},{"type":"Feature","properties":{"name":"Mutton Brook","kind":"water"},"geometry":{"type":"LineString","coordinates":[[-0.192766,51.587651],[-0.192958,51.58766]]}},{"type":"Feature","properties":{"name":"Mutton Brook","kind":"water"},"geometry":{"type":"LineString","coordinates":[[-0.193236,51.587674],[-0.193246,51.587675]]}},{"type":"Feature","properties":{"name":"Mutton Brook","kind":"water"},"geometry":{"type":"LineString","coordinates":[[-0.192975,51.587661],[-0.193236,51.587674]]}},{"type":"Feature","properties":{"name":"Mutton Brook","kind":"water"},"geometry":{"type":"LineString","coordinates":[[-0.193426,51.587683],[-0.198751,51.589129]]}},{"type":"Feature","properties":{"name":"Mutton Brook","kind":"water"},"geometry":{"type":"LineString","coordinates":[[-0.193246,51.587675],[-0.193426,51.587683]]}},{"type":"Feature","properties":{"name":"Mutton Brook","kind":"water"},"geometry":{"type":"LineString","coordinates":[[-0.19884,51.589092],[-0.199601,51.588985]]}},{"type":"Feature","properties":{"name":"Mutton Brook","kind":"water"},"geometry":{"type":"LineString","coordinates":[[-0.198751,51.589129],[-0.19884,51.589092]]}},{"type":"Feature","properties":{"name":"Mutton Brook","kind":"water"},"geometry":{"type":"LineString","coordinates":[[-0.199971,51.588991],[-0.208327,51.587379]]}},{"type":"Feature","properties":{"name":"Mutton Brook","kind":"water"},"geometry":{"type":"LineString","coordinates":[[-0.199601,51.588985],[-0.199971,51.588991]]}},{"type":"Feature","properties":{"name":"Mutton Brook","kind":"water"},"geometry":{"type":"LineString","coordinates":[[-0.208327,51.587379],[-0.20847,51.587375]]}},{"type":"Feature","properties":{"name":"Mutton Brook","kind":"water"},"geometry":{"type":"LineString","coordinates":[[-0.172247,51.584817],[-0.173277,51.584483]]}},{"type":"Feature","properties":{"name":null,"kind":"water"},"geometry":{"type":"Polygon","coordinates":[[[-0.11903,51.591776],[-0.118206,51.591768],[-0.118346,51.592158],[-0.11903,51.591776]]]}},{"type":"Feature","properties":{"name":null,"kind":"water"},"geometry":{"type":"Polygon","coordinates":[[[-0.118635,51.591571],[-0.117761,51.59138],[-0.118311,51.591166],[-0.118635,51.591571]]]}},{"type":"Feature","properties":{"name":null,"kind":"water"},"geometry":{"type":"Polygon","coordinates":[[[-0.117881,51.591623],[-0.11742,51.591929],[-0.117061,51.591576],[-0.117881,51.591623]]]}},{"type":"Feature","properties":{"name":null,"kind":"water"},"geometry":{"type":"Polygon","coordinates":[[[-0.010733,51.491714],[-0.010675,51.491696],[-0.010771,51.49157],[-0.010733,51.491714]]]}},{"type":"Feature","properties":{"name":"Wildlife Pond","kind":"water"},"geometry":{"type":"Polygon","coordinates":[[[-0.009439,51.492212],[-0.009261,51.492217],[-0.009439,51.492134],[-0.009439,51.492212]]]}},{"type":"Feature","properties":{"name":null,"kind":"water"},"geometry":{"type":"Polygon","coordinates":[[[-0.15474,51.489651],[-0.15411,51.489286],[-0.154521,51.489445],[-0.15474,51.489651]]]}},{"type":"Feature","properties":{"name":null,"kind":"water"},"geometry":{"type":"Polygon","coordinates":[[[-0.430936,51.600736],[-0.431385,51.600598],[-0.431493,51.600728],[-0.430936,51.600736]]]}},{"type":"Feature","properties":{"name":null,"kind":"water"},"geometry":{"type":"Polygon","coordinates":[[[-0.138189,51.449178],[-0.138314,51.449186],[-0.138301,51.449119],[-0.138189,51.449178]]]}},{"type":"Feature","properties":{"name":null,"kind":"water"},"geometry":{"type":"Polygon","coordinates":[[[-0.138303,51.449041],[-0.138394,51.44906],[-0.138382,51.449025],[-0.138303,51.449041]]]}},{"type":"Feature","properties":{"name":null,"kind":"water"},"geometry":{"type":"Polygon","coordinates":[[[-0.428271,51.597615],[-0.427236,51.597294],[-0.428086,51.597206],[-0.428271,51.597615]]]}},{"type":"Feature","properties":{"name":null,"kind":"water"},"geometry":{"type":"Polygon","coordinates":[[[-0.024816,51.334893],[-0.024746,51.33501],[-0.024668,51.334876],[-0.024816,51.334893]]]}},{"type":"Feature","properties":{"name":null,"kind":"water"},"geometry":{"type":"Polygon","coordinates":[[[-0.348162,51.519167],[-0.348291,51.519445],[-0.348387,51.519351],[-0.348162,51.519167]]]}},{"type":"Feature","properties":{"name":null,"kind":"water"},"geometry":{"type":"Polygon","coordinates":[[[-0.348632,51.496821],[-0.348017,51.49683],[-0.348129,51.497134],[-0.348632,51.496821]]]}},{"type":"Feature","properties":{"name":"Dollis Brook","kind":"water"},"geometry":{"type":"LineString","coordinates":[[-0.237475,51.637433],[-0.237212,51.637403]]}},{"type":"Feature","properties":{"name":"Fountain Pond","kind":"water"},"geometry":{"type":"Polygon","coordinates":[[[0.125523,51.484346],[0.125581,51.484314],[0.125497,51.484292],[0.125523,51.484346]]]}},{"type":"Feature","properties":{"name":"River Lee Navigation (Hackney Cut)","kind":"water"},"geometry":{"type":"LineString","coordinates":[[-0.035812,51.555815],[-0.032339,51.553974],[-0.03097,51.552068],[-0.022822,51.545078],[-0.020554,51.540678],[-0.020842,51.538187]]}},{"type":"Feature","properties":{"name":null,"kind":"water"},"geometry":{"type":"Polygon","coordinates":[[[-0.352569,51.434901],[-0.352439,51.434544],[-0.352823,51.434381],[-0.352569,51.434901]]]}},{"type":"Feature","properties":{"name":"Coppetts Pond","kind":"water"},"geometry":{"type":"Polygon","coordinates":[[[-0.159764,51.609317],[-0.159883,51.609323],[-0.159609,51.609452],[-0.159764,51.609317]]]}},{"type":"Feature","properties":{"name":null,"kind":"water"},"geometry":{"type":"Polygon","coordinates":[[[-0.253205,51.386487],[-0.253089,51.386377],[-0.253077,51.386468],[-0.253205,51.386487]]]}},{"type":"Feature","properties":{"name":"River Thames","kind":"water"},"geometry":{"type":"LineString","coordinates":[[-0.177774,51.477539],[-0.175384,51.479879],[-0.172279,51.481338],[-0.164055,51.482675]]}},{"type":"Feature","properties":{"name":null,"kind":"water"},"geometry":{"type":"Polygon","coordinates":[[[-0.176231,51.519559],[-0.176206,51.519504],[-0.176376,51.519534],[-0.176231,51.519559]]]}},{"type":"Feature","properties":{"name":null,"kind":"water"},"geometry":{"type":"Polygon","coordinates":[[[-0.176199,51.519479],[-0.176175,51.519423],[-0.176342,51.519455],[-0.176199,51.519479]]]}},{"type":"Feature","properties":{"name":null,"kind":"water"},"geometry":{"type":"Polygon","coordinates":[[[-0.176023,51.519088],[-0.175998,51.519033],[-0.176167,51.519063],[-0.176023,51.519088]]]}},{"type":"Feature","properties":{"name":null,"kind":"water"},"geometry":{"type":"Polygon","coordinates":[[[-0.17599,51.519008],[-0.175964,51.518952],[-0.176133,51.518983],[-0.17599,51.519008]]]}},{"type":"Feature","properties":{"name":null,"kind":"water"},"geometry":{"type":"Polygon","coordinates":[[[-0.068863,51.423955],[-0.0682,51.423727],[-0.068842,51.423971],[-0.068863,51.423955]]]}},{"type":"Feature","properties":{"name":null,"kind":"water"},"geometry":{"type":"Polygon","coordinates":[[[0.026621,51.627771],[0.026575,51.627626],[0.026729,51.627656],[0.026621,51.627771]]]}},{"type":"Feature","properties":{"name":null,"kind":"water"},"geometry":{"type":"Polygon","coordinates":[[[0.018008,51.615693],[0.017568,51.615571],[0.017706,51.615348],[0.018008,51.615693]]]}},{"type":"Feature","properties":{"name":"Round Pond","kind":"water"},"geometry":{"type":"Polygon","coordinates":[[[0.009465,51.583906],[0.00941,51.583601],[0.009812,51.583666],[0.009465,51.583906]]]}},{"type":"Feature","properties":{"name":null,"kind":"water"},"geometry":{"type":"Polygon","coordinates":[[[-0.099973,51.307736],[-0.099864,51.307732],[-0.099919,51.307704],[-0.099973,51.307736]]]}},{"type":"Feature","properties":{"name":null,"kind":"water"},"geometry":{"type":"Polygon","coordinates":[[[-0.090898,51.64095],[-0.090414,51.640784],[-0.091007,51.640585],[-0.090898,51.64095]]]}},{"type":"Feature","properties":{"name":null,"kind":"water"},"geometry":{"type":"Polygon","coordinates":[[[-0.08756,51.643441],[-0.088052,51.643663],[-0.088695,51.643283],[-0.08756,51.643441]]]}},{"type":"Feature","properties":{"name":"Old Pool","kind":"water"},"geometry":{"type":"Polygon","coordinates":[[[-0.06132,51.347566],[-0.061242,51.347545],[-0.061285,51.347509],[-0.06132,51.347566]]]}},{"type":"Feature","properties":{"name":null,"kind":"water"},"geometry":{"type":"Polygon","coordinates":[[[-0.061606,51.346471],[-0.061753,51.346341],[-0.061893,51.346394],[-0.061606,51.346471]]]}},{"type":"Feature","properties":{"name":null,"kind":"water"},"geometry":{"type":"Polygon","coordinates":[[[-0.05517,51.357536],[-0.055087,51.35749],[-0.055155,51.357432],[-0.05517,51.357536]]]}},{"type":"Feature","properties":{"name":null,"kind":"water"},"geometry":{"type":"Polygon","coordinates":[[[-0.056199,51.355489],[-0.056139,51.355465],[-0.056213,51.355438],[-0.056199,51.355489]]]}},{"type":"Feature","properties":{"name":null,"kind":"water"},"geometry":{"type":"Polygon","coordinates":[[[-0.172506,51.602685],[-0.171825,51.602636],[-0.171865,51.602863],[-0.172506,51.602685]]]}},{"type":"Feature","properties":{"name":"Long Marsh Hollow","kind":"water"},"geometry":{"type":"Polygon","coordinates":[[[-0.168089,51.604293],[-0.168252,51.604127],[-0.167811,51.604249],[-0.168089,51.604293]]]}},{"type":"Feature","properties":{"name":"River Cray","kind":"water"},"geometry":{"type":"LineString","coordinates":[[0.151683,51.440962],[0.157293,51.444431],[0.157853,51.445393]]}},{"type":"Feature","properties":{"name":null,"kind":"water"},"geometry":{"type":"Polygon","coordinates":[[[-0.021516,51.531555],[-0.021521,51.531452],[-0.021742,51.531417],[-0.021516,51.531555]]]}},{"type":"Feature","properties":{"name":"Pyl Brook","kind":"water"},"geometry":{"type":"LineString","coordinates":[[-0.222482,51.382083],[-0.222779,51.382521]]}},{"type":"Feature","properties":{"name":"Pyl Brook","kind":"water"},"geometry":{"type":"LineString","coordinates":[[-0.217779,51.38015],[-0.218153,51.380206]]}},{"type":"Feature","properties":{"name":"Pyl Brook","kind":"water"},"geometry":{"type":"LineString","coordinates":[[-0.218153,51.380206],[-0.222482,51.382083]]}},{"type":"Feature","properties":{"name":"Historical Horse Ramp","kind":"water"},"geometry":{"type":"Polygon","coordinates":[[[-0.080657,51.537093],[-0.080528,51.537065],[-0.080524,51.537076],[-0.080657,51.537093]]]}},{"type":"Feature","properties":{"name":null,"kind":"water"},"geometry":{"type":"Polygon","coordinates":[[[0.181261,51.547338],[0.181996,51.547262],[0.181802,51.547002],[0.181261,51.547338]]]}},{"type":"Feature","properties":{"name":null,"kind":"water"},"geometry":{"type":"Polygon","coordinates":[[[-0.223071,51.357962],[-0.223225,51.357827],[-0.223047,51.357746],[-0.223071,51.357962]]]}},{"type":"Feature","properties":{"name":null,"kind":"water"},"geometry":{"type":"Polygon","coordinates":[[[-0.297389,51.431521],[-0.297126,51.43146],[-0.297279,51.431445],[-0.297389,51.431521]]]}},{"type":"Feature","properties":{"name":null,"kind":"water"},"geometry":{"type":"Polygon","coordinates":[[[-0.297513,51.431533],[-0.297583,51.431623],[-0.297483,51.431662],[-0.297513,51.431533]]]}},{"type":"Feature","properties":{"name":null,"kind":"water"},"geometry":{"type":"Polygon","coordinates":[[[-0.297406,51.431677],[-0.297474,51.431695],[-0.29741,51.431728],[-0.297406,51.431677]]]}},{"type":"Feature","properties":{"name":"Beverley Brook","kind":"water"},"geometry":{"type":"LineString","coordinates":[[-0.245378,51.406341],[-0.245499,51.406563]]}},{"type":"Feature","properties":{"name":"Beverley Brook","kind":"water"},"geometry":{"type":"LineString","coordinates":[[-0.245346,51.406256],[-0.245378,51.406341]]}},{"type":"Feature","properties":{"name":"Beverley Brook","kind":"water"},"geometry":{"type":"LineString","coordinates":[[-0.246719,51.400659],[-0.245294,51.401716],[-0.244711,51.403842]]}},{"type":"Feature","properties":{"name":null,"kind":"water"},"geometry":{"type":"Polygon","coordinates":[[[-0.069302,51.41764],[-0.069177,51.417609],[-0.069236,51.417519],[-0.069302,51.41764]]]}},{"type":"Feature","properties":{"name":null,"kind":"water"},"geometry":{"type":"Polygon","coordinates":[[[-0.069626,51.417733],[-0.069309,51.417649],[-0.06971,51.417611],[-0.069626,51.417733]]]}},{"type":"Feature","properties":{"name":"Carpenter's Road Lock","kind":"water"},"geometry":{"type":"Polygon","coordinates":[[[-0.01652,51.54171],[-0.016468,51.541966],[-0.016425,51.541702],[-0.01652,51.54171]]]}},{"type":"Feature","properties":{"name":null,"kind":"water"},"geometry":{"type":"Polygon","coordinates":[[[-0.409384,51.561825],[-0.409282,51.562217],[-0.409044,51.56212],[-0.409384,51.561825]]]}},{"type":"Feature","properties":{"name":null,"kind":"water"},"geometry":{"type":"Polygon","coordinates":[[[-0.256433,51.411269],[-0.25613,51.411301],[-0.256349,51.411122],[-0.256433,51.411269]]]}},{"type":"Feature","properties":{"name":"Paines Brook","kind":"water"},"geometry":{"type":"LineString","coordinates":[[0.229907,51.605165],[0.229931,51.605128]]}},{"type":"Feature","properties":{"name":"Paines Brook","kind":"water"},"geometry":{"type":"LineString","coordinates":[[0.230063,51.604922],[0.233208,51.603433],[0.236616,51.600026]]}},{"type":"Feature","properties":{"name":"Paines Brook","kind":"water"},"geometry":{"type":"LineString","coordinates":[[0.229931,51.605128],[0.230037,51.604962]]}},{"type":"Feature","properties":{"name":"Paines Brook","kind":"water"},"geometry":{"type":"LineString","coordinates":[[0.230037,51.604962],[0.230063,51.604922]]}},{"type":"Feature","properties":{"name":"Paines Brook","kind":"water"},"geometry":{"type":"LineString","coordinates":[[0.236616,51.600026],[0.236621,51.600021]]}},{"type":"Feature","properties":{"name":"Paines Brook","kind":"water"},"geometry":{"type":"LineString","coordinates":[[0.237049,51.599607],[0.240359,51.597855]]}},{"type":"Feature","properties":{"name":"Paines Brook","kind":"water"},"geometry":{"type":"LineString","coordinates":[[0.236635,51.600006],[0.237049,51.599607]]}},{"type":"Feature","properties":{"name":"Paines Brook","kind":"water"},"geometry":{"type":"LineString","coordinates":[[0.236621,51.600021],[0.236635,51.600006]]}},{"type":"Feature","properties":{"name":"Paines Brook","kind":"water"},"geometry":{"type":"LineString","coordinates":[[0.240359,51.597855],[0.240421,51.597821]]}},{"type":"Feature","properties":{"name":"Paines Brook","kind":"water"},"geometry":{"type":"LineString","coordinates":[[0.240572,51.597737],[0.242671,51.596994]]}},{"type":"Feature","properties":{"name":"Paines Brook","kind":"water"},"geometry":{"type":"LineString","coordinates":[[0.240553,51.597748],[0.240572,51.597737]]}},{"type":"Feature","properties":{"name":"Paines Brook","kind":"water"},"geometry":{"type":"LineString","coordinates":[[0.240421,51.597821],[0.240553,51.597748]]}},{"type":"Feature","properties":{"name":"River Wandle","kind":"water"},"geometry":{"type":"LineString","coordinates":[[-0.172646,51.395204],[-0.173262,51.395348]]}},{"type":"Feature","properties":{"name":null,"kind":"water"},"geometry":{"type":"Polygon","coordinates":[[[-0.169522,51.392682],[-0.170253,51.393421],[-0.17056,51.393343],[-0.169522,51.392682]]]}},{"type":"Feature","properties":{"name":"Pymmes Brook","kind":"water"},"geometry":{"type":"LineString","coordinates":[[-0.120336,51.614518],[-0.116976,51.613733],[-0.114611,51.61424]]}},{"type":"Feature","properties":{"name":"Pymmes Brook","kind":"water"},"geometry":{"type":"LineString","coordinates":[[-0.120608,51.614571],[-0.120336,51.614518]]}},{"type":"Feature","properties":{"name":null,"kind":"water"},"geometry":{"type":"Polygon","coordinates":[[[0.193266,51.511591],[0.193984,51.512138],[0.193765,51.511222],[0.193266,51.511591]]]}},{"type":"Feature","properties":{"name":null,"kind":"water"},"geometry":{"type":"Polygon","coordinates":[[[0.192288,51.511371],[0.192719,51.511614],[0.192855,51.511497],[0.192288,51.511371]]]}},{"type":"Feature","properties":{"name":null,"kind":"water"},"geometry":{"type":"Polygon","coordinates":[[[0.19924,51.599508],[0.199018,51.599341],[0.199292,51.599401],[0.19924,51.599508]]]}},{"type":"Feature","properties":{"name":null,"kind":"water"},"geometry":{"type":"Polygon","coordinates":[[[-0.415246,51.491497],[-0.415353,51.491487],[-0.415325,51.491543],[-0.415246,51.491497]]]}},{"type":"Feature","properties":{"name":null,"kind":"water"},"geometry":{"type":"Polygon","coordinates":[[[0.194277,51.509698],[0.19466,51.510115],[0.195228,51.510055],[0.194277,51.509698]]]}},{"type":"Feature","properties":{"name":null,"kind":"water"},"geometry":{"type":"Polygon","coordinates":[[[0.189134,51.513293],[0.18955,51.513614],[0.189829,51.513679],[0.189134,51.513293]]]}},{"type":"Feature","properties":{"name":null,"kind":"water"},"geometry":{"type":"Polygon","coordinates":[[[-0.205995,51.408404],[-0.205907,51.408408],[-0.205918,51.408496],[-0.205995,51.408404]]]}},{"type":"Feature","properties":{"name":null,"kind":"water"},"geometry":{"type":"Polygon","coordinates":[[[-0.205804,51.40865],[-0.205747,51.408658],[-0.205741,51.408634],[-0.205804,51.40865]]]}},{"type":"Feature","properties":{"name":null,"kind":"water"},"geometry":{"type":"Polygon","coordinates":[[[0.168428,51.530424],[0.168689,51.530732],[0.168671,51.530371],[0.168428,51.530424]]]}},{"type":"Feature","properties":{"name":null,"kind":"water"},"geometry":{"type":"Polygon","coordinates":[[[-0.154795,51.5299],[-0.154934,51.529965],[-0.154553,51.530006],[-0.154795,51.5299]]]}},{"type":"Feature","properties":{"name":null,"kind":"water"},"geometry":{"type":"Polygon","coordinates":[[[-0.31574,51.394574],[-0.315272,51.394321],[-0.316613,51.393952],[-0.31574,51.394574]]]}},{"type":"Feature","properties":{"name":null,"kind":"water"},"geometry":{"type":"Polygon","coordinates":[[[-0.316189,51.39371],[-0.314856,51.394086],[-0.315239,51.394305],[-0.316189,51.39371]]]}},{"type":"Feature","properties":{"name":null,"kind":"water"},"geometry":{"type":"Polygon","coordinates":[[[-0.315438,51.394775],[-0.314157,51.395058],[-0.314666,51.395333],[-0.315438,51.394775]]]}},{"type":"Feature","properties":{"name":null,"kind":"water"},"geometry":{"type":"Polygon","coordinates":[[[-0.314139,51.395046],[-0.314918,51.394492],[-0.313652,51.394765],[-0.314139,51.395046]]]}},{"type":"Feature","properties":{"name":null,"kind":"water"},"geometry":{"type":"Polygon","coordinates":[[[-0.314585,51.395352],[-0.313002,51.395971],[-0.314107,51.395087],[-0.314585,51.395352]]]}},{"type":"Feature","properties":{"name":null,"kind":"water"},"geometry":{"type":"Polygon","coordinates":[[[-0.314066,51.395068],[-0.313259,51.39507],[-0.312963,51.395957],[-0.314066,51.395068]]]}},{"type":"Feature","properties":{"name":null,"kind":"water"},"geometry":{"type":"Polygon","coordinates":[[[-0.077682,51.519582],[-0.077794,51.51959],[-0.077761,51.519781],[-0.077649,51.519774],[-0.077682,51.519582]]]}},{"type":"Feature","properties":{"name":null,"kind":"water"},"geometry":{"type":"Polygon","coordinates":[[[-0.321008,51.46348],[-0.320935,51.463192],[-0.320829,51.463446],[-0.321008,51.46348]]]}},{"type":"Feature","properties":{"name":"New River","kind":"water"},"geometry":{"type":"LineString","coordinates":[[-0.088622,51.570842],[-0.089188,51.570433]]}},{"type":"Feature","properties":{"name":"New River","kind":"water"},"geometry":{"type":"LineString","coordinates":[[-0.086282,51.574221],[-0.084783,51.574426],[-0.084022,51.573737],[-0.088622,51.570842]]}},{"type":"Feature","properties":{"name":null,"kind":"water"},"geometry":{"type":"Polygon","coordinates":[[[-0.084814,51.573055],[-0.086974,51.572187],[-0.088584,51.570978],[-0.084814,51.573055]]]}},{"type":"Feature","properties":{"name":null,"kind":"water"},"geometry":{"type":"Polygon","coordinates":[[[-0.086249,51.574257],[-0.084236,51.574121],[-0.084785,51.573075],[-0.083953,51.573589],[-0.084481,51.574375],[-0.086249,51.574257]]]}},{"type":"Feature","properties":{"name":null,"kind":"water"},"geometry":{"type":"Polygon","coordinates":[[[-0.092834,51.567368],[-0.092127,51.566133],[-0.092878,51.568246],[-0.0908,51.57003],[-0.089212,51.57047],[-0.091606,51.56933],[-0.09283,51.568141],[-0.092834,51.567368]]]}},{"type":"Feature","properties":{"name":null,"kind":"water"},"geometry":{"type":"Polygon","coordinates":[[[-0.314668,51.468308],[-0.314896,51.467685],[-0.314461,51.467713],[-0.314668,51.468308]]]}},{"type":"Feature","properties":{"name":null,"kind":"water"},"geometry":{"type":"Polygon","coordinates":[[[-0.161329,51.529937],[-0.161231,51.529975],[-0.161217,51.529918],[-0.161329,51.529937]]]}},{"type":"Feature","properties":{"name":null,"kind":"water"},"geometry":{"type":"Polygon","coordinates":[[[0.147622,51.500583],[0.14808,51.500449],[0.147776,51.499847],[0.147622,51.500583]]]}},{"type":"Feature","properties":{"name":null,"kind":"water"},"geometry":{"type":"Polygon","coordinates":[[[0.14726,51.499615],[0.147171,51.499996],[0.147585,51.499874],[0.14726,51.499615]]]}},{"type":"Feature","properties":{"name":null,"kind":"water"},"geometry":{"type":"Polygon","coordinates":[[[0.148289,51.500023],[0.148607,51.500298],[0.148279,51.499438],[0.147403,51.499451],[0.148289,51.500023]]]}},{"type":"Feature","properties":{"name":null,"kind":"water"},"geometry":{"type":"Polygon","coordinates":[[[0.141526,51.500183],[0.142098,51.500138],[0.141989,51.499997],[0.141526,51.500183]]]}},{"type":"Feature","properties":{"name":"Crossway Canal","kind":"water"},"geometry":{"type":"LineString","coordinates":[[0.126643,51.502193],[0.125502,51.503182]]}},{"type":"Feature","properties":{"name":null,"kind":"water"},"geometry":{"type":"Polygon","coordinates":[[[-0.399789,51.547402],[-0.399432,51.547398],[-0.399389,51.547525],[-0.399789,51.547402]]]}},{"type":"Feature","properties":{"name":"River Colne","kind":"water"},"geometry":{"type":"LineString","coordinates":[[-0.488871,51.544227],[-0.489002,51.543288]]}},{"type":"Feature","properties":{"name":"River Colne","kind":"water"},"geometry":{"type":"LineString","coordinates":[[-0.489002,51.543288],[-0.489401,51.542098],[-0.490502,51.541343],[-0.493642,51.540951]]}},{"type":"Feature","properties":{"name":"Colne Brook","kind":"water"},"geometry":{"type":"LineString","coordinates":[[-0.500621,51.537574],[-0.501305,51.537123]]}},{"type":"Feature","properties":{"name":"Colne Brook","kind":"water"},"geometry":{"type":"LineString","coordinates":[[-0.501305,51.537123],[-0.50057,51.532625],[-0.499728,51.531696],[-0.500715,51.530228],[-0.500767,51.526228],[-0.500115,51.523932],[-0.500853,51.520835],[-0.499464,51.519031]]}},{"type":"Feature","properties":{"name":null,"kind":"water"},"geometry":{"type":"Polygon","coordinates":[[[-0.148485,51.481919],[-0.148515,51.481918],[-0.148534,51.482127],[-0.148504,51.482128],[-0.148485,51.481919]]]}},{"type":"Feature","properties":{"name":null,"kind":"water"},"geometry":{"type":"Polygon","coordinates":[[[-0.148506,51.482158],[-0.148536,51.482157],[-0.148555,51.482366],[-0.148525,51.482367],[-0.148506,51.482158]]]}},{"type":"Feature","properties":{"name":null,"kind":"water"},"geometry":{"type":"Polygon","coordinates":[[[-0.148534,51.482478],[-0.148564,51.482476],[-0.148583,51.482686],[-0.148534,51.482478]]]}},{"type":"Feature","properties":{"name":null,"kind":"water"},"geometry":{"type":"Polygon","coordinates":[[[-0.148557,51.482717],[-0.148587,51.482715],[-0.148606,51.482925],[-0.148557,51.482717]]]}},{"type":"Feature","properties":{"name":null,"kind":"water"},"geometry":{"type":"Polygon","coordinates":[[[-0.148559,51.482996],[-0.14864,51.482996],[-0.148613,51.482959],[-0.148559,51.482996]]]}},{"type":"Feature","properties":{"name":null,"kind":"water"},"geometry":{"type":"Polygon","coordinates":[[[-0.148506,51.48243],[-0.148579,51.482438],[-0.148573,51.482397],[-0.148506,51.48243]]]}},{"type":"Feature","properties":{"name":null,"kind":"water"},"geometry":{"type":"Polygon","coordinates":[[[0.102367,51.521119],[0.102788,51.521217],[0.102542,51.521056],[0.102367,51.521119]]]}},{"type":"Feature","properties":{"name":null,"kind":"water"},"geometry":{"type":"Polygon","coordinates":[[[0.10192,51.520735],[0.102219,51.520845],[0.101662,51.520548],[0.10192,51.520735]]]}},{"type":"Feature","properties":{"name":null,"kind":"water"},"geometry":{"type":"Polygon","coordinates":[[[0.101757,51.521564],[0.101804,51.521666],[0.101869,51.521555],[0.101757,51.521564]]]}},{"type":"Feature","properties":{"name":null,"kind":"water"},"geometry":{"type":"Polygon","coordinates":[[[0.10433,51.519087],[0.104572,51.519231],[0.104645,51.519183],[0.10433,51.519087]]]}},{"type":"Feature","properties":{"name":null,"kind":"water"},"geometry":{"type":"Polygon","coordinates":[[[-0.118659,51.441736],[-0.118737,51.441765],[-0.118798,51.441706],[-0.118659,51.441736]]]}},{"type":"Feature","properties":{"name":null,"kind":"water"},"geometry":{"type":"Polygon","coordinates":[[[-0.118849,51.441618],[-0.118761,51.441612],[-0.118911,51.441572],[-0.118849,51.441618]]]}},{"type":"Feature","properties":{"name":"Pynesfield Lake","kind":"water"},"geometry":{"type":"Polygon","coordinates":[[[-0.50638,51.609382],[-0.507387,51.609466],[-0.507241,51.610921],[-0.504949,51.61196],[-0.504039,51.611896],[-0.503954,51.611257],[-0.505842,51.610532],[-0.504966,51.610265],[-0.50222,51.611587],[-0.501748,51.611241],[-0.502117,51.609642],[-0.50638,51.609382]]]}},{"type":"Feature","properties":{"name":null,"kind":"water"},"geometry":{"type":"Polygon","coordinates":[[[-0.020252,51.669658],[-0.020337,51.669349],[-0.020481,51.669486],[-0.020252,51.669658]]]}},{"type":"Feature","properties":{"name":null,"kind":"water"},"geometry":{"type":"Polygon","coordinates":[[[-0.321887,51.464364],[-0.321822,51.464286],[-0.322269,51.46415],[-0.321887,51.464364]]]}},{"type":"Feature","properties":{"name":null,"kind":"water"},"geometry":{"type":"Polygon","coordinates":[[[-0.322719,51.464076],[-0.322692,51.464041],[-0.322976,51.463994],[-0.322719,51.464076]]]}},{"type":"Feature","properties":{"name":null,"kind":"water"},"geometry":{"type":"Polygon","coordinates":[[[0.199119,51.525593],[0.199285,51.52547],[0.194319,51.523876],[0.199119,51.525593]]]}},{"type":"Feature","properties":{"name":null,"kind":"water"},"geometry":{"type":"LineString","coordinates":[[-0.119084,51.59494],[-0.119023,51.594854]]}},{"type":"Feature","properties":{"name":"Eastern Balancing Reservoir","kind":"water"},"geometry":{"type":"Polygon","coordinates":[[[-0.413988,51.467094],[-0.411595,51.465698],[-0.409973,51.46692],[-0.412697,51.468072],[-0.413612,51.467476],[-0.414298,51.468478],[-0.415278,51.468286],[-0.413988,51.467094]]]}},{"type":"Feature","properties":{"name":"Eastern Balancing Reservoir","kind":"water"},"geometry":{"type":"Polygon","coordinates":[[[-0.4105,51.46531],[-0.408984,51.466808],[-0.405651,51.465129],[-0.405903,51.464592],[-0.40829,51.464194],[-0.4105,51.46531]]]}},{"type":"Feature","properties":{"name":null,"kind":"water"},"geometry":{"type":"LineString","coordinates":[[-0.408984,51.466808],[-0.408901,51.466868]]}},{"type":"Feature","properties":{"name":null,"kind":"water"},"geometry":{"type":"LineString","coordinates":[[-0.40828,51.467699],[-0.408229,51.467702]]}},{"type":"Feature","properties":{"name":null,"kind":"water"},"geometry":{"type":"LineString","coordinates":[[-0.408372,51.467665],[-0.40828,51.467699]]}},{"type":"Feature","properties":{"name":null,"kind":"water"},"geometry":{"type":"LineString","coordinates":[[-0.408901,51.466868],[-0.408372,51.467665]]}},{"type":"Feature","properties":{"name":null,"kind":"water"},"geometry":{"type":"Polygon","coordinates":[[[-0.323076,51.466576],[-0.322256,51.466404],[-0.322196,51.466851],[-0.322536,51.466207],[-0.323076,51.466576]]]}},{"type":"Feature","properties":{"name":null,"kind":"water"},"geometry":{"type":"Polygon","coordinates":[[[-0.132429,51.652067],[-0.132496,51.651838],[-0.132134,51.652158],[-0.132429,51.652067]]]}},{"type":"Feature","properties":{"name":null,"kind":"water"},"geometry":{"type":"Polygon","coordinates":[[[-0.13191,51.652524],[-0.131793,51.652791],[-0.132183,51.652397],[-0.13191,51.652524]]]}},{"type":"Feature","properties":{"name":null,"kind":"water"},"geometry":{"type":"Polygon","coordinates":[[[-0.131401,51.653186],[-0.131618,51.653065],[-0.131172,51.653162],[-0.131401,51.653186]]]}},{"type":"Feature","properties":{"name":"Beverley Brook","kind":"water"},"geometry":{"type":"LineString","coordinates":[[-0.237952,51.38615],[-0.238099,51.38646]]}},{"type":"Feature","properties":{"name":"Fisher's Pond","kind":"water"},"geometry":{"type":"Polygon","coordinates":[[[-0.34856,51.412474],[-0.348183,51.412495],[-0.348249,51.412281],[-0.34856,51.412474]]]}},{"type":"Feature","properties":{"name":null,"kind":"water"},"geometry":{"type":"LineString","coordinates":[[-0.348318,51.412773],[-0.348177,51.412652]]}},{"type":"Feature","properties":{"name":null,"kind":"water"},"geometry":{"type":"LineString","coordinates":[[-0.348469,51.412889],[-0.348318,51.412773]]}},{"type":"Feature","properties":{"name":null,"kind":"water"},"geometry":{"type":"LineString","coordinates":[[-0.348142,51.412611],[-0.338523,51.410894]]}},{"type":"Feature","properties":{"name":null,"kind":"water"},"geometry":{"type":"LineString","coordinates":[[-0.348177,51.412652],[-0.348142,51.412611]]}},{"type":"Feature","properties":{"name":null,"kind":"water"},"geometry":{"type":"Polygon","coordinates":[[[-0.352683,51.41485],[-0.352822,51.414751],[-0.35273,51.414659],[-0.352683,51.41485]]]}},{"type":"Feature","properties":{"name":null,"kind":"water"},"geometry":{"type":"Polygon","coordinates":[[[-0.352459,51.415284],[-0.352788,51.415097],[-0.35257,51.415019],[-0.352459,51.415284]]]}},{"type":"Feature","properties":{"name":null,"kind":"water"},"geometry":{"type":"Polygon","coordinates":[[[0.062307,51.413859],[0.062484,51.413926],[0.062385,51.413999],[0.062307,51.413859]]]}},{"type":"Feature","properties":{"name":null,"kind":"water"},"geometry":{"type":"Polygon","coordinates":[[[0.064623,51.416907],[0.06471,51.41685],[0.064506,51.416832],[0.064623,51.416907]]]}},{"type":"Feature","properties":{"name":null,"kind":"water"},"geometry":{"type":"Polygon","coordinates":[[[0.063847,51.411957],[0.064103,51.411878],[0.063615,51.412106],[0.063847,51.411957]]]}},{"type":"Feature","properties":{"name":null,"kind":"water"},"geometry":{"type":"Polygon","coordinates":[[[-0.364873,51.519793],[-0.364759,51.519758],[-0.364825,51.519672],[-0.364873,51.519793]]]}},{"type":"Feature","properties":{"name":null,"kind":"water"},"geometry":{"type":"Polygon","coordinates":[[[0.211104,51.510825],[0.214308,51.512186],[0.214675,51.51296],[0.214797,51.512501],[0.215759,51.512723],[0.211104,51.510825]]]}},{"type":"Feature","properties":{"name":null,"kind":"water"},"geometry":{"type":"Polygon","coordinates":[[[0.204291,51.505573],[0.205787,51.505267],[0.20547,51.50472],[0.205645,51.505173],[0.204291,51.505573]]]}},{"type":"Feature","properties":{"name":null,"kind":"water"},"geometry":{"type":"Polygon","coordinates":[[[0.206018,51.505083],[0.207809,51.504246],[0.20754,51.504169],[0.206018,51.505083]]]}},{"type":"Feature","properties":{"name":null,"kind":"water"},"geometry":{"type":"Polygon","coordinates":[[[0.209009,51.504912],[0.209216,51.504601],[0.209181,51.504979],[0.209009,51.504912]]]}},{"type":"Feature","properties":{"name":null,"kind":"water"},"geometry":{"type":"Polygon","coordinates":[[[0.219901,51.489392],[0.219656,51.489298],[0.220102,51.488827],[0.219901,51.489392]]]}},{"type":"Feature","properties":{"name":null,"kind":"water"},"geometry":{"type":"Polygon","coordinates":[[[0.214691,51.534261],[0.215232,51.534125],[0.214725,51.5331],[0.214259,51.533236],[0.214691,51.534261]]]}},{"type":"Feature","properties":{"name":null,"kind":"water"},"geometry":{"type":"Polygon","coordinates":[[[0.232723,51.53948],[0.232094,51.53968],[0.232498,51.539381],[0.232723,51.53948]]]}},{"type":"Feature","properties":{"name":null,"kind":"water"},"geometry":{"type":"Polygon","coordinates":[[[0.20823,51.530233],[0.207949,51.530217],[0.208074,51.529934],[0.20823,51.530233]]]}},{"type":"Feature","properties":{"name":null,"kind":"water"},"geometry":{"type":"Polygon","coordinates":[[[0.210751,51.531625],[0.210477,51.531279],[0.210435,51.531563],[0.210751,51.531625]]]}},{"type":"Feature","properties":{"name":null,"kind":"water"},"geometry":{"type":"Polygon","coordinates":[[[0.211133,51.531993],[0.211392,51.53191],[0.211082,51.531778],[0.211133,51.531993]]]}},{"type":"Feature","properties":{"name":null,"kind":"water"},"geometry":{"type":"Polygon","coordinates":[[[0.195067,51.522846],[0.193947,51.522041],[0.195393,51.522756],[0.195067,51.522846]]]}},{"type":"Feature","properties":{"name":null,"kind":"water"},"geometry":{"type":"Polygon","coordinates":[[[0.231784,51.518741],[0.228783,51.51749],[0.225753,51.518085],[0.224719,51.517303],[0.228584,51.517142],[0.231784,51.518741]]]}},{"type":"Feature","properties":{"name":"Common Watercourse","kind":"water"},"geometry":{"type":"LineString","coordinates":[[0.241604,51.52105],[0.239624,51.52147]]}},{"type":"Feature","properties":{"name":"Common Watercourse","kind":"water"},"geometry":{"type":"LineString","coordinates":[[0.249244,51.517897],[0.246211,51.518803],[0.243846,51.520648],[0.241713,51.521024]]}},{"type":"Feature","properties":{"name":"Common Watercourse","kind":"water"},"geometry":{"type":"LineString","coordinates":[[0.253635,51.517886],[0.251933,51.517325],[0.249371,51.517863]]}},{"type":"Feature","properties":{"name":null,"kind":"water"},"geometry":{"type":"Polygon","coordinates":[[[0.305283,51.541711],[0.304983,51.541658],[0.305122,51.541533],[0.305283,51.541711]]]}},{"type":"Feature","properties":{"name":null,"kind":"water"},"geometry":{"type":"Polygon","coordinates":[[[-0.350924,51.455544],[-0.350895,51.455526],[-0.350943,51.455511],[-0.350924,51.455544]]]}},{"type":"Feature","properties":{"name":null,"kind":"water"},"geometry":{"type":"Polygon","coordinates":[[[-0.493071,51.458104],[-0.490449,51.457368],[-0.492406,51.457565],[-0.493071,51.458104]]]}},{"type":"Feature","properties":{"name":null,"kind":"water"},"geometry":{"type":"Polygon","coordinates":[[[-0.454542,51.450933],[-0.457288,51.450631],[-0.45727,51.450972],[-0.454542,51.450933]]]}},{"type":"Feature","properties":{"name":null,"kind":"water"},"geometry":{"type":"Polygon","coordinates":[[[-0.457319,51.451947],[-0.455311,51.451909],[-0.454463,51.451083],[-0.457344,51.451124],[-0.457319,51.451947]]]}},{"type":"Feature","properties":{"name":null,"kind":"water"},"geometry":{"type":"Polygon","coordinates":[[[-0.455334,51.452308],[-0.455343,51.451957],[-0.457298,51.451988],[-0.455334,51.452308]]]}},{"type":"Feature","properties":{"name":null,"kind":"water"},"geometry":{"type":"Polygon","coordinates":[[[-0.455141,51.449914],[-0.455187,51.448884],[-0.456698,51.448889],[-0.455381,51.449046],[-0.455141,51.449914]]]}},{"type":"Feature","properties":{"name":null,"kind":"water"},"geometry":{"type":"Polygon","coordinates":[[[-0.456688,51.449061],[-0.45711,51.450339],[-0.454852,51.449991],[-0.454829,51.450485],[-0.457392,51.450517],[-0.457424,51.449154],[-0.456688,51.449061]]]}},{"type":"Feature","properties":{"name":null,"kind":"water"},"geometry":{"type":"Polygon","coordinates":[[[-0.267102,51.450297],[-0.267577,51.450141],[-0.267576,51.450299],[-0.267102,51.450297]]]}},{"type":"Feature","properties":{"name":null,"kind":"water"},"geometry":{"type":"Polygon","coordinates":[[[0.268616,51.539243],[0.269133,51.539273],[0.26916,51.538485],[0.268616,51.539243]]]}},{"type":"Feature","properties":{"name":null,"kind":"water"},"geometry":{"type":"Polygon","coordinates":[[[-0.324076,51.446813],[-0.324092,51.4467],[-0.324259,51.446796],[-0.324076,51.446813]]]}},{"type":"Feature","properties":{"name":"Longford River","kind":"water"},"geometry":{"type":"LineString","coordinates":[[-0.355197,51.422305],[-0.354666,51.421378],[-0.352802,51.421501],[-0.352139,51.418408]]}},{"type":"Feature","properties":{"name":null,"kind":"water"},"geometry":{"type":"Polygon","coordinates":[[[-0.353509,51.419663],[-0.353802,51.419429],[-0.353061,51.41968],[-0.353509,51.419663]]]}},{"type":"Feature","properties":{"name":null,"kind":"water"},"geometry":{"type":"Polygon","coordinates":[[[-0.353277,51.419315],[-0.352722,51.419272],[-0.35311,51.419079],[-0.353277,51.419315]]]}},{"type":"Feature","properties":{"name":null,"kind":"water"},"geometry":{"type":"Polygon","coordinates":[[[-0.352576,51.418722],[-0.352446,51.418617],[-0.352654,51.418603],[-0.352576,51.418722]]]}},{"type":"Feature","properties":{"name":null,"kind":"water"},"geometry":{"type":"Polygon","coordinates":[[[-0.352753,51.418266],[-0.352519,51.418275],[-0.352608,51.418147],[-0.352753,51.418266]]]}},{"type":"Feature","properties":{"name":null,"kind":"water"},"geometry":{"type":"Polygon","coordinates":[[[-0.352728,51.417958],[-0.352496,51.41798],[-0.352473,51.417654],[-0.352728,51.417958]]]}},{"type":"Feature","properties":{"name":null,"kind":"water"},"geometry":{"type":"Polygon","coordinates":[[[-0.343852,51.408539],[-0.3435,51.408493],[-0.343939,51.408278],[-0.343852,51.408539]]]}},{"type":"Feature","properties":{"name":null,"kind":"water"},"geometry":{"type":"Polygon","coordinates":[[[0.171352,51.517952],[0.171566,51.518097],[0.170348,51.518459],[0.171352,51.517952]]]}},{"type":"Feature","properties":{"name":null,"kind":"water"},"geometry":{"type":"Polygon","coordinates":[[[-0.322797,51.470516],[-0.322863,51.470599],[-0.324426,51.470816],[-0.322797,51.470516]]]}},{"type":"Feature","properties":{"name":"River Thames","kind":"water"},"geometry":{"type":"LineString","coordinates":[[-0.164055,51.482675],[-0.149831,51.484545]]}},{"type":"Feature","properties":{"name":null,"kind":"water"},"geometry":{"type":"Polygon","coordinates":[[[0.260662,51.58695],[0.261075,51.586974],[0.260535,51.586472],[0.260662,51.58695]]]}},{"type":"Feature","properties":{"name":"River Roding","kind":"water"},"geometry":{"type":"LineString","coordinates":[[0.045384,51.599918],[0.041009,51.599133],[0.037551,51.593093],[0.041345,51.590533],[0.040847,51.58327],[0.043208,51.578369]]}},{"type":"Feature","properties":{"name":"River Thames","kind":"water"},"geometry":{"type":"LineString","coordinates":[[-0.149831,51.484545],[-0.137561,51.48386],[-0.129491,51.485893]]}},{"type":"Feature","properties":{"name":"River Thames","kind":"water"},"geometry":{"type":"LineString","coordinates":[[-0.129491,51.485893],[-0.126812,51.487957],[-0.123948,51.491449],[-0.122965,51.493889],[-0.120566,51.50601],[-0.117805,51.508399],[-0.11147,51.509773]]}},{"type":"Feature","properties":{"name":null,"kind":"water"},"geometry":{"type":"LineString","coordinates":[[-0.185563,51.476047],[-0.184512,51.477134]]}},{"type":"Feature","properties":{"name":"Chelsea Creek","kind":"water"},"geometry":{"type":"LineString","coordinates":[[-0.184216,51.477191],[-0.177767,51.477575]]}},{"type":"Feature","properties":{"name":null,"kind":"water"},"geometry":{"type":"LineString","coordinates":[[-0.184512,51.477134],[-0.184216,51.477191]]}},{"type":"Feature","properties":{"name":"River Ingrebourne","kind":"water"},"geometry":{"type":"LineString","coordinates":[[0.177164,51.507654],[0.175566,51.508754]]}},{"type":"Feature","properties":{"name":"River Ingrebourne","kind":"water"},"geometry":{"type":"LineString","coordinates":[[0.175566,51.508754],[0.175441,51.508617]]}},{"type":"Feature","properties":{"name":"Fulwell Tunnel Lagoon","kind":"water"},"geometry":{"type":"Polygon","coordinates":[[[-0.342389,51.435032],[-0.341221,51.434649],[-0.341327,51.43456],[-0.342389,51.435032]]]}},{"type":"Feature","properties":{"name":null,"kind":"water"},"geometry":{"type":"Polygon","coordinates":[[[-0.342714,51.435022],[-0.342753,51.434924],[-0.342486,51.434906],[-0.342714,51.435022]]]}},{"type":"Feature","properties":{"name":null,"kind":"water"},"geometry":{"type":"Polygon","coordinates":[[[-0.40017,51.424761],[-0.40016,51.424407],[-0.400373,51.424422],[-0.40017,51.424761]]]}},{"type":"Feature","properties":{"name":null,"kind":"water"},"geometry":{"type":"Polygon","coordinates":[[[-0.399877,51.424673],[-0.399859,51.424411],[-0.400054,51.424402],[-0.399877,51.424673]]]}},{"type":"Feature","properties":{"name":null,"kind":"water"},"geometry":{"type":"Polygon","coordinates":[[[-0.399597,51.424619],[-0.399459,51.424406],[-0.399743,51.424405],[-0.399597,51.424619]]]}},{"type":"Feature","properties":{"name":null,"kind":"water"},"geometry":{"type":"Polygon","coordinates":[[[-0.404835,51.425128],[-0.404752,51.425103],[-0.404851,51.424971],[-0.404835,51.425128]]]}},{"type":"Feature","properties":{"name":null,"kind":"water"},"geometry":{"type":"Polygon","coordinates":[[[-0.404752,51.425103],[-0.404767,51.424946],[-0.404851,51.424971],[-0.404752,51.425103]]]}},{"type":"Feature","properties":{"name":null,"kind":"water"},"geometry":{"type":"Polygon","coordinates":[[[-0.404674,51.42508],[-0.404586,51.425056],[-0.404684,51.424922],[-0.404674,51.42508]]]}},{"type":"Feature","properties":{"name":null,"kind":"water"},"geometry":{"type":"Polygon","coordinates":[[[-0.404586,51.425056],[-0.404503,51.425033],[-0.404684,51.424922],[-0.404586,51.425056]]]}},{"type":"Feature","properties":{"name":null,"kind":"water"},"geometry":{"type":"Polygon","coordinates":[[[-0.404503,51.425033],[-0.404426,51.425012],[-0.404599,51.424899],[-0.404503,51.425033]]]}},{"type":"Feature","properties":{"name":null,"kind":"water"},"geometry":{"type":"Polygon","coordinates":[[[-0.404426,51.425012],[-0.404344,51.424988],[-0.404438,51.424855],[-0.404426,51.425012]]]}},{"type":"Feature","properties":{"name":"River Thames","kind":"water"},"geometry":{"type":"LineString","coordinates":[[-0.288161,51.487008],[-0.283844,51.486235],[-0.278032,51.482988],[-0.27645,51.481429],[-0.273817,51.476632],[-0.270104,51.473218],[-0.265993,51.471416],[-0.261309,51.470809],[-0.257291,51.471262],[-0.25343,51.473066],[-0.250695,51.477343],[-0.250411,51.48171],[-0.249543,51.483854],[-0.247907,51.485413],[-0.24339,51.487891]]}},{"type":"Feature","properties":{"name":"River Thames","kind":"water"},"geometry":{"type":"LineString","coordinates":[[-0.315325,51.472156],[-0.3071,51.475477],[-0.299119,51.482882]]}},{"type":"Feature","properties":{"name":"River Thames","kind":"water"},"geometry":{"type":"LineString","coordinates":[[-0.28865,51.487098],[-0.288161,51.487008]]}},{"type":"Feature","properties":{"name":"River Thames","kind":"water"},"geometry":{"type":"LineString","coordinates":[[-0.24339,51.487891],[-0.240085,51.48934],[-0.235236,51.489665],[-0.23198,51.488983],[-0.229625,51.48764],[-0.227294,51.485646],[-0.226499,51.484076],[-0.225638,51.481766],[-0.225215,51.47608],[-0.221761,51.472332]]}},{"type":"Feature","properties":{"name":"River Thames","kind":"water"},"geometry":{"type":"LineString","coordinates":[[-0.31772,51.393668],[-0.312952,51.39706],[-0.30914,51.400869],[-0.3084,51.414813],[-0.305976,51.421167],[-0.308314,51.424946],[-0.314452,51.428249]]}},{"type":"Feature","properties":{"name":"River Thames","kind":"water"},"geometry":{"type":"LineString","coordinates":[[-0.3208,51.465388],[-0.319929,51.467236]]}},{"type":"Feature","properties":{"name":"River Thames","kind":"water"},"geometry":{"type":"LineString","coordinates":[[-0.319929,51.467236],[-0.318736,51.470874],[-0.315325,51.472156]]}},{"type":"Feature","properties":{"name":null,"kind":"water"},"geometry":{"type":"Polygon","coordinates":[[[0.227152,51.494182],[0.225451,51.492345],[0.223969,51.493117],[0.223954,51.493586],[0.224949,51.493311],[0.224031,51.493775],[0.225047,51.494753],[0.227152,51.494182]]]}},{"type":"Feature","properties":{"name":null,"kind":"water"},"geometry":{"type":"Polygon","coordinates":[[[0.22692,51.493783],[0.227338,51.493851],[0.227086,51.493024],[0.226276,51.492936],[0.22692,51.493783]]]}},{"type":"Feature","properties":{"name":null,"kind":"water"},"geometry":{"type":"Polygon","coordinates":[[[-0.468373,51.543236],[-0.468126,51.543153],[-0.46825,51.542722],[-0.468373,51.543236]]]}},{"type":"Feature","properties":{"name":null,"kind":"water"},"geometry":{"type":"Polygon","coordinates":[[[-0.468308,51.542383],[-0.467954,51.542046],[-0.468132,51.541899],[-0.468308,51.542383]]]}},{"type":"Feature","properties":{"name":null,"kind":"water"},"geometry":{"type":"Polygon","coordinates":[[[-0.154081,51.638347],[-0.153989,51.638142],[-0.153792,51.63814],[-0.154081,51.638347]]]}},{"type":"Feature","properties":{"name":null,"kind":"water"},"geometry":{"type":"Polygon","coordinates":[[[-0.315763,51.398748],[-0.315633,51.398674],[-0.315765,51.398598],[-0.315763,51.398748]]]}},{"type":"Feature","properties":{"name":null,"kind":"water"},"geometry":{"type":"Polygon","coordinates":[[[-0.13116,51.482205],[-0.131065,51.482087],[-0.130952,51.48219],[-0.13116,51.482205]]]}},{"type":"Feature","properties":{"name":null,"kind":"water"},"geometry":{"type":"Polygon","coordinates":[[[-0.130944,51.482335],[-0.130605,51.482351],[-0.130702,51.482525],[-0.130944,51.482335]]]}},{"type":"Feature","properties":{"name":"Longford River","kind":"water"},"geometry":{"type":"LineString","coordinates":[[-0.361394,51.423383],[-0.36117,51.423149]]}},{"type":"Feature","properties":{"name":null,"kind":"water"},"geometry":{"type":"Polygon","coordinates":[[[0.164045,51.530913],[0.164285,51.531038],[0.164497,51.530556],[0.164045,51.530913]]]}},{"type":"Feature","properties":{"name":null,"kind":"water"},"geometry":{"type":"Polygon","coordinates":[[[0.16385,51.532945],[0.163907,51.532674],[0.163631,51.532714],[0.16385,51.532945]]]}},{"type":"Feature","properties":{"name":null,"kind":"water"},"geometry":{"type":"Polygon","coordinates":[[[0.16453,51.53783],[0.164822,51.537414],[0.164776,51.537834],[0.16453,51.53783]]]}},{"type":"Feature","properties":{"name":null,"kind":"water"},"geometry":{"type":"LineString","coordinates":[[0.1716,51.535413],[0.169935,51.532669]]}},{"type":"Feature","properties":{"name":null,"kind":"water"},"geometry":{"type":"LineString","coordinates":[[0.169935,51.532669],[0.169883,51.532613]]}},{"type":"Feature","properties":{"name":null,"kind":"water"},"geometry":{"type":"Polygon","coordinates":[[[0.155521,51.410503],[0.155874,51.411027],[0.156538,51.410992],[0.155521,51.410503]]]}},{"type":"Feature","properties":{"name":null,"kind":"water"},"geometry":{"type":"Polygon","coordinates":[[[0.156574,51.411237],[0.15651,51.411593],[0.157124,51.411499],[0.156574,51.411237]]]}},{"type":"Feature","properties":{"name":null,"kind":"water"},"geometry":{"type":"Polygon","coordinates":[[[0.15887,51.412542],[0.159353,51.413168],[0.159575,51.412951],[0.15887,51.412542]]]}},{"type":"Feature","properties":{"name":null,"kind":"water"},"geometry":{"type":"Polygon","coordinates":[[[0.159081,51.411181],[0.15975,51.410526],[0.158918,51.410602],[0.159081,51.411181]]]}},{"type":"Feature","properties":{"name":null,"kind":"water"},"geometry":{"type":"Polygon","coordinates":[[[-0.018026,51.432018],[-0.017225,51.431253],[-0.017837,51.431695],[-0.018026,51.432018]]]}},{"type":"Feature","properties":{"name":null,"kind":"water"},"geometry":{"type":"Polygon","coordinates":[[[-0.017092,51.431072],[-0.016056,51.430664],[-0.014727,51.428987],[-0.017092,51.431072]]]}},{"type":"Feature","properties":{"name":null,"kind":"water"},"geometry":{"type":"Polygon","coordinates":[[[-0.018821,51.432808],[-0.018097,51.432255],[-0.018566,51.432355],[-0.018821,51.432808]]]}},{"type":"Feature","properties":{"name":"River Ravensbourne","kind":"water"},"geometry":{"type":"LineString","coordinates":[[-0.017081,51.431093],[-0.017242,51.431226]]}},{"type":"Feature","properties":{"name":"River Ravensbourne","kind":"water"},"geometry":{"type":"LineString","coordinates":[[-0.017242,51.431226],[-0.017994,51.432029]]}},{"type":"Feature","properties":{"name":"River Ravensbourne","kind":"water"},"geometry":{"type":"LineString","coordinates":[[-0.017994,51.432029],[-0.018032,51.432095]]}},{"type":"Feature","properties":{"name":"River Ravensbourne","kind":"water"},"geometry":{"type":"LineString","coordinates":[[-0.018032,51.432095],[-0.018783,51.432816]]}},{"type":"Feature","properties":{"name":"River Ravensbourne","kind":"water"},"geometry":{"type":"LineString","coordinates":[[-0.018783,51.432816],[-0.018811,51.43324]]}},{"type":"Feature","properties":{"name":"River Ravensbourne","kind":"water"},"geometry":{"type":"LineString","coordinates":[[-0.014762,51.428981],[-0.017081,51.431093]]}},{"type":"Feature","properties":{"name":null,"kind":"water"},"geometry":{"type":"LineString","coordinates":[[-0.149128,51.485873],[-0.149117,51.486139]]}},{"type":"Feature","properties":{"name":null,"kind":"water"},"geometry":{"type":"LineString","coordinates":[[-0.149108,51.485668],[-0.149128,51.485873]]}},{"type":"Feature","properties":{"name":null,"kind":"water"},"geometry":{"type":"Polygon","coordinates":[[[-0.185803,51.490298],[-0.18576,51.490314],[-0.185644,51.490194],[-0.185687,51.490178],[-0.185803,51.490298]]]}},{"type":"Feature","properties":{"name":null,"kind":"water"},"geometry":{"type":"Polygon","coordinates":[[[0.050994,51.612199],[0.050365,51.612007],[0.050783,51.612457],[0.050994,51.612199]]]}},{"type":"Feature","properties":{"name":null,"kind":"water"},"geometry":{"type":"Polygon","coordinates":[[[0.213714,51.491888],[0.214004,51.491937],[0.214414,51.491412],[0.213714,51.491888]]]}},{"type":"Feature","properties":{"name":null,"kind":"water"},"geometry":{"type":"Polygon","coordinates":[[[0.213558,51.492355],[0.213855,51.49254],[0.213898,51.492364],[0.213558,51.492355]]]}},{"type":"Feature","properties":{"name":null,"kind":"water"},"geometry":{"type":"Polygon","coordinates":[[[0.227425,51.493795],[0.22871,51.493292],[0.226951,51.492676],[0.228103,51.493299],[0.227268,51.493315],[0.227425,51.493795]]]}},{"type":"Feature","properties":{"name":null,"kind":"water"},"geometry":{"type":"Polygon","coordinates":[[[0.222312,51.495022],[0.22323,51.495283],[0.222898,51.494266],[0.221548,51.494189],[0.222312,51.495022]]]}},{"type":"Feature","properties":{"name":null,"kind":"water"},"geometry":{"type":"Polygon","coordinates":[[[0.221036,51.495136],[0.221662,51.494871],[0.220317,51.494557],[0.221036,51.495136]]]}},{"type":"Feature","properties":{"name":null,"kind":"water"},"geometry":{"type":"Polygon","coordinates":[[[-0.263893,51.473542],[-0.264846,51.473336],[-0.264215,51.472884],[-0.263893,51.473542]]]}},{"type":"Feature","properties":{"name":"Beverley Brook","kind":"water"},"geometry":{"type":"LineString","coordinates":[[-0.252141,51.46573],[-0.250329,51.467521]]}},{"type":"Feature","properties":{"name":"Beverley Brook","kind":"water"},"geometry":{"type":"LineString","coordinates":[[-0.250329,51.467521],[-0.249747,51.467757]]}},{"type":"Feature","properties":{"name":"Beverley Brook","kind":"water"},"geometry":{"type":"LineString","coordinates":[[-0.252227,51.465648],[-0.252141,51.46573]]}},{"type":"Feature","properties":{"name":"Beverley Brook","kind":"water"},"geometry":{"type":"LineString","coordinates":[[-0.252262,51.46562],[-0.252227,51.465648]]}},{"type":"Feature","properties":{"name":"Tower Dock","kind":"water"},"geometry":{"type":"Polygon","coordinates":[[[-0.079391,51.507801],[-0.079315,51.50791],[-0.079191,51.507883],[-0.079242,51.507784],[-0.079391,51.507801]]]}},{"type":"Feature","properties":{"name":"Queenhithe","kind":"water"},"geometry":{"type":"Polygon","coordinates":[[[-0.095739,51.510292],[-0.095181,51.51052],[-0.095258,51.510148],[-0.095739,51.510292]]]}},{"type":"Feature","properties":{"name":null,"kind":"water"},"geometry":{"type":"Polygon","coordinates":[[[-0.186782,51.48144],[-0.186559,51.481215],[-0.186339,51.481218],[-0.186782,51.48144]]]}},{"type":"Feature","properties":{"name":null,"kind":"water"},"geometry":{"type":"Polygon","coordinates":[[[-0.388617,51.612834],[-0.388466,51.612811],[-0.388489,51.61295],[-0.388617,51.612834]]]}},{"type":"Feature","properties":{"name":null,"kind":"water"},"geometry":{"type":"Polygon","coordinates":[[[0.016012,51.435963],[0.015919,51.435881],[0.015889,51.435929],[0.016012,51.435963]]]}},{"type":"Feature","properties":{"name":null,"kind":"water"},"geometry":{"type":"Polygon","coordinates":[[[-0.043326,51.330457],[-0.04317,51.330344],[-0.043472,51.330214],[-0.043326,51.330457]]]}},{"type":"Feature","properties":{"name":"Stumps Hill Pond","kind":"water"},"geometry":{"type":"Polygon","coordinates":[[[-0.020702,51.419055],[-0.020862,51.418894],[-0.02061,51.418795],[-0.020702,51.419055]]]}},{"type":"Feature","properties":{"name":null,"kind":"water"},"geometry":{"type":"Polygon","coordinates":[[[0.192626,51.5209],[0.192435,51.521098],[0.192384,51.520947],[0.192626,51.5209]]]}},{"type":"Feature","properties":{"name":"Downhills Park Wildlife Pond","kind":"water"},"geometry":{"type":"Polygon","coordinates":[[[-0.089136,51.590542],[-0.0892,51.590529],[-0.089125,51.590507],[-0.089136,51.590542]]]}},{"type":"Feature","properties":{"name":null,"kind":"water"},"geometry":{"type":"Polygon","coordinates":[[[-0.092679,51.515389],[-0.092904,51.515389],[-0.092716,51.515309],[-0.092679,51.515389]]]}},{"type":"Feature","properties":{"name":null,"kind":"water"},"geometry":{"type":"Polygon","coordinates":[[[-0.323449,51.446069],[-0.323609,51.44603],[-0.323416,51.445796],[-0.323449,51.446069]]]}},{"type":"Feature","properties":{"name":null,"kind":"water"},"geometry":{"type":"Polygon","coordinates":[[[-0.312047,51.472422],[-0.310975,51.472356],[-0.3111,51.472583],[-0.312047,51.472422]]]}},{"type":"Feature","properties":{"name":null,"kind":"water"},"geometry":{"type":"Polygon","coordinates":[[[-0.309706,51.472539],[-0.309908,51.472354],[-0.309067,51.472681],[-0.309706,51.472539]]]}},{"type":"Feature","properties":{"name":null,"kind":"water"},"geometry":{"type":"Polygon","coordinates":[[[-0.350537,51.414362],[-0.350458,51.414367],[-0.350453,51.414336],[-0.350537,51.414362]]]}},{"type":"Feature","properties":{"name":null,"kind":"water"},"geometry":{"type":"Polygon","coordinates":[[[-0.352823,51.41907],[-0.352595,51.41892],[-0.352828,51.418802],[-0.352823,51.41907]]]}},{"type":"Feature","properties":{"name":"River Wandle","kind":"water"},"geometry":{"type":"LineString","coordinates":[[-0.190011,51.441378],[-0.190026,51.442319]]}},{"type":"Feature","properties":{"name":"River Wandle","kind":"water"},"geometry":{"type":"LineString","coordinates":[[-0.190026,51.442376],[-0.190031,51.442468]]}},{"type":"Feature","properties":{"name":"River Wandle","kind":"water"},"geometry":{"type":"LineString","coordinates":[[-0.190026,51.442319],[-0.190026,51.442376]]}},{"type":"Feature","properties":{"name":"River Wandle","kind":"water"},"geometry":{"type":"LineString","coordinates":[[-0.19006,51.441472],[-0.190113,51.442287]]}},{"type":"Feature","properties":{"name":"River Wandle","kind":"water"},"geometry":{"type":"LineString","coordinates":[[-0.190114,51.442342],[-0.190116,51.442436]]}},{"type":"Feature","properties":{"name":"River Wandle","kind":"water"},"geometry":{"type":"LineString","coordinates":[[-0.190113,51.442287],[-0.190114,51.442342]]}},{"type":"Feature","properties":{"name":null,"kind":"water"},"geometry":{"type":"Polygon","coordinates":[[[0.258935,51.591483],[0.259184,51.591426],[0.259168,51.591277],[0.258935,51.591483]]]}},{"type":"Feature","properties":{"name":null,"kind":"water"},"geometry":{"type":"Polygon","coordinates":[[[0.261003,51.594167],[0.261135,51.594146],[0.261202,51.593824],[0.261003,51.594167]]]}},{"type":"Feature","properties":{"name":null,"kind":"water"},"geometry":{"type":"Polygon","coordinates":[[[-0.066143,51.507701],[-0.066141,51.507659],[-0.065869,51.507665],[-0.066143,51.507701]]]}},{"type":"Feature","properties":{"name":null,"kind":"water"},"geometry":{"type":"Polygon","coordinates":[[[-0.066197,51.507631],[-0.066197,51.507618],[-0.065867,51.507626],[-0.066197,51.507631]]]}},{"type":"Feature","properties":{"name":null,"kind":"water"},"geometry":{"type":"Polygon","coordinates":[[[-0.231071,51.573006],[-0.233247,51.57214],[-0.233244,51.572011],[-0.231071,51.573006]]]}},{"type":"Feature","properties":{"name":null,"kind":"water"},"geometry":{"type":"Polygon","coordinates":[[[0.261424,51.598558],[0.26157,51.598689],[0.262023,51.598422],[0.261424,51.598558]]]}},{"type":"Feature","properties":{"name":null,"kind":"water"},"geometry":{"type":"Polygon","coordinates":[[[0.10365,51.522885],[0.103943,51.523434],[0.103814,51.523449],[0.10365,51.522885]]]}},{"type":"Feature","properties":{"name":null,"kind":"water"},"geometry":{"type":"Polygon","coordinates":[[[0.103816,51.523457],[0.103886,51.523708],[0.104017,51.523693],[0.103816,51.523457]]]}},{"type":"Feature","properties":{"name":null,"kind":"water"},"geometry":{"type":"Polygon","coordinates":[[[-0.33255,51.412187],[-0.333947,51.412143],[-0.334555,51.410978],[-0.334282,51.412238],[-0.33255,51.412187]]]}},{"type":"Feature","properties":{"name":null,"kind":"water"},"geometry":{"type":"Polygon","coordinates":[[[-0.338489,51.410925],[-0.346105,51.41213],[-0.342301,51.411277],[-0.3401,51.411605],[-0.338489,51.410925]]]}},{"type":"Feature","properties":{"name":null,"kind":"water"},"geometry":{"type":"Polygon","coordinates":[[[-0.351199,51.412552],[-0.351141,51.412525],[-0.351558,51.411773],[-0.351199,51.412552]]]}},{"type":"Feature","properties":{"name":null,"kind":"water"},"geometry":{"type":"Polygon","coordinates":[[[-0.352164,51.418378],[-0.352073,51.417347],[-0.353232,51.417123],[-0.35359,51.416312],[-0.352218,51.41549],[-0.352849,51.413317],[-0.351501,51.412945],[-0.352907,51.413213],[-0.352311,51.415451],[-0.353681,51.415969],[-0.353496,51.416961],[-0.352261,51.417291],[-0.352164,51.418378]]]}},{"type":"Feature","properties":{"name":null,"kind":"water"},"geometry":{"type":"Polygon","coordinates":[[[-0.159004,51.485232],[-0.158769,51.485208],[-0.159191,51.485118],[-0.159004,51.485232]]]}},{"type":"Feature","properties":{"name":null,"kind":"water"},"geometry":{"type":"Polygon","coordinates":[[[-0.319637,51.548058],[-0.319502,51.547994],[-0.319578,51.547931],[-0.319637,51.548058]]]}},{"type":"Feature","properties":{"name":"Pool","kind":"water"},"geometry":{"type":"Polygon","coordinates":[[[-0.04463,51.335033],[-0.044531,51.335022],[-0.044606,51.33498],[-0.04463,51.335033]]]}},{"type":"Feature","properties":{"name":null,"kind":"water"},"geometry":{"type":"Polygon","coordinates":[[[0.224726,51.517195],[0.224447,51.516857],[0.224847,51.517149],[0.224726,51.517195]]]}},{"type":"Feature","properties":{"name":null,"kind":"water"},"geometry":{"type":"Polygon","coordinates":[[[0.222969,51.515158],[0.222548,51.515256],[0.222905,51.515628],[0.222969,51.515158]]]}},{"type":"Feature","properties":{"name":null,"kind":"water"},"geometry":{"type":"Polygon","coordinates":[[[0.231823,51.512375],[0.23362,51.512061],[0.232059,51.511266],[0.232462,51.512048],[0.231823,51.512375]]]}},{"type":"Feature","properties":{"name":null,"kind":"water"},"geometry":{"type":"Polygon","coordinates":[[[0.225073,51.508507],[0.224933,51.508421],[0.225335,51.508351],[0.225073,51.508507]]]}},{"type":"Feature","properties":{"name":null,"kind":"water"},"geometry":{"type":"Polygon","coordinates":[[[0.224777,51.508517],[0.224694,51.508361],[0.224563,51.508514],[0.224777,51.508517]]]}},{"type":"Feature","properties":{"name":null,"kind":"water"},"geometry":{"type":"Polygon","coordinates":[[[0.22931,51.50706],[0.23008,51.507173],[0.228951,51.507218],[0.22931,51.50706]]]}},{"type":"Feature","properties":{"name":null,"kind":"water"},"geometry":{"type":"Polygon","coordinates":[[[0.232053,51.509821],[0.232112,51.510208],[0.232007,51.510134],[0.232053,51.509821]]]}},{"type":"Feature","properties":{"name":null,"kind":"water"},"geometry":{"type":"Polygon","coordinates":[[[0.233057,51.508174],[0.232951,51.508692],[0.232796,51.508603],[0.233057,51.508174]]]}},{"type":"Feature","properties":{"name":null,"kind":"water"},"geometry":{"type":"Polygon","coordinates":[[[0.232057,51.509736],[0.232191,51.509301],[0.231967,51.509305],[0.232057,51.509736]]]}},{"type":"Feature","properties":{"name":null,"kind":"water"},"geometry":{"type":"Polygon","coordinates":[[[0.232344,51.509228],[0.232746,51.508999],[0.232651,51.508939],[0.232344,51.509228]]]}},{"type":"Feature","properties":{"name":null,"kind":"water"},"geometry":{"type":"Polygon","coordinates":[[[0.232066,51.510312],[0.232342,51.510545],[0.231728,51.510675],[0.232066,51.510312]]]}},{"type":"Feature","properties":{"name":"Starveall Dock","kind":"water"},"geometry":{"type":"Polygon","coordinates":[[[-0.446604,51.506344],[-0.448851,51.504566],[-0.450166,51.504429],[-0.446604,51.506344]]]}},{"type":"Feature","properties":{"name":null,"kind":"water"},"geometry":{"type":"Polygon","coordinates":[[[-0.44633,51.50622],[-0.446363,51.506092],[-0.446065,51.506165],[-0.44633,51.50622]]]}},{"type":"Feature","properties":{"name":null,"kind":"water"},"geometry":{"type":"Polygon","coordinates":[[[-0.482666,51.512403],[-0.482291,51.512527],[-0.482745,51.513026],[-0.482666,51.512403]]]}},{"type":"Feature","properties":{"name":null,"kind":"water"},"geometry":{"type":"Polygon","coordinates":[[[-0.444382,51.514206],[-0.444201,51.513717],[-0.443997,51.51429],[-0.444382,51.514206]]]}},{"type":"Feature","properties":{"name":null,"kind":"water"},"geometry":{"type":"Polygon","coordinates":[[[-0.459269,51.515203],[-0.45901,51.514717],[-0.458801,51.514768],[-0.459269,51.515203]]]}},{"type":"Feature","properties":{"name":null,"kind":"water"},"geometry":{"type":"Polygon","coordinates":[[[-0.45218,51.512347],[-0.453925,51.511828],[-0.452643,51.511795],[-0.45218,51.512347]]]}},{"type":"Feature","properties":{"name":"Beverley Brook","kind":"water"},"geometry":{"type":"LineString","coordinates":[[-0.238566,51.472533],[-0.237533,51.472619]]}},{"type":"Feature","properties":{"name":"Beverley Brook","kind":"water"},"geometry":{"type":"LineString","coordinates":[[-0.237533,51.472619],[-0.237307,51.472622]]}},{"type":"Feature","properties":{"name":"Beverley Brook","kind":"water"},"geometry":{"type":"LineString","coordinates":[[-0.238747,51.472519],[-0.238566,51.472533]]}},{"type":"Feature","properties":{"name":"Beverley Brook","kind":"water"},"geometry":{"type":"LineString","coordinates":[[-0.239961,51.472392],[-0.239788,51.472449]]}},{"type":"Feature","properties":{"name":"Beverley Brook","kind":"water"},"geometry":{"type":"LineString","coordinates":[[-0.240835,51.472339],[-0.239961,51.472392]]}},{"type":"Feature","properties":{"name":"Beverley Brook","kind":"water"},"geometry":{"type":"LineString","coordinates":[[-0.241005,51.472286],[-0.240835,51.472339]]}},{"type":"Feature","properties":{"name":"Beverley Brook","kind":"water"},"geometry":{"type":"LineString","coordinates":[[-0.241749,51.472095],[-0.241005,51.472286]]}},{"type":"Feature","properties":{"name":"Beverley Brook","kind":"water"},"geometry":{"type":"LineString","coordinates":[[-0.241926,51.471973],[-0.241749,51.472095]]}},{"type":"Feature","properties":{"name":"Beverley Brook","kind":"water"},"geometry":{"type":"LineString","coordinates":[[-0.245624,51.470977],[-0.241926,51.471973]]}},{"type":"Feature","properties":{"name":"Beverley Brook","kind":"water"},"geometry":{"type":"LineString","coordinates":[[-0.245731,51.470891],[-0.245624,51.470977]]}},{"type":"Feature","properties":{"name":"Grand Union Canal","kind":"water"},"geometry":{"type":"LineString","coordinates":[[-0.323627,51.491699],[-0.321694,51.490723],[-0.321452,51.489131]]}},{"type":"Feature","properties":{"name":"Grand Union Canal","kind":"water"},"geometry":{"type":"LineString","coordinates":[[-0.303466,51.482437],[-0.299119,51.482882]]}},{"type":"Feature","properties":{"name":"Grand Union Canal","kind":"water"},"geometry":{"type":"LineString","coordinates":[[-0.321461,51.488188],[-0.320356,51.487158],[-0.315296,51.486631],[-0.313586,51.485331]]}},{"type":"Feature","properties":{"name":"River Brent","kind":"water"},"geometry":{"type":"LineString","coordinates":[[-0.304925,51.482557],[-0.303974,51.48303],[-0.303466,51.482437]]}},{"type":"Feature","properties":{"name":"Grand Union Canal","kind":"water"},"geometry":{"type":"LineString","coordinates":[[-0.331176,51.495435],[-0.329777,51.49248],[-0.326155,51.491705]]}},{"type":"Feature","properties":{"name":"Grand Union Canal","kind":"water"},"geometry":{"type":"LineString","coordinates":[[-0.343974,51.503459],[-0.339733,51.502428],[-0.337675,51.500004],[-0.337888,51.498229],[-0.333532,51.497524]]}},{"type":"Feature","properties":{"name":"Grand Union Canal","kind":"water"},"geometry":{"type":"LineString","coordinates":[[-0.31177,51.482735],[-0.311917,51.482663]]}},{"type":"Feature","properties":{"name":"Grand Union Canal","kind":"water"},"geometry":{"type":"LineString","coordinates":[[-0.313586,51.485331],[-0.311437,51.483384]]}},{"type":"Feature","properties":{"name":"Grand Union Canal","kind":"water"},"geometry":{"type":"LineString","coordinates":[[-0.333532,51.497524],[-0.332745,51.496944]]}},{"type":"Feature","properties":{"name":"Grand Union Canal","kind":"water"},"geometry":{"type":"LineString","coordinates":[[-0.305635,51.482046],[-0.305229,51.482122]]}},{"type":"Feature","properties":{"name":"River Crane","kind":"water"},"geometry":{"type":"LineString","coordinates":[[-0.411954,51.491963],[-0.412578,51.488715],[-0.416653,51.482718]]}},{"type":"Feature","properties":{"name":"The Duke of Northumberland's River","kind":"water"},"geometry":{"type":"LineString","coordinates":[[-0.32213,51.470585],[-0.321093,51.470362]]}},{"type":"Feature","properties":{"name":"The Duke of Northumberland's River","kind":"water"},"geometry":{"type":"LineString","coordinates":[[-0.322242,51.470606],[-0.32213,51.470585]]}},{"type":"Feature","properties":{"name":"River Brent","kind":"water"},"geometry":{"type":"LineString","coordinates":[[-0.28243,51.538629],[-0.284019,51.537945]]}},{"type":"Feature","properties":{"name":"River Brent","kind":"water"},"geometry":{"type":"LineString","coordinates":[[-0.284019,51.537945],[-0.284173,51.537861]]}},{"type":"Feature","properties":{"name":null,"kind":"water"},"geometry":{"type":"Polygon","coordinates":[[[0.036642,51.413924],[0.036489,51.413868],[0.036803,51.41391],[0.036642,51.413924]]]}},{"type":"Feature","properties":{"name":"River Quaggy","kind":"water"},"geometry":{"type":"LineString","coordinates":[[0.03003,51.418655],[0.029052,51.418787],[0.027054,51.42263]]}},{"type":"Feature","properties":{"name":null,"kind":"water"},"geometry":{"type":"Polygon","coordinates":[[[0.032363,51.416785],[0.032139,51.416826],[0.032144,51.416722],[0.032363,51.416785]]]}},{"type":"Feature","properties":{"name":"Kyd Brook","kind":"water"},"geometry":{"type":"LineString","coordinates":[[0.045093,51.414],[0.034685,51.416683]]}},{"type":"Feature","properties":{"name":null,"kind":"water"},"geometry":{"type":"Polygon","coordinates":[[[0.028595,51.418115],[0.028298,51.418075],[0.02857,51.417963],[0.028595,51.418115]]]}},{"type":"Feature","properties":{"name":"Halls Farm Pond","kind":"water"},"geometry":{"type":"Polygon","coordinates":[[[0.024959,51.420225],[0.02458,51.420031],[0.025111,51.41999],[0.024959,51.420225]]]}},{"type":"Feature","properties":{"name":null,"kind":"water"},"geometry":{"type":"Polygon","coordinates":[[[-0.011894,51.67383],[-0.012158,51.673584],[-0.011952,51.673534],[-0.011894,51.67383]]]}},{"type":"Feature","properties":{"name":null,"kind":"water"},"geometry":{"type":"Polygon","coordinates":[[[-0.483708,51.51794],[-0.48381,51.518148],[-0.483928,51.518006],[-0.483708,51.51794]]]}},{"type":"Feature","properties":{"name":null,"kind":"water"},"geometry":{"type":"Polygon","coordinates":[[[0.005908,51.538259],[0.006036,51.538276],[0.006003,51.538213],[0.005908,51.538259]]]}},{"type":"Feature","properties":{"name":"Frays River","kind":"water"},"geometry":{"type":"LineString","coordinates":[[-0.475771,51.558162],[-0.476426,51.556225]]}},{"type":"Feature","properties":{"name":null,"kind":"water"},"geometry":{"type":"Polygon","coordinates":[[[-0.478583,51.556563],[-0.478467,51.556855],[-0.478968,51.556898],[-0.478583,51.556563]]]}},{"type":"Feature","properties":{"name":"River Colne","kind":"water"},"geometry":{"type":"LineString","coordinates":[[-0.490868,51.52623],[-0.488691,51.524331],[-0.490562,51.522378]]}},{"type":"Feature","properties":{"name":"River Colne","kind":"water"},"geometry":{"type":"LineString","coordinates":[[-0.489756,51.523421],[-0.489879,51.523256]]}},{"type":"Feature","properties":{"name":null,"kind":"water"},"geometry":{"type":"Polygon","coordinates":[[[-0.136247,51.603897],[-0.136231,51.603977],[-0.136295,51.603958],[-0.136247,51.603897]]]}},{"type":"Feature","properties":{"name":null,"kind":"water"},"geometry":{"type":"Polygon","coordinates":[[[-0.489833,51.523147],[-0.488799,51.524341],[-0.490332,51.525495],[-0.4888,51.524704],[-0.488951,51.523704],[-0.489833,51.523147]]]}},{"type":"Feature","properties":{"name":null,"kind":"water"},"geometry":{"type":"Polygon","coordinates":[[[-0.348773,51.398129],[-0.347821,51.39925],[-0.34434,51.400949],[-0.348773,51.398129]]]}},{"type":"Feature","properties":{"name":null,"kind":"water"},"geometry":{"type":"Polygon","coordinates":[[[0.124916,51.358107],[0.12521,51.358076],[0.125292,51.358119],[0.124916,51.358107]]]}},{"type":"Feature","properties":{"name":null,"kind":"water"},"geometry":{"type":"Polygon","coordinates":[[[-0.486521,51.518913],[-0.486417,51.518947],[-0.486919,51.519177],[-0.486521,51.518913]]]}},{"type":"Feature","properties":{"name":null,"kind":"water"},"geometry":{"type":"Polygon","coordinates":[[[-0.487265,51.527515],[-0.488211,51.52634],[-0.487367,51.526708],[-0.487265,51.527515]]]}},{"type":"Feature","properties":{"name":null,"kind":"water"},"geometry":{"type":"Polygon","coordinates":[[[-0.501657,51.59691],[-0.501609,51.596485],[-0.5005,51.596788],[-0.500952,51.596506],[-0.5003,51.595871],[-0.499846,51.596108],[-0.500346,51.59602],[-0.500003,51.596829],[-0.501657,51.59691]]]}},{"type":"Feature","properties":{"name":null,"kind":"water"},"geometry":{"type":"Polygon","coordinates":[[[0.080813,51.309289],[0.081133,51.309693],[0.081595,51.30951],[0.080813,51.309289]]]}},{"type":"Feature","properties":{"name":null,"kind":"water"},"geometry":{"type":"Polygon","coordinates":[[[-0.488099,51.608985],[-0.487867,51.608895],[-0.487921,51.609103],[-0.488099,51.608985]]]}},{"type":"Feature","properties":{"name":null,"kind":"water"},"geometry":{"type":"Polygon","coordinates":[[[-0.489072,51.529037],[-0.490907,51.525871],[-0.489202,51.528019],[-0.489072,51.529037]]]}},{"type":"Feature","properties":{"name":null,"kind":"water"},"geometry":{"type":"Polygon","coordinates":[[[-0.494686,51.51882],[-0.494437,51.518546],[-0.495215,51.518453],[-0.494686,51.51882]]]}},{"type":"Feature","properties":{"name":null,"kind":"water"},"geometry":{"type":"Polygon","coordinates":[[[-0.486925,51.606102],[-0.488238,51.60587],[-0.488331,51.6061],[-0.486925,51.606102]]]}},{"type":"Feature","properties":{"name":null,"kind":"water"},"geometry":{"type":"Polygon","coordinates":[[[0.031374,51.510662],[0.031361,51.510574],[0.031545,51.510535],[0.031374,51.510662]]]}},{"type":"Feature","properties":{"name":"River Brent","kind":"water"},"geometry":{"type":"LineString","coordinates":[[-0.348961,51.527083],[-0.349527,51.526606],[-0.348835,51.524315],[-0.351132,51.521718],[-0.348453,51.518869],[-0.348246,51.517768],[-0.349276,51.516344],[-0.348396,51.515762],[-0.349099,51.514468],[-0.350734,51.514223],[-0.349914,51.512785],[-0.351429,51.512374],[-0.351423,51.511794],[-0.343703,51.51078],[-0.342927,51.508058],[-0.343593,51.505957],[-0.345335,51.504903],[-0.343974,51.503459]]}},{"type":"Feature","properties":{"name":"River Brent","kind":"water"},"geometry":{"type":"LineString","coordinates":[[-0.348784,51.5272],[-0.348892,51.527128]]}},{"type":"Feature","properties":{"name":"River Brent","kind":"water"},"geometry":{"type":"LineString","coordinates":[[-0.348892,51.527128],[-0.348961,51.527083]]}},{"type":"Feature","properties":{"name":null,"kind":"water"},"geometry":{"type":"Polygon","coordinates":[[[-0.500669,51.621205],[-0.499769,51.621116],[-0.499903,51.620596],[-0.500803,51.620685],[-0.500669,51.621205]]]}},{"type":"Feature","properties":{"name":null,"kind":"water"},"geometry":{"type":"Polygon","coordinates":[[[-0.500397,51.620232],[-0.500167,51.620211],[-0.500336,51.619508],[-0.500566,51.619529],[-0.500397,51.620232]]]}},{"type":"Feature","properties":{"name":null,"kind":"water"},"geometry":{"type":"Polygon","coordinates":[[[-0.500153,51.620215],[-0.499923,51.620194],[-0.500092,51.619491],[-0.500322,51.619512],[-0.500153,51.620215]]]}},{"type":"Feature","properties":{"name":null,"kind":"water"},"geometry":{"type":"Polygon","coordinates":[[[-0.499909,51.620195],[-0.499679,51.620174],[-0.499848,51.619471],[-0.500078,51.619492],[-0.499909,51.620195]]]}},{"type":"Feature","properties":{"name":null,"kind":"water"},"geometry":{"type":"Polygon","coordinates":[[[-0.499673,51.620175],[-0.499443,51.620154],[-0.499612,51.619451],[-0.499842,51.619472],[-0.499673,51.620175]]]}},{"type":"Feature","properties":{"name":null,"kind":"water"},"geometry":{"type":"Polygon","coordinates":[[[-0.499429,51.620155],[-0.4992,51.620133],[-0.499368,51.61943],[-0.499598,51.619452],[-0.499429,51.620155]]]}},{"type":"Feature","properties":{"name":null,"kind":"water"},"geometry":{"type":"Polygon","coordinates":[[[-0.499194,51.620129],[-0.498964,51.620108],[-0.499133,51.619405],[-0.499362,51.619426],[-0.499194,51.620129]]]}},{"type":"Feature","properties":{"name":null,"kind":"water"},"geometry":{"type":"Polygon","coordinates":[[[-0.498954,51.620109],[-0.498724,51.620088],[-0.498893,51.619385],[-0.499123,51.619406],[-0.498954,51.620109]]]}},{"type":"Feature","properties":{"name":null,"kind":"water"},"geometry":{"type":"Polygon","coordinates":[[[-0.498698,51.620084],[-0.498468,51.620063],[-0.498637,51.61936],[-0.498866,51.619381],[-0.498698,51.620084]]]}},{"type":"Feature","properties":{"name":null,"kind":"water"},"geometry":{"type":"Polygon","coordinates":[[[-0.498458,51.620059],[-0.498228,51.620037],[-0.498397,51.619335],[-0.498627,51.619356],[-0.498458,51.620059]]]}},{"type":"Feature","properties":{"name":null,"kind":"water"},"geometry":{"type":"Polygon","coordinates":[[[-0.498214,51.620036],[-0.497984,51.620015],[-0.498153,51.619312],[-0.498383,51.619333],[-0.498214,51.620036]]]}},{"type":"Feature","properties":{"name":null,"kind":"water"},"geometry":{"type":"Polygon","coordinates":[[[-0.499127,51.619128],[-0.49888,51.619129],[-0.498961,51.619016],[-0.499127,51.619128]]]}},{"type":"Feature","properties":{"name":null,"kind":"water"},"geometry":{"type":"Polygon","coordinates":[[[-0.498811,51.619095],[-0.498564,51.619096],[-0.498645,51.618983],[-0.498811,51.619095]]]}},{"type":"Feature","properties":{"name":null,"kind":"water"},"geometry":{"type":"Polygon","coordinates":[[[-0.498474,51.619062],[-0.498228,51.619064],[-0.498309,51.61895],[-0.498474,51.619062]]]}},{"type":"Feature","properties":{"name":null,"kind":"water"},"geometry":{"type":"Polygon","coordinates":[[[-0.498156,51.619034],[-0.49791,51.619035],[-0.497991,51.618921],[-0.498156,51.619034]]]}},{"type":"Feature","properties":{"name":null,"kind":"water"},"geometry":{"type":"Polygon","coordinates":[[[-0.498524,51.618855],[-0.498277,51.618856],[-0.498358,51.618742],[-0.498524,51.618855]]]}},{"type":"Feature","properties":{"name":null,"kind":"water"},"geometry":{"type":"Polygon","coordinates":[[[-0.498205,51.618826],[-0.497959,51.618827],[-0.49804,51.618714],[-0.498205,51.618826]]]}},{"type":"Feature","properties":{"name":null,"kind":"water"},"geometry":{"type":"Polygon","coordinates":[[[-0.49886,51.618888],[-0.498613,51.618889],[-0.498694,51.618775],[-0.49886,51.618888]]]}},{"type":"Feature","properties":{"name":null,"kind":"water"},"geometry":{"type":"Polygon","coordinates":[[[-0.499176,51.618921],[-0.498929,51.618922],[-0.49901,51.618808],[-0.499176,51.618921]]]}},{"type":"Feature","properties":{"name":null,"kind":"water"},"geometry":{"type":"Polygon","coordinates":[[[-0.498573,51.618646],[-0.498327,51.618647],[-0.498408,51.618533],[-0.498573,51.618646]]]}},{"type":"Feature","properties":{"name":null,"kind":"water"},"geometry":{"type":"Polygon","coordinates":[[[-0.498255,51.618617],[-0.498008,51.618619],[-0.498089,51.618505],[-0.498255,51.618617]]]}},{"type":"Feature","properties":{"name":null,"kind":"water"},"geometry":{"type":"Polygon","coordinates":[[[-0.498909,51.618679],[-0.498663,51.61868],[-0.498744,51.618566],[-0.498909,51.618679]]]}},{"type":"Feature","properties":{"name":null,"kind":"water"},"geometry":{"type":"Polygon","coordinates":[[[-0.499225,51.618712],[-0.498979,51.618713],[-0.49906,51.618599],[-0.499225,51.618712]]]}},{"type":"Feature","properties":{"name":null,"kind":"water"},"geometry":{"type":"Polygon","coordinates":[[[-0.498623,51.618439],[-0.498376,51.618441],[-0.498457,51.618327],[-0.498623,51.618439]]]}},{"type":"Feature","properties":{"name":null,"kind":"water"},"geometry":{"type":"Polygon","coordinates":[[[-0.498304,51.618411],[-0.498058,51.618412],[-0.498139,51.618298],[-0.498304,51.618411]]]}},{"type":"Feature","properties":{"name":null,"kind":"water"},"geometry":{"type":"Polygon","coordinates":[[[-0.498959,51.618472],[-0.498713,51.618474],[-0.498794,51.61836],[-0.498959,51.618472]]]}},{"type":"Feature","properties":{"name":null,"kind":"water"},"geometry":{"type":"Polygon","coordinates":[[[-0.499275,51.618505],[-0.499028,51.618506],[-0.499109,51.618393],[-0.499275,51.618505]]]}},{"type":"Feature","properties":{"name":null,"kind":"water"},"geometry":{"type":"Polygon","coordinates":[[[-0.498676,51.618209],[-0.498429,51.61821],[-0.49851,51.618096],[-0.498676,51.618209]]]}},{"type":"Feature","properties":{"name":null,"kind":"water"},"geometry":{"type":"Polygon","coordinates":[[[-0.498357,51.61818],[-0.498111,51.618181],[-0.498192,51.618068],[-0.498357,51.61818]]]}},{"type":"Feature","properties":{"name":null,"kind":"water"},"geometry":{"type":"Polygon","coordinates":[[[-0.499012,51.618242],[-0.498766,51.618243],[-0.498847,51.618129],[-0.499012,51.618242]]]}},{"type":"Feature","properties":{"name":null,"kind":"water"},"geometry":{"type":"Polygon","coordinates":[[[-0.499328,51.618274],[-0.499082,51.618276],[-0.499163,51.618162],[-0.499328,51.618274]]]}},{"type":"Feature","properties":{"name":null,"kind":"water"},"geometry":{"type":"Polygon","coordinates":[[[-0.498783,51.61776],[-0.498537,51.617761],[-0.498618,51.617647],[-0.498783,51.61776]]]}},{"type":"Feature","properties":{"name":null,"kind":"water"},"geometry":{"type":"Polygon","coordinates":[[[-0.498465,51.617732],[-0.498218,51.617733],[-0.498299,51.617619],[-0.498465,51.617732]]]}},{"type":"Feature","properties":{"name":null,"kind":"water"},"geometry":{"type":"Polygon","coordinates":[[[-0.499119,51.617793],[-0.498873,51.617794],[-0.498954,51.61768],[-0.499119,51.617793]]]}},{"type":"Feature","properties":{"name":null,"kind":"water"},"geometry":{"type":"Polygon","coordinates":[[[-0.499435,51.617826],[-0.499189,51.617827],[-0.49927,51.617713],[-0.499435,51.617826]]]}},{"type":"Feature","properties":{"name":null,"kind":"water"},"geometry":{"type":"Polygon","coordinates":[[[-0.499483,51.617579],[-0.49913,51.617513],[-0.499446,51.617396],[-0.499483,51.617579]]]}},{"type":"Feature","properties":{"name":null,"kind":"water"},"geometry":{"type":"Polygon","coordinates":[[[-0.49906,51.617539],[-0.498707,51.617473],[-0.499023,51.617356],[-0.49906,51.617539]]]}},{"type":"Feature","properties":{"name":null,"kind":"water"},"geometry":{"type":"Polygon","coordinates":[[[-0.498636,51.617499],[-0.498283,51.617433],[-0.498598,51.617316],[-0.498636,51.617499]]]}},{"type":"Feature","properties":{"name":null,"kind":"water"},"geometry":{"type":"Polygon","coordinates":[[[-0.498707,51.617202],[-0.498354,51.617137],[-0.49867,51.617019],[-0.498707,51.617202]]]}},{"type":"Feature","properties":{"name":null,"kind":"water"},"geometry":{"type":"Polygon","coordinates":[[[-0.499132,51.617242],[-0.498779,51.617176],[-0.499095,51.617059],[-0.499132,51.617242]]]}},{"type":"Feature","properties":{"name":null,"kind":"water"},"geometry":{"type":"Polygon","coordinates":[[[-0.499555,51.617282],[-0.499202,51.617216],[-0.499518,51.617099],[-0.499555,51.617282]]]}},{"type":"Feature","properties":{"name":null,"kind":"water"},"geometry":{"type":"Polygon","coordinates":[[[-0.497425,51.616969],[-0.497346,51.616962],[-0.497491,51.616656],[-0.497425,51.616969]]]}},{"type":"Feature","properties":{"name":null,"kind":"water"},"geometry":{"type":"Polygon","coordinates":[[[-0.497541,51.616979],[-0.497462,51.616972],[-0.497528,51.616659],[-0.497607,51.616666],[-0.497541,51.616979]]]}},{"type":"Feature","properties":{"name":null,"kind":"water"},"geometry":{"type":"Polygon","coordinates":[[[-0.497648,51.616987],[-0.497569,51.61698],[-0.497635,51.616667],[-0.497714,51.616674],[-0.497648,51.616987]]]}},{"type":"Feature","properties":{"name":null,"kind":"water"},"geometry":{"type":"Polygon","coordinates":[[[-0.497761,51.617],[-0.497682,51.616994],[-0.497827,51.616687],[-0.497761,51.617]]]}},{"type":"Feature","properties":{"name":null,"kind":"water"},"geometry":{"type":"Polygon","coordinates":[[[-0.497871,51.617008],[-0.497792,51.617002],[-0.497937,51.616695],[-0.497871,51.617008]]]}},{"type":"Feature","properties":{"name":null,"kind":"water"},"geometry":{"type":"Polygon","coordinates":[[[-0.497983,51.617022],[-0.497904,51.617015],[-0.49797,51.616702],[-0.498049,51.616709],[-0.497983,51.617022]]]}},{"type":"Feature","properties":{"name":null,"kind":"water"},"geometry":{"type":"Polygon","coordinates":[[[-0.498085,51.617032],[-0.498006,51.617025],[-0.498072,51.616712],[-0.498151,51.616719],[-0.498085,51.617032]]]}},{"type":"Feature","properties":{"name":null,"kind":"water"},"geometry":{"type":"Polygon","coordinates":[[[-0.498203,51.617047],[-0.498124,51.61704],[-0.49819,51.616727],[-0.498269,51.616734],[-0.498203,51.617047]]]}},{"type":"Feature","properties":{"name":null,"kind":"water"},"geometry":{"type":"Polygon","coordinates":[[[-0.498385,51.61673],[-0.497395,51.61664],[-0.498394,51.616691],[-0.498385,51.61673]]]}},{"type":"Feature","properties":{"name":null,"kind":"water"},"geometry":{"type":"Polygon","coordinates":[[[-0.498194,51.617368],[-0.497512,51.617044],[-0.498345,51.61689],[-0.498194,51.617368]]]}},{"type":"Feature","properties":{"name":null,"kind":"water"},"geometry":{"type":"Polygon","coordinates":[[[-0.500152,51.617274],[-0.499738,51.617234],[-0.500167,51.617211],[-0.500152,51.617274]]]}},{"type":"Feature","properties":{"name":null,"kind":"water"},"geometry":{"type":"Polygon","coordinates":[[[-0.500577,51.617314],[-0.500163,51.617274],[-0.500592,51.617251],[-0.500577,51.617314]]]}},{"type":"Feature","properties":{"name":null,"kind":"water"},"geometry":{"type":"Polygon","coordinates":[[[-0.501077,51.617361],[-0.500589,51.617315],[-0.501092,51.617299],[-0.501077,51.617361]]]}},{"type":"Feature","properties":{"name":null,"kind":"water"},"geometry":{"type":"Polygon","coordinates":[[[-0.500134,51.617348],[-0.49972,51.617308],[-0.50015,51.617285],[-0.500134,51.617348]]]}},{"type":"Feature","properties":{"name":null,"kind":"water"},"geometry":{"type":"Polygon","coordinates":[[[-0.500559,51.617388],[-0.500145,51.617348],[-0.500575,51.617325],[-0.500559,51.617388]]]}},{"type":"Feature","properties":{"name":null,"kind":"water"},"geometry":{"type":"Polygon","coordinates":[[[-0.501059,51.617435],[-0.500572,51.617389],[-0.501074,51.617373],[-0.501059,51.617435]]]}},{"type":"Feature","properties":{"name":null,"kind":"water"},"geometry":{"type":"Polygon","coordinates":[[[-0.500118,51.617418],[-0.499704,51.617378],[-0.500133,51.617355],[-0.500118,51.617418]]]}},{"type":"Feature","properties":{"name":null,"kind":"water"},"geometry":{"type":"Polygon","coordinates":[[[-0.500543,51.617458],[-0.500129,51.617418],[-0.500558,51.617395],[-0.500543,51.617458]]]}},{"type":"Feature","properties":{"name":null,"kind":"water"},"geometry":{"type":"Polygon","coordinates":[[[-0.501043,51.617505],[-0.500555,51.61746],[-0.500571,51.617397],[-0.501058,51.617443],[-0.501043,51.617505]]]}},{"type":"Feature","properties":{"name":null,"kind":"water"},"geometry":{"type":"Polygon","coordinates":[[[-0.500099,51.61749],[-0.499685,51.61745],[-0.500115,51.617427],[-0.500099,51.61749]]]}},{"type":"Feature","properties":{"name":null,"kind":"water"},"geometry":{"type":"Polygon","coordinates":[[[-0.500524,51.61753],[-0.50011,51.61749],[-0.50054,51.617467],[-0.500524,51.61753]]]}},{"type":"Feature","properties":{"name":null,"kind":"water"},"geometry":{"type":"Polygon","coordinates":[[[-0.501024,51.617577],[-0.500537,51.617531],[-0.501039,51.617515],[-0.501024,51.617577]]]}},{"type":"Feature","properties":{"name":null,"kind":"water"},"geometry":{"type":"Polygon","coordinates":[[[-0.500083,51.617562],[-0.499669,51.617523],[-0.499684,51.61746],[-0.500098,51.6175],[-0.500083,51.617562]]]}},{"type":"Feature","properties":{"name":null,"kind":"water"},"geometry":{"type":"Polygon","coordinates":[[[-0.500508,51.617602],[-0.500094,51.617563],[-0.500523,51.617539],[-0.500508,51.617602]]]}},{"type":"Feature","properties":{"name":null,"kind":"water"},"geometry":{"type":"Polygon","coordinates":[[[-0.501008,51.61765],[-0.50052,51.617604],[-0.501023,51.617587],[-0.501008,51.61765]]]}},{"type":"Feature","properties":{"name":null,"kind":"water"},"geometry":{"type":"Polygon","coordinates":[[[-0.500066,51.617633],[-0.499653,51.617594],[-0.499668,51.617531],[-0.500082,51.617571],[-0.500066,51.617633]]]}},{"type":"Feature","properties":{"name":null,"kind":"water"},"geometry":{"type":"Polygon","coordinates":[[[-0.500491,51.617673],[-0.500077,51.617634],[-0.500507,51.61761],[-0.500491,51.617673]]]}},{"type":"Feature","properties":{"name":null,"kind":"water"},"geometry":{"type":"Polygon","coordinates":[[[-0.500991,51.617721],[-0.500504,51.617675],[-0.501007,51.617658],[-0.500991,51.617721]]]}},{"type":"Feature","properties":{"name":null,"kind":"water"},"geometry":{"type":"Polygon","coordinates":[[[-0.500051,51.617704],[-0.499637,51.617665],[-0.499653,51.617602],[-0.500051,51.617704]]]}},{"type":"Feature","properties":{"name":null,"kind":"water"},"geometry":{"type":"Polygon","coordinates":[[[-0.500476,51.617744],[-0.500062,51.617705],[-0.500078,51.617642],[-0.500476,51.617744]]]}},{"type":"Feature","properties":{"name":null,"kind":"water"},"geometry":{"type":"Polygon","coordinates":[[[-0.500976,51.617792],[-0.500489,51.617746],[-0.500991,51.617729],[-0.500976,51.617792]]]}},{"type":"Feature","properties":{"name":null,"kind":"water"},"geometry":{"type":"Polygon","coordinates":[[[-0.500034,51.617775],[-0.49962,51.617735],[-0.500049,51.617712],[-0.500034,51.617775]]]}},{"type":"Feature","properties":{"name":null,"kind":"water"},"geometry":{"type":"Polygon","coordinates":[[[-0.500459,51.617815],[-0.500045,51.617775],[-0.500474,51.617752],[-0.500459,51.617815]]]}},{"type":"Feature","properties":{"name":null,"kind":"water"},"geometry":{"type":"Polygon","coordinates":[[[-0.500959,51.617862],[-0.500471,51.617816],[-0.500974,51.6178],[-0.500959,51.617862]]]}},{"type":"Feature","properties":{"name":null,"kind":"water"},"geometry":{"type":"Polygon","coordinates":[[[-0.500015,51.617845],[-0.499601,51.617805],[-0.500031,51.617782],[-0.500015,51.617845]]]}},{"type":"Feature","properties":{"name":null,"kind":"water"},"geometry":{"type":"Polygon","coordinates":[[[-0.50044,51.617885],[-0.500026,51.617845],[-0.500456,51.617822],[-0.50044,51.617885]]]}},{"type":"Feature","properties":{"name":null,"kind":"water"},"geometry":{"type":"Polygon","coordinates":[[[-0.50094,51.617932],[-0.500453,51.617886],[-0.500955,51.61787],[-0.50094,51.617932]]]}},{"type":"Feature","properties":{"name":null,"kind":"water"},"geometry":{"type":"Polygon","coordinates":[[[-0.499997,51.617917],[-0.499584,51.617877],[-0.500013,51.617854],[-0.499997,51.617917]]]}},{"type":"Feature","properties":{"name":null,"kind":"water"},"geometry":{"type":"Polygon","coordinates":[[[-0.500422,51.617957],[-0.500008,51.617917],[-0.500438,51.617894],[-0.500422,51.617957]]]}},{"type":"Feature","properties":{"name":null,"kind":"water"},"geometry":{"type":"Polygon","coordinates":[[[-0.500922,51.618004],[-0.500435,51.617958],[-0.500938,51.617942],[-0.500922,51.618004]]]}},{"type":"Feature","properties":{"name":null,"kind":"water"},"geometry":{"type":"Polygon","coordinates":[[[-0.499982,51.617988],[-0.499569,51.617948],[-0.499998,51.617925],[-0.499982,51.617988]]]}},{"type":"Feature","properties":{"name":null,"kind":"water"},"geometry":{"type":"Polygon","coordinates":[[[-0.500407,51.618028],[-0.499993,51.617988],[-0.500423,51.617965],[-0.500407,51.618028]]]}},{"type":"Feature","properties":{"name":null,"kind":"water"},"geometry":{"type":"Polygon","coordinates":[[[-0.500907,51.618075],[-0.50042,51.618029],[-0.500923,51.618013],[-0.500907,51.618075]]]}},{"type":"Feature","properties":{"name":null,"kind":"water"},"geometry":{"type":"Polygon","coordinates":[[[-0.499916,51.618233],[-0.499477,51.618193],[-0.499924,51.618199],[-0.499916,51.618233]]]}},{"type":"Feature","properties":{"name":null,"kind":"water"},"geometry":{"type":"Polygon","coordinates":[[[-0.500332,51.618272],[-0.499932,51.618232],[-0.50034,51.618239],[-0.500332,51.618272]]]}},{"type":"Feature","properties":{"name":null,"kind":"water"},"geometry":{"type":"Polygon","coordinates":[[[-0.500847,51.618322],[-0.500351,51.618273],[-0.500855,51.618289],[-0.500847,51.618322]]]}},{"type":"Feature","properties":{"name":null,"kind":"water"},"geometry":{"type":"Polygon","coordinates":[[[-0.500833,51.61837],[-0.500338,51.618321],[-0.500346,51.618288],[-0.500833,51.61837]]]}},{"type":"Feature","properties":{"name":null,"kind":"water"},"geometry":{"type":"Polygon","coordinates":[[[-0.500318,51.61832],[-0.499918,51.618281],[-0.500326,51.618287],[-0.500318,51.61832]]]}},{"type":"Feature","properties":{"name":null,"kind":"water"},"geometry":{"type":"Polygon","coordinates":[[[-0.499902,51.618281],[-0.499464,51.618242],[-0.499471,51.618207],[-0.499902,51.618281]]]}},{"type":"Feature","properties":{"name":null,"kind":"water"},"geometry":{"type":"Polygon","coordinates":[[[-0.500825,51.618412],[-0.500329,51.618363],[-0.500834,51.618379],[-0.500825,51.618412]]]}},{"type":"Feature","properties":{"name":null,"kind":"water"},"geometry":{"type":"Polygon","coordinates":[[[-0.500309,51.618362],[-0.49991,51.618322],[-0.500318,51.618329],[-0.500309,51.618362]]]}},{"type":"Feature","properties":{"name":null,"kind":"water"},"geometry":{"type":"Polygon","coordinates":[[[-0.499894,51.618322],[-0.499455,51.618283],[-0.499902,51.618288],[-0.499894,51.618322]]]}},{"type":"Feature","properties":{"name":null,"kind":"water"},"geometry":{"type":"Polygon","coordinates":[[[-0.500816,51.618458],[-0.50032,51.618409],[-0.500824,51.618425],[-0.500816,51.618458]]]}},{"type":"Feature","properties":{"name":null,"kind":"water"},"geometry":{"type":"Polygon","coordinates":[[[-0.5003,51.618408],[-0.499901,51.618369],[-0.500309,51.618375],[-0.5003,51.618408]]]}},{"type":"Feature","properties":{"name":null,"kind":"water"},"geometry":{"type":"Polygon","coordinates":[[[-0.499884,51.618369],[-0.499446,51.618329],[-0.499892,51.618335],[-0.499884,51.618369]]]}},{"type":"Feature","properties":{"name":null,"kind":"water"},"geometry":{"type":"Polygon","coordinates":[[[-0.500804,51.618498],[-0.500309,51.618449],[-0.500812,51.618465],[-0.500804,51.618498]]]}},{"type":"Feature","properties":{"name":null,"kind":"water"},"geometry":{"type":"Polygon","coordinates":[[[-0.500289,51.618448],[-0.499889,51.618409],[-0.499898,51.618375],[-0.500289,51.618448]]]}},{"type":"Feature","properties":{"name":null,"kind":"water"},"geometry":{"type":"Polygon","coordinates":[[[-0.499873,51.618409],[-0.499434,51.618369],[-0.499881,51.618375],[-0.499873,51.618409]]]}},{"type":"Feature","properties":{"name":null,"kind":"water"},"geometry":{"type":"Polygon","coordinates":[[[-0.500792,51.618544],[-0.500297,51.618495],[-0.500801,51.618511],[-0.500792,51.618544]]]}},{"type":"Feature","properties":{"name":null,"kind":"water"},"geometry":{"type":"Polygon","coordinates":[[[-0.500277,51.618494],[-0.499878,51.618455],[-0.500285,51.618461],[-0.500277,51.618494]]]}},{"type":"Feature","properties":{"name":null,"kind":"water"},"geometry":{"type":"Polygon","coordinates":[[[-0.499861,51.618455],[-0.499423,51.618415],[-0.499869,51.618421],[-0.499861,51.618455]]]}},{"type":"Feature","properties":{"name":null,"kind":"water"},"geometry":{"type":"Polygon","coordinates":[[[-0.500784,51.618586],[-0.500289,51.618537],[-0.500793,51.618553],[-0.500784,51.618586]]]}},{"type":"Feature","properties":{"name":null,"kind":"water"},"geometry":{"type":"Polygon","coordinates":[[[-0.500269,51.618536],[-0.499869,51.618497],[-0.500277,51.618503],[-0.500269,51.618536]]]}},{"type":"Feature","properties":{"name":null,"kind":"water"},"geometry":{"type":"Polygon","coordinates":[[[-0.499853,51.618497],[-0.499414,51.618458],[-0.499422,51.618423],[-0.499853,51.618497]]]}},{"type":"Feature","properties":{"name":null,"kind":"water"},"geometry":{"type":"Polygon","coordinates":[[[-0.500772,51.618633],[-0.500277,51.618584],[-0.500781,51.6186],[-0.500772,51.618633]]]}},{"type":"Feature","properties":{"name":null,"kind":"water"},"geometry":{"type":"Polygon","coordinates":[[[-0.500257,51.618583],[-0.499858,51.618543],[-0.500265,51.61855],[-0.500257,51.618583]]]}},{"type":"Feature","properties":{"name":null,"kind":"water"},"geometry":{"type":"Polygon","coordinates":[[[-0.499841,51.618544],[-0.499403,51.618504],[-0.499849,51.61851],[-0.499841,51.618544]]]}},{"type":"Feature","properties":{"name":null,"kind":"water"},"geometry":{"type":"Polygon","coordinates":[[[-0.50076,51.618676],[-0.500264,51.618627],[-0.500768,51.618643],[-0.50076,51.618676]]]}},{"type":"Feature","properties":{"name":null,"kind":"water"},"geometry":{"type":"Polygon","coordinates":[[[-0.500244,51.618626],[-0.499845,51.618587],[-0.500253,51.618593],[-0.500244,51.618626]]]}},{"type":"Feature","properties":{"name":null,"kind":"water"},"geometry":{"type":"Polygon","coordinates":[[[-0.499828,51.618587],[-0.49939,51.618547],[-0.499836,51.618553],[-0.499828,51.618587]]]}},{"type":"Feature","properties":{"name":null,"kind":"water"},"geometry":{"type":"Polygon","coordinates":[[[-0.500749,51.618723],[-0.500254,51.618674],[-0.500758,51.61869],[-0.500749,51.618723]]]}},{"type":"Feature","properties":{"name":null,"kind":"water"},"geometry":{"type":"Polygon","coordinates":[[[-0.500234,51.618673],[-0.499834,51.618633],[-0.500242,51.61864],[-0.500234,51.618673]]]}},{"type":"Feature","properties":{"name":null,"kind":"water"},"geometry":{"type":"Polygon","coordinates":[[[-0.499818,51.618634],[-0.499379,51.618594],[-0.499826,51.6186],[-0.499818,51.618634]]]}},{"type":"Feature","properties":{"name":null,"kind":"water"},"geometry":{"type":"Polygon","coordinates":[[[-0.500739,51.618765],[-0.500243,51.618716],[-0.500747,51.618732],[-0.500739,51.618765]]]}},{"type":"Feature","properties":{"name":null,"kind":"water"},"geometry":{"type":"Polygon","coordinates":[[[-0.500223,51.618715],[-0.499824,51.618675],[-0.500232,51.618682],[-0.500223,51.618715]]]}},{"type":"Feature","properties":{"name":null,"kind":"water"},"geometry":{"type":"Polygon","coordinates":[[[-0.499807,51.618676],[-0.499369,51.618636],[-0.499815,51.618642],[-0.499807,51.618676]]]}},{"type":"Feature","properties":{"name":null,"kind":"water"},"geometry":{"type":"Polygon","coordinates":[[[-0.500728,51.618809],[-0.500233,51.61876],[-0.500737,51.618776],[-0.500728,51.618809]]]}},{"type":"Feature","properties":{"name":null,"kind":"water"},"geometry":{"type":"Polygon","coordinates":[[[-0.500213,51.618759],[-0.499813,51.618719],[-0.500221,51.618726],[-0.500213,51.618759]]]}},{"type":"Feature","properties":{"name":null,"kind":"water"},"geometry":{"type":"Polygon","coordinates":[[[-0.499797,51.61872],[-0.499358,51.61868],[-0.499805,51.618686],[-0.499797,51.61872]]]}},{"type":"Feature","properties":{"name":null,"kind":"water"},"geometry":{"type":"Polygon","coordinates":[[[-0.500716,51.618854],[-0.500221,51.618805],[-0.500725,51.618821],[-0.500716,51.618854]]]}},{"type":"Feature","properties":{"name":null,"kind":"water"},"geometry":{"type":"Polygon","coordinates":[[[-0.500201,51.618804],[-0.499802,51.618764],[-0.500209,51.618771],[-0.500201,51.618804]]]}},{"type":"Feature","properties":{"name":null,"kind":"water"},"geometry":{"type":"Polygon","coordinates":[[[-0.499785,51.618765],[-0.499347,51.618725],[-0.499793,51.618731],[-0.499785,51.618765]]]}},{"type":"Feature","properties":{"name":null,"kind":"water"},"geometry":{"type":"Polygon","coordinates":[[[-0.500707,51.618898],[-0.500212,51.618849],[-0.500716,51.618865],[-0.500707,51.618898]]]}},{"type":"Feature","properties":{"name":null,"kind":"water"},"geometry":{"type":"Polygon","coordinates":[[[-0.500192,51.618848],[-0.499792,51.618809],[-0.5002,51.618815],[-0.500192,51.618848]]]}},{"type":"Feature","properties":{"name":null,"kind":"water"},"geometry":{"type":"Polygon","coordinates":[[[-0.499776,51.618809],[-0.499337,51.618769],[-0.499784,51.618775],[-0.499776,51.618809]]]}},{"type":"Feature","properties":{"name":null,"kind":"water"},"geometry":{"type":"Polygon","coordinates":[[[-0.500694,51.61894],[-0.500199,51.618891],[-0.500703,51.618907],[-0.500694,51.61894]]]}},{"type":"Feature","properties":{"name":null,"kind":"water"},"geometry":{"type":"Polygon","coordinates":[[[-0.500179,51.61889],[-0.499779,51.618851],[-0.500187,51.618857],[-0.500179,51.61889]]]}},{"type":"Feature","properties":{"name":null,"kind":"water"},"geometry":{"type":"Polygon","coordinates":[[[-0.499763,51.618851],[-0.499325,51.618811],[-0.499771,51.618817],[-0.499763,51.618851]]]}},{"type":"Feature","properties":{"name":null,"kind":"water"},"geometry":{"type":"Polygon","coordinates":[[[-0.500686,51.618987],[-0.50019,51.618938],[-0.500695,51.618954],[-0.500686,51.618987]]]}},{"type":"Feature","properties":{"name":null,"kind":"water"},"geometry":{"type":"Polygon","coordinates":[[[-0.500171,51.618937],[-0.499771,51.618898],[-0.500179,51.618904],[-0.500171,51.618937]]]}},{"type":"Feature","properties":{"name":null,"kind":"water"},"geometry":{"type":"Polygon","coordinates":[[[-0.499755,51.618898],[-0.499316,51.618859],[-0.499324,51.618824],[-0.499755,51.618898]]]}},{"type":"Feature","properties":{"name":null,"kind":"water"},"geometry":{"type":"Polygon","coordinates":[[[-0.500673,51.619029],[-0.500178,51.61898],[-0.500682,51.618996],[-0.500673,51.619029]]]}},{"type":"Feature","properties":{"name":null,"kind":"water"},"geometry":{"type":"Polygon","coordinates":[[[-0.500158,51.618978],[-0.499758,51.618939],[-0.499767,51.618906],[-0.500158,51.618978]]]}},{"type":"Feature","properties":{"name":null,"kind":"water"},"geometry":{"type":"Polygon","coordinates":[[[-0.499742,51.618939],[-0.499304,51.6189],[-0.49975,51.618905],[-0.499742,51.618939]]]}},{"type":"Feature","properties":{"name":null,"kind":"water"},"geometry":{"type":"Polygon","coordinates":[[[-0.500664,51.619074],[-0.500168,51.619025],[-0.500672,51.619041],[-0.500664,51.619074]]]}},{"type":"Feature","properties":{"name":null,"kind":"water"},"geometry":{"type":"Polygon","coordinates":[[[-0.500148,51.619024],[-0.499749,51.618985],[-0.500157,51.618991],[-0.500148,51.619024]]]}},{"type":"Feature","properties":{"name":null,"kind":"water"},"geometry":{"type":"Polygon","coordinates":[[[-0.499733,51.618985],[-0.499294,51.618945],[-0.499741,51.618951],[-0.499733,51.618985]]]}},{"type":"Feature","properties":{"name":null,"kind":"water"},"geometry":{"type":"Polygon","coordinates":[[[-0.500651,51.619116],[-0.500155,51.619067],[-0.50066,51.619083],[-0.500651,51.619116]]]}},{"type":"Feature","properties":{"name":null,"kind":"water"},"geometry":{"type":"Polygon","coordinates":[[[-0.500136,51.619065],[-0.499736,51.619026],[-0.499745,51.618993],[-0.500136,51.619065]]]}},{"type":"Feature","properties":{"name":null,"kind":"water"},"geometry":{"type":"Polygon","coordinates":[[[-0.49972,51.619026],[-0.499281,51.618987],[-0.499728,51.618992],[-0.49972,51.619026]]]}},{"type":"Feature","properties":{"name":null,"kind":"water"},"geometry":{"type":"Polygon","coordinates":[[[-0.500637,51.619163],[-0.500142,51.619114],[-0.500645,51.61913],[-0.500637,51.619163]]]}},{"type":"Feature","properties":{"name":null,"kind":"water"},"geometry":{"type":"Polygon","coordinates":[[[-0.500122,51.619112],[-0.499722,51.619073],[-0.499731,51.61904],[-0.500122,51.619112]]]}},{"type":"Feature","properties":{"name":null,"kind":"water"},"geometry":{"type":"Polygon","coordinates":[[[-0.499706,51.619073],[-0.499267,51.619034],[-0.499714,51.619039],[-0.499706,51.619073]]]}},{"type":"Feature","properties":{"name":null,"kind":"water"},"geometry":{"type":"Polygon","coordinates":[[[-0.500604,51.619296],[-0.499223,51.619208],[-0.499265,51.619039],[-0.500604,51.619296]]]}},{"type":"Feature","properties":{"name":null,"kind":"water"},"geometry":{"type":"Polygon","coordinates":[[[-0.496956,51.618274],[-0.496831,51.618352],[-0.496805,51.61827],[-0.496956,51.618274]]]}},{"type":"Feature","properties":{"name":null,"kind":"water"},"geometry":{"type":"Polygon","coordinates":[[[-0.496619,51.61825],[-0.496494,51.618327],[-0.496468,51.618245],[-0.496619,51.61825]]]}},{"type":"Feature","properties":{"name":null,"kind":"water"},"geometry":{"type":"Polygon","coordinates":[[[-0.496983,51.61812],[-0.496858,51.618197],[-0.496832,51.618115],[-0.496983,51.61812]]]}},{"type":"Feature","properties":{"name":null,"kind":"water"},"geometry":{"type":"Polygon","coordinates":[[[-0.496648,51.618089],[-0.496523,51.618167],[-0.496496,51.618085],[-0.496648,51.618089]]]}},{"type":"Feature","properties":{"name":null,"kind":"water"},"geometry":{"type":"Polygon","coordinates":[[[-0.496544,51.618547],[-0.496419,51.618625],[-0.496393,51.618543],[-0.496544,51.618547]]]}},{"type":"Feature","properties":{"name":null,"kind":"water"},"geometry":{"type":"Polygon","coordinates":[[[-0.496743,51.618559],[-0.496618,51.618636],[-0.496592,51.618554],[-0.496743,51.618559]]]}},{"type":"Feature","properties":{"name":null,"kind":"water"},"geometry":{"type":"Polygon","coordinates":[[[-0.496704,51.618674],[-0.49658,51.618751],[-0.496553,51.618669],[-0.496704,51.618674]]]}},{"type":"Feature","properties":{"name":null,"kind":"water"},"geometry":{"type":"Polygon","coordinates":[[[-0.496829,51.618903],[-0.496704,51.618981],[-0.496677,51.618899],[-0.496829,51.618903]]]}},{"type":"Feature","properties":{"name":null,"kind":"water"},"geometry":{"type":"Polygon","coordinates":[[[-0.496815,51.619179],[-0.496568,51.61918],[-0.496649,51.619066],[-0.496815,51.619179]]]}},{"type":"Feature","properties":{"name":null,"kind":"water"},"geometry":{"type":"Polygon","coordinates":[[[-0.496999,51.619719],[-0.497208,51.619631],[-0.497183,51.619737],[-0.496999,51.619719]]]}},{"type":"Feature","properties":{"name":null,"kind":"water"},"geometry":{"type":"Polygon","coordinates":[[[-0.497222,51.619741],[-0.497248,51.619636],[-0.497431,51.619653],[-0.497405,51.619758],[-0.497222,51.619741]]]}},{"type":"Feature","properties":{"name":null,"kind":"water"},"geometry":{"type":"Polygon","coordinates":[[[-0.497405,51.619758],[-0.496255,51.619828],[-0.496497,51.619463],[-0.497405,51.619758]]]}},{"type":"Feature","properties":{"name":null,"kind":"water"},"geometry":{"type":"Polygon","coordinates":[[[-0.497439,51.617007],[-0.497325,51.616997],[-0.497313,51.617049],[-0.497427,51.617059],[-0.497439,51.617007]]]}},{"type":"Feature","properties":{"name":"River Ravensbourne","kind":"water"},"geometry":{"type":"LineString","coordinates":[[-0.007827,51.42559],[-0.009789,51.426348]]}},{"type":"Feature","properties":{"name":"River Ravensbourne","kind":"water"},"geometry":{"type":"LineString","coordinates":[[-0.007724,51.425537],[-0.007827,51.42559]]}},{"type":"Feature","properties":{"name":"River Ravensbourne","kind":"water"},"geometry":{"type":"LineString","coordinates":[[-0.007671,51.42551],[-0.007724,51.425537]]}},{"type":"Feature","properties":{"name":"River Ravensbourne","kind":"water"},"geometry":{"type":"LineString","coordinates":[[-0.007131,51.425156],[-0.007671,51.42551]]}},{"type":"Feature","properties":{"name":"River Ravensbourne","kind":"water"},"geometry":{"type":"LineString","coordinates":[[-0.007071,51.425034],[-0.007108,51.42511]]}},{"type":"Feature","properties":{"name":"River Ravensbourne","kind":"water"},"geometry":{"type":"LineString","coordinates":[[-0.007108,51.42511],[-0.007131,51.425156]]}},{"type":"Feature","properties":{"name":null,"kind":"water"},"geometry":{"type":"Polygon","coordinates":[[[-0.488374,51.524705],[-0.488383,51.524653],[-0.488187,51.524698],[-0.488374,51.524705]]]}},{"type":"Feature","properties":{"name":null,"kind":"water"},"geometry":{"type":"Polygon","coordinates":[[[-0.498403,51.516422],[-0.497938,51.516366],[-0.498309,51.517144],[-0.498403,51.516422]]]}},{"type":"Feature","properties":{"name":null,"kind":"water"},"geometry":{"type":"Polygon","coordinates":[[[-0.498114,51.516237],[-0.498105,51.516041],[-0.498412,51.516195],[-0.498114,51.516237]]]}},{"type":"Feature","properties":{"name":null,"kind":"water"},"geometry":{"type":"Polygon","coordinates":[[[-0.497628,51.51617],[-0.497661,51.515986],[-0.49797,51.516121],[-0.497628,51.51617]]]}},{"type":"Feature","properties":{"name":null,"kind":"water"},"geometry":{"type":"Polygon","coordinates":[[[-0.498615,51.516346],[-0.498509,51.516163],[-0.498884,51.516236],[-0.498615,51.516346]]]}},{"type":"Feature","properties":{"name":null,"kind":"water"},"geometry":{"type":"Polygon","coordinates":[[[-0.498595,51.516004],[-0.498551,51.515935],[-0.498686,51.515971],[-0.498595,51.516004]]]}},{"type":"Feature","properties":{"name":null,"kind":"water"},"geometry":{"type":"Polygon","coordinates":[[[-0.498467,51.515859],[-0.498576,51.515798],[-0.49859,51.515862],[-0.498467,51.515859]]]}},{"type":"Feature","properties":{"name":null,"kind":"water"},"geometry":{"type":"Polygon","coordinates":[[[-0.443374,51.564737],[-0.443485,51.564676],[-0.443394,51.564608],[-0.443374,51.564737]]]}},{"type":"Feature","properties":{"name":null,"kind":"water"},"geometry":{"type":"Polygon","coordinates":[[[-0.119292,51.441862],[-0.119351,51.441838],[-0.119287,51.441795],[-0.119292,51.441862]]]}},{"type":"Feature","properties":{"name":null,"kind":"water"},"geometry":{"type":"Polygon","coordinates":[[[-0.489276,51.501667],[-0.488882,51.501806],[-0.490274,51.502371],[-0.489276,51.501667]]]}},{"type":"Feature","properties":{"name":null,"kind":"water"},"geometry":{"type":"Polygon","coordinates":[[[-0.493449,51.508322],[-0.4932,51.509301],[-0.494142,51.509358],[-0.493449,51.508322]]]}},{"type":"Feature","properties":{"name":null,"kind":"water"},"geometry":{"type":"Polygon","coordinates":[[[-0.49237,51.507102],[-0.492025,51.507306],[-0.492838,51.507367],[-0.49237,51.507102]]]}},{"type":"Feature","properties":{"name":null,"kind":"water"},"geometry":{"type":"Polygon","coordinates":[[[-0.048853,51.336777],[-0.048768,51.336757],[-0.048855,51.336697],[-0.048853,51.336777]]]}},{"type":"Feature","properties":{"name":null,"kind":"water"},"geometry":{"type":"Polygon","coordinates":[[[-0.324645,51.543337],[-0.324483,51.543314],[-0.324599,51.543253],[-0.324645,51.543337]]]}},{"type":"Feature","properties":{"name":null,"kind":"water"},"geometry":{"type":"Polygon","coordinates":[[[-0.487695,51.508364],[-0.485729,51.508024],[-0.485697,51.507742],[-0.487695,51.508364]]]}},{"type":"Feature","properties":{"name":null,"kind":"water"},"geometry":{"type":"Polygon","coordinates":[[[-0.487902,51.508645],[-0.488057,51.508296],[-0.488226,51.508587],[-0.487902,51.508645]]]}},{"type":"Feature","properties":{"name":null,"kind":"water"},"geometry":{"type":"Polygon","coordinates":[[[-0.488226,51.508601],[-0.488162,51.50931],[-0.487902,51.508645],[-0.488226,51.508601]]]}},{"type":"Feature","properties":{"name":null,"kind":"water"},"geometry":{"type":"Polygon","coordinates":[[[-0.487803,51.509865],[-0.48741,51.509876],[-0.487977,51.509444],[-0.487803,51.509865]]]}},{"type":"Feature","properties":{"name":null,"kind":"water"},"geometry":{"type":"Polygon","coordinates":[[[-0.014224,51.612912],[-0.014178,51.612763],[-0.014274,51.612795],[-0.014224,51.612912]]]}},{"type":"Feature","properties":{"name":"Paddock Pond","kind":"water"},"geometry":{"type":"Polygon","coordinates":[[[-0.325233,51.542681],[-0.324995,51.54269],[-0.325022,51.542572],[-0.325233,51.542681]]]}},{"type":"Feature","properties":{"name":"Upper Farm Pond","kind":"water"},"geometry":{"type":"Polygon","coordinates":[[[-0.321492,51.545026],[-0.32137,51.545042],[-0.321377,51.544983],[-0.321492,51.545026]]]}},{"type":"Feature","properties":{"name":null,"kind":"water"},"geometry":{"type":"Polygon","coordinates":[[[-0.386446,51.54687],[-0.386344,51.546897],[-0.3862,51.546693],[-0.386446,51.54687]]]}},{"type":"Feature","properties":{"name":null,"kind":"water"},"geometry":{"type":"Polygon","coordinates":[[[-0.390643,51.547457],[-0.390682,51.547497],[-0.390467,51.547539],[-0.390643,51.547457]]]}},{"type":"Feature","properties":{"name":null,"kind":"water"},"geometry":{"type":"Polygon","coordinates":[[[-0.388745,51.548229],[-0.388812,51.548303],[-0.388518,51.548319],[-0.388745,51.548229]]]}},{"type":"Feature","properties":{"name":null,"kind":"water"},"geometry":{"type":"Polygon","coordinates":[[[-0.417757,51.536845],[-0.417588,51.536825],[-0.41765,51.536725],[-0.417757,51.536845]]]}},{"type":"Feature","properties":{"name":"Michael Frost Pond","kind":"water"},"geometry":{"type":"Polygon","coordinates":[[[-0.418469,51.536832],[-0.41821,51.536733],[-0.418283,51.53661],[-0.418469,51.536832]]]}},{"type":"Feature","properties":{"name":null,"kind":"water"},"geometry":{"type":"Polygon","coordinates":[[[-0.492091,51.516072],[-0.491871,51.515788],[-0.49144,51.515748],[-0.492091,51.516072]]]}},{"type":"Feature","properties":{"name":null,"kind":"water"},"geometry":{"type":"Polygon","coordinates":[[[-0.49224,51.517896],[-0.492091,51.516072],[-0.491947,51.518264],[-0.49224,51.517896]]]}},{"type":"Feature","properties":{"name":null,"kind":"water"},"geometry":{"type":"Polygon","coordinates":[[[-0.491775,51.518899],[-0.491932,51.518569],[-0.491465,51.518745],[-0.491775,51.518899]]]}},{"type":"Feature","properties":{"name":null,"kind":"water"},"geometry":{"type":"Polygon","coordinates":[[[-0.491623,51.518715],[-0.491886,51.518405],[-0.491387,51.517994],[-0.491623,51.518715]]]}},{"type":"Feature","properties":{"name":null,"kind":"water"},"geometry":{"type":"Polygon","coordinates":[[[-0.080285,51.674584],[-0.080232,51.674837],[-0.080041,51.674919],[-0.080285,51.674584]]]}},{"type":"Feature","properties":{"name":null,"kind":"water"},"geometry":{"type":"Polygon","coordinates":[[[-0.487501,51.510508],[-0.487354,51.510166],[-0.487822,51.510088],[-0.487501,51.510508]]]}},{"type":"Feature","properties":{"name":null,"kind":"water"},"geometry":{"type":"Polygon","coordinates":[[[0.102709,51.616213],[0.102793,51.615826],[0.102458,51.615976],[0.102709,51.616213]]]}},{"type":"Feature","properties":{"name":null,"kind":"water"},"geometry":{"type":"Polygon","coordinates":[[[-0.490375,51.525536],[-0.490219,51.52546],[-0.490468,51.525792],[-0.490375,51.525536]]]}},{"type":"Feature","properties":{"name":"River Brent","kind":"water"},"geometry":{"type":"LineString","coordinates":[[-0.212598,51.581332],[-0.212676,51.581263]]}},{"type":"Feature","properties":{"name":"River Brent","kind":"water"},"geometry":{"type":"LineString","coordinates":[[-0.212542,51.581385],[-0.212598,51.581332]]}},{"type":"Feature","properties":{"name":"River Brent","kind":"water"},"geometry":{"type":"LineString","coordinates":[[-0.212538,51.58139],[-0.212542,51.581385]]}},{"type":"Feature","properties":{"name":"River Brent","kind":"water"},"geometry":{"type":"LineString","coordinates":[[-0.212676,51.581263],[-0.212733,51.581213]]}},{"type":"Feature","properties":{"name":"Mutton Brook","kind":"water"},"geometry":{"type":"LineString","coordinates":[[-0.181189,51.585024],[-0.183555,51.585076]]}},{"type":"Feature","properties":{"name":"Mutton Brook","kind":"water"},"geometry":{"type":"LineString","coordinates":[[-0.180944,51.584983],[-0.181189,51.585024]]}},{"type":"Feature","properties":{"name":null,"kind":"water"},"geometry":{"type":"Polygon","coordinates":[[[-0.485588,51.529292],[-0.485183,51.529286],[-0.48444,51.529742],[-0.485588,51.529292]]]}},{"type":"Feature","properties":{"name":null,"kind":"water"},"geometry":{"type":"Polygon","coordinates":[[[-0.485923,51.529054],[-0.487265,51.527515],[-0.486427,51.527879],[-0.485923,51.529054]]]}},{"type":"Feature","properties":{"name":null,"kind":"water"},"geometry":{"type":"Polygon","coordinates":[[[-0.402924,51.509109],[-0.402723,51.508558],[-0.402664,51.509067],[-0.402924,51.509109]]]}},{"type":"Feature","properties":{"name":null,"kind":"water"},"geometry":{"type":"Polygon","coordinates":[[[-0.489482,51.511589],[-0.489551,51.511542],[-0.489393,51.511581],[-0.489482,51.511589]]]}},{"type":"Feature","properties":{"name":null,"kind":"water"},"geometry":{"type":"Polygon","coordinates":[[[-0.491643,51.51559],[-0.489277,51.5142],[-0.489844,51.513344],[-0.489685,51.511711],[-0.487281,51.510558],[-0.490008,51.51178],[-0.489885,51.514018],[-0.491643,51.51559]]]}},{"type":"Feature","properties":{"name":null,"kind":"water"},"geometry":{"type":"Polygon","coordinates":[[[-0.498826,51.518582],[-0.498849,51.518494],[-0.498656,51.518431],[-0.498826,51.518582]]]}},{"type":"Feature","properties":{"name":null,"kind":"water"},"geometry":{"type":"Polygon","coordinates":[[[-0.498587,51.518488],[-0.498348,51.518365],[-0.498368,51.518133],[-0.498587,51.518488]]]}},{"type":"Feature","properties":{"name":null,"kind":"water"},"geometry":{"type":"Polygon","coordinates":[[[-0.498384,51.518058],[-0.498246,51.518107],[-0.498254,51.517697],[-0.498384,51.518058]]]}},{"type":"Feature","properties":{"name":"River Pinn","kind":"water"},"geometry":{"type":"LineString","coordinates":[[-0.381304,51.589861],[-0.380851,51.589146],[-0.381668,51.586802],[-0.385971,51.587631],[-0.388441,51.588888],[-0.390413,51.589003],[-0.39195,51.588126],[-0.39391,51.588548],[-0.395657,51.589883],[-0.397234,51.589888],[-0.403982,51.587513],[-0.405742,51.585571],[-0.407976,51.584638],[-0.418285,51.581538],[-0.428527,51.580206],[-0.433044,51.578465],[-0.438285,51.57839],[-0.442268,51.575436],[-0.448871,51.575672],[-0.450308,51.573789],[-0.452135,51.573535],[-0.454295,51.571465],[-0.453877,51.571108],[-0.454572,51.570536],[-0.453714,51.569995],[-0.45406,51.569295],[-0.452626,51.565331]]}},{"type":"Feature","properties":{"name":null,"kind":"water"},"geometry":{"type":"Polygon","coordinates":[[[-0.218988,51.663655],[-0.218553,51.663722],[-0.219331,51.663453],[-0.218988,51.663655]]]}},{"type":"Feature","properties":{"name":null,"kind":"water"},"geometry":{"type":"Polygon","coordinates":[[[-0.219331,51.663183],[-0.219356,51.663005],[-0.21873,51.663028],[-0.219331,51.663183]]]}},{"type":"Feature","properties":{"name":null,"kind":"water"},"geometry":{"type":"Polygon","coordinates":[[[-0.218001,51.662023],[-0.217967,51.661851],[-0.217881,51.661924],[-0.218001,51.662023]]]}},{"type":"Feature","properties":{"name":null,"kind":"water"},"geometry":{"type":"Polygon","coordinates":[[[-0.474011,51.554242],[-0.473692,51.554268],[-0.473574,51.553977],[-0.474011,51.554242]]]}},{"type":"Feature","properties":{"name":null,"kind":"water"},"geometry":{"type":"Polygon","coordinates":[[[-0.49335,51.520039],[-0.493457,51.519939],[-0.494557,51.520518],[-0.49335,51.520039]]]}},{"type":"Feature","properties":{"name":null,"kind":"water"},"geometry":{"type":"Polygon","coordinates":[[[-0.494976,51.521065],[-0.49585,51.520837],[-0.495407,51.52125],[-0.494976,51.521065]]]}},{"type":"Feature","properties":{"name":"River Cray","kind":"water"},"geometry":{"type":"LineString","coordinates":[[0.191906,51.453072],[0.195144,51.453618],[0.197779,51.456931]]}},{"type":"Feature","properties":{"name":"River Cray","kind":"water"},"geometry":{"type":"LineString","coordinates":[[0.191588,51.453097],[0.19173,51.453087]]}},{"type":"Feature","properties":{"name":"River Cray","kind":"water"},"geometry":{"type":"LineString","coordinates":[[0.19173,51.453087],[0.191906,51.453072]]}},{"type":"Feature","properties":{"name":"River Graveney","kind":"water"},"geometry":{"type":"LineString","coordinates":[[-0.164907,51.420295],[-0.168821,51.421047],[-0.173011,51.422841]]}},{"type":"Feature","properties":{"name":"River Graveney","kind":"water"},"geometry":{"type":"LineString","coordinates":[[-0.17307,51.422866],[-0.182318,51.424678]]}},{"type":"Feature","properties":{"name":"River Cray","kind":"water"},"geometry":{"type":"LineString","coordinates":[[0.151609,51.440671],[0.151637,51.440853]]}},{"type":"Feature","properties":{"name":"River Cray","kind":"water"},"geometry":{"type":"LineString","coordinates":[[0.151637,51.440853],[0.151683,51.440962]]}},{"type":"Feature","properties":{"name":"Grand Union Canal","kind":"water"},"geometry":{"type":"LineString","coordinates":[[-0.479214,51.517066],[-0.477285,51.513706],[-0.473218,51.511195]]}},{"type":"Feature","properties":{"name":"Grand Union Canal","kind":"water"},"geometry":{"type":"LineString","coordinates":[[-0.473218,51.511195],[-0.473103,51.5111]]}},{"type":"Feature","properties":{"name":"Grand Union Canal","kind":"water"},"geometry":{"type":"LineString","coordinates":[[-0.473103,51.5111],[-0.47304,51.511048]]}},{"type":"Feature","properties":{"name":null,"kind":"water"},"geometry":{"type":"Polygon","coordinates":[[[-0.232014,51.503814],[-0.231947,51.503816],[-0.231971,51.503791],[-0.232014,51.503814]]]}},{"type":"Feature","properties":{"name":null,"kind":"water"},"geometry":{"type":"Polygon","coordinates":[[[-0.368614,51.435584],[-0.368371,51.43538],[-0.368274,51.435518],[-0.368614,51.435584]]]}},{"type":"Feature","properties":{"name":null,"kind":"water"},"geometry":{"type":"Polygon","coordinates":[[[-0.287573,51.401661],[-0.287727,51.401688],[-0.287633,51.401809],[-0.287573,51.401661]]]}},{"type":"Feature","properties":{"name":null,"kind":"water"},"geometry":{"type":"Polygon","coordinates":[[[-0.287931,51.401702],[-0.288085,51.401729],[-0.287991,51.40185],[-0.287931,51.401702]]]}},{"type":"Feature","properties":{"name":null,"kind":"water"},"geometry":{"type":"Polygon","coordinates":[[[-0.287507,51.401887],[-0.287661,51.401914],[-0.287567,51.402035],[-0.287507,51.401887]]]}},{"type":"Feature","properties":{"name":null,"kind":"water"},"geometry":{"type":"Polygon","coordinates":[[[-0.287869,51.401929],[-0.288023,51.401956],[-0.28793,51.402077],[-0.287869,51.401929]]]}},{"type":"Feature","properties":{"name":null,"kind":"water"},"geometry":{"type":"Polygon","coordinates":[[[-0.285194,51.401511],[-0.285458,51.401721],[-0.285062,51.401658],[-0.285194,51.401511]]]}},{"type":"Feature","properties":{"name":null,"kind":"water"},"geometry":{"type":"Polygon","coordinates":[[[-0.285112,51.401848],[-0.285376,51.402057],[-0.284981,51.401994],[-0.285112,51.401848]]]}},{"type":"Feature","properties":{"name":null,"kind":"water"},"geometry":{"type":"Polygon","coordinates":[[[-0.285775,51.401578],[-0.286039,51.401787],[-0.285643,51.401725],[-0.285775,51.401578]]]}},{"type":"Feature","properties":{"name":null,"kind":"water"},"geometry":{"type":"Polygon","coordinates":[[[-0.285669,51.401915],[-0.285933,51.402124],[-0.285537,51.402061],[-0.285669,51.401915]]]}},{"type":"Feature","properties":{"name":null,"kind":"water"},"geometry":{"type":"Polygon","coordinates":[[[-0.288559,51.402524],[-0.28868,51.402618],[-0.28851,51.402676],[-0.288559,51.402524]]]}},{"type":"Feature","properties":{"name":null,"kind":"water"},"geometry":{"type":"Polygon","coordinates":[[[-0.288496,51.402734],[-0.288617,51.402829],[-0.288446,51.402887],[-0.288496,51.402734]]]}},{"type":"Feature","properties":{"name":null,"kind":"water"},"geometry":{"type":"Polygon","coordinates":[[[-0.287811,51.402133],[-0.287962,51.402157],[-0.287877,51.402276],[-0.287811,51.402133]]]}},{"type":"Feature","properties":{"name":null,"kind":"water"},"geometry":{"type":"Polygon","coordinates":[[[-0.287441,51.402091],[-0.287592,51.402115],[-0.287506,51.402234],[-0.287441,51.402091]]]}},{"type":"Feature","properties":{"name":null,"kind":"water"},"geometry":{"type":"Polygon","coordinates":[[[-0.287377,51.402318],[-0.287527,51.402341],[-0.287442,51.402461],[-0.287377,51.402318]]]}},{"type":"Feature","properties":{"name":null,"kind":"water"},"geometry":{"type":"Polygon","coordinates":[[[-0.287739,51.402367],[-0.28789,51.40239],[-0.287805,51.402509],[-0.287739,51.402367]]]}},{"type":"Feature","properties":{"name":null,"kind":"water"},"geometry":{"type":"Polygon","coordinates":[[[-0.281925,51.401123],[-0.282344,51.401091],[-0.282298,51.401328],[-0.281925,51.401123]]]}},{"type":"Feature","properties":{"name":null,"kind":"water"},"geometry":{"type":"Polygon","coordinates":[[[-0.281335,51.401059],[-0.281754,51.401027],[-0.281708,51.401265],[-0.281335,51.401059]]]}},{"type":"Feature","properties":{"name":null,"kind":"water"},"geometry":{"type":"Polygon","coordinates":[[[-0.281233,51.401434],[-0.281652,51.401402],[-0.281606,51.40164],[-0.281233,51.401434]]]}},{"type":"Feature","properties":{"name":null,"kind":"water"},"geometry":{"type":"Polygon","coordinates":[[[-0.281823,51.401504],[-0.282242,51.401472],[-0.282197,51.40171],[-0.281823,51.401504]]]}},{"type":"Feature","properties":{"name":null,"kind":"water"},"geometry":{"type":"Polygon","coordinates":[[[-0.283347,51.40198],[-0.283766,51.401947],[-0.283766,51.40216],[-0.283347,51.40198]]]}},{"type":"Feature","properties":{"name":null,"kind":"water"},"geometry":{"type":"Polygon","coordinates":[[[-0.283127,51.402599],[-0.283546,51.402566],[-0.283546,51.402779],[-0.283127,51.402599]]]}},{"type":"Feature","properties":{"name":null,"kind":"water"},"geometry":{"type":"Polygon","coordinates":[[[-0.283019,51.40299],[-0.283438,51.402958],[-0.283393,51.403196],[-0.283019,51.40299]]]}},{"type":"Feature","properties":{"name":null,"kind":"water"},"geometry":{"type":"Polygon","coordinates":[[[-0.283695,51.402662],[-0.284114,51.40263],[-0.284069,51.402868],[-0.283695,51.402662]]]}},{"type":"Feature","properties":{"name":null,"kind":"water"},"geometry":{"type":"Polygon","coordinates":[[[-0.283577,51.403061],[-0.283996,51.403028],[-0.283997,51.403241],[-0.283577,51.403061]]]}},{"type":"Feature","properties":{"name":null,"kind":"water"},"geometry":{"type":"Polygon","coordinates":[[[-0.284468,51.402759],[-0.284887,51.402727],[-0.284841,51.402965],[-0.284468,51.402759]]]}},{"type":"Feature","properties":{"name":null,"kind":"water"},"geometry":{"type":"Polygon","coordinates":[[[-0.285036,51.40282],[-0.285455,51.402787],[-0.28541,51.403025],[-0.285036,51.40282]]]}},{"type":"Feature","properties":{"name":null,"kind":"water"},"geometry":{"type":"Polygon","coordinates":[[[-0.284356,51.403147],[-0.284775,51.403115],[-0.28473,51.403352],[-0.284356,51.403147]]]}},{"type":"Feature","properties":{"name":null,"kind":"water"},"geometry":{"type":"Polygon","coordinates":[[[-0.284927,51.403212],[-0.285346,51.403179],[-0.285301,51.403417],[-0.284927,51.403212]]]}},{"type":"Feature","properties":{"name":null,"kind":"water"},"geometry":{"type":"Polygon","coordinates":[[[-0.495186,51.520888],[-0.495099,51.520839],[-0.495212,51.520869],[-0.495186,51.520888]]]}},{"type":"Feature","properties":{"name":null,"kind":"water"},"geometry":{"type":"Polygon","coordinates":[[[-0.495065,51.520822],[-0.494523,51.520542],[-0.494668,51.520567],[-0.495065,51.520822]]]}},{"type":"Feature","properties":{"name":null,"kind":"water"},"geometry":{"type":"Polygon","coordinates":[[[-0.494943,51.521623],[-0.495407,51.52125],[-0.494913,51.521609],[-0.494943,51.521623]]]}},{"type":"Feature","properties":{"name":null,"kind":"water"},"geometry":{"type":"Polygon","coordinates":[[[-0.494943,51.521623],[-0.494258,51.522101],[-0.49423,51.522085],[-0.494943,51.521623]]]}},{"type":"Feature","properties":{"name":null,"kind":"water"},"geometry":{"type":"Polygon","coordinates":[[[-0.494258,51.522101],[-0.493706,51.522488],[-0.493673,51.522473],[-0.494258,51.522101]]]}},{"type":"Feature","properties":{"name":null,"kind":"water"},"geometry":{"type":"Polygon","coordinates":[[[-0.493673,51.522473],[-0.49154,51.523386],[-0.493706,51.522488],[-0.493673,51.522473]]]}},{"type":"Feature","properties":{"name":null,"kind":"water"},"geometry":{"type":"Polygon","coordinates":[[[-0.491007,51.524407],[-0.490961,51.524396],[-0.491345,51.523848],[-0.491007,51.524407]]]}},{"type":"Feature","properties":{"name":null,"kind":"water"},"geometry":{"type":"Polygon","coordinates":[[[-0.491378,51.523857],[-0.491563,51.523403],[-0.49148,51.523428],[-0.491378,51.523857]]]}},{"type":"Feature","properties":{"name":null,"kind":"water"},"geometry":{"type":"Polygon","coordinates":[[[-0.49116,51.525539],[-0.490935,51.524445],[-0.491097,51.524823],[-0.49116,51.525539]]]}},{"type":"Feature","properties":{"name":null,"kind":"water"},"geometry":{"type":"Polygon","coordinates":[[[-0.49116,51.525539],[-0.49118,51.525977],[-0.491109,51.525539],[-0.49116,51.525539]]]}},{"type":"Feature","properties":{"name":null,"kind":"water"},"geometry":{"type":"Polygon","coordinates":[[[-0.49094,51.5262],[-0.491178,51.526079],[-0.49118,51.525977],[-0.49094,51.5262]]]}},{"type":"Feature","properties":{"name":null,"kind":"water"},"geometry":{"type":"Polygon","coordinates":[[[-0.491563,51.523403],[-0.493105,51.522751],[-0.491563,51.523339],[-0.491563,51.523403]]]}},{"type":"Feature","properties":{"name":null,"kind":"water"},"geometry":{"type":"Polygon","coordinates":[[[-0.491329,51.519411],[-0.493367,51.520023],[-0.491427,51.519418],[-0.491329,51.519411]]]}},{"type":"Feature","properties":{"name":null,"kind":"water"},"geometry":{"type":"Polygon","coordinates":[[[-0.491775,51.518899],[-0.490427,51.520423],[-0.4906,51.519652],[-0.491775,51.518899]]]}},{"type":"Feature","properties":{"name":null,"kind":"water"},"geometry":{"type":"Polygon","coordinates":[[[-0.020722,51.498904],[-0.020891,51.498627],[-0.020939,51.498897],[-0.020722,51.498904]]]}},{"type":"Feature","properties":{"name":null,"kind":"water"},"geometry":{"type":"Polygon","coordinates":[[[-0.019456,51.49928],[-0.019385,51.499212],[-0.019526,51.499183],[-0.019456,51.49928]]]}},{"type":"Feature","properties":{"name":"Yeading Brook","kind":"water"},"geometry":{"type":"LineString","coordinates":[[-0.364152,51.586266],[-0.364657,51.585928]]}},{"type":"Feature","properties":{"name":"Yeading Brook","kind":"water"},"geometry":{"type":"LineString","coordinates":[[-0.364657,51.585928],[-0.3654,51.585728]]}},{"type":"Feature","properties":{"name":"Yeading Brook","kind":"water"},"geometry":{"type":"LineString","coordinates":[[-0.3654,51.585728],[-0.374763,51.584102]]}},{"type":"Feature","properties":{"name":"Yeading Brook","kind":"water"},"geometry":{"type":"LineString","coordinates":[[-0.374763,51.584102],[-0.375118,51.58399]]}},{"type":"Feature","properties":{"name":null,"kind":"water"},"geometry":{"type":"Polygon","coordinates":[[[0.049586,51.614368],[0.049667,51.613343],[0.050015,51.614306],[0.049586,51.614368]]]}},{"type":"Feature","properties":{"name":null,"kind":"water"},"geometry":{"type":"Polygon","coordinates":[[[0.049084,51.614432],[0.049213,51.613546],[0.049514,51.614378],[0.049084,51.614432]]]}},{"type":"Feature","properties":{"name":null,"kind":"water"},"geometry":{"type":"Polygon","coordinates":[[[0.049897,51.615259],[0.04961,51.614424],[0.050042,51.614368],[0.050334,51.615204],[0.049897,51.615259]]]}},{"type":"Feature","properties":{"name":null,"kind":"water"},"geometry":{"type":"Polygon","coordinates":[[[0.049377,51.61524],[0.0491,51.614483],[0.049543,51.614431],[0.049377,51.61524]]]}},{"type":"Feature","properties":{"name":null,"kind":"water"},"geometry":{"type":"Polygon","coordinates":[[[0.013565,51.373586],[0.013697,51.373871],[0.013514,51.374045],[0.013565,51.373586]]]}},{"type":"Feature","properties":{"name":"River Graveney","kind":"water"},"geometry":{"type":"LineString","coordinates":[[-0.173242,51.422724],[-0.174264,51.421994]]}},{"type":"Feature","properties":{"name":"River Graveney","kind":"water"},"geometry":{"type":"LineString","coordinates":[[-0.173011,51.422841],[-0.173242,51.422724]]}},{"type":"Feature","properties":{"name":"River Graveney","kind":"water"},"geometry":{"type":"LineString","coordinates":[[-0.173011,51.422841],[-0.17307,51.422866]]}},{"type":"Feature","properties":{"name":"St Thomas Creek","kind":"water"},"geometry":{"type":"LineString","coordinates":[[-0.011143,51.532188],[-0.009599,51.532844]]}},{"type":"Feature","properties":{"name":"St Thomas Creek","kind":"water"},"geometry":{"type":"LineString","coordinates":[[-0.011245,51.532151],[-0.011143,51.532188]]}},{"type":"Feature","properties":{"name":"St Thomas Creek","kind":"water"},"geometry":{"type":"LineString","coordinates":[[-0.011309,51.532127],[-0.011245,51.532151]]}},{"type":"Feature","properties":{"name":null,"kind":"water"},"geometry":{"type":"Polygon","coordinates":[[[-0.48888,51.584222],[-0.487783,51.583701],[-0.488203,51.584483],[-0.489095,51.584578],[-0.48888,51.584222]]]}},{"type":"Feature","properties":{"name":"River Crane","kind":"water"},"geometry":{"type":"Polygon","coordinates":[[[-0.354977,51.444149],[-0.351237,51.446271],[-0.346637,51.447014],[-0.351506,51.44611],[-0.354977,51.444149]]]}},{"type":"Feature","properties":{"name":"River Crane","kind":"water"},"geometry":{"type":"Polygon","coordinates":[[[-0.369215,51.442392],[-0.366159,51.441518],[-0.363006,51.442012],[-0.365636,51.44143],[-0.369215,51.442392]]]}},{"type":"Feature","properties":{"name":"River Crane","kind":"water"},"geometry":{"type":"Polygon","coordinates":[[[-0.373659,51.443562],[-0.373264,51.44372],[-0.372437,51.443565],[-0.373659,51.443562]]]}},{"type":"Feature","properties":{"name":"Round Pond","kind":"water"},"geometry":{"type":"Polygon","coordinates":[[[-0.184664,51.505366],[-0.184657,51.506273],[-0.183079,51.50669],[-0.181743,51.505889],[-0.183575,51.505077],[-0.184664,51.505366]]]}},{"type":"Feature","properties":{"name":null,"kind":"water"},"geometry":{"type":"LineString","coordinates":[[0.074314,51.502069],[0.079119,51.501111]]}},{"type":"Feature","properties":{"name":null,"kind":"water"},"geometry":{"type":"LineString","coordinates":[[0.070586,51.502769],[0.072909,51.502333]]}},{"type":"Feature","properties":{"name":null,"kind":"water"},"geometry":{"type":"LineString","coordinates":[[0.072909,51.502333],[0.073964,51.502135]]}},{"type":"Feature","properties":{"name":"King George V Lock (quarter lock)","kind":"water"},"geometry":{"type":"Polygon","coordinates":[[[0.073072,51.502463],[0.074048,51.50229],[0.07398,51.501964],[0.073072,51.502463]]]}},{"type":"Feature","properties":{"name":"King George V Lock (three-quarter lock)","kind":"water"},"geometry":{"type":"Polygon","coordinates":[[[0.073072,51.502463],[0.070761,51.502889],[0.07062,51.502612],[0.073072,51.502463]]]}},{"type":"Feature","properties":{"name":null,"kind":"water"},"geometry":{"type":"LineString","coordinates":[[0.081505,51.503487],[0.076787,51.504896]]}},{"type":"Feature","properties":{"name":null,"kind":"water"},"geometry":{"type":"LineString","coordinates":[[0.076684,51.50491],[0.076239,51.504967]]}},{"type":"Feature","properties":{"name":null,"kind":"water"},"geometry":{"type":"Polygon","coordinates":[[[-0.086665,51.574289],[-0.097269,51.573707],[-0.094719,51.573629],[-0.089865,51.574427],[-0.086665,51.574289]]]}},{"type":"Feature","properties":{"name":null,"kind":"water"},"geometry":{"type":"Polygon","coordinates":[[[-0.037275,51.630484],[-0.037285,51.630448],[-0.037257,51.630445],[-0.037247,51.630481],[-0.037275,51.630484]]]}},{"type":"Feature","properties":{"name":null,"kind":"water"},"geometry":{"type":"Polygon","coordinates":[[[-0.340525,51.401044],[-0.341496,51.401019],[-0.341384,51.400642],[-0.340525,51.401044]]]}},{"type":"Feature","properties":{"name":null,"kind":"water"},"geometry":{"type":"Polygon","coordinates":[[[0.068376,51.490172],[0.068501,51.49011],[0.068198,51.490125],[0.068376,51.490172]]]}},{"type":"Feature","properties":{"name":null,"kind":"water"},"geometry":{"type":"Polygon","coordinates":[[[0.068007,51.490355],[0.067916,51.490286],[0.068232,51.490244],[0.068007,51.490355]]]}},{"type":"Feature","properties":{"name":null,"kind":"water"},"geometry":{"type":"Polygon","coordinates":[[[0.047205,51.447004],[0.047246,51.446996],[0.047219,51.446947],[0.047205,51.447004]]]}},{"type":"Feature","properties":{"name":null,"kind":"water"},"geometry":{"type":"Polygon","coordinates":[[[0.049664,51.456158],[0.049589,51.456148],[0.04959,51.456189],[0.049664,51.456158]]]}},{"type":"Feature","properties":{"name":"River Wandle","kind":"water"},"geometry":{"type":"LineString","coordinates":[[-0.191823,51.450282],[-0.191652,51.451652]]}},{"type":"Feature","properties":{"name":"River Pinn","kind":"water"},"geometry":{"type":"LineString","coordinates":[[-0.382441,51.593933],[-0.382372,51.593554]]}},{"type":"Feature","properties":{"name":"River Pinn","kind":"water"},"geometry":{"type":"LineString","coordinates":[[-0.382174,51.594194],[-0.382441,51.593933]]}},{"type":"Feature","properties":{"name":null,"kind":"water"},"geometry":{"type":"Polygon","coordinates":[[[0.039394,51.494034],[0.03948,51.493998],[0.039408,51.49393],[0.039394,51.494034]]]}},{"type":"Feature","properties":{"name":null,"kind":"water"},"geometry":{"type":"Polygon","coordinates":[[[0.287503,51.538514],[0.287934,51.538583],[0.287298,51.539826],[0.287503,51.538514]]]}},{"type":"Feature","properties":{"name":"St Katharine Docks Lock","kind":"water"},"geometry":{"type":"LineString","coordinates":[[-0.072345,51.50605],[-0.072058,51.506548]]}},{"type":"Feature","properties":{"name":null,"kind":"water"},"geometry":{"type":"Polygon","coordinates":[[[-0.193001,51.453994],[-0.191687,51.452948],[-0.191641,51.451612],[-0.191605,51.453065],[-0.193001,51.453994]]]}},{"type":"Feature","properties":{"name":null,"kind":"water"},"geometry":{"type":"Polygon","coordinates":[[[-0.191546,51.451636],[-0.19168,51.450465],[-0.191395,51.451573],[-0.191546,51.451636]]]}},{"type":"Feature","properties":{"name":null,"kind":"water"},"geometry":{"type":"Polygon","coordinates":[[[-0.191546,51.451636],[-0.191763,51.450344],[-0.191544,51.451555],[-0.191641,51.451612],[-0.191546,51.451636]]]}},{"type":"Feature","properties":{"name":null,"kind":"water"},"geometry":{"type":"Polygon","coordinates":[[[-0.191829,51.450364],[-0.193247,51.447608],[-0.19215,51.448533],[-0.191829,51.450364]]]}},{"type":"Feature","properties":{"name":null,"kind":"water"},"geometry":{"type":"Polygon","coordinates":[[[-0.193247,51.447608],[-0.193449,51.447027],[-0.193213,51.444941],[-0.193247,51.447608]]]}},{"type":"Feature","properties":{"name":null,"kind":"water"},"geometry":{"type":"Polygon","coordinates":[[[-0.193051,51.445027],[-0.192348,51.443241],[-0.190048,51.442555],[-0.189947,51.441529],[-0.190442,51.442722],[-0.192228,51.443043],[-0.190109,51.442537],[-0.190034,51.44151],[-0.190475,51.442679],[-0.192314,51.443008],[-0.193051,51.445027]]]}},{"type":"Feature","properties":{"name":null,"kind":"water"},"geometry":{"type":"Polygon","coordinates":[[[-0.190117,51.441499],[-0.190218,51.440732],[-0.18907,51.439068],[-0.190117,51.441499]]]}},{"type":"Feature","properties":{"name":null,"kind":"water"},"geometry":{"type":"Polygon","coordinates":[[[-0.190121,51.441474],[-0.190444,51.441392],[-0.190118,51.441432],[-0.190121,51.441474]]]}},{"type":"Feature","properties":{"name":"River Wandle","kind":"water"},"geometry":{"type":"LineString","coordinates":[[-0.189257,51.438998],[-0.189477,51.4395]]}},{"type":"Feature","properties":{"name":null,"kind":"water"},"geometry":{"type":"Polygon","coordinates":[[[-0.189384,51.439112],[-0.189778,51.436315],[-0.191175,51.433206],[-0.188135,51.428782],[-0.191086,51.433555],[-0.189719,51.436036],[-0.189384,51.439112]]]}},{"type":"Feature","properties":{"name":"River Wandle","kind":"water"},"geometry":{"type":"LineString","coordinates":[[-0.194864,51.462356],[-0.195189,51.463898]]}},{"type":"Feature","properties":{"name":null,"kind":"water"},"geometry":{"type":"Polygon","coordinates":[[[-0.288769,51.482138],[-0.288784,51.482071],[-0.288672,51.482063],[-0.288769,51.482138]]]}},{"type":"Feature","properties":{"name":null,"kind":"water"},"geometry":{"type":"Polygon","coordinates":[[[-0.288503,51.482118],[-0.288513,51.48205],[-0.288624,51.482058],[-0.288503,51.482118]]]}},{"type":"Feature","properties":{"name":null,"kind":"water"},"geometry":{"type":"Polygon","coordinates":[[[-0.288765,51.482164],[-0.288744,51.48226],[-0.288708,51.482257],[-0.288729,51.482161],[-0.288765,51.482164]]]}},{"type":"Feature","properties":{"name":null,"kind":"water"},"geometry":{"type":"Polygon","coordinates":[[[-0.288533,51.482144],[-0.288511,51.48224],[-0.288496,51.48214],[-0.288533,51.482144]]]}},{"type":"Feature","properties":{"name":null,"kind":"water"},"geometry":{"type":"Polygon","coordinates":[[[-0.288471,51.482262],[-0.288457,51.482329],[-0.288568,51.482337],[-0.288471,51.482262]]]}},{"type":"Feature","properties":{"name":null,"kind":"water"},"geometry":{"type":"Polygon","coordinates":[[[-0.288738,51.482281],[-0.288728,51.482349],[-0.288617,51.482341],[-0.288738,51.482281]]]}},{"type":"Feature","properties":{"name":null,"kind":"water"},"geometry":{"type":"Polygon","coordinates":[[[-0.476652,51.50149],[-0.476643,51.501381],[-0.476873,51.501434],[-0.476652,51.50149]]]}},{"type":"Feature","properties":{"name":null,"kind":"water"},"geometry":{"type":"Polygon","coordinates":[[[-0.14265,51.416349],[-0.142642,51.416389],[-0.142573,51.416364],[-0.14265,51.416349]]]}},{"type":"Feature","properties":{"name":null,"kind":"water"},"geometry":{"type":"Polygon","coordinates":[[[-0.067131,51.53269],[-0.06703,51.532885],[-0.067004,51.532694],[-0.067131,51.53269]]]}},{"type":"Feature","properties":{"name":"River Wandle","kind":"water"},"geometry":{"type":"LineString","coordinates":[[-0.158093,51.375374],[-0.15854,51.376332],[-0.160063,51.376962]]}},{"type":"Feature","properties":{"name":"River Wandle","kind":"water"},"geometry":{"type":"LineString","coordinates":[[-0.160063,51.376962],[-0.160248,51.37702]]}},{"type":"Feature","properties":{"name":null,"kind":"water"},"geometry":{"type":"Polygon","coordinates":[[[-0.17971,51.468547],[-0.17969,51.468637],[-0.179479,51.46855],[-0.17971,51.468547]]]}},{"type":"Feature","properties":{"name":null,"kind":"water"},"geometry":{"type":"Polygon","coordinates":[[[-0.372552,51.435085],[-0.37272,51.435087],[-0.372116,51.43487],[-0.372552,51.435085]]]}},{"type":"Feature","properties":{"name":null,"kind":"water"},"geometry":{"type":"Polygon","coordinates":[[[-0.055829,51.357177],[-0.055847,51.357183],[-0.05581,51.357201],[-0.055829,51.357177]]]}},{"type":"Feature","properties":{"name":null,"kind":"water"},"geometry":{"type":"Polygon","coordinates":[[[-0.186997,51.5683],[-0.186899,51.56828],[-0.186992,51.56824],[-0.186997,51.5683]]]}},{"type":"Feature","properties":{"name":null,"kind":"water"},"geometry":{"type":"Polygon","coordinates":[[[-0.462415,51.529136],[-0.462587,51.529334],[-0.462276,51.529802],[-0.462415,51.529136]]]}},{"type":"Feature","properties":{"name":null,"kind":"water"},"geometry":{"type":"Polygon","coordinates":[[[-0.462186,51.529983],[-0.462245,51.529863],[-0.462106,51.529879],[-0.462186,51.529983]]]}},{"type":"Feature","properties":{"name":null,"kind":"water"},"geometry":{"type":"Polygon","coordinates":[[[-0.461785,51.531736],[-0.461762,51.531765],[-0.461816,51.53179],[-0.461785,51.531736]]]}},{"type":"Feature","properties":{"name":null,"kind":"water"},"geometry":{"type":"Polygon","coordinates":[[[-0.482933,51.502073],[-0.482274,51.50278],[-0.483184,51.501807],[-0.482933,51.502073]]]}},{"type":"Feature","properties":{"name":null,"kind":"water"},"geometry":{"type":"Polygon","coordinates":[[[-0.485799,51.489132],[-0.485657,51.489114],[-0.485723,51.489236],[-0.485799,51.489132]]]}},{"type":"Feature","properties":{"name":null,"kind":"water"},"geometry":{"type":"Polygon","coordinates":[[[-0.291392,51.495436],[-0.290974,51.494444],[-0.291451,51.494468],[-0.291392,51.495436]]]}},{"type":"Feature","properties":{"name":null,"kind":"water"},"geometry":{"type":"Polygon","coordinates":[[[-0.261806,51.600996],[-0.262395,51.601246],[-0.262001,51.600777],[-0.261806,51.600996]]]}},{"type":"Feature","properties":{"name":null,"kind":"water"},"geometry":{"type":"Polygon","coordinates":[[[-0.483231,51.490193],[-0.482963,51.490349],[-0.483258,51.49036],[-0.483231,51.490193]]]}},{"type":"Feature","properties":{"name":"River Shuttle","kind":"water"},"geometry":{"type":"LineString","coordinates":[[0.10892,51.441971],[0.111384,51.441657],[0.114656,51.439794]]}},{"type":"Feature","properties":{"name":null,"kind":"water"},"geometry":{"type":"Polygon","coordinates":[[[-0.496873,51.632016],[-0.495949,51.632418],[-0.490931,51.633823],[-0.496873,51.632016]]]}},{"type":"Feature","properties":{"name":null,"kind":"water"},"geometry":{"type":"Polygon","coordinates":[[[-0.487154,51.633312],[-0.489847,51.631201],[-0.49142,51.630728],[-0.487154,51.633312]]]}},{"type":"Feature","properties":{"name":null,"kind":"water"},"geometry":{"type":"Polygon","coordinates":[[[-0.487359,51.633486],[-0.485096,51.634469],[-0.487154,51.633312],[-0.487359,51.633486]]]}},{"type":"Feature","properties":{"name":null,"kind":"water"},"geometry":{"type":"Polygon","coordinates":[[[-0.288603,51.589545],[-0.289056,51.589219],[-0.288837,51.588995],[-0.288603,51.589545]]]}},{"type":"Feature","properties":{"name":null,"kind":"water"},"geometry":{"type":"Polygon","coordinates":[[[-0.483461,51.494027],[-0.483329,51.493772],[-0.483987,51.493399],[-0.483461,51.494027]]]}},{"type":"Feature","properties":{"name":null,"kind":"water"},"geometry":{"type":"Polygon","coordinates":[[[0.085026,51.445489],[0.089151,51.445953],[0.087448,51.445848],[0.086322,51.445503],[0.085026,51.445489]]]}},{"type":"Feature","properties":{"name":null,"kind":"water"},"geometry":{"type":"Polygon","coordinates":[[[0.089247,51.446058],[0.090043,51.446424],[0.091388,51.446816],[0.089247,51.446058]]]}},{"type":"Feature","properties":{"name":null,"kind":"water"},"geometry":{"type":"Polygon","coordinates":[[[-0.007302,51.47901],[-0.007259,51.479004],[-0.007278,51.478983],[-0.007302,51.47901]]]}},{"type":"Feature","properties":{"name":null,"kind":"water"},"geometry":{"type":"Polygon","coordinates":[[[-0.044166,51.517552],[-0.04397,51.517551],[-0.043999,51.517493],[-0.044166,51.517552]]]}},{"type":"Feature","properties":{"name":null,"kind":"water"},"geometry":{"type":"Polygon","coordinates":[[[-0.484491,51.500263],[-0.482806,51.500682],[-0.484401,51.499914],[-0.484491,51.500263]]]}},{"type":"Feature","properties":{"name":null,"kind":"water"},"geometry":{"type":"Polygon","coordinates":[[[-0.484664,51.499938],[-0.485144,51.499491],[-0.484784,51.499425],[-0.484664,51.499938]]]}},{"type":"Feature","properties":{"name":null,"kind":"water"},"geometry":{"type":"Polygon","coordinates":[[[-0.48516,51.499414],[-0.484767,51.498658],[-0.485347,51.498632],[-0.48516,51.499414]]]}},{"type":"Feature","properties":{"name":null,"kind":"water"},"geometry":{"type":"Polygon","coordinates":[[[-0.485347,51.498632],[-0.485593,51.497538],[-0.485176,51.49767],[-0.485347,51.498632]]]}},{"type":"Feature","properties":{"name":null,"kind":"water"},"geometry":{"type":"Polygon","coordinates":[[[-0.485054,51.498647],[-0.48495,51.497686],[-0.484767,51.498658],[-0.485054,51.498647]]]}},{"type":"Feature","properties":{"name":null,"kind":"water"},"geometry":{"type":"Polygon","coordinates":[[[-0.485542,51.497138],[-0.485943,51.494209],[-0.48535,51.497629],[-0.485542,51.497138]]]}},{"type":"Feature","properties":{"name":null,"kind":"water"},"geometry":{"type":"Polygon","coordinates":[[[-0.483637,51.494652],[-0.483461,51.494027],[-0.484817,51.497587],[-0.483637,51.494652]]]}},{"type":"Feature","properties":{"name":null,"kind":"water"},"geometry":{"type":"Polygon","coordinates":[[[-0.48236,51.500646],[-0.483622,51.499653],[-0.484722,51.499455],[-0.48236,51.500646]]]}},{"type":"Feature","properties":{"name":null,"kind":"water"},"geometry":{"type":"Polygon","coordinates":[[[-0.484491,51.500263],[-0.484528,51.500865],[-0.483881,51.501093],[-0.484532,51.500747],[-0.484491,51.500263]]]}},{"type":"Feature","properties":{"name":"Bigley Ditch","kind":"water"},"geometry":{"type":"LineString","coordinates":[[-0.484916,51.503359],[-0.486253,51.501835],[-0.486333,51.500828]]}},{"type":"Feature","properties":{"name":null,"kind":"water"},"geometry":{"type":"Polygon","coordinates":[[[-0.483978,51.507641],[-0.48059,51.505028],[-0.482905,51.500975],[-0.480349,51.505142],[-0.483978,51.507641]]]}},{"type":"Feature","properties":{"name":null,"kind":"water"},"geometry":{"type":"Polygon","coordinates":[[[-0.484751,51.507621],[-0.484792,51.507548],[-0.484257,51.507547],[-0.484751,51.507621]]]}},{"type":"Feature","properties":{"name":null,"kind":"water"},"geometry":{"type":"Polygon","coordinates":[[[-0.484017,51.50821],[-0.484307,51.508382],[-0.483662,51.508132],[-0.484017,51.50821]]]}},{"type":"Feature","properties":{"name":null,"kind":"water"},"geometry":{"type":"Polygon","coordinates":[[[-0.48545,51.507717],[-0.484792,51.507548],[-0.484751,51.507621],[-0.48545,51.507717]]]}},{"type":"Feature","properties":{"name":null,"kind":"water"},"geometry":{"type":"Polygon","coordinates":[[[-0.485723,51.507765],[-0.48545,51.507717],[-0.485622,51.507684],[-0.485723,51.507765]]]}},{"type":"Feature","properties":{"name":"Bigley Ditch","kind":"water"},"geometry":{"type":"LineString","coordinates":[[-0.483257,51.50662],[-0.483702,51.504595],[-0.484916,51.503359]]}},{"type":"Feature","properties":{"name":null,"kind":"water"},"geometry":{"type":"Polygon","coordinates":[[[-0.482926,51.501259],[-0.483032,51.501071],[-0.482961,51.501044],[-0.482926,51.501259]]]}},{"type":"Feature","properties":{"name":null,"kind":"water"},"geometry":{"type":"Polygon","coordinates":[[[-0.483043,51.500811],[-0.482978,51.500819],[-0.482983,51.500798],[-0.483043,51.500811]]]}},{"type":"Feature","properties":{"name":null,"kind":"water"},"geometry":{"type":"Polygon","coordinates":[[[-0.483946,51.501141],[-0.483184,51.501807],[-0.483314,51.501464],[-0.483946,51.501141]]]}},{"type":"Feature","properties":{"name":"Fray's River","kind":"water"},"geometry":{"type":"LineString","coordinates":[[-0.480863,51.503249],[-0.48149,51.502637]]}},{"type":"Feature","properties":{"name":"Bingley Ditch","kind":"water"},"geometry":{"type":"LineString","coordinates":[[-0.489903,51.495344],[-0.490044,51.494746]]}},{"type":"Feature","properties":{"name":"Bigley Ditch","kind":"water"},"geometry":{"type":"LineString","coordinates":[[-0.49017,51.494466],[-0.490099,51.493978]]}},{"type":"Feature","properties":{"name":null,"kind":"water"},"geometry":{"type":"Polygon","coordinates":[[[-0.48236,51.500646],[-0.482313,51.501306],[-0.482162,51.501304],[-0.48236,51.500646]]]}},{"type":"Feature","properties":{"name":null,"kind":"water"},"geometry":{"type":"Polygon","coordinates":[[[-0.482144,51.501892],[-0.482162,51.501304],[-0.482315,51.501344],[-0.482144,51.501892]]]}},{"type":"Feature","properties":{"name":null,"kind":"water"},"geometry":{"type":"Polygon","coordinates":[[[-0.481948,51.502147],[-0.481953,51.501912],[-0.482144,51.501892],[-0.481948,51.502147]]]}},{"type":"Feature","properties":{"name":null,"kind":"water"},"geometry":{"type":"Polygon","coordinates":[[[-0.481297,51.503222],[-0.481218,51.503167],[-0.481581,51.502625],[-0.481297,51.503222]]]}},{"type":"Feature","properties":{"name":null,"kind":"water"},"geometry":{"type":"Polygon","coordinates":[[[-0.481297,51.503222],[-0.480957,51.503279],[-0.481218,51.503167],[-0.481297,51.503222]]]}},{"type":"Feature","properties":{"name":null,"kind":"water"},"geometry":{"type":"Polygon","coordinates":[[[-0.480944,51.503228],[-0.480851,51.503194],[-0.481395,51.50267],[-0.480944,51.503228]]]}},{"type":"Feature","properties":{"name":null,"kind":"water"},"geometry":{"type":"Polygon","coordinates":[[[-0.481581,51.502625],[-0.481948,51.502147],[-0.481444,51.502609],[-0.481581,51.502625]]]}},{"type":"Feature","properties":{"name":null,"kind":"water"},"geometry":{"type":"Polygon","coordinates":[[[0.054849,51.617843],[0.054999,51.616873],[0.0546,51.616549],[0.054849,51.617843]]]}},{"type":"Feature","properties":{"name":null,"kind":"water"},"geometry":{"type":"Polygon","coordinates":[[[-0.487617,51.493215],[-0.487528,51.492966],[-0.487351,51.493203],[-0.487617,51.493215]]]}},{"type":"Feature","properties":{"name":null,"kind":"water"},"geometry":{"type":"Polygon","coordinates":[[[-0.487125,51.493544],[-0.487403,51.493423],[-0.486929,51.493478],[-0.487125,51.493544]]]}},{"type":"Feature","properties":{"name":null,"kind":"water"},"geometry":{"type":"Polygon","coordinates":[[[-0.487403,51.493423],[-0.487617,51.493215],[-0.487351,51.493203],[-0.487403,51.493423]]]}},{"type":"Feature","properties":{"name":null,"kind":"water"},"geometry":{"type":"Polygon","coordinates":[[[-0.486139,51.493958],[-0.487125,51.493544],[-0.485781,51.493916],[-0.486139,51.493958]]]}},{"type":"Feature","properties":{"name":null,"kind":"water"},"geometry":{"type":"Polygon","coordinates":[[[-0.494266,51.490447],[-0.494216,51.490435],[-0.49696,51.486652],[-0.494266,51.490447]]]}},{"type":"Feature","properties":{"name":null,"kind":"water"},"geometry":{"type":"Polygon","coordinates":[[[-0.480648,51.514748],[-0.479645,51.514222],[-0.479799,51.514652],[-0.480648,51.514748]]]}},{"type":"Feature","properties":{"name":null,"kind":"water"},"geometry":{"type":"Polygon","coordinates":[[[-0.479457,51.512924],[-0.479351,51.512976],[-0.478666,51.511475],[-0.479457,51.512924]]]}},{"type":"Feature","properties":{"name":null,"kind":"water"},"geometry":{"type":"Polygon","coordinates":[[[-0.479493,51.512985],[-0.479381,51.513884],[-0.479801,51.514467],[-0.479493,51.512985]]]}},{"type":"Feature","properties":{"name":null,"kind":"water"},"geometry":{"type":"Polygon","coordinates":[[[-0.478551,51.50569],[-0.478732,51.505619],[-0.478287,51.505734],[-0.478551,51.50569]]]}},{"type":"Feature","properties":{"name":null,"kind":"water"},"geometry":{"type":"Polygon","coordinates":[[[-0.480203,51.51605],[-0.480593,51.516162],[-0.479959,51.515912],[-0.479946,51.514992],[-0.479613,51.515739],[-0.480203,51.51605]]]}},{"type":"Feature","properties":{"name":null,"kind":"water"},"geometry":{"type":"Polygon","coordinates":[[[-0.481921,51.515329],[-0.480648,51.514748],[-0.480966,51.514797],[-0.481921,51.515329]]]}},{"type":"Feature","properties":{"name":null,"kind":"water"},"geometry":{"type":"Polygon","coordinates":[[[-0.482942,51.516273],[-0.483055,51.516206],[-0.481921,51.515329],[-0.482942,51.516273]]]}},{"type":"Feature","properties":{"name":null,"kind":"water"},"geometry":{"type":"Polygon","coordinates":[[[-0.483893,51.516929],[-0.483492,51.516744],[-0.483055,51.516206],[-0.483893,51.516929]]]}},{"type":"Feature","properties":{"name":null,"kind":"water"},"geometry":{"type":"Polygon","coordinates":[[[-0.479427,51.517057],[-0.480315,51.516743],[-0.480704,51.516185],[-0.479427,51.517057]]]}},{"type":"Feature","properties":{"name":null,"kind":"water"},"geometry":{"type":"Polygon","coordinates":[[[-0.479021,51.51716],[-0.47904,51.517221],[-0.479177,51.517176],[-0.479021,51.51716]]]}},{"type":"Feature","properties":{"name":"River Pinn","kind":"water"},"geometry":{"type":"LineString","coordinates":[[-0.479407,51.517042],[-0.480679,51.516297],[-0.479747,51.515818],[-0.479757,51.514145]]}},{"type":"Feature","properties":{"name":"River Pinn","kind":"water"},"geometry":{"type":"LineString","coordinates":[[-0.479149,51.517151],[-0.479183,51.517135]]}},{"type":"Feature","properties":{"name":"River Pinn","kind":"water"},"geometry":{"type":"LineString","coordinates":[[-0.479183,51.517135],[-0.479352,51.517063]]}},{"type":"Feature","properties":{"name":"River Pinn","kind":"water"},"geometry":{"type":"LineString","coordinates":[[-0.479352,51.517063],[-0.479407,51.517042]]}},{"type":"Feature","properties":{"name":null,"kind":"water"},"geometry":{"type":"Polygon","coordinates":[[[0.133238,51.410323],[0.133481,51.410337],[0.133406,51.410126],[0.133238,51.410323]]]}},{"type":"Feature","properties":{"name":null,"kind":"water"},"geometry":{"type":"Polygon","coordinates":[[[-0.476817,51.507365],[-0.477345,51.507277],[-0.477635,51.507074],[-0.476817,51.507365]]]}},{"type":"Feature","properties":{"name":null,"kind":"water"},"geometry":{"type":"Polygon","coordinates":[[[-0.478551,51.50569],[-0.478199,51.505846],[-0.478287,51.505734],[-0.478551,51.50569]]]}},{"type":"Feature","properties":{"name":null,"kind":"water"},"geometry":{"type":"Polygon","coordinates":[[[-0.478199,51.505846],[-0.478086,51.505932],[-0.478011,51.505873],[-0.478199,51.505846]]]}},{"type":"Feature","properties":{"name":null,"kind":"water"},"geometry":{"type":"Polygon","coordinates":[[[-0.478011,51.505873],[-0.477438,51.506363],[-0.476856,51.507306],[-0.478011,51.505873]]]}},{"type":"Feature","properties":{"name":null,"kind":"water"},"geometry":{"type":"Polygon","coordinates":[[[-0.477731,51.506365],[-0.477443,51.506716],[-0.477559,51.506978],[-0.477731,51.506365]]]}},{"type":"Feature","properties":{"name":null,"kind":"water"},"geometry":{"type":"Polygon","coordinates":[[[-0.478024,51.505983],[-0.478201,51.506409],[-0.478303,51.506439],[-0.478024,51.505983]]]}},{"type":"Feature","properties":{"name":null,"kind":"water"},"geometry":{"type":"Polygon","coordinates":[[[-0.4771,51.509029],[-0.477245,51.509188],[-0.477037,51.509189],[-0.4771,51.509029]]]}},{"type":"Feature","properties":{"name":null,"kind":"water"},"geometry":{"type":"Polygon","coordinates":[[[-0.477194,51.509102],[-0.477589,51.508996],[-0.477472,51.50894],[-0.477194,51.509102]]]}},{"type":"Feature","properties":{"name":null,"kind":"water"},"geometry":{"type":"Polygon","coordinates":[[[-0.477245,51.509188],[-0.477364,51.509113],[-0.477237,51.509093],[-0.477245,51.509188]]]}},{"type":"Feature","properties":{"name":null,"kind":"water"},"geometry":{"type":"Polygon","coordinates":[[[-0.47741,51.50991],[-0.477565,51.509913],[-0.477037,51.509189],[-0.47741,51.50991]]]}},{"type":"Feature","properties":{"name":null,"kind":"water"},"geometry":{"type":"Polygon","coordinates":[[[-0.477923,51.508516],[-0.477749,51.508833],[-0.477867,51.508766],[-0.477923,51.508516]]]}},{"type":"Feature","properties":{"name":null,"kind":"water"},"geometry":{"type":"Polygon","coordinates":[[[-0.477662,51.50896],[-0.477498,51.508883],[-0.477822,51.508837],[-0.477662,51.50896]]]}},{"type":"Feature","properties":{"name":null,"kind":"water"},"geometry":{"type":"Polygon","coordinates":[[[-0.478361,51.508294],[-0.477919,51.508451],[-0.478189,51.508439],[-0.478361,51.508294]]]}},{"type":"Feature","properties":{"name":null,"kind":"water"},"geometry":{"type":"Polygon","coordinates":[[[-0.478361,51.508294],[-0.47862,51.508164],[-0.47843,51.508162],[-0.478361,51.508294]]]}},{"type":"Feature","properties":{"name":null,"kind":"water"},"geometry":{"type":"Polygon","coordinates":[[[-0.476636,51.50811],[-0.475907,51.508217],[-0.476446,51.508228],[-0.476636,51.50811]]]}},{"type":"Feature","properties":{"name":null,"kind":"water"},"geometry":{"type":"Polygon","coordinates":[[[-0.476817,51.507365],[-0.476754,51.50743],[-0.476895,51.507452],[-0.476817,51.507365]]]}},{"type":"Feature","properties":{"name":null,"kind":"water"},"geometry":{"type":"Polygon","coordinates":[[[-0.476681,51.507659],[-0.476596,51.507517],[-0.476754,51.50743],[-0.476681,51.507659]]]}},{"type":"Feature","properties":{"name":null,"kind":"water"},"geometry":{"type":"Polygon","coordinates":[[[-0.476665,51.508111],[-0.47661,51.508118],[-0.476641,51.507662],[-0.476665,51.508111]]]}},{"type":"Feature","properties":{"name":null,"kind":"water"},"geometry":{"type":"Polygon","coordinates":[[[-0.476636,51.50811],[-0.47687,51.508278],[-0.476715,51.508241],[-0.476636,51.50811]]]}},{"type":"Feature","properties":{"name":null,"kind":"water"},"geometry":{"type":"Polygon","coordinates":[[[-0.476916,51.507627],[-0.476826,51.507649],[-0.476819,51.507446],[-0.476916,51.507627]]]}},{"type":"Feature","properties":{"name":null,"kind":"water"},"geometry":{"type":"Polygon","coordinates":[[[-0.476917,51.508027],[-0.476826,51.507649],[-0.476916,51.507627],[-0.476917,51.508027]]]}},{"type":"Feature","properties":{"name":null,"kind":"water"},"geometry":{"type":"Polygon","coordinates":[[[-0.476968,51.508388],[-0.476917,51.508027],[-0.476888,51.508428],[-0.476968,51.508388]]]}},{"type":"Feature","properties":{"name":null,"kind":"water"},"geometry":{"type":"Polygon","coordinates":[[[-0.477077,51.508886],[-0.476945,51.508896],[-0.476888,51.508428],[-0.477077,51.508886]]]}},{"type":"Feature","properties":{"name":null,"kind":"water"},"geometry":{"type":"Polygon","coordinates":[[[-0.477014,51.508901],[-0.477011,51.508891],[-0.476963,51.508895],[-0.477014,51.508901]]]}},{"type":"Feature","properties":{"name":null,"kind":"water"},"geometry":{"type":"Polygon","coordinates":[[[-0.480851,51.503194],[-0.480811,51.503604],[-0.480628,51.503405],[-0.480851,51.503194]]]}},{"type":"Feature","properties":{"name":null,"kind":"water"},"geometry":{"type":"Polygon","coordinates":[[[-0.480811,51.503604],[-0.480832,51.503733],[-0.480551,51.50381],[-0.480811,51.503604]]]}},{"type":"Feature","properties":{"name":null,"kind":"water"},"geometry":{"type":"Polygon","coordinates":[[[-0.480382,51.504697],[-0.480319,51.503757],[-0.480707,51.504323],[-0.480382,51.504697]]]}},{"type":"Feature","properties":{"name":null,"kind":"water"},"geometry":{"type":"Polygon","coordinates":[[[-0.479359,51.50532],[-0.480382,51.504697],[-0.479734,51.505324],[-0.479359,51.50532]]]}},{"type":"Feature","properties":{"name":null,"kind":"water"},"geometry":{"type":"Polygon","coordinates":[[[-0.478732,51.505619],[-0.479359,51.50532],[-0.479007,51.505298],[-0.478732,51.505619]]]}},{"type":"Feature","properties":{"name":null,"kind":"water"},"geometry":{"type":"Polygon","coordinates":[[[-0.478227,51.506455],[-0.478313,51.507488],[-0.478609,51.508125],[-0.478227,51.506455]]]}},{"type":"Feature","properties":{"name":null,"kind":"water"},"geometry":{"type":"Polygon","coordinates":[[[-0.478795,51.511509],[-0.47768,51.51025],[-0.477692,51.510748],[-0.478795,51.511509]]]}},{"type":"Feature","properties":{"name":null,"kind":"water"},"geometry":{"type":"Polygon","coordinates":[[[-0.485836,51.534197],[-0.485623,51.534006],[-0.48578,51.533942],[-0.485836,51.534197]]]}},{"type":"Feature","properties":{"name":null,"kind":"water"},"geometry":{"type":"Polygon","coordinates":[[[-0.020447,51.499285],[-0.020474,51.499281],[-0.020441,51.499264],[-0.020447,51.499285]]]}},{"type":"Feature","properties":{"name":null,"kind":"water"},"geometry":{"type":"Polygon","coordinates":[[[-0.020428,51.499368],[-0.020455,51.499369],[-0.020431,51.499347],[-0.020428,51.499368]]]}},{"type":"Feature","properties":{"name":null,"kind":"water"},"geometry":{"type":"Polygon","coordinates":[[[-0.483947,51.53692],[-0.484054,51.536662],[-0.484357,51.536733],[-0.483947,51.53692]]]}},{"type":"Feature","properties":{"name":null,"kind":"water"},"geometry":{"type":"Polygon","coordinates":[[[-0.484211,51.53649],[-0.484015,51.536261],[-0.484335,51.536375],[-0.484211,51.53649]]]}},{"type":"Feature","properties":{"name":null,"kind":"water"},"geometry":{"type":"Polygon","coordinates":[[[-0.484335,51.536375],[-0.485195,51.536206],[-0.484303,51.536311],[-0.484335,51.536375]]]}},{"type":"Feature","properties":{"name":null,"kind":"water"},"geometry":{"type":"Polygon","coordinates":[[[-0.484357,51.536733],[-0.48475,51.536713],[-0.485195,51.536206],[-0.484357,51.536733]]]}},{"type":"Feature","properties":{"name":null,"kind":"water"},"geometry":{"type":"Polygon","coordinates":[[[-0.484218,51.536661],[-0.484211,51.53649],[-0.484054,51.536662],[-0.484218,51.536661]]]}},{"type":"Feature","properties":{"name":null,"kind":"water"},"geometry":{"type":"Polygon","coordinates":[[[-0.483252,51.537465],[-0.483337,51.536992],[-0.483761,51.536897],[-0.483252,51.537465]]]}},{"type":"Feature","properties":{"name":null,"kind":"water"},"geometry":{"type":"Polygon","coordinates":[[[-0.484115,51.536248],[-0.484088,51.536012],[-0.483963,51.535982],[-0.484015,51.536261],[-0.484115,51.536248]]]}},{"type":"Feature","properties":{"name":null,"kind":"water"},"geometry":{"type":"Polygon","coordinates":[[[-0.484083,51.53599],[-0.484247,51.535077],[-0.485269,51.534855],[-0.484236,51.534951],[-0.484083,51.53599]]]}},{"type":"Feature","properties":{"name":null,"kind":"water"},"geometry":{"type":"Polygon","coordinates":[[[-0.48511,51.536169],[-0.485269,51.534855],[-0.485538,51.535174],[-0.48511,51.536169]]]}},{"type":"Feature","properties":{"name":null,"kind":"water"},"geometry":{"type":"Polygon","coordinates":[[[-0.482979,51.537675],[-0.482903,51.537622],[-0.483136,51.537571],[-0.482979,51.537675]]]}},{"type":"Feature","properties":{"name":null,"kind":"water"},"geometry":{"type":"Polygon","coordinates":[[[-0.483252,51.537465],[-0.483136,51.537571],[-0.483057,51.537518],[-0.483252,51.537465]]]}},{"type":"Feature","properties":{"name":"Frays River","kind":"water"},"geometry":{"type":"LineString","coordinates":[[-0.482945,51.537652],[-0.485453,51.535395],[-0.485761,51.534129],[-0.484474,51.532916],[-0.484362,51.530373],[-0.485584,51.529274]]}},{"type":"Feature","properties":{"name":null,"kind":"water"},"geometry":{"type":"Polygon","coordinates":[[[-0.482633,51.537932],[-0.482652,51.537785],[-0.482792,51.537792],[-0.482633,51.537932]]]}},{"type":"Feature","properties":{"name":null,"kind":"water"},"geometry":{"type":"Polygon","coordinates":[[[-0.485068,51.533589],[-0.484682,51.533201],[-0.485302,51.533607],[-0.485068,51.533589]]]}},{"type":"Feature","properties":{"name":null,"kind":"water"},"geometry":{"type":"Polygon","coordinates":[[[-0.484463,51.532359],[-0.484485,51.532114],[-0.484343,51.532384],[-0.484463,51.532359]]]}},{"type":"Feature","properties":{"name":null,"kind":"water"},"geometry":{"type":"Polygon","coordinates":[[[-0.484449,51.53247],[-0.484725,51.533084],[-0.484285,51.532732],[-0.484449,51.53247]]]}},{"type":"Feature","properties":{"name":null,"kind":"water"},"geometry":{"type":"Polygon","coordinates":[[[-0.484485,51.532114],[-0.484532,51.531968],[-0.484366,51.531968],[-0.484485,51.532114]]]}},{"type":"Feature","properties":{"name":null,"kind":"water"},"geometry":{"type":"Polygon","coordinates":[[[-0.485192,51.533672],[-0.48578,51.533942],[-0.485302,51.533607],[-0.485192,51.533672]]]}},{"type":"Feature","properties":{"name":null,"kind":"water"},"geometry":{"type":"Polygon","coordinates":[[[-0.485836,51.534197],[-0.485362,51.534795],[-0.485382,51.534504],[-0.485836,51.534197]]]}},{"type":"Feature","properties":{"name":null,"kind":"water"},"geometry":{"type":"Polygon","coordinates":[[[-0.261201,51.562676],[-0.261332,51.562637],[-0.261116,51.562633],[-0.261201,51.562676]]]}},{"type":"Feature","properties":{"name":null,"kind":"water"},"geometry":{"type":"Polygon","coordinates":[[[-0.496334,51.486909],[-0.496089,51.486908],[-0.496171,51.487017],[-0.496334,51.486909]]]}},{"type":"Feature","properties":{"name":null,"kind":"water"},"geometry":{"type":"Polygon","coordinates":[[[-0.49348,51.48736],[-0.49295,51.487352],[-0.492988,51.487451],[-0.49348,51.48736]]]}},{"type":"Feature","properties":{"name":null,"kind":"water"},"geometry":{"type":"Polygon","coordinates":[[[-0.49348,51.48736],[-0.496114,51.487003],[-0.494738,51.487025],[-0.49348,51.48736]]]}},{"type":"Feature","properties":{"name":null,"kind":"water"},"geometry":{"type":"Polygon","coordinates":[[[-0.496334,51.486909],[-0.497,51.48668],[-0.49947,51.484325],[-0.496334,51.486909]]]}},{"type":"Feature","properties":{"name":null,"kind":"water"},"geometry":{"type":"Polygon","coordinates":[[[-0.490864,51.525691],[-0.490195,51.524598],[-0.490502,51.523118],[-0.490341,51.52485],[-0.490864,51.525691]]]}},{"type":"Feature","properties":{"name":null,"kind":"water"},"geometry":{"type":"Polygon","coordinates":[[[-0.489974,51.523193],[-0.49039,51.522532],[-0.489823,51.523144],[-0.489974,51.523193]]]}},{"type":"Feature","properties":{"name":null,"kind":"water"},"geometry":{"type":"Polygon","coordinates":[[[-0.490682,51.522319],[-0.490372,51.52241],[-0.490589,51.522477],[-0.490682,51.522319]]]}},{"type":"Feature","properties":{"name":null,"kind":"water"},"geometry":{"type":"Polygon","coordinates":[[[-0.490689,51.52311],[-0.49057,51.522608],[-0.490502,51.523118],[-0.490689,51.52311]]]}},{"type":"Feature","properties":{"name":null,"kind":"water"},"geometry":{"type":"Polygon","coordinates":[[[-0.49118,51.521596],[-0.490515,51.522278],[-0.490682,51.522319],[-0.49118,51.521596]]]}},{"type":"Feature","properties":{"name":null,"kind":"water"},"geometry":{"type":"Polygon","coordinates":[[[-0.49118,51.521596],[-0.49121,51.521183],[-0.49101,51.521565],[-0.49118,51.521596]]]}},{"type":"Feature","properties":{"name":null,"kind":"water"},"geometry":{"type":"Polygon","coordinates":[[[-0.492072,51.52236],[-0.491188,51.521567],[-0.491138,51.521667],[-0.492072,51.52236]]]}},{"type":"Feature","properties":{"name":null,"kind":"water"},"geometry":{"type":"Polygon","coordinates":[[[-0.492072,51.52236],[-0.492178,51.522483],[-0.492137,51.522317],[-0.492072,51.52236]]]}},{"type":"Feature","properties":{"name":null,"kind":"water"},"geometry":{"type":"Polygon","coordinates":[[[-0.490826,51.523726],[-0.491084,51.523646],[-0.491146,51.52346],[-0.490826,51.523726]]]}},{"type":"Feature","properties":{"name":null,"kind":"water"},"geometry":{"type":"Polygon","coordinates":[[[-0.490627,51.523598],[-0.490582,51.523881],[-0.490784,51.523744],[-0.490627,51.523598]]]}},{"type":"Feature","properties":{"name":null,"kind":"water"},"geometry":{"type":"Polygon","coordinates":[[[-0.482556,51.538128],[-0.482211,51.538661],[-0.482287,51.538758],[-0.482556,51.538128]]]}},{"type":"Feature","properties":{"name":"Frays River","kind":"water"},"geometry":{"type":"LineString","coordinates":[[-0.482605,51.537927],[-0.482752,51.537765]]}},{"type":"Feature","properties":{"name":null,"kind":"water"},"geometry":{"type":"Polygon","coordinates":[[[-0.482231,51.540201],[-0.482071,51.540199],[-0.48215,51.538795],[-0.482231,51.540201]]]}},{"type":"Feature","properties":{"name":null,"kind":"water"},"geometry":{"type":"Polygon","coordinates":[[[-0.482357,51.54123],[-0.482068,51.540617],[-0.482231,51.540201],[-0.482357,51.54123]]]}},{"type":"Feature","properties":{"name":null,"kind":"water"},"geometry":{"type":"Polygon","coordinates":[[[-0.484529,51.531951],[-0.484367,51.531951],[-0.484422,51.529867],[-0.484529,51.531951]]]}},{"type":"Feature","properties":{"name":null,"kind":"water"},"geometry":{"type":"Polygon","coordinates":[[[-0.485683,51.502398],[-0.485284,51.50269],[-0.485247,51.502567],[-0.485683,51.502398]]]}},{"type":"Feature","properties":{"name":null,"kind":"water"},"geometry":{"type":"Polygon","coordinates":[[[-0.482623,51.502001],[-0.482588,51.501998],[-0.482629,51.501989],[-0.482623,51.502001]]]}},{"type":"Feature","properties":{"name":null,"kind":"water"},"geometry":{"type":"Polygon","coordinates":[[[-0.472087,51.522695],[-0.472049,51.522455],[-0.472201,51.522602],[-0.472087,51.522695]]]}},{"type":"Feature","properties":{"name":null,"kind":"water"},"geometry":{"type":"Polygon","coordinates":[[[-0.471501,51.522885],[-0.472044,51.522711],[-0.471278,51.523034],[-0.471501,51.522885]]]}},{"type":"Feature","properties":{"name":null,"kind":"water"},"geometry":{"type":"Polygon","coordinates":[[[-0.036028,51.624693],[-0.036538,51.624502],[-0.036601,51.624802],[-0.036028,51.624693]]]}},{"type":"Feature","properties":{"name":null,"kind":"water"},"geometry":{"type":"Polygon","coordinates":[[[-0.035241,51.624489],[-0.035823,51.624403],[-0.035741,51.624692],[-0.035241,51.624489]]]}},{"type":"Feature","properties":{"name":null,"kind":"water"},"geometry":{"type":"Polygon","coordinates":[[[-0.035867,51.625226],[-0.03601,51.62494],[-0.036412,51.62524],[-0.035867,51.625226]]]}},{"type":"Feature","properties":{"name":null,"kind":"water"},"geometry":{"type":"Polygon","coordinates":[[[-0.035117,51.624836],[-0.035666,51.624943],[-0.035139,51.625122],[-0.035117,51.624836]]]}},{"type":"Feature","properties":{"name":null,"kind":"water"},"geometry":{"type":"Polygon","coordinates":[[[-0.036018,51.625434],[-0.036227,51.625692],[-0.035589,51.62564],[-0.036018,51.625434]]]}},{"type":"Feature","properties":{"name":null,"kind":"water"},"geometry":{"type":"Polygon","coordinates":[[[-0.034783,51.625456],[-0.035379,51.625372],[-0.035294,51.625658],[-0.034783,51.625456]]]}},{"type":"Feature","properties":{"name":null,"kind":"water"},"geometry":{"type":"Polygon","coordinates":[[[-0.035978,51.625983],[-0.035535,51.626263],[-0.035442,51.625959],[-0.035978,51.625983]]]}},{"type":"Feature","properties":{"name":null,"kind":"water"},"geometry":{"type":"Polygon","coordinates":[[[-0.035777,51.626579],[-0.035258,51.626769],[-0.035278,51.626432],[-0.035777,51.626579]]]}},{"type":"Feature","properties":{"name":null,"kind":"water"},"geometry":{"type":"Polygon","coordinates":[[[-0.034388,51.626572],[-0.03479,51.626273],[-0.034931,51.626564],[-0.034388,51.626572]]]}},{"type":"Feature","properties":{"name":null,"kind":"water"},"geometry":{"type":"Polygon","coordinates":[[[-0.034572,51.625968],[-0.035095,51.625775],[-0.035077,51.626108],[-0.034572,51.625968]]]}},{"type":"Feature","properties":{"name":null,"kind":"water"},"geometry":{"type":"Polygon","coordinates":[[[-0.482685,51.549481],[-0.482594,51.549457],[-0.482514,51.549572],[-0.482685,51.549481]]]}},{"type":"Feature","properties":{"name":null,"kind":"water"},"geometry":{"type":"Polygon","coordinates":[[[-0.483611,51.548223],[-0.484293,51.545023],[-0.484486,51.546376],[-0.483611,51.548223]]]}},{"type":"Feature","properties":{"name":"River Shuttle","kind":"water"},"geometry":{"type":"Polygon","coordinates":[[[0.074364,51.442953],[0.077255,51.442857],[0.075901,51.442834],[0.074364,51.442953]]]}},{"type":"Feature","properties":{"name":"River Shuttle","kind":"water"},"geometry":{"type":"Polygon","coordinates":[[[0.077643,51.442908],[0.079125,51.44299],[0.078526,51.443032],[0.077643,51.442908]]]}},{"type":"Feature","properties":{"name":null,"kind":"water"},"geometry":{"type":"Polygon","coordinates":[[[-0.338698,51.402754],[-0.338672,51.402786],[-0.338745,51.402772],[-0.338698,51.402754]]]}},{"type":"Feature","properties":{"name":null,"kind":"water"},"geometry":{"type":"Polygon","coordinates":[[[-0.337407,51.401809],[-0.337378,51.40194],[-0.337493,51.401905],[-0.337407,51.401809]]]}},{"type":"Feature","properties":{"name":null,"kind":"water"},"geometry":{"type":"Polygon","coordinates":[[[-0.246,51.466481],[-0.246163,51.466444],[-0.246057,51.466432],[-0.246,51.466481]]]}},{"type":"Feature","properties":{"name":null,"kind":"water"},"geometry":{"type":"Polygon","coordinates":[[[-0.235098,51.478714],[-0.235415,51.478518],[-0.235041,51.478547],[-0.235098,51.478714]]]}},{"type":"Feature","properties":{"name":null,"kind":"water"},"geometry":{"type":"Polygon","coordinates":[[[-0.236654,51.477602],[-0.236847,51.477516],[-0.236629,51.477457],[-0.236654,51.477602]]]}},{"type":"Feature","properties":{"name":"New River","kind":"water"},"geometry":{"type":"LineString","coordinates":[[-0.113901,51.588854],[-0.11319,51.588152]]}},{"type":"Feature","properties":{"name":"New River","kind":"water"},"geometry":{"type":"LineString","coordinates":[[-0.11403,51.588994],[-0.113901,51.588854]]}},{"type":"Feature","properties":{"name":null,"kind":"water"},"geometry":{"type":"Polygon","coordinates":[[[-0.10226,51.516003],[-0.102268,51.516036],[-0.102203,51.516029],[-0.10226,51.516003]]]}},{"type":"Feature","properties":{"name":null,"kind":"water"},"geometry":{"type":"Polygon","coordinates":[[[0.027885,51.455196],[0.027942,51.455174],[0.027929,51.455204],[0.027885,51.455196]]]}},{"type":"Feature","properties":{"name":null,"kind":"water"},"geometry":{"type":"Polygon","coordinates":[[[-0.442922,51.572025],[-0.442436,51.572021],[-0.442829,51.572146],[-0.442922,51.572025]]]}},{"type":"Feature","properties":{"name":"River Quaggy","kind":"water"},"geometry":{"type":"LineString","coordinates":[[0.033373,51.451196],[0.032982,51.451561]]}},{"type":"Feature","properties":{"name":"River Quaggy","kind":"water"},"geometry":{"type":"LineString","coordinates":[[0.032982,51.451561],[0.032259,51.452762]]}},{"type":"Feature","properties":{"name":null,"kind":"water"},"geometry":{"type":"Polygon","coordinates":[[[-0.468453,51.578509],[-0.467754,51.578533],[-0.467798,51.578874],[-0.468453,51.578509]]]}},{"type":"Feature","properties":{"name":"Greenland Lock","kind":"water"},"geometry":{"type":"Polygon","coordinates":[[[-0.032978,51.495644],[-0.033699,51.4955],[-0.033806,51.49571],[-0.033082,51.495854],[-0.032978,51.495644]]]}},{"type":"Feature","properties":{"name":null,"kind":"water"},"geometry":{"type":"Polygon","coordinates":[[[0.158934,51.513518],[0.159067,51.513058],[0.159479,51.512919],[0.158934,51.513518]]]}},{"type":"Feature","properties":{"name":"River Beam","kind":"water"},"geometry":{"type":"LineString","coordinates":[[0.15922,51.512519],[0.157874,51.508769]]}},{"type":"Feature","properties":{"name":"River Beam","kind":"water"},"geometry":{"type":"LineString","coordinates":[[0.159197,51.512906],[0.15922,51.512519]]}},{"type":"Feature","properties":{"name":null,"kind":"water"},"geometry":{"type":"Polygon","coordinates":[[[0.050337,51.455976],[0.050292,51.455931],[0.05041,51.455914],[0.050337,51.455976]]]}},{"type":"Feature","properties":{"name":null,"kind":"water"},"geometry":{"type":"Polygon","coordinates":[[[0.048978,51.455663],[0.04884,51.455647],[0.048866,51.455436],[0.048978,51.455663]]]}},{"type":"Feature","properties":{"name":null,"kind":"water"},"geometry":{"type":"Polygon","coordinates":[[[0.021046,51.494209],[0.021215,51.494201],[0.021161,51.494111],[0.021046,51.494209]]]}},{"type":"Feature","properties":{"name":null,"kind":"water"},"geometry":{"type":"Polygon","coordinates":[[[-0.347554,51.511961],[-0.347469,51.512029],[-0.347604,51.512059],[-0.347554,51.511961]]]}},{"type":"Feature","properties":{"name":null,"kind":"water"},"geometry":{"type":"Polygon","coordinates":[[[-0.347799,51.512642],[-0.347698,51.512617],[-0.347761,51.512598],[-0.347799,51.512642]]]}},{"type":"Feature","properties":{"name":null,"kind":"water"},"geometry":{"type":"Polygon","coordinates":[[[-0.348223,51.512156],[-0.348224,51.5122],[-0.348193,51.512214],[-0.348223,51.512156]]]}},{"type":"Feature","properties":{"name":null,"kind":"water"},"geometry":{"type":"Polygon","coordinates":[[[-0.337168,51.531855],[-0.337152,51.531821],[-0.33711,51.531829],[-0.337126,51.531863],[-0.337168,51.531855]]]}},{"type":"Feature","properties":{"name":null,"kind":"water"},"geometry":{"type":"Polygon","coordinates":[[[-0.497488,51.460142],[-0.497107,51.460012],[-0.497558,51.460061],[-0.497488,51.460142]]]}},{"type":"Feature","properties":{"name":null,"kind":"water"},"geometry":{"type":"Polygon","coordinates":[[[-0.363042,51.60138],[-0.364384,51.601325],[-0.362978,51.601255],[-0.363042,51.60138]]]}},{"type":"Feature","properties":{"name":"Hertford Union Canal","kind":"water"},"geometry":{"type":"LineString","coordinates":[[-0.043692,51.531491],[-0.041377,51.532579]]}},{"type":"Feature","properties":{"name":null,"kind":"water"},"geometry":{"type":"Polygon","coordinates":[[[-0.158069,51.570358],[-0.157655,51.570052],[-0.157942,51.569964],[-0.158069,51.570358]]]}},{"type":"Feature","properties":{"name":null,"kind":"water"},"geometry":{"type":"Polygon","coordinates":[[[-0.210713,51.664062],[-0.21049,51.664043],[-0.210522,51.663955],[-0.210713,51.664062]]]}},{"type":"Feature","properties":{"name":null,"kind":"water"},"geometry":{"type":"Polygon","coordinates":[[[-0.21708,51.669562],[-0.216926,51.669443],[-0.216846,51.669535],[-0.21708,51.669562]]]}},{"type":"Feature","properties":{"name":null,"kind":"water"},"geometry":{"type":"Polygon","coordinates":[[[-0.215981,51.669303],[-0.216041,51.669117],[-0.215814,51.669265],[-0.215981,51.669303]]]}},{"type":"Feature","properties":{"name":"River Thames","kind":"water"},"geometry":{"type":"LineString","coordinates":[[-0.104147,51.509859],[-0.099885,51.509708]]}},{"type":"Feature","properties":{"name":"River Thames","kind":"water"},"geometry":{"type":"LineString","coordinates":[[-0.098612,51.509611],[-0.098545,51.509606]]}},{"type":"Feature","properties":{"name":null,"kind":"water"},"geometry":{"type":"Polygon","coordinates":[[[-0.486601,51.633298],[-0.486548,51.633244],[-0.486577,51.633194],[-0.486613,51.633202],[-0.486601,51.633298]]]}},{"type":"Feature","properties":{"name":null,"kind":"water"},"geometry":{"type":"Polygon","coordinates":[[[-0.248323,51.656308],[-0.248374,51.656253],[-0.248248,51.656323],[-0.248323,51.656308]]]}},{"type":"Feature","properties":{"name":null,"kind":"water"},"geometry":{"type":"Polygon","coordinates":[[[0.068977,51.543611],[0.069458,51.544385],[0.068756,51.549181],[0.069181,51.55006],[0.067647,51.554424],[0.066304,51.556397],[0.067663,51.554912],[0.068606,51.551293],[0.06939,51.550526],[0.068956,51.549041],[0.069714,51.543965],[0.068977,51.543611]]]}},{"type":"Feature","properties":{"name":null,"kind":"water"},"geometry":{"type":"Polygon","coordinates":[[[0.059705,51.556828],[0.06074,51.556375],[0.060174,51.556378],[0.059705,51.556828]]]}},{"type":"Feature","properties":{"name":null,"kind":"water"},"geometry":{"type":"Polygon","coordinates":[[[-0.002117,51.485168],[-0.002107,51.485205],[-0.002057,51.485169],[-0.002117,51.485168]]]}},{"type":"Feature","properties":{"name":"Wraysbury River","kind":"water"},"geometry":{"type":"LineString","coordinates":[[-0.511231,51.469171],[-0.514633,51.46742],[-0.514735,51.465454],[-0.516791,51.461304]]}},{"type":"Feature","properties":{"name":"Wraysbury River","kind":"water"},"geometry":{"type":"LineString","coordinates":[[-0.511146,51.469266],[-0.511231,51.469171]]}},{"type":"Feature","properties":{"name":null,"kind":"water"},"geometry":{"type":"Polygon","coordinates":[[[0.141817,51.526221],[0.141226,51.525909],[0.140582,51.526004],[0.141817,51.526221]]]}},{"type":"Feature","properties":{"name":null,"kind":"water"},"geometry":{"type":"Polygon","coordinates":[[[0.163043,51.524217],[0.163632,51.525148],[0.162855,51.523292],[0.163043,51.524217]]]}},{"type":"Feature","properties":{"name":null,"kind":"water"},"geometry":{"type":"Polygon","coordinates":[[[0.152635,51.523848],[0.152575,51.523801],[0.152806,51.523814],[0.152635,51.523848]]]}},{"type":"Feature","properties":{"name":null,"kind":"water"},"geometry":{"type":"Polygon","coordinates":[[[0.158925,51.517638],[0.158852,51.517648],[0.158853,51.51761],[0.158925,51.517638]]]}},{"type":"Feature","properties":{"name":null,"kind":"water"},"geometry":{"type":"Polygon","coordinates":[[[0.162404,51.520887],[0.16276,51.520871],[0.16284,51.520681],[0.162404,51.520887]]]}},{"type":"Feature","properties":{"name":null,"kind":"water"},"geometry":{"type":"Polygon","coordinates":[[[0.162276,51.520908],[0.161933,51.520878],[0.162018,51.52107],[0.162276,51.520908]]]}},{"type":"Feature","properties":{"name":null,"kind":"water"},"geometry":{"type":"Polygon","coordinates":[[[0.162283,51.522249],[0.162083,51.521331],[0.162769,51.52306],[0.162283,51.522249]]]}},{"type":"Feature","properties":{"name":null,"kind":"water"},"geometry":{"type":"Polygon","coordinates":[[[0.161933,51.520878],[0.160485,51.517844],[0.16117,51.518832],[0.161933,51.520878]]]}},{"type":"Feature","properties":{"name":"The Gores","kind":"water"},"geometry":{"type":"LineString","coordinates":[[0.132683,51.5191],[0.135454,51.514678]]}},{"type":"Feature","properties":{"name":"The Gores","kind":"water"},"geometry":{"type":"LineString","coordinates":[[0.132248,51.519472],[0.132683,51.5191]]}},{"type":"Feature","properties":{"name":"The Gores","kind":"water"},"geometry":{"type":"LineString","coordinates":[[0.13198,51.519546],[0.132248,51.519472]]}},{"type":"Feature","properties":{"name":"The Gores","kind":"water"},"geometry":{"type":"LineString","coordinates":[[0.131905,51.519602],[0.132124,51.51942]]}},{"type":"Feature","properties":{"name":null,"kind":"water"},"geometry":{"type":"Polygon","coordinates":[[[-0.056317,51.588235],[-0.056531,51.587971],[-0.056396,51.588247],[-0.056317,51.588235]]]}},{"type":"Feature","properties":{"name":null,"kind":"water"},"geometry":{"type":"Polygon","coordinates":[[[-0.056129,51.588192],[-0.056343,51.587932],[-0.056207,51.588207],[-0.056129,51.588192]]]}},{"type":"Feature","properties":{"name":null,"kind":"water"},"geometry":{"type":"Polygon","coordinates":[[[-0.056071,51.589447],[-0.053399,51.59276],[-0.05279,51.594722],[-0.050481,51.597803],[-0.050541,51.598926],[-0.045019,51.60633],[-0.045488,51.607658],[-0.044484,51.608992],[-0.045534,51.611002],[-0.045067,51.610826],[-0.044441,51.608689],[-0.045399,51.607817],[-0.044966,51.606131],[-0.050353,51.599004],[-0.050424,51.597649],[-0.056895,51.587492],[-0.056071,51.589447]]]}},{"type":"Feature","properties":{"name":"Spring Brook","kind":"water"},"geometry":{"type":"LineString","coordinates":[[0.003004,51.423113],[-0.001712,51.424301]]}},{"type":"Feature","properties":{"name":"Spring Brook","kind":"water"},"geometry":{"type":"LineString","coordinates":[[-0.001712,51.424301],[-0.001811,51.424314]]}},{"type":"Feature","properties":{"name":"Spring Brook","kind":"water"},"geometry":{"type":"LineString","coordinates":[[-0.001811,51.424314],[-0.002966,51.424188]]}},{"type":"Feature","properties":{"name":"Spring Brook","kind":"water"},"geometry":{"type":"LineString","coordinates":[[-0.002966,51.424188],[-0.006838,51.424693]]}},{"type":"Feature","properties":{"name":"River Ravensbourne","kind":"water"},"geometry":{"type":"LineString","coordinates":[[-0.007558,51.423539],[-0.007071,51.425034]]}},{"type":"Feature","properties":{"name":"River Ravensbourne","kind":"water"},"geometry":{"type":"LineString","coordinates":[[-0.007588,51.423384],[-0.007558,51.423539]]}},{"type":"Feature","properties":{"name":"River Ravensbourne","kind":"water"},"geometry":{"type":"LineString","coordinates":[[-0.007642,51.423003],[-0.007588,51.423384]]}},{"type":"Feature","properties":{"name":"River Ravensbourne","kind":"water"},"geometry":{"type":"LineString","coordinates":[[-0.007668,51.422944],[-0.007642,51.423003]]}},{"type":"Feature","properties":{"name":"River Pinn","kind":"water"},"geometry":{"type":"LineString","coordinates":[[-0.382456,51.593234],[-0.382609,51.592901]]}},{"type":"Feature","properties":{"name":"River Pinn","kind":"water"},"geometry":{"type":"LineString","coordinates":[[-0.382372,51.593554],[-0.382456,51.593234]]}},{"type":"Feature","properties":{"name":"River Cray","kind":"water"},"geometry":{"type":"LineString","coordinates":[[0.114583,51.395938],[0.11511,51.397056],[0.11457,51.397305],[0.114456,51.399523],[0.116277,51.40271],[0.116337,51.404121],[0.117922,51.40568],[0.118067,51.406591],[0.116824,51.409334],[0.11598,51.409483],[0.115804,51.410151],[0.116173,51.411034],[0.11905,51.411319],[0.119481,51.411943]]}},{"type":"Feature","properties":{"name":"River Cray","kind":"water"},"geometry":{"type":"LineString","coordinates":[[0.120744,51.418257],[0.120915,51.418302]]}},{"type":"Feature","properties":{"name":"River Cray","kind":"water"},"geometry":{"type":"LineString","coordinates":[[0.119956,51.413732],[0.120479,51.416227],[0.119968,51.417523],[0.120744,51.418257]]}},{"type":"Feature","properties":{"name":"River Cray","kind":"water"},"geometry":{"type":"LineString","coordinates":[[0.120011,51.413531],[0.119956,51.413732]]}},{"type":"Feature","properties":{"name":null,"kind":"water"},"geometry":{"type":"Polygon","coordinates":[[[-0.113928,51.588845],[-0.113463,51.588243],[-0.113128,51.588166],[-0.113928,51.588845]]]}},{"type":"Feature","properties":{"name":null,"kind":"water"},"geometry":{"type":"Polygon","coordinates":[[[-0.116412,51.592014],[-0.114709,51.58973],[-0.114615,51.589762],[-0.116412,51.592014]]]}},{"type":"Feature","properties":{"name":null,"kind":"water"},"geometry":{"type":"Polygon","coordinates":[[[-0.117621,51.597711],[-0.118063,51.596926],[-0.117998,51.596848],[-0.117621,51.597711]]]}},{"type":"Feature","properties":{"name":"River Ravensbourne","kind":"water"},"geometry":{"type":"LineString","coordinates":[[-0.009834,51.426394],[-0.011244,51.426885]]}},{"type":"Feature","properties":{"name":"River Ravensbourne","kind":"water"},"geometry":{"type":"LineString","coordinates":[[-0.009789,51.426348],[-0.009834,51.426394]]}},{"type":"Feature","properties":{"name":null,"kind":"water"},"geometry":{"type":"Polygon","coordinates":[[[0.082107,51.423687],[0.082353,51.423871],[0.082428,51.423677],[0.082107,51.423687]]]}},{"type":"Feature","properties":{"name":"River Quaggy","kind":"water"},"geometry":{"type":"LineString","coordinates":[[0.032114,51.444661],[0.032196,51.445042]]}},{"type":"Feature","properties":{"name":"Big Lake","kind":"water"},"geometry":{"type":"Polygon","coordinates":[[[0.116451,51.409376],[0.116451,51.410856],[0.119,51.409953],[0.119743,51.410582],[0.118758,51.41152],[0.115708,51.411307],[0.115148,51.409862],[0.116451,51.409376]]]}},{"type":"Feature","properties":{"name":"New Barge Lake","kind":"water"},"geometry":{"type":"Polygon","coordinates":[[[0.116831,51.410064],[0.118322,51.409937],[0.117823,51.408719],[0.116837,51.409049],[0.116831,51.410064]]]}},{"type":"Feature","properties":{"name":"Shallow Lake","kind":"water"},"geometry":{"type":"Polygon","coordinates":[[[0.118534,51.408206],[0.118388,51.408794],[0.119827,51.41025],[0.11964,51.408886],[0.119331,51.409342],[0.118534,51.408206]]]}},{"type":"Feature","properties":{"name":"Old Barge Lake","kind":"water"},"geometry":{"type":"Polygon","coordinates":[[[0.116144,51.407745],[0.117794,51.407319],[0.118372,51.407755],[0.117353,51.408498],[0.116144,51.407745]]]}},{"type":"Feature","properties":{"name":"Herons Bay","kind":"water"},"geometry":{"type":"Polygon","coordinates":[[[0.11987,51.410312],[0.120101,51.410074],[0.119578,51.410133],[0.11987,51.410312]]]}},{"type":"Feature","properties":{"name":"The Stock Pond","kind":"water"},"geometry":{"type":"Polygon","coordinates":[[[0.118524,51.409199],[0.11864,51.409487],[0.118416,51.409465],[0.118524,51.409199]]]}},{"type":"Feature","properties":{"name":"River Cray","kind":"water"},"geometry":{"type":"LineString","coordinates":[[0.119544,51.412034],[0.120011,51.413531]]}},{"type":"Feature","properties":{"name":"River Cray","kind":"water"},"geometry":{"type":"LineString","coordinates":[[0.119481,51.411943],[0.119544,51.412034]]}},{"type":"Feature","properties":{"name":null,"kind":"water"},"geometry":{"type":"Polygon","coordinates":[[[-0.15399,51.56917],[-0.153801,51.56913],[-0.154159,51.568854],[-0.15399,51.56917]]]}},{"type":"Feature","properties":{"name":null,"kind":"water"},"geometry":{"type":"Polygon","coordinates":[[[0.082926,51.427048],[0.08338,51.427075],[0.083322,51.427015],[0.082926,51.427048]]]}},{"type":"Feature","properties":{"name":null,"kind":"water"},"geometry":{"type":"Polygon","coordinates":[[[0.113969,51.424282],[0.113825,51.424235],[0.114119,51.424223],[0.113969,51.424282]]]}},{"type":"Feature","properties":{"name":null,"kind":"water"},"geometry":{"type":"Polygon","coordinates":[[[-0.16236,51.318804],[-0.162255,51.31855],[-0.163596,51.318132],[-0.16236,51.318804]]]}},{"type":"Feature","properties":{"name":null,"kind":"water"},"geometry":{"type":"Polygon","coordinates":[[[-0.342215,51.464328],[-0.342758,51.464384],[-0.342275,51.464616],[-0.342215,51.464328]]]}},{"type":"Feature","properties":{"name":null,"kind":"water"},"geometry":{"type":"Polygon","coordinates":[[[-0.341499,51.464329],[-0.342041,51.464385],[-0.341558,51.464616],[-0.341499,51.464329]]]}},{"type":"Feature","properties":{"name":null,"kind":"water"},"geometry":{"type":"Polygon","coordinates":[[[-0.341483,51.463889],[-0.342025,51.463945],[-0.341543,51.464177],[-0.341483,51.463889]]]}},{"type":"Feature","properties":{"name":null,"kind":"water"},"geometry":{"type":"Polygon","coordinates":[[[-0.342196,51.463884],[-0.342739,51.46394],[-0.342256,51.464172],[-0.342196,51.463884]]]}},{"type":"Feature","properties":{"name":null,"kind":"water"},"geometry":{"type":"Polygon","coordinates":[[[-0.344639,51.462101],[-0.345097,51.462101],[-0.345008,51.462356],[-0.344639,51.462101]]]}},{"type":"Feature","properties":{"name":null,"kind":"water"},"geometry":{"type":"Polygon","coordinates":[[[-0.3439,51.462097],[-0.344358,51.462097],[-0.34427,51.462352],[-0.3439,51.462097]]]}},{"type":"Feature","properties":{"name":null,"kind":"water"},"geometry":{"type":"Polygon","coordinates":[[[-0.343897,51.461694],[-0.344355,51.461694],[-0.344266,51.461949],[-0.343897,51.461694]]]}},{"type":"Feature","properties":{"name":null,"kind":"water"},"geometry":{"type":"Polygon","coordinates":[[[-0.344637,51.46169],[-0.345094,51.46169],[-0.345006,51.461945],[-0.344637,51.46169]]]}},{"type":"Feature","properties":{"name":null,"kind":"water"},"geometry":{"type":"Polygon","coordinates":[[[-0.345129,51.461185],[-0.345586,51.461185],[-0.345498,51.46144],[-0.345129,51.461185]]]}},{"type":"Feature","properties":{"name":null,"kind":"water"},"geometry":{"type":"Polygon","coordinates":[[[-0.344395,51.461189],[-0.344853,51.461189],[-0.344764,51.461444],[-0.344395,51.461189]]]}},{"type":"Feature","properties":{"name":null,"kind":"water"},"geometry":{"type":"Polygon","coordinates":[[[-0.345132,51.460781],[-0.345629,51.460831],[-0.34522,51.461036],[-0.345132,51.460781]]]}},{"type":"Feature","properties":{"name":null,"kind":"water"},"geometry":{"type":"Polygon","coordinates":[[[-0.344389,51.460777],[-0.344847,51.460777],[-0.344758,51.461032],[-0.344389,51.460777]]]}},{"type":"Feature","properties":{"name":null,"kind":"water"},"geometry":{"type":"Polygon","coordinates":[[[-0.345126,51.460375],[-0.345623,51.460424],[-0.345214,51.46063],[-0.345126,51.460375]]]}},{"type":"Feature","properties":{"name":null,"kind":"water"},"geometry":{"type":"Polygon","coordinates":[[[-0.344436,51.460371],[-0.344894,51.460371],[-0.344805,51.460626],[-0.344436,51.460371]]]}},{"type":"Feature","properties":{"name":null,"kind":"water"},"geometry":{"type":"Polygon","coordinates":[[[-0.338641,51.464943],[-0.339036,51.464992],[-0.338673,51.465156],[-0.338641,51.464943]]]}},{"type":"Feature","properties":{"name":null,"kind":"water"},"geometry":{"type":"Polygon","coordinates":[[[-0.338134,51.464943],[-0.338529,51.464992],[-0.338166,51.465155],[-0.338134,51.464943]]]}},{"type":"Feature","properties":{"name":null,"kind":"water"},"geometry":{"type":"Polygon","coordinates":[[[-0.338132,51.46464],[-0.338527,51.464689],[-0.338164,51.464852],[-0.338132,51.46464]]]}},{"type":"Feature","properties":{"name":null,"kind":"water"},"geometry":{"type":"Polygon","coordinates":[[[-0.338626,51.464635],[-0.339021,51.464684],[-0.338658,51.464847],[-0.338626,51.464635]]]}},{"type":"Feature","properties":{"name":null,"kind":"water"},"geometry":{"type":"Polygon","coordinates":[[[-0.336998,51.46495],[-0.337393,51.464998],[-0.33703,51.465162],[-0.336998,51.46495]]]}},{"type":"Feature","properties":{"name":null,"kind":"water"},"geometry":{"type":"Polygon","coordinates":[[[-0.336996,51.464643],[-0.337391,51.464692],[-0.337028,51.464855],[-0.336996,51.464643]]]}},{"type":"Feature","properties":{"name":null,"kind":"water"},"geometry":{"type":"Polygon","coordinates":[[[-0.336504,51.464647],[-0.336899,51.464696],[-0.336536,51.464859],[-0.336504,51.464647]]]}},{"type":"Feature","properties":{"name":null,"kind":"water"},"geometry":{"type":"Polygon","coordinates":[[[-0.33651,51.464952],[-0.336905,51.465001],[-0.336542,51.465164],[-0.33651,51.464952]]]}},{"type":"Feature","properties":{"name":null,"kind":"water"},"geometry":{"type":"Polygon","coordinates":[[[-0.343359,51.462168],[-0.343532,51.462207],[-0.343427,51.462356],[-0.343359,51.462168]]]}},{"type":"Feature","properties":{"name":null,"kind":"water"},"geometry":{"type":"Polygon","coordinates":[[[-0.342891,51.462167],[-0.34305,51.462324],[-0.34278,51.462261],[-0.342891,51.462167]]]}},{"type":"Feature","properties":{"name":null,"kind":"water"},"geometry":{"type":"Polygon","coordinates":[[[-0.342887,51.461923],[-0.343046,51.46208],[-0.342776,51.462016],[-0.342887,51.461923]]]}},{"type":"Feature","properties":{"name":null,"kind":"water"},"geometry":{"type":"Polygon","coordinates":[[[-0.343362,51.461924],[-0.343521,51.462081],[-0.343251,51.462018],[-0.343362,51.461924]]]}},{"type":"Feature","properties":{"name":null,"kind":"water"},"geometry":{"type":"Polygon","coordinates":[[[-0.343358,51.461684],[-0.343517,51.461841],[-0.343247,51.461777],[-0.343358,51.461684]]]}},{"type":"Feature","properties":{"name":null,"kind":"water"},"geometry":{"type":"Polygon","coordinates":[[[-0.342884,51.46168],[-0.343057,51.461719],[-0.342952,51.461868],[-0.342884,51.46168]]]}},{"type":"Feature","properties":{"name":null,"kind":"water"},"geometry":{"type":"Polygon","coordinates":[[[-0.342194,51.462314],[-0.342415,51.462368],[-0.342206,51.462431],[-0.342194,51.462314]]]}},{"type":"Feature","properties":{"name":null,"kind":"water"},"geometry":{"type":"Polygon","coordinates":[[[-0.342189,51.462111],[-0.34241,51.462166],[-0.342201,51.462229],[-0.342189,51.462111]]]}},{"type":"Feature","properties":{"name":null,"kind":"water"},"geometry":{"type":"Polygon","coordinates":[[[-0.342187,51.461914],[-0.342407,51.461969],[-0.342199,51.462032],[-0.342187,51.461914]]]}},{"type":"Feature","properties":{"name":null,"kind":"water"},"geometry":{"type":"Polygon","coordinates":[[[-0.342154,51.461718],[-0.342375,51.461773],[-0.342167,51.461835],[-0.342154,51.461718]]]}},{"type":"Feature","properties":{"name":null,"kind":"water"},"geometry":{"type":"Polygon","coordinates":[[[-0.341814,51.461722],[-0.342035,51.461777],[-0.341827,51.46184],[-0.341814,51.461722]]]}},{"type":"Feature","properties":{"name":null,"kind":"water"},"geometry":{"type":"Polygon","coordinates":[[[-0.341847,51.461914],[-0.342068,51.461968],[-0.341859,51.462031],[-0.341847,51.461914]]]}},{"type":"Feature","properties":{"name":null,"kind":"water"},"geometry":{"type":"Polygon","coordinates":[[[-0.341849,51.46211],[-0.34207,51.462165],[-0.341861,51.462228],[-0.341849,51.46211]]]}},{"type":"Feature","properties":{"name":null,"kind":"water"},"geometry":{"type":"Polygon","coordinates":[[[-0.341854,51.462313],[-0.342075,51.462367],[-0.341866,51.46243],[-0.341854,51.462313]]]}},{"type":"Feature","properties":{"name":null,"kind":"water"},"geometry":{"type":"Polygon","coordinates":[[[-0.3415,51.461719],[-0.341721,51.461774],[-0.341512,51.461837],[-0.3415,51.461719]]]}},{"type":"Feature","properties":{"name":null,"kind":"water"},"geometry":{"type":"Polygon","coordinates":[[[-0.341502,51.46192],[-0.341723,51.461975],[-0.341514,51.462038],[-0.341502,51.46192]]]}},{"type":"Feature","properties":{"name":null,"kind":"water"},"geometry":{"type":"Polygon","coordinates":[[[-0.341504,51.462116],[-0.341725,51.462171],[-0.341517,51.462234],[-0.341504,51.462116]]]}},{"type":"Feature","properties":{"name":null,"kind":"water"},"geometry":{"type":"Polygon","coordinates":[[[-0.341509,51.462319],[-0.34173,51.462374],[-0.341521,51.462437],[-0.341509,51.462319]]]}},{"type":"Feature","properties":{"name":null,"kind":"water"},"geometry":{"type":"Polygon","coordinates":[[[-0.340547,51.461722],[-0.340768,51.461777],[-0.340559,51.46184],[-0.340547,51.461722]]]}},{"type":"Feature","properties":{"name":null,"kind":"water"},"geometry":{"type":"Polygon","coordinates":[[[-0.340549,51.461923],[-0.34077,51.461978],[-0.340561,51.462041],[-0.340549,51.461923]]]}},{"type":"Feature","properties":{"name":null,"kind":"water"},"geometry":{"type":"Polygon","coordinates":[[[-0.340551,51.462119],[-0.340772,51.462174],[-0.340563,51.462237],[-0.340551,51.462119]]]}},{"type":"Feature","properties":{"name":null,"kind":"water"},"geometry":{"type":"Polygon","coordinates":[[[-0.340556,51.462322],[-0.340777,51.462377],[-0.340568,51.46244],[-0.340556,51.462322]]]}},{"type":"Feature","properties":{"name":null,"kind":"water"},"geometry":{"type":"Polygon","coordinates":[[[-0.340864,51.461722],[-0.341085,51.461777],[-0.340876,51.46184],[-0.340864,51.461722]]]}},{"type":"Feature","properties":{"name":null,"kind":"water"},"geometry":{"type":"Polygon","coordinates":[[[-0.340866,51.461923],[-0.341087,51.461978],[-0.340878,51.462041],[-0.340866,51.461923]]]}},{"type":"Feature","properties":{"name":null,"kind":"water"},"geometry":{"type":"Polygon","coordinates":[[[-0.340868,51.462119],[-0.341089,51.462174],[-0.34088,51.462237],[-0.340868,51.462119]]]}},{"type":"Feature","properties":{"name":null,"kind":"water"},"geometry":{"type":"Polygon","coordinates":[[[-0.340873,51.462322],[-0.341094,51.462377],[-0.340885,51.46244],[-0.340873,51.462322]]]}},{"type":"Feature","properties":{"name":null,"kind":"water"},"geometry":{"type":"Polygon","coordinates":[[[-0.341181,51.461719],[-0.341402,51.461774],[-0.341193,51.461837],[-0.341181,51.461719]]]}},{"type":"Feature","properties":{"name":null,"kind":"water"},"geometry":{"type":"Polygon","coordinates":[[[-0.341183,51.46192],[-0.341404,51.461975],[-0.341195,51.462038],[-0.341183,51.46192]]]}},{"type":"Feature","properties":{"name":null,"kind":"water"},"geometry":{"type":"Polygon","coordinates":[[[-0.341185,51.462116],[-0.341406,51.462171],[-0.341197,51.462234],[-0.341185,51.462116]]]}},{"type":"Feature","properties":{"name":null,"kind":"water"},"geometry":{"type":"Polygon","coordinates":[[[-0.34119,51.462319],[-0.341411,51.462374],[-0.341202,51.462437],[-0.34119,51.462319]]]}},{"type":"Feature","properties":{"name":null,"kind":"water"},"geometry":{"type":"Polygon","coordinates":[[[-0.339771,51.462313],[-0.33977,51.462456],[-0.339549,51.462368],[-0.339771,51.462313]]]}},{"type":"Feature","properties":{"name":null,"kind":"water"},"geometry":{"type":"Polygon","coordinates":[[[-0.339453,51.462315],[-0.339452,51.462458],[-0.339231,51.46237],[-0.339453,51.462315]]]}},{"type":"Feature","properties":{"name":null,"kind":"water"},"geometry":{"type":"Polygon","coordinates":[[[-0.339451,51.462116],[-0.33945,51.462259],[-0.339228,51.462172],[-0.339451,51.462116]]]}},{"type":"Feature","properties":{"name":null,"kind":"water"},"geometry":{"type":"Polygon","coordinates":[[[-0.339769,51.462114],[-0.339768,51.462257],[-0.339564,51.462141],[-0.339769,51.462114]]]}},{"type":"Feature","properties":{"name":null,"kind":"water"},"geometry":{"type":"Polygon","coordinates":[[[-0.339443,51.461717],[-0.339442,51.46186],[-0.339238,51.461744],[-0.339443,51.461717]]]}},{"type":"Feature","properties":{"name":null,"kind":"water"},"geometry":{"type":"Polygon","coordinates":[[[-0.339761,51.461715],[-0.33976,51.461858],[-0.339556,51.461742],[-0.339761,51.461715]]]}},{"type":"Feature","properties":{"name":null,"kind":"water"},"geometry":{"type":"Polygon","coordinates":[[[-0.339445,51.461916],[-0.339444,51.462059],[-0.339223,51.461971],[-0.339445,51.461916]]]}},{"type":"Feature","properties":{"name":null,"kind":"water"},"geometry":{"type":"Polygon","coordinates":[[[-0.339763,51.461914],[-0.339762,51.462057],[-0.339558,51.461941],[-0.339763,51.461914]]]}},{"type":"Feature","properties":{"name":null,"kind":"water"},"geometry":{"type":"Polygon","coordinates":[[[-0.338809,51.46172],[-0.338808,51.461863],[-0.338604,51.461747],[-0.338809,51.46172]]]}},{"type":"Feature","properties":{"name":null,"kind":"water"},"geometry":{"type":"Polygon","coordinates":[[[-0.339127,51.461719],[-0.339126,51.461862],[-0.338905,51.461774],[-0.339127,51.461719]]]}},{"type":"Feature","properties":{"name":null,"kind":"water"},"geometry":{"type":"Polygon","coordinates":[[[-0.338811,51.461919],[-0.33881,51.462062],[-0.338589,51.461974],[-0.338811,51.461919]]]}},{"type":"Feature","properties":{"name":null,"kind":"water"},"geometry":{"type":"Polygon","coordinates":[[[-0.339129,51.461917],[-0.339128,51.46206],[-0.338924,51.461944],[-0.339129,51.461917]]]}},{"type":"Feature","properties":{"name":null,"kind":"water"},"geometry":{"type":"Polygon","coordinates":[[[-0.338812,51.462119],[-0.33881,51.462261],[-0.338589,51.462174],[-0.338812,51.462119]]]}},{"type":"Feature","properties":{"name":null,"kind":"water"},"geometry":{"type":"Polygon","coordinates":[[[-0.33913,51.462117],[-0.339129,51.46226],[-0.338907,51.462172],[-0.33913,51.462117]]]}},{"type":"Feature","properties":{"name":null,"kind":"water"},"geometry":{"type":"Polygon","coordinates":[[[-0.338814,51.462317],[-0.338813,51.46246],[-0.338591,51.462373],[-0.338814,51.462317]]]}},{"type":"Feature","properties":{"name":null,"kind":"water"},"geometry":{"type":"Polygon","coordinates":[[[-0.339132,51.462315],[-0.339131,51.462458],[-0.338909,51.462371],[-0.339132,51.462315]]]}},{"type":"Feature","properties":{"name":null,"kind":"water"},"geometry":{"type":"Polygon","coordinates":[[[-0.338499,51.46232],[-0.338497,51.462463],[-0.338276,51.462375],[-0.338499,51.46232]]]}},{"type":"Feature","properties":{"name":null,"kind":"water"},"geometry":{"type":"Polygon","coordinates":[[[-0.338496,51.462121],[-0.338495,51.462264],[-0.338291,51.462148],[-0.338496,51.462121]]]}},{"type":"Feature","properties":{"name":null,"kind":"water"},"geometry":{"type":"Polygon","coordinates":[[[-0.338496,51.461922],[-0.338495,51.462065],[-0.338274,51.461977],[-0.338496,51.461922]]]}},{"type":"Feature","properties":{"name":null,"kind":"water"},"geometry":{"type":"Polygon","coordinates":[[[-0.338494,51.461723],[-0.338493,51.461866],[-0.338288,51.46175],[-0.338494,51.461723]]]}},{"type":"Feature","properties":{"name":null,"kind":"water"},"geometry":{"type":"Polygon","coordinates":[[[-0.336555,51.462332],[-0.336553,51.462475],[-0.336349,51.462359],[-0.336555,51.462332]]]}},{"type":"Feature","properties":{"name":null,"kind":"water"},"geometry":{"type":"Polygon","coordinates":[[[-0.336552,51.462134],[-0.336551,51.462277],[-0.33633,51.462189],[-0.336552,51.462134]]]}},{"type":"Feature","properties":{"name":null,"kind":"water"},"geometry":{"type":"Polygon","coordinates":[[[-0.336552,51.461934],[-0.336551,51.462077],[-0.336347,51.461961],[-0.336552,51.461934]]]}},{"type":"Feature","properties":{"name":null,"kind":"water"},"geometry":{"type":"Polygon","coordinates":[[[-0.33655,51.461736],[-0.336549,51.461879],[-0.336328,51.461791],[-0.33655,51.461736]]]}},{"type":"Feature","properties":{"name":null,"kind":"water"},"geometry":{"type":"Polygon","coordinates":[[[-0.33687,51.462329],[-0.336869,51.462472],[-0.336647,51.462385],[-0.33687,51.462329]]]}},{"type":"Feature","properties":{"name":null,"kind":"water"},"geometry":{"type":"Polygon","coordinates":[[[-0.336868,51.462131],[-0.336866,51.462274],[-0.336645,51.462186],[-0.336868,51.462131]]]}},{"type":"Feature","properties":{"name":null,"kind":"water"},"geometry":{"type":"Polygon","coordinates":[[[-0.337186,51.462129],[-0.337185,51.462272],[-0.336963,51.462185],[-0.337186,51.462129]]]}},{"type":"Feature","properties":{"name":null,"kind":"water"},"geometry":{"type":"Polygon","coordinates":[[[-0.337188,51.462328],[-0.337187,51.462471],[-0.336965,51.462383],[-0.337188,51.462328]]]}},{"type":"Feature","properties":{"name":null,"kind":"water"},"geometry":{"type":"Polygon","coordinates":[[[-0.337509,51.462327],[-0.337508,51.46247],[-0.337303,51.462354],[-0.337509,51.462327]]]}},{"type":"Feature","properties":{"name":null,"kind":"water"},"geometry":{"type":"Polygon","coordinates":[[[-0.337827,51.462325],[-0.337826,51.462468],[-0.337622,51.462352],[-0.337827,51.462325]]]}},{"type":"Feature","properties":{"name":null,"kind":"water"},"geometry":{"type":"Polygon","coordinates":[[[-0.337825,51.462127],[-0.337824,51.46227],[-0.337603,51.462182],[-0.337825,51.462127]]]}},{"type":"Feature","properties":{"name":null,"kind":"water"},"geometry":{"type":"Polygon","coordinates":[[[-0.337507,51.462129],[-0.337506,51.462272],[-0.337284,51.462184],[-0.337507,51.462129]]]}},{"type":"Feature","properties":{"name":null,"kind":"water"},"geometry":{"type":"Polygon","coordinates":[[[-0.337501,51.461928],[-0.3375,51.462071],[-0.337296,51.461955],[-0.337501,51.461928]]]}},{"type":"Feature","properties":{"name":null,"kind":"water"},"geometry":{"type":"Polygon","coordinates":[[[-0.337819,51.461926],[-0.337818,51.462069],[-0.337614,51.461953],[-0.337819,51.461926]]]}},{"type":"Feature","properties":{"name":null,"kind":"water"},"geometry":{"type":"Polygon","coordinates":[[[-0.337817,51.461728],[-0.337816,51.461871],[-0.337595,51.461783],[-0.337817,51.461728]]]}},{"type":"Feature","properties":{"name":null,"kind":"water"},"geometry":{"type":"Polygon","coordinates":[[[-0.337499,51.46173],[-0.337498,51.461873],[-0.337277,51.461785],[-0.337499,51.46173]]]}},{"type":"Feature","properties":{"name":null,"kind":"water"},"geometry":{"type":"Polygon","coordinates":[[[-0.337183,51.461731],[-0.337182,51.461874],[-0.336978,51.461758],[-0.337183,51.461731]]]}},{"type":"Feature","properties":{"name":null,"kind":"water"},"geometry":{"type":"Polygon","coordinates":[[[-0.336865,51.461733],[-0.336864,51.461876],[-0.336643,51.461788],[-0.336865,51.461733]]]}},{"type":"Feature","properties":{"name":null,"kind":"water"},"geometry":{"type":"Polygon","coordinates":[[[-0.337186,51.461929],[-0.337184,51.462072],[-0.33698,51.461956],[-0.337186,51.461929]]]}},{"type":"Feature","properties":{"name":null,"kind":"water"},"geometry":{"type":"Polygon","coordinates":[[[-0.336867,51.461931],[-0.336866,51.462074],[-0.336662,51.461958],[-0.336867,51.461931]]]}},{"type":"Feature","properties":{"name":null,"kind":"water"},"geometry":{"type":"Polygon","coordinates":[[[-0.344835,51.463624],[-0.343757,51.463628],[-0.343745,51.462515],[-0.344823,51.462511],[-0.344835,51.463624]]]}},{"type":"Feature","properties":{"name":null,"kind":"water"},"geometry":{"type":"Polygon","coordinates":[[[-0.342785,51.463622],[-0.343381,51.463619],[-0.343367,51.462519],[-0.342771,51.462522],[-0.342785,51.463622]]]}},{"type":"Feature","properties":{"name":null,"kind":"water"},"geometry":{"type":"Polygon","coordinates":[[[-0.342513,51.463667],[-0.341635,51.463669],[-0.341627,51.46257],[-0.342505,51.462568],[-0.342513,51.463667]]]}},{"type":"Feature","properties":{"name":null,"kind":"water"},"geometry":{"type":"Polygon","coordinates":[[[-0.341356,51.463677],[-0.340509,51.463686],[-0.340481,51.462593],[-0.341328,51.462584],[-0.341356,51.463677]]]}},{"type":"Feature","properties":{"name":null,"kind":"water"},"geometry":{"type":"Polygon","coordinates":[[[-0.339775,51.463691],[-0.338134,51.463695],[-0.338154,51.462598],[-0.339803,51.462584],[-0.339775,51.463691]]]}},{"type":"Feature","properties":{"name":null,"kind":"water"},"geometry":{"type":"Polygon","coordinates":[[[-0.338001,51.463697],[-0.336339,51.463709],[-0.336317,51.462618],[-0.337968,51.4626],[-0.338001,51.463697]]]}},{"type":"Feature","properties":{"name":null,"kind":"water"},"geometry":{"type":"Polygon","coordinates":[[[0.110339,51.411933],[0.11038,51.411942],[0.110365,51.411925],[0.110339,51.411933]]]}},{"type":"Feature","properties":{"name":null,"kind":"water"},"geometry":{"type":"Polygon","coordinates":[[[0.098289,51.411018],[0.098195,51.411248],[0.098028,51.411112],[0.098289,51.411018]]]}},{"type":"Feature","properties":{"name":null,"kind":"water"},"geometry":{"type":"Polygon","coordinates":[[[0.098362,51.410754],[0.098166,51.410846],[0.098205,51.410563],[0.098362,51.410754]]]}},{"type":"Feature","properties":{"name":null,"kind":"water"},"geometry":{"type":"Polygon","coordinates":[[[-0.152719,51.344239],[-0.15266,51.34391],[-0.152311,51.344251],[-0.152719,51.344239]]]}},{"type":"Feature","properties":{"name":null,"kind":"water"},"geometry":{"type":"Polygon","coordinates":[[[-0.326807,51.638976],[-0.326756,51.63889],[-0.326704,51.63896],[-0.326807,51.638976]]]}},{"type":"Feature","properties":{"name":null,"kind":"water"},"geometry":{"type":"Polygon","coordinates":[[[0.029626,51.439692],[0.029481,51.439609],[0.029542,51.439563],[0.029626,51.439692]]]}},{"type":"Feature","properties":{"name":null,"kind":"water"},"geometry":{"type":"Polygon","coordinates":[[[0.029964,51.439699],[0.029735,51.439717],[0.029834,51.439677],[0.029964,51.439699]]]}},{"type":"Feature","properties":{"name":null,"kind":"water"},"geometry":{"type":"Polygon","coordinates":[[[-0.039076,51.503377],[-0.039317,51.503329],[-0.039105,51.503148],[-0.039076,51.503377]]]}},{"type":"Feature","properties":{"name":null,"kind":"water"},"geometry":{"type":"Polygon","coordinates":[[[0.084388,51.426817],[0.0841,51.426887],[0.083999,51.426722],[0.084388,51.426817]]]}},{"type":"Feature","properties":{"name":null,"kind":"water"},"geometry":{"type":"Polygon","coordinates":[[[0.008897,51.603244],[0.00869,51.6032],[0.008881,51.603069],[0.008897,51.603244]]]}},{"type":"Feature","properties":{"name":null,"kind":"water"},"geometry":{"type":"Polygon","coordinates":[[[0.009262,51.596831],[0.009235,51.596708],[0.009382,51.59677],[0.009262,51.596831]]]}},{"type":"Feature","properties":{"name":null,"kind":"water"},"geometry":{"type":"Polygon","coordinates":[[[0.009763,51.597416],[0.009892,51.597381],[0.009651,51.597284],[0.009763,51.597416]]]}},{"type":"Feature","properties":{"name":null,"kind":"water"},"geometry":{"type":"Polygon","coordinates":[[[0.009433,51.597186],[0.009178,51.597183],[0.0092,51.597113],[0.009433,51.597186]]]}},{"type":"Feature","properties":{"name":null,"kind":"water"},"geometry":{"type":"Polygon","coordinates":[[[-0.187228,51.662898],[-0.187244,51.662781],[-0.187062,51.662818],[-0.187228,51.662898]]]}},{"type":"Feature","properties":{"name":null,"kind":"water"},"geometry":{"type":"Polygon","coordinates":[[[-0.201427,51.664358],[-0.202589,51.664071],[-0.202485,51.664347],[-0.201427,51.664358]]]}},{"type":"Feature","properties":{"name":"Salmons Brook","kind":"water"},"geometry":{"type":"LineString","coordinates":[[-0.042358,51.611833],[-0.042949,51.611029]]}},{"type":"Feature","properties":{"name":"Pete's Pond","kind":"water"},"geometry":{"type":"Polygon","coordinates":[[[-0.499116,51.629579],[-0.498696,51.62942],[-0.498897,51.629134],[-0.499116,51.629579]]]}},{"type":"Feature","properties":{"name":null,"kind":"water"},"geometry":{"type":"Polygon","coordinates":[[[-0.272156,51.416428],[-0.272251,51.416119],[-0.271815,51.416004],[-0.272156,51.416428]]]}},{"type":"Feature","properties":{"name":null,"kind":"water"},"geometry":{"type":"Polygon","coordinates":[[[-0.180632,51.597511],[-0.180701,51.597323],[-0.180836,51.597479],[-0.180632,51.597511]]]}},{"type":"Feature","properties":{"name":"Mill Pool","kind":"water"},"geometry":{"type":"Polygon","coordinates":[[[0.073671,51.532969],[0.072891,51.53349],[0.073336,51.534229],[0.074383,51.533803],[0.073671,51.532969]]]}},{"type":"Feature","properties":{"name":null,"kind":"water"},"geometry":{"type":"Polygon","coordinates":[[[0.008745,51.598976],[0.0087,51.598866],[0.008864,51.598879],[0.008745,51.598976]]]}},{"type":"Feature","properties":{"name":null,"kind":"water"},"geometry":{"type":"Polygon","coordinates":[[[0.008379,51.598081],[0.008335,51.597971],[0.008499,51.597984],[0.008379,51.598081]]]}},{"type":"Feature","properties":{"name":null,"kind":"water"},"geometry":{"type":"Polygon","coordinates":[[[-0.484617,51.569189],[-0.483849,51.571257],[-0.485125,51.572889],[-0.484291,51.571458],[-0.484617,51.569189]]]}},{"type":"Feature","properties":{"name":null,"kind":"water"},"geometry":{"type":"Polygon","coordinates":[[[-0.485165,51.57294],[-0.485665,51.573579],[-0.484059,51.574943],[-0.484311,51.575322],[-0.48744,51.575958],[-0.489192,51.577481],[-0.48698,51.576025],[-0.483908,51.575303],[-0.48382,51.574793],[-0.485347,51.573877],[-0.485165,51.57294]]]}},{"type":"Feature","properties":{"name":null,"kind":"water"},"geometry":{"type":"Polygon","coordinates":[[[-0.48901,51.577817],[-0.489576,51.578062],[-0.48876,51.579323],[-0.48901,51.577817]]]}},{"type":"Feature","properties":{"name":null,"kind":"water"},"geometry":{"type":"Polygon","coordinates":[[[-0.491859,51.58303],[-0.490248,51.582138],[-0.488489,51.579418],[-0.489607,51.581957],[-0.491859,51.58303]]]}},{"type":"Feature","properties":{"name":null,"kind":"water"},"geometry":{"type":"Polygon","coordinates":[[[0.011671,51.493113],[0.011578,51.493121],[0.011579,51.493073],[0.011671,51.493113]]]}},{"type":"Feature","properties":{"name":null,"kind":"water"},"geometry":{"type":"Polygon","coordinates":[[[-0.123716,51.521756],[-0.123768,51.521779],[-0.12377,51.521749],[-0.123716,51.521756]]]}},{"type":"Feature","properties":{"name":null,"kind":"water"},"geometry":{"type":"Polygon","coordinates":[[[-0.10934,51.587066],[-0.108634,51.586232],[-0.106999,51.583385],[-0.10934,51.587066]]]}},{"type":"Feature","properties":{"name":null,"kind":"water"},"geometry":{"type":"Polygon","coordinates":[[[-0.106999,51.583385],[-0.106431,51.582957],[-0.107059,51.583329],[-0.106999,51.583385]]]}},{"type":"Feature","properties":{"name":null,"kind":"water"},"geometry":{"type":"Polygon","coordinates":[[[-0.104234,51.581742],[-0.103091,51.581181],[-0.103255,51.581169],[-0.104234,51.581742]]]}},{"type":"Feature","properties":{"name":null,"kind":"water"},"geometry":{"type":"Polygon","coordinates":[[[-0.103295,51.581171],[-0.102867,51.581008],[-0.10254,51.580542],[-0.103295,51.581171]]]}},{"type":"Feature","properties":{"name":null,"kind":"water"},"geometry":{"type":"Polygon","coordinates":[[[-0.102641,51.580535],[-0.102371,51.57989],[-0.102484,51.579882],[-0.102641,51.580535]]]}},{"type":"Feature","properties":{"name":null,"kind":"water"},"geometry":{"type":"Polygon","coordinates":[[[-0.102484,51.579882],[-0.102371,51.57989],[-0.102203,51.579235],[-0.102484,51.579882]]]}},{"type":"Feature","properties":{"name":null,"kind":"water"},"geometry":{"type":"Polygon","coordinates":[[[-0.102312,51.579228],[-0.102203,51.579235],[-0.102298,51.578581],[-0.102409,51.578663],[-0.102312,51.579228]]]}},{"type":"Feature","properties":{"name":null,"kind":"water"},"geometry":{"type":"Polygon","coordinates":[[[-0.102398,51.578574],[-0.102235,51.577905],[-0.102348,51.577896],[-0.102398,51.578574]]]}},{"type":"Feature","properties":{"name":null,"kind":"water"},"geometry":{"type":"Polygon","coordinates":[[[-0.102348,51.577896],[-0.102181,51.577228],[-0.102332,51.577217],[-0.102348,51.577896]]]}},{"type":"Feature","properties":{"name":null,"kind":"water"},"geometry":{"type":"Polygon","coordinates":[[[-0.102332,51.577217],[-0.102181,51.577228],[-0.102021,51.576148],[-0.102332,51.577217]]]}},{"type":"Feature","properties":{"name":null,"kind":"water"},"geometry":{"type":"Polygon","coordinates":[[[-0.102142,51.576116],[-0.101662,51.575868],[-0.10156,51.575111],[-0.102142,51.576116]]]}},{"type":"Feature","properties":{"name":null,"kind":"water"},"geometry":{"type":"Polygon","coordinates":[[[-0.10156,51.575111],[-0.100526,51.574104],[-0.097919,51.573659],[-0.100467,51.574019],[-0.10156,51.575111]]]}},{"type":"Feature","properties":{"name":null,"kind":"water"},"geometry":{"type":"Polygon","coordinates":[[[-0.111949,51.587776],[-0.109852,51.587381],[-0.109218,51.587088],[-0.111949,51.587776]]]}},{"type":"Feature","properties":{"name":null,"kind":"water"},"geometry":{"type":"Polygon","coordinates":[[[-0.114599,51.589619],[-0.11452,51.589643],[-0.114039,51.588994],[-0.114599,51.589619]]]}},{"type":"Feature","properties":{"name":"Cody Dock","kind":"water"},"geometry":{"type":"Polygon","coordinates":[[[-0.002594,51.518446],[-0.002403,51.518234],[-0.00227,51.518306],[-0.002594,51.518446]]]}},{"type":"Feature","properties":{"name":null,"kind":"water"},"geometry":{"type":"Polygon","coordinates":[[[-0.499057,51.591492],[-0.49898,51.591574],[-0.499198,51.59164],[-0.499057,51.591492]]]}},{"type":"Feature","properties":{"name":null,"kind":"water"},"geometry":{"type":"Polygon","coordinates":[[[0.027902,51.564321],[0.028035,51.564456],[0.027806,51.564272],[0.027902,51.564321]]]}},{"type":"Feature","properties":{"name":null,"kind":"water"},"geometry":{"type":"Polygon","coordinates":[[[-0.484979,51.551913],[-0.483686,51.553543],[-0.485174,51.552729],[-0.484979,51.551913]]]}},{"type":"Feature","properties":{"name":null,"kind":"water"},"geometry":{"type":"Polygon","coordinates":[[[-0.424719,51.573749],[-0.42469,51.573783],[-0.424651,51.573723],[-0.424719,51.573749]]]}},{"type":"Feature","properties":{"name":null,"kind":"water"},"geometry":{"type":"Polygon","coordinates":[[[-0.117571,51.616635],[-0.117478,51.616601],[-0.117606,51.6166],[-0.117571,51.616635]]]}},{"type":"Feature","properties":{"name":null,"kind":"water"},"geometry":{"type":"Polygon","coordinates":[[[0.053618,51.530097],[0.053522,51.530146],[0.053643,51.530156],[0.053618,51.530097]]]}},{"type":"Feature","properties":{"name":"River Crane","kind":"water"},"geometry":{"type":"LineString","coordinates":[[-0.416716,51.482673],[-0.416854,51.480817],[-0.414975,51.477144],[-0.41566,51.473776],[-0.411229,51.47019]]}},{"type":"Feature","properties":{"name":"River Crane","kind":"water"},"geometry":{"type":"LineString","coordinates":[[-0.416653,51.482718],[-0.416716,51.482673]]}},{"type":"Feature","properties":{"name":"Salmons Brook","kind":"water"},"geometry":{"type":"LineString","coordinates":[[-0.044689,51.621341],[-0.044466,51.621315]]}},{"type":"Feature","properties":{"name":"Salmons Brook","kind":"water"},"geometry":{"type":"LineString","coordinates":[[-0.044746,51.621349],[-0.044689,51.621341]]}},{"type":"Feature","properties":{"name":null,"kind":"water"},"geometry":{"type":"Polygon","coordinates":[[[-0.425207,51.491456],[-0.424638,51.490608],[-0.423086,51.49125],[-0.425207,51.491456]]]}},{"type":"Feature","properties":{"name":"New River","kind":"water"},"geometry":{"type":"LineString","coordinates":[[-0.089227,51.648852],[-0.087923,51.649564],[-0.087953,51.650437]]}},{"type":"Feature","properties":{"name":null,"kind":"water"},"geometry":{"type":"Polygon","coordinates":[[[-0.433348,51.5935],[-0.433214,51.593494],[-0.433281,51.593362],[-0.433348,51.5935]]]}},{"type":"Feature","properties":{"name":"New River","kind":"water"},"geometry":{"type":"LineString","coordinates":[[-0.030119,51.724927],[-0.032461,51.722682],[-0.037286,51.721478],[-0.039385,51.7194],[-0.039226,51.716912],[-0.042567,51.715333],[-0.042155,51.714648],[-0.040395,51.714357],[-0.040638,51.710222],[-0.041957,51.709536],[-0.043306,51.706324],[-0.045174,51.70396],[-0.047338,51.702439],[-0.050784,51.697518],[-0.050588,51.693871],[-0.051156,51.692474],[-0.049801,51.691444],[-0.049465,51.690387],[-0.053473,51.68778],[-0.054935,51.685172],[-0.05495,51.683272]]}},{"type":"Feature","properties":{"name":null,"kind":"water"},"geometry":{"type":"Polygon","coordinates":[[[0.020597,51.469482],[0.020563,51.469513],[0.02061,51.469531],[0.020597,51.469482]]]}},{"type":"Feature","properties":{"name":null,"kind":"water"},"geometry":{"type":"Polygon","coordinates":[[[-0.22169,51.511257],[-0.221707,51.511182],[-0.22187,51.511168],[-0.22169,51.511257]]]}},{"type":"Feature","properties":{"name":null,"kind":"water"},"geometry":{"type":"Polygon","coordinates":[[[0.203674,51.530541],[0.203537,51.530451],[0.203727,51.530483],[0.203674,51.530541]]]}},{"type":"Feature","properties":{"name":null,"kind":"water"},"geometry":{"type":"Polygon","coordinates":[[[0.203077,51.530569],[0.20292,51.530521],[0.20308,51.53043],[0.203077,51.530569]]]}},{"type":"Feature","properties":{"name":"River Ingrebourne","kind":"water"},"geometry":{"type":"LineString","coordinates":[[0.223012,51.546082],[0.220899,51.544901],[0.221107,51.544547]]}},{"type":"Feature","properties":{"name":"River Ingrebourne","kind":"water"},"geometry":{"type":"LineString","coordinates":[[0.221107,51.544547],[0.215994,51.541149],[0.215646,51.539856],[0.216366,51.538345],[0.21495,51.534909],[0.210318,51.53042],[0.194326,51.521656],[0.18908,51.520602],[0.188775,51.519147],[0.186711,51.517766],[0.1836,51.516954],[0.182704,51.515854],[0.181467,51.515776],[0.180052,51.514677],[0.178944,51.514865],[0.17702,51.51266],[0.175566,51.508754]]}},{"type":"Feature","properties":{"name":null,"kind":"water"},"geometry":{"type":"Polygon","coordinates":[[[0.223056,51.546079],[0.22069,51.544653],[0.223071,51.546414],[0.223056,51.546079]]]}},{"type":"Feature","properties":{"name":null,"kind":"water"},"geometry":{"type":"Polygon","coordinates":[[[0.217548,51.542012],[0.21742,51.542043],[0.2182,51.541617],[0.217548,51.542012]]]}},{"type":"Feature","properties":{"name":null,"kind":"water"},"geometry":{"type":"Polygon","coordinates":[[[-0.094499,51.503013],[-0.094431,51.503107],[-0.094398,51.503002],[-0.094499,51.503013]]]}},{"type":"Feature","properties":{"name":null,"kind":"water"},"geometry":{"type":"Polygon","coordinates":[[[-0.501459,51.593666],[-0.501636,51.593942],[-0.501799,51.593951],[-0.501459,51.593666]]]}},{"type":"Feature","properties":{"name":null,"kind":"water"},"geometry":{"type":"Polygon","coordinates":[[[0.087653,51.524349],[0.087915,51.524378],[0.087771,51.524277],[0.087653,51.524349]]]}},{"type":"Feature","properties":{"name":null,"kind":"water"},"geometry":{"type":"Polygon","coordinates":[[[0.095108,51.515374],[0.095161,51.515224],[0.095295,51.515261],[0.095108,51.515374]]]}},{"type":"Feature","properties":{"name":null,"kind":"water"},"geometry":{"type":"Polygon","coordinates":[[[0.094709,51.516253],[0.09463,51.516237],[0.09517,51.515427],[0.094709,51.516253]]]}},{"type":"Feature","properties":{"name":null,"kind":"water"},"geometry":{"type":"Polygon","coordinates":[[[0.093405,51.519528],[0.093936,51.517008],[0.094275,51.517035],[0.093405,51.519528]]]}},{"type":"Feature","properties":{"name":null,"kind":"water"},"geometry":{"type":"Polygon","coordinates":[[[0.09063,51.522537],[0.093315,51.519927],[0.093258,51.520479],[0.09063,51.522537]]]}},{"type":"Feature","properties":{"name":null,"kind":"water"},"geometry":{"type":"Polygon","coordinates":[[[0.086875,51.525501],[0.087241,51.524623],[0.093227,51.520538],[0.094312,51.517038],[0.093422,51.520496],[0.086875,51.525501]]]}},{"type":"Feature","properties":{"name":null,"kind":"water"},"geometry":{"type":"Polygon","coordinates":[[[0.175472,51.50871],[0.178516,51.514386],[0.176998,51.512745],[0.175472,51.50871]]]}},{"type":"Feature","properties":{"name":null,"kind":"water"},"geometry":{"type":"Polygon","coordinates":[[[0.103348,51.522483],[0.103123,51.522435],[0.103143,51.522123],[0.103348,51.522483]]]}},{"type":"Feature","properties":{"name":null,"kind":"water"},"geometry":{"type":"Polygon","coordinates":[[[-0.022699,51.475395],[-0.022953,51.475276],[-0.022812,51.474704],[-0.022699,51.475395]]]}},{"type":"Feature","properties":{"name":"River Rom","kind":"water"},"geometry":{"type":"LineString","coordinates":[[0.180744,51.574347],[0.180951,51.574022]]}},{"type":"Feature","properties":{"name":null,"kind":"water"},"geometry":{"type":"Polygon","coordinates":[[[0.07413,51.502255],[0.074314,51.502069],[0.074,51.501976],[0.07413,51.502255]]]}},{"type":"Feature","properties":{"name":null,"kind":"water"},"geometry":{"type":"Polygon","coordinates":[[[0.070138,51.503007],[0.070763,51.502905],[0.07062,51.502612],[0.070138,51.503007]]]}},{"type":"Feature","properties":{"name":null,"kind":"water"},"geometry":{"type":"LineString","coordinates":[[0.068207,51.504604],[0.06979,51.502924]]}},{"type":"Feature","properties":{"name":null,"kind":"water"},"geometry":{"type":"LineString","coordinates":[[0.040361,51.506708],[0.066987,51.506079]]}},{"type":"Feature","properties":{"name":null,"kind":"water"},"geometry":{"type":"LineString","coordinates":[[0.020072,51.506124],[0.033315,51.506442]]}},{"type":"Feature","properties":{"name":null,"kind":"water"},"geometry":{"type":"LineString","coordinates":[[0.031246,51.503699],[0.033199,51.504234],[0.033272,51.505568]]}},{"type":"Feature","properties":{"name":null,"kind":"water"},"geometry":{"type":"LineString","coordinates":[[0.033272,51.505568],[0.033315,51.506442]]}},{"type":"Feature","properties":{"name":null,"kind":"water"},"geometry":{"type":"LineString","coordinates":[[0.033315,51.506442],[0.039262,51.506745]]}},{"type":"Feature","properties":{"name":null,"kind":"water"},"geometry":{"type":"LineString","coordinates":[[0.059195,51.503449],[0.06979,51.502924]]}},{"type":"Feature","properties":{"name":null,"kind":"water"},"geometry":{"type":"LineString","coordinates":[[0.066987,51.506079],[0.068207,51.504604]]}},{"type":"Feature","properties":{"name":null,"kind":"water"},"geometry":{"type":"LineString","coordinates":[[0.070061,51.502869],[0.070586,51.502769]]}},{"type":"Feature","properties":{"name":null,"kind":"water"},"geometry":{"type":"LineString","coordinates":[[0.06979,51.502924],[0.070061,51.502869]]}},{"type":"Feature","properties":{"name":null,"kind":"water"},"geometry":{"type":"LineString","coordinates":[[0.073964,51.502135],[0.074314,51.502069]]}},{"type":"Feature","properties":{"name":null,"kind":"water"},"geometry":{"type":"LineString","coordinates":[[0.076787,51.504896],[0.076684,51.50491]]}},{"type":"Feature","properties":{"name":null,"kind":"water"},"geometry":{"type":"Polygon","coordinates":[[[0.123964,51.526248],[0.125007,51.525837],[0.125412,51.526144],[0.123964,51.526248]]]}},{"type":"Feature","properties":{"name":null,"kind":"water"},"geometry":{"type":"Polygon","coordinates":[[[-0.137174,51.659975],[-0.137136,51.659838],[-0.13749,51.659912],[-0.137174,51.659975]]]}},{"type":"Feature","properties":{"name":null,"kind":"water"},"geometry":{"type":"Polygon","coordinates":[[[0.086095,51.408937],[0.085998,51.408804],[0.08622,51.40883],[0.086095,51.408937]]]}},{"type":"Feature","properties":{"name":null,"kind":"water"},"geometry":{"type":"Polygon","coordinates":[[[-0.396411,51.490514],[-0.396148,51.490452],[-0.396676,51.490427],[-0.396411,51.490514]]]}},{"type":"Feature","properties":{"name":null,"kind":"water"},"geometry":{"type":"Polygon","coordinates":[[[-0.397564,51.490182],[-0.39688,51.489963],[-0.397701,51.490105],[-0.397564,51.490182]]]}},{"type":"Feature","properties":{"name":null,"kind":"water"},"geometry":{"type":"Polygon","coordinates":[[[-0.396749,51.490035],[-0.395676,51.489813],[-0.396218,51.490018],[-0.396749,51.490035]]]}},{"type":"Feature","properties":{"name":null,"kind":"water"},"geometry":{"type":"Polygon","coordinates":[[[-0.398169,51.495232],[-0.397947,51.495137],[-0.398442,51.495205],[-0.398169,51.495232]]]}},{"type":"Feature","properties":{"name":null,"kind":"water"},"geometry":{"type":"Polygon","coordinates":[[[-0.397994,51.494485],[-0.397547,51.494197],[-0.397732,51.494111],[-0.397994,51.494485]]]}},{"type":"Feature","properties":{"name":null,"kind":"water"},"geometry":{"type":"Polygon","coordinates":[[[-0.382137,51.490326],[-0.381663,51.490008],[-0.381999,51.489794],[-0.382137,51.490326]]]}},{"type":"Feature","properties":{"name":null,"kind":"water"},"geometry":{"type":"Polygon","coordinates":[[[-0.391226,51.491064],[-0.391324,51.490915],[-0.390824,51.490552],[-0.391226,51.491064]]]}},{"type":"Feature","properties":{"name":null,"kind":"water"},"geometry":{"type":"Polygon","coordinates":[[[0.19565,51.600999],[0.195533,51.600794],[0.195782,51.600951],[0.19565,51.600999]]]}},{"type":"Feature","properties":{"name":null,"kind":"water"},"geometry":{"type":"Polygon","coordinates":[[[0.192919,51.595885],[0.193055,51.595788],[0.193041,51.595854],[0.192919,51.595885]]]}},{"type":"Feature","properties":{"name":null,"kind":"water"},"geometry":{"type":"Polygon","coordinates":[[[0.260455,51.518429],[0.261351,51.518495],[0.260766,51.518241],[0.260455,51.518429]]]}},{"type":"Feature","properties":{"name":null,"kind":"water"},"geometry":{"type":"Polygon","coordinates":[[[0.248056,51.515996],[0.248142,51.516138],[0.247931,51.516137],[0.248056,51.515996]]]}},{"type":"Feature","properties":{"name":null,"kind":"water"},"geometry":{"type":"Polygon","coordinates":[[[0.246393,51.515404],[0.246299,51.514968],[0.246957,51.51533],[0.246393,51.515404]]]}},{"type":"Feature","properties":{"name":null,"kind":"water"},"geometry":{"type":"Polygon","coordinates":[[[0.247608,51.515365],[0.247769,51.51574],[0.247218,51.51555],[0.247608,51.515365]]]}},{"type":"Feature","properties":{"name":null,"kind":"water"},"geometry":{"type":"Polygon","coordinates":[[[0.266271,51.523181],[0.266873,51.523189],[0.266531,51.522876],[0.266271,51.523181]]]}},{"type":"Feature","properties":{"name":null,"kind":"water"},"geometry":{"type":"Polygon","coordinates":[[[0.26056,51.523113],[0.262024,51.522726],[0.260383,51.523451],[0.26056,51.523113]]]}},{"type":"Feature","properties":{"name":null,"kind":"water"},"geometry":{"type":"Polygon","coordinates":[[[0.260686,51.524018],[0.261703,51.523643],[0.261445,51.523498],[0.260686,51.524018]]]}},{"type":"Feature","properties":{"name":null,"kind":"water"},"geometry":{"type":"Polygon","coordinates":[[[0.262212,51.523037],[0.261539,51.523365],[0.261347,51.523264],[0.262212,51.523037]]]}},{"type":"Feature","properties":{"name":null,"kind":"water"},"geometry":{"type":"Polygon","coordinates":[[[0.261008,51.523393],[0.260548,51.523711],[0.260361,51.523575],[0.261008,51.523393]]]}},{"type":"Feature","properties":{"name":null,"kind":"water"},"geometry":{"type":"Polygon","coordinates":[[[0.261959,51.52356],[0.262232,51.523295],[0.261888,51.523387],[0.261959,51.52356]]]}},{"type":"Feature","properties":{"name":null,"kind":"water"},"geometry":{"type":"Polygon","coordinates":[[[-0.104531,51.353665],[-0.104526,51.353687],[-0.104389,51.353676],[-0.104394,51.353654],[-0.104531,51.353665]]]}},{"type":"Feature","properties":{"name":null,"kind":"water"},"geometry":{"type":"Polygon","coordinates":[[[0.266994,51.514454],[0.267781,51.514654],[0.267881,51.514066],[0.266994,51.514454]]]}},{"type":"Feature","properties":{"name":null,"kind":"water"},"geometry":{"type":"Polygon","coordinates":[[[0.228528,51.486381],[0.22819,51.485921],[0.228116,51.486103],[0.228528,51.486381]]]}},{"type":"Feature","properties":{"name":null,"kind":"water"},"geometry":{"type":"Polygon","coordinates":[[[0.080236,51.468979],[0.080311,51.468889],[0.080107,51.468808],[0.080236,51.468979]]]}},{"type":"Feature","properties":{"name":null,"kind":"water"},"geometry":{"type":"LineString","coordinates":[[-0.023239,51.504045],[-0.023064,51.504601]]}},{"type":"Feature","properties":{"name":null,"kind":"water"},"geometry":{"type":"LineString","coordinates":[[-0.020577,51.503739],[-0.022399,51.503945]]}},{"type":"Feature","properties":{"name":"South Dock","kind":"water"},"geometry":{"type":"Polygon","coordinates":[[[-0.022785,51.502859],[-0.022489,51.50365],[-0.022548,51.502966],[-0.022785,51.502859]]]}},{"type":"Feature","properties":{"name":null,"kind":"water"},"geometry":{"type":"LineString","coordinates":[[-0.02275,51.502848],[-0.022903,51.50242]]}},{"type":"Feature","properties":{"name":null,"kind":"water"},"geometry":{"type":"Polygon","coordinates":[[[0.167357,51.442411],[0.167442,51.442547],[0.167594,51.44236],[0.167357,51.442411]]]}},{"type":"Feature","properties":{"name":null,"kind":"water"},"geometry":{"type":"Polygon","coordinates":[[[-0.457765,51.574379],[-0.45711,51.574258],[-0.457873,51.574163],[-0.457765,51.574379]]]}},{"type":"Feature","properties":{"name":null,"kind":"water"},"geometry":{"type":"Polygon","coordinates":[[[-0.463786,51.581235],[-0.463647,51.581363],[-0.463942,51.581301],[-0.463786,51.581235]]]}},{"type":"Feature","properties":{"name":null,"kind":"water"},"geometry":{"type":"Polygon","coordinates":[[[-0.474785,51.578296],[-0.474626,51.578164],[-0.475592,51.578109],[-0.474785,51.578296]]]}},{"type":"Feature","properties":{"name":null,"kind":"water"},"geometry":{"type":"Polygon","coordinates":[[[-0.506692,51.600133],[-0.506512,51.601179],[-0.50685,51.601277],[-0.506692,51.600133]]]}},{"type":"Feature","properties":{"name":"River Colne","kind":"water"},"geometry":{"type":"LineString","coordinates":[[-0.488866,51.482839],[-0.48769,51.483068],[-0.490514,51.481775]]}},{"type":"Feature","properties":{"name":null,"kind":"water"},"geometry":{"type":"Polygon","coordinates":[[[0.099331,51.477134],[0.099698,51.477179],[0.099568,51.476969],[0.099331,51.477134]]]}},{"type":"Feature","properties":{"name":"Channelsea River","kind":"water"},"geometry":{"type":"LineString","coordinates":[[-0.003694,51.540154],[-0.002704,51.539857]]}},{"type":"Feature","properties":{"name":null,"kind":"water"},"geometry":{"type":"Polygon","coordinates":[[[-0.022825,51.474306],[-0.02276,51.473565],[-0.021521,51.47167],[-0.022825,51.474306]]]}},{"type":"Feature","properties":{"name":null,"kind":"water"},"geometry":{"type":"Polygon","coordinates":[[[-0.177405,51.438236],[-0.177594,51.438176],[-0.177478,51.438],[-0.177405,51.438236]]]}},{"type":"Feature","properties":{"name":null,"kind":"water"},"geometry":{"type":"Polygon","coordinates":[[[-0.176227,51.437294],[-0.176572,51.437151],[-0.176004,51.436623],[-0.176227,51.437294]]]}},{"type":"Feature","properties":{"name":null,"kind":"water"},"geometry":{"type":"Polygon","coordinates":[[[-0.340212,51.623815],[-0.340114,51.623591],[-0.340279,51.623607],[-0.340212,51.623815]]]}},{"type":"Feature","properties":{"name":null,"kind":"water"},"geometry":{"type":"Polygon","coordinates":[[[0.072041,51.492759],[0.073201,51.492509],[0.071964,51.492618],[0.072041,51.492759]]]}},{"type":"Feature","properties":{"name":null,"kind":"water"},"geometry":{"type":"Polygon","coordinates":[[[0.07124,51.492933],[0.071624,51.492851],[0.071163,51.492793],[0.07124,51.492933]]]}},{"type":"Feature","properties":{"name":null,"kind":"water"},"geometry":{"type":"Polygon","coordinates":[[[-0.1836,51.471517],[-0.183601,51.471644],[-0.183835,51.471584],[-0.1836,51.471517]]]}},{"type":"Feature","properties":{"name":null,"kind":"water"},"geometry":{"type":"Polygon","coordinates":[[[-0.128888,51.60679],[-0.128239,51.606897],[-0.128251,51.607111],[-0.128888,51.60679]]]}},{"type":"Feature","properties":{"name":"Salmons Brook","kind":"water"},"geometry":{"type":"LineString","coordinates":[[-0.04818,51.621569],[-0.047674,51.621828]]}},{"type":"Feature","properties":{"name":"Salmons Brook","kind":"water"},"geometry":{"type":"LineString","coordinates":[[-0.049004,51.621654],[-0.04818,51.621569]]}},{"type":"Feature","properties":{"name":null,"kind":"water"},"geometry":{"type":"Polygon","coordinates":[[[-0.015953,51.613869],[-0.015629,51.613598],[-0.015462,51.613688],[-0.015953,51.613869]]]}},{"type":"Feature","properties":{"name":null,"kind":"water"},"geometry":{"type":"Polygon","coordinates":[[[-0.015387,51.613811],[-0.015072,51.613647],[-0.015172,51.613793],[-0.015387,51.613811]]]}},{"type":"Feature","properties":{"name":null,"kind":"water"},"geometry":{"type":"Polygon","coordinates":[[[-0.015493,51.613819],[-0.015437,51.61394],[-0.015806,51.61406],[-0.015493,51.613819]]]}},{"type":"Feature","properties":{"name":null,"kind":"water"},"geometry":{"type":"Polygon","coordinates":[[[-0.008801,51.609206],[-0.008572,51.608973],[-0.00876,51.608865],[-0.008801,51.609206]]]}},{"type":"Feature","properties":{"name":null,"kind":"water"},"geometry":{"type":"Polygon","coordinates":[[[-0.00887,51.610133],[-0.008872,51.609719],[-0.008546,51.60995],[-0.00887,51.610133]]]}},{"type":"Feature","properties":{"name":null,"kind":"water"},"geometry":{"type":"Polygon","coordinates":[[[-0.184905,51.576496],[-0.184769,51.576459],[-0.184895,51.576457],[-0.184905,51.576496]]]}},{"type":"Feature","properties":{"name":null,"kind":"water"},"geometry":{"type":"Polygon","coordinates":[[[-0.150327,51.491653],[-0.15036,51.491709],[-0.150234,51.491701],[-0.150327,51.491653]]]}},{"type":"Feature","properties":{"name":null,"kind":"water"},"geometry":{"type":"Polygon","coordinates":[[[0.000972,51.48206],[0.000978,51.482124],[0.000864,51.482095],[0.000972,51.48206]]]}},{"type":"Feature","properties":{"name":"Longford River","kind":"water"},"geometry":{"type":"LineString","coordinates":[[-0.422518,51.455019],[-0.42191,51.454544],[-0.419002,51.454628],[-0.415862,51.453175],[-0.414326,51.45179],[-0.414462,51.450357],[-0.411135,51.448906],[-0.410338,51.447978]]}},{"type":"Feature","properties":{"name":"Longford River","kind":"water"},"geometry":{"type":"LineString","coordinates":[[-0.422634,51.455174],[-0.422518,51.455019]]}},{"type":"Feature","properties":{"name":"Kyd Brook","kind":"water"},"geometry":{"type":"LineString","coordinates":[[0.04574,51.413871],[0.045093,51.414]]}},{"type":"Feature","properties":{"name":"Kyd Brook","kind":"water"},"geometry":{"type":"LineString","coordinates":[[0.047805,51.413148],[0.0468,51.413501]]}},{"type":"Feature","properties":{"name":"Kyd Brook","kind":"water"},"geometry":{"type":"LineString","coordinates":[[0.034685,51.416683],[0.03003,51.418655]]}},{"type":"Feature","properties":{"name":null,"kind":"water"},"geometry":{"type":"Polygon","coordinates":[[[0.04746,51.364176],[0.04745,51.364382],[0.047359,51.363952],[0.04746,51.364176]]]}},{"type":"Feature","properties":{"name":"River Ravensbourne","kind":"water"},"geometry":{"type":"LineString","coordinates":[[0.009901,51.403373],[0.009569,51.403697]]}},{"type":"Feature","properties":{"name":null,"kind":"water"},"geometry":{"type":"Polygon","coordinates":[[[-0.490134,51.58116],[-0.489982,51.581228],[-0.490183,51.581202],[-0.490134,51.58116]]]}},{"type":"Feature","properties":{"name":null,"kind":"water"},"geometry":{"type":"Polygon","coordinates":[[[0.180307,51.582335],[0.180502,51.582535],[0.180544,51.582375],[0.180307,51.582335]]]}},{"type":"Feature","properties":{"name":null,"kind":"water"},"geometry":{"type":"Polygon","coordinates":[[[0.25289,51.534689],[0.253079,51.534837],[0.252636,51.534847],[0.25289,51.534689]]]}},{"type":"Feature","properties":{"name":null,"kind":"water"},"geometry":{"type":"Polygon","coordinates":[[[0.249244,51.518582],[0.24925,51.518515],[0.249484,51.518523],[0.249244,51.518582]]]}},{"type":"Feature","properties":{"name":null,"kind":"water"},"geometry":{"type":"Polygon","coordinates":[[[0.296402,51.559719],[0.296118,51.559694],[0.296161,51.559801],[0.296402,51.559719]]]}},{"type":"Feature","properties":{"name":null,"kind":"water"},"geometry":{"type":"Polygon","coordinates":[[[0.225066,51.570942],[0.225087,51.570686],[0.224852,51.570823],[0.225066,51.570942]]]}},{"type":"Feature","properties":{"name":null,"kind":"water"},"geometry":{"type":"Polygon","coordinates":[[[0.124449,51.422774],[0.124609,51.422815],[0.12437,51.422644],[0.124449,51.422774]]]}},{"type":"Feature","properties":{"name":null,"kind":"water"},"geometry":{"type":"Polygon","coordinates":[[[0.125611,51.424117],[0.125487,51.424044],[0.125606,51.423983],[0.125611,51.424117]]]}},{"type":"Feature","properties":{"name":null,"kind":"water"},"geometry":{"type":"Polygon","coordinates":[[[-0.127826,51.499135],[-0.127801,51.499128],[-0.127826,51.499113],[-0.127826,51.499135]]]}},{"type":"Feature","properties":{"name":null,"kind":"water"},"geometry":{"type":"Polygon","coordinates":[[[0.095527,51.409852],[0.095702,51.409826],[0.095494,51.409711],[0.095527,51.409852]]]}},{"type":"Feature","properties":{"name":null,"kind":"water"},"geometry":{"type":"Polygon","coordinates":[[[-0.211397,51.584802],[-0.211596,51.584596],[-0.211261,51.584595],[-0.211397,51.584802]]]}},{"type":"Feature","properties":{"name":null,"kind":"water"},"geometry":{"type":"Polygon","coordinates":[[[-0.211175,51.585129],[-0.210955,51.584895],[-0.21088,51.585107],[-0.211175,51.585129]]]}},{"type":"Feature","properties":{"name":"Silk Stream","kind":"water"},"geometry":{"type":"LineString","coordinates":[[-0.242326,51.574778],[-0.242101,51.572607]]}},{"type":"Feature","properties":{"name":null,"kind":"water"},"geometry":{"type":"Polygon","coordinates":[[[-0.072655,51.613972],[-0.072619,51.613821],[-0.072233,51.61392],[-0.072655,51.613972]]]}},{"type":"Feature","properties":{"name":null,"kind":"water"},"geometry":{"type":"Polygon","coordinates":[[[-0.274368,51.507699],[-0.274284,51.507642],[-0.274432,51.507601],[-0.274368,51.507699]]]}},{"type":"Feature","properties":{"name":null,"kind":"water"},"geometry":{"type":"Polygon","coordinates":[[[0.110138,51.504549],[0.110313,51.504567],[0.11016,51.504669],[0.110138,51.504549]]]}},{"type":"Feature","properties":{"name":null,"kind":"water"},"geometry":{"type":"Polygon","coordinates":[[[0.083087,51.45616],[0.083129,51.455982],[0.083212,51.456014],[0.083087,51.45616]]]}},{"type":"Feature","properties":{"name":null,"kind":"water"},"geometry":{"type":"Polygon","coordinates":[[[0.075701,51.462499],[0.075589,51.462463],[0.075815,51.462282],[0.075701,51.462499]]]}},{"type":"Feature","properties":{"name":null,"kind":"water"},"geometry":{"type":"Polygon","coordinates":[[[0.019333,51.596795],[0.019294,51.596962],[0.01922,51.596831],[0.019333,51.596795]]]}},{"type":"Feature","properties":{"name":null,"kind":"water"},"geometry":{"type":"Polygon","coordinates":[[[-0.260166,51.503778],[-0.260111,51.503784],[-0.260119,51.503733],[-0.260166,51.503778]]]}},{"type":"Feature","properties":{"name":"River Thames","kind":"water"},"geometry":{"type":"LineString","coordinates":[[-0.109188,51.509871],[-0.108495,51.509886]]}},{"type":"Feature","properties":{"name":"River Thames","kind":"water"},"geometry":{"type":"LineString","coordinates":[[-0.099885,51.509708],[-0.098612,51.509611]]}},{"type":"Feature","properties":{"name":"River Thames","kind":"water"},"geometry":{"type":"LineString","coordinates":[[-0.089064,51.50803],[-0.087757,51.507883]]}},{"type":"Feature","properties":{"name":"River Thames","kind":"water"},"geometry":{"type":"LineString","coordinates":[[-0.092361,51.508446],[-0.089064,51.50803]]}},{"type":"Feature","properties":{"name":"River Thames","kind":"water"},"geometry":{"type":"LineString","coordinates":[[-0.098545,51.509606],[-0.09573,51.509285]]}},{"type":"Feature","properties":{"name":"River Thames","kind":"water"},"geometry":{"type":"LineString","coordinates":[[-0.08106,51.50705],[-0.080209,51.506871]]}},{"type":"Feature","properties":{"name":"River Thames","kind":"water"},"geometry":{"type":"LineString","coordinates":[[-0.087757,51.507883],[-0.085542,51.507718]]}},{"type":"Feature","properties":{"name":null,"kind":"water"},"geometry":{"type":"Polygon","coordinates":[[[-0.019121,51.368917],[-0.019113,51.368947],[-0.019173,51.368937],[-0.019121,51.368917]]]}},{"type":"Feature","properties":{"name":null,"kind":"water"},"geometry":{"type":"Polygon","coordinates":[[[-0.018039,51.368181],[-0.018041,51.36821],[-0.018084,51.368191],[-0.018039,51.368181]]]}},{"type":"Feature","properties":{"name":null,"kind":"water"},"geometry":{"type":"Polygon","coordinates":[[[-0.017247,51.368471],[-0.017287,51.368407],[-0.01722,51.368464],[-0.017247,51.368471]]]}},{"type":"Feature","properties":{"name":null,"kind":"water"},"geometry":{"type":"Polygon","coordinates":[[[-0.018083,51.368691],[-0.018073,51.368725],[-0.01814,51.368702],[-0.018083,51.368691]]]}},{"type":"Feature","properties":{"name":null,"kind":"water"},"geometry":{"type":"Polygon","coordinates":[[[-0.011238,51.371583],[-0.01129,51.371541],[-0.011205,51.371567],[-0.011238,51.371583]]]}},{"type":"Feature","properties":{"name":null,"kind":"water"},"geometry":{"type":"Polygon","coordinates":[[[-0.369452,51.473372],[-0.369538,51.473404],[-0.369534,51.473354],[-0.369452,51.473372]]]}},{"type":"Feature","properties":{"name":null,"kind":"water"},"geometry":{"type":"Polygon","coordinates":[[[-0.016819,51.382214],[-0.016854,51.382194],[-0.016822,51.382171],[-0.016787,51.382191],[-0.016819,51.382214]]]}},{"type":"Feature","properties":{"name":null,"kind":"water"},"geometry":{"type":"Polygon","coordinates":[[[-0.016565,51.382027],[-0.016546,51.381952],[-0.016509,51.381963],[-0.016565,51.382027]]]}},{"type":"Feature","properties":{"name":null,"kind":"water"},"geometry":{"type":"Polygon","coordinates":[[[-0.016745,51.382029],[-0.016756,51.381998],[-0.016722,51.382016],[-0.016745,51.382029]]]}},{"type":"Feature","properties":{"name":null,"kind":"water"},"geometry":{"type":"Polygon","coordinates":[[[-0.016924,51.38235],[-0.016965,51.382331],[-0.016876,51.382336],[-0.016924,51.38235]]]}},{"type":"Feature","properties":{"name":null,"kind":"water"},"geometry":{"type":"Polygon","coordinates":[[[-0.13256,51.661562],[-0.133537,51.661469],[-0.132799,51.661632],[-0.13256,51.661562]]]}},{"type":"Feature","properties":{"name":null,"kind":"water"},"geometry":{"type":"Polygon","coordinates":[[[-0.137289,51.660554],[-0.137557,51.660441],[-0.137659,51.660504],[-0.137289,51.660554]]]}},{"type":"Feature","properties":{"name":null,"kind":"water"},"geometry":{"type":"Polygon","coordinates":[[[-0.136251,51.661506],[-0.136718,51.661456],[-0.136618,51.661539],[-0.136251,51.661506]]]}},{"type":"Feature","properties":{"name":null,"kind":"water"},"geometry":{"type":"Polygon","coordinates":[[[-0.137023,51.661061],[-0.137101,51.660981],[-0.137246,51.661085],[-0.137023,51.661061]]]}},{"type":"Feature","properties":{"name":null,"kind":"water"},"geometry":{"type":"Polygon","coordinates":[[[-0.018099,51.382917],[-0.01815,51.382895],[-0.018103,51.382855],[-0.018099,51.382917]]]}},{"type":"Feature","properties":{"name":null,"kind":"water"},"geometry":{"type":"Polygon","coordinates":[[[-0.333198,51.530363],[-0.332759,51.530389],[-0.332821,51.529455],[-0.333198,51.530363]]]}},{"type":"Feature","properties":{"name":null,"kind":"water"},"geometry":{"type":"Polygon","coordinates":[[[-0.33302,51.529308],[-0.333507,51.528939],[-0.333278,51.528699],[-0.33302,51.529308]]]}},{"type":"Feature","properties":{"name":null,"kind":"water"},"geometry":{"type":"Polygon","coordinates":[[[-0.333386,51.530583],[-0.333482,51.530489],[-0.333242,51.530519],[-0.333386,51.530583]]]}},{"type":"Feature","properties":{"name":null,"kind":"water"},"geometry":{"type":"Polygon","coordinates":[[[0.05168,51.441257],[0.051777,51.441209],[0.051686,51.441178],[0.05168,51.441257]]]}},{"type":"Feature","properties":{"name":null,"kind":"water"},"geometry":{"type":"Polygon","coordinates":[[[-0.174404,51.566507],[-0.174501,51.56653],[-0.174393,51.566583],[-0.174404,51.566507]]]}},{"type":"Feature","properties":{"name":null,"kind":"water"},"geometry":{"type":"Polygon","coordinates":[[[-0.444446,51.493977],[-0.444389,51.494423],[-0.444195,51.49447],[-0.444446,51.493977]]]}},{"type":"Feature","properties":{"name":null,"kind":"water"},"geometry":{"type":"Polygon","coordinates":[[[-0.080683,51.673724],[-0.080726,51.673648],[-0.080672,51.673688],[-0.080683,51.673724]]]}},{"type":"Feature","properties":{"name":null,"kind":"water"},"geometry":{"type":"Polygon","coordinates":[[[-0.274021,51.57645],[-0.273959,51.576468],[-0.273923,51.576392],[-0.274021,51.57645]]]}},{"type":"Feature","properties":{"name":null,"kind":"water"},"geometry":{"type":"Polygon","coordinates":[[[-0.269871,51.576084],[-0.269587,51.57614],[-0.269603,51.576036],[-0.269871,51.576084]]]}},{"type":"Feature","properties":{"name":null,"kind":"water"},"geometry":{"type":"Polygon","coordinates":[[[-0.157911,51.561055],[-0.157906,51.56104],[-0.157935,51.56103],[-0.157911,51.561055]]]}},{"type":"Feature","properties":{"name":null,"kind":"water"},"geometry":{"type":"Polygon","coordinates":[[[-0.168225,51.561894],[-0.168236,51.56193],[-0.168362,51.561889],[-0.168225,51.561894]]]}},{"type":"Feature","properties":{"name":null,"kind":"water"},"geometry":{"type":"Polygon","coordinates":[[[-0.053035,51.379456],[-0.052983,51.379433],[-0.053002,51.379464],[-0.053035,51.379456]]]}},{"type":"Feature","properties":{"name":"Branch Hill Pond","kind":"water"},"geometry":{"type":"Polygon","coordinates":[[[-0.182865,51.561],[-0.182649,51.561015],[-0.182726,51.560828],[-0.182865,51.561]]]}},{"type":"Feature","properties":{"name":null,"kind":"water"},"geometry":{"type":"Polygon","coordinates":[[[-0.017955,51.395095],[-0.018069,51.395023],[-0.017828,51.395076],[-0.017955,51.395095]]]}},{"type":"Feature","properties":{"name":null,"kind":"water"},"geometry":{"type":"Polygon","coordinates":[[[-0.018127,51.393016],[-0.018143,51.393054],[-0.018069,51.393045],[-0.018127,51.393016]]]}},{"type":"Feature","properties":{"name":null,"kind":"water"},"geometry":{"type":"Polygon","coordinates":[[[-0.015357,51.393853],[-0.015352,51.393876],[-0.015313,51.393861],[-0.015357,51.393853]]]}},{"type":"Feature","properties":{"name":null,"kind":"water"},"geometry":{"type":"Polygon","coordinates":[[[-0.015792,51.393623],[-0.015848,51.393581],[-0.015789,51.393552],[-0.015792,51.393623]]]}},{"type":"Feature","properties":{"name":null,"kind":"water"},"geometry":{"type":"Polygon","coordinates":[[[-0.339165,51.502351],[-0.339281,51.502267],[-0.339232,51.502237],[-0.339165,51.502351]]]}},{"type":"Feature","properties":{"name":null,"kind":"water"},"geometry":{"type":"LineString","coordinates":[[0.082489,51.498791],[0.084001,51.497633],[0.083138,51.494648],[0.08238,51.494323]]}},{"type":"Feature","properties":{"name":null,"kind":"water"},"geometry":{"type":"Polygon","coordinates":[[[-0.016161,51.391396],[-0.016147,51.391419],[-0.016178,51.391418],[-0.016161,51.391396]]]}},{"type":"Feature","properties":{"name":null,"kind":"water"},"geometry":{"type":"Polygon","coordinates":[[[-0.015417,51.391763],[-0.015416,51.39178],[-0.015445,51.391768],[-0.015417,51.391763]]]}},{"type":"Feature","properties":{"name":null,"kind":"water"},"geometry":{"type":"Polygon","coordinates":[[[-0.017748,51.391786],[-0.018952,51.391652],[-0.017787,51.391618],[-0.017748,51.391786]]]}},{"type":"Feature","properties":{"name":null,"kind":"water"},"geometry":{"type":"Polygon","coordinates":[[[-0.331673,51.490862],[-0.330479,51.490937],[-0.331412,51.490763],[-0.331673,51.490862]]]}},{"type":"Feature","properties":{"name":"River Fleet","kind":"water"},"geometry":{"type":"LineString","coordinates":[[-0.141723,51.541738],[-0.140737,51.541459]]}},{"type":"Feature","properties":{"name":"River Fleet","kind":"water"},"geometry":{"type":"LineString","coordinates":[[-0.142145,51.541857],[-0.141723,51.541738]]}},{"type":"Feature","properties":{"name":null,"kind":"water"},"geometry":{"type":"Polygon","coordinates":[[[-0.068748,51.41142],[-0.068731,51.411413],[-0.068765,51.411408],[-0.068748,51.41142]]]}},{"type":"Feature","properties":{"name":null,"kind":"water"},"geometry":{"type":"Polygon","coordinates":[[[-0.068699,51.411391],[-0.068709,51.411369],[-0.068718,51.41138],[-0.068699,51.411391]]]}},{"type":"Feature","properties":{"name":"River Ravensbourne","kind":"water"},"geometry":{"type":"LineString","coordinates":[[0.009956,51.40332],[0.009901,51.403373]]}},{"type":"Feature","properties":{"name":"River Ravensbourne","kind":"water"},"geometry":{"type":"LineString","coordinates":[[0.009964,51.403312],[0.009956,51.40332]]}},{"type":"Feature","properties":{"name":"Kyd Brook","kind":"water"},"geometry":{"type":"LineString","coordinates":[[0.046662,51.41355],[0.04574,51.413871]]}},{"type":"Feature","properties":{"name":"Kyd Brook","kind":"water"},"geometry":{"type":"LineString","coordinates":[[0.0468,51.413501],[0.046662,51.41355]]}},{"type":"Feature","properties":{"name":null,"kind":"water"},"geometry":{"type":"Polygon","coordinates":[[[-0.010003,51.351034],[-0.009983,51.351058],[-0.010038,51.351048],[-0.010003,51.351034]]]}},{"type":"Feature","properties":{"name":null,"kind":"water"},"geometry":{"type":"Polygon","coordinates":[[[-0.009719,51.353153],[-0.0097,51.353172],[-0.009747,51.353166],[-0.009719,51.353153]]]}},{"type":"Feature","properties":{"name":null,"kind":"water"},"geometry":{"type":"Polygon","coordinates":[[[-0.009413,51.354196],[-0.009418,51.354174],[-0.009379,51.354171],[-0.009374,51.354193],[-0.009413,51.354196]]]}},{"type":"Feature","properties":{"name":null,"kind":"water"},"geometry":{"type":"Polygon","coordinates":[[[-0.009331,51.355151],[-0.009313,51.355112],[-0.009279,51.355119],[-0.009297,51.355158],[-0.009331,51.355151]]]}},{"type":"Feature","properties":{"name":null,"kind":"water"},"geometry":{"type":"Polygon","coordinates":[[[-0.012781,51.352162],[-0.012787,51.352128],[-0.012732,51.352124],[-0.012781,51.352162]]]}},{"type":"Feature","properties":{"name":null,"kind":"water"},"geometry":{"type":"Polygon","coordinates":[[[-0.012099,51.351606],[-0.012103,51.351584],[-0.012042,51.35158],[-0.012038,51.351602],[-0.012099,51.351606]]]}},{"type":"Feature","properties":{"name":"Edgwarebury Brook","kind":"water"},"geometry":{"type":"LineString","coordinates":[[-0.277468,51.61867],[-0.277398,51.618667]]}},{"type":"Feature","properties":{"name":"Edgwarebury Brook","kind":"water"},"geometry":{"type":"LineString","coordinates":[[-0.277398,51.618667],[-0.277187,51.618656]]}},{"type":"Feature","properties":{"name":"River Quaggy","kind":"water"},"geometry":{"type":"LineString","coordinates":[[0.026468,51.456675],[0.023655,51.457661],[0.018669,51.457558],[0.013969,51.45832],[0.011231,51.457389]]}},{"type":"Feature","properties":{"name":"River Quaggy","kind":"water"},"geometry":{"type":"LineString","coordinates":[[0.011231,51.457389],[0.011099,51.457239]]}},{"type":"Feature","properties":{"name":null,"kind":"water"},"geometry":{"type":"Polygon","coordinates":[[[-0.053228,51.575431],[-0.053585,51.575091],[-0.052815,51.575804],[-0.053228,51.575431]]]}},{"type":"Feature","properties":{"name":null,"kind":"water"},"geometry":{"type":"Polygon","coordinates":[[[-0.052766,51.575926],[-0.052436,51.576185],[-0.052212,51.576644],[-0.052766,51.575926]]]}},{"type":"Feature","properties":{"name":null,"kind":"water"},"geometry":{"type":"Polygon","coordinates":[[[-0.054258,51.585158],[-0.05412,51.585093],[-0.055035,51.583703],[-0.054258,51.585158]]]}},{"type":"Feature","properties":{"name":null,"kind":"water"},"geometry":{"type":"Polygon","coordinates":[[[-0.0531,51.578995],[-0.053009,51.578993],[-0.053058,51.57893],[-0.0531,51.578995]]]}},{"type":"Feature","properties":{"name":null,"kind":"water"},"geometry":{"type":"Polygon","coordinates":[[[-0.049906,51.577231],[-0.049775,51.577293],[-0.049551,51.577109],[-0.049683,51.577047],[-0.049906,51.577231]]]}},{"type":"Feature","properties":{"name":null,"kind":"water"},"geometry":{"type":"Polygon","coordinates":[[[-0.050368,51.576947],[-0.050244,51.576844],[-0.050438,51.576914],[-0.050368,51.576947]]]}},{"type":"Feature","properties":{"name":null,"kind":"water"},"geometry":{"type":"Polygon","coordinates":[[[-0.050192,51.576805],[-0.050067,51.576702],[-0.050262,51.576772],[-0.050192,51.576805]]]}},{"type":"Feature","properties":{"name":null,"kind":"water"},"geometry":{"type":"Polygon","coordinates":[[[-0.050285,51.576763],[-0.05016,51.57666],[-0.050355,51.57673],[-0.050285,51.576763]]]}},{"type":"Feature","properties":{"name":null,"kind":"water"},"geometry":{"type":"Polygon","coordinates":[[[-0.050378,51.57672],[-0.050253,51.576617],[-0.050448,51.576687],[-0.050378,51.57672]]]}},{"type":"Feature","properties":{"name":null,"kind":"water"},"geometry":{"type":"Polygon","coordinates":[[[-0.050467,51.576679],[-0.050342,51.576575],[-0.050537,51.576646],[-0.050467,51.576679]]]}},{"type":"Feature","properties":{"name":null,"kind":"water"},"geometry":{"type":"Polygon","coordinates":[[[-0.050652,51.57659],[-0.050527,51.576487],[-0.050722,51.576558],[-0.050652,51.57659]]]}},{"type":"Feature","properties":{"name":null,"kind":"water"},"geometry":{"type":"Polygon","coordinates":[[[-0.050558,51.576638],[-0.050433,51.576535],[-0.050628,51.576605],[-0.050558,51.576638]]]}},{"type":"Feature","properties":{"name":null,"kind":"water"},"geometry":{"type":"Polygon","coordinates":[[[-0.050457,51.576904],[-0.050332,51.576801],[-0.050527,51.576872],[-0.050457,51.576904]]]}},{"type":"Feature","properties":{"name":null,"kind":"water"},"geometry":{"type":"Polygon","coordinates":[[[-0.05055,51.576862],[-0.050425,51.576758],[-0.05062,51.576829],[-0.05055,51.576862]]]}},{"type":"Feature","properties":{"name":null,"kind":"water"},"geometry":{"type":"Polygon","coordinates":[[[-0.050639,51.57682],[-0.050514,51.576717],[-0.050709,51.576788],[-0.050639,51.57682]]]}},{"type":"Feature","properties":{"name":null,"kind":"water"},"geometry":{"type":"Polygon","coordinates":[[[-0.05073,51.57678],[-0.050605,51.576676],[-0.0508,51.576747],[-0.05073,51.57678]]]}},{"type":"Feature","properties":{"name":null,"kind":"water"},"geometry":{"type":"Polygon","coordinates":[[[-0.050824,51.576732],[-0.050699,51.576629],[-0.050894,51.576699],[-0.050824,51.576732]]]}},{"type":"Feature","properties":{"name":null,"kind":"water"},"geometry":{"type":"Polygon","coordinates":[[[-0.018957,51.352913],[-0.018909,51.352879],[-0.018902,51.352909],[-0.018957,51.352913]]]}},{"type":"Feature","properties":{"name":"Kings Wood Pond","kind":"water"},"geometry":{"type":"Polygon","coordinates":[[[-0.060581,51.326942],[-0.060627,51.326865],[-0.060509,51.326897],[-0.060581,51.326942]]]}},{"type":"Feature","properties":{"name":null,"kind":"water"},"geometry":{"type":"Polygon","coordinates":[[[-0.093165,51.444853],[-0.093043,51.444614],[-0.092629,51.444866],[-0.093165,51.444853]]]}},{"type":"Feature","properties":{"name":null,"kind":"water"},"geometry":{"type":"Polygon","coordinates":[[[-0.019608,51.348974],[-0.019608,51.348949],[-0.019575,51.348949],[-0.019608,51.348974]]]}},{"type":"Feature","properties":{"name":null,"kind":"water"},"geometry":{"type":"Polygon","coordinates":[[[-0.020207,51.348213],[-0.020173,51.348194],[-0.020174,51.348214],[-0.020207,51.348213]]]}},{"type":"Feature","properties":{"name":null,"kind":"water"},"geometry":{"type":"Polygon","coordinates":[[[-0.01776,51.348472],[-0.017792,51.348491],[-0.017798,51.34847],[-0.01776,51.348472]]]}},{"type":"Feature","properties":{"name":null,"kind":"water"},"geometry":{"type":"Polygon","coordinates":[[[-0.013826,51.348144],[-0.013819,51.348169],[-0.01386,51.348148],[-0.013826,51.348144]]]}},{"type":"Feature","properties":{"name":"Ravine","kind":"water"},"geometry":{"type":"LineString","coordinates":[[-0.128848,51.606833],[-0.129259,51.607241]]}},{"type":"Feature","properties":{"name":null,"kind":"water"},"geometry":{"type":"Polygon","coordinates":[[[-0.172776,51.521261],[-0.172292,51.521011],[-0.172325,51.520989],[-0.172776,51.521261]]]}},{"type":"Feature","properties":{"name":null,"kind":"water"},"geometry":{"type":"Polygon","coordinates":[[[-0.110119,51.501308],[-0.11003,51.501312],[-0.11005,51.501278],[-0.110119,51.501308]]]}},{"type":"Feature","properties":{"name":null,"kind":"water"},"geometry":{"type":"Polygon","coordinates":[[[-0.013666,51.347889],[-0.013697,51.347873],[-0.013666,51.347868],[-0.013666,51.347889]]]}},{"type":"Feature","properties":{"name":null,"kind":"water"},"geometry":{"type":"Polygon","coordinates":[[[-0.012221,51.34778],[-0.01222,51.347752],[-0.012193,51.347769],[-0.012221,51.34778]]]}},{"type":"Feature","properties":{"name":null,"kind":"water"},"geometry":{"type":"Polygon","coordinates":[[[-0.154467,51.527276],[-0.154512,51.527273],[-0.1545,51.527299],[-0.154467,51.527276]]]}},{"type":"Feature","properties":{"name":null,"kind":"water"},"geometry":{"type":"Polygon","coordinates":[[[-0.017746,51.346794],[-0.017778,51.346799],[-0.017776,51.346781],[-0.017746,51.346794]]]}},{"type":"Feature","properties":{"name":null,"kind":"water"},"geometry":{"type":"Polygon","coordinates":[[[-0.013465,51.347303],[-0.01347,51.34727],[-0.01344,51.347268],[-0.013435,51.347301],[-0.013465,51.347303]]]}},{"type":"Feature","properties":{"name":null,"kind":"water"},"geometry":{"type":"Polygon","coordinates":[[[-0.012312,51.34727],[-0.012334,51.347251],[-0.012311,51.347238],[-0.012312,51.34727]]]}},{"type":"Feature","properties":{"name":null,"kind":"water"},"geometry":{"type":"Polygon","coordinates":[[[-0.017225,51.346246],[-0.017258,51.346244],[-0.017231,51.346228],[-0.017225,51.346246]]]}},{"type":"Feature","properties":{"name":null,"kind":"water"},"geometry":{"type":"Polygon","coordinates":[[[-0.016456,51.346476],[-0.016451,51.346457],[-0.016409,51.346463],[-0.016456,51.346476]]]}},{"type":"Feature","properties":{"name":null,"kind":"water"},"geometry":{"type":"Polygon","coordinates":[[[-0.015009,51.346635],[-0.014974,51.346601],[-0.014974,51.346637],[-0.015009,51.346635]]]}},{"type":"Feature","properties":{"name":null,"kind":"water"},"geometry":{"type":"Polygon","coordinates":[[[-0.016192,51.345761],[-0.016206,51.345722],[-0.016167,51.345755],[-0.016192,51.345761]]]}},{"type":"Feature","properties":{"name":null,"kind":"water"},"geometry":{"type":"Polygon","coordinates":[[[-0.015531,51.345924],[-0.015528,51.345901],[-0.015495,51.345921],[-0.015531,51.345924]]]}},{"type":"Feature","properties":{"name":null,"kind":"water"},"geometry":{"type":"Polygon","coordinates":[[[-0.016832,51.345485],[-0.016818,51.345467],[-0.016777,51.34548],[-0.016791,51.345498],[-0.016832,51.345485]]]}},{"type":"Feature","properties":{"name":null,"kind":"water"},"geometry":{"type":"Polygon","coordinates":[[[-0.01676,51.345352],[-0.016764,51.345371],[-0.016804,51.345365],[-0.01676,51.345352]]]}},{"type":"Feature","properties":{"name":"Reflection pool","kind":"water"},"geometry":{"type":"Polygon","coordinates":[[[-0.096051,51.513156],[-0.095994,51.513099],[-0.095899,51.513131],[-0.096051,51.513156]]]}},{"type":"Feature","properties":{"name":null,"kind":"water"},"geometry":{"type":"Polygon","coordinates":[[[-0.013806,51.345799],[-0.013822,51.345818],[-0.01383,51.345803],[-0.013806,51.345799]]]}},{"type":"Feature","properties":{"name":null,"kind":"water"},"geometry":{"type":"Polygon","coordinates":[[[-0.014231,51.344338],[-0.014209,51.344295],[-0.014193,51.344309],[-0.014231,51.344338]]]}},{"type":"Feature","properties":{"name":null,"kind":"water"},"geometry":{"type":"Polygon","coordinates":[[[-0.015531,51.343525],[-0.015571,51.343511],[-0.015518,51.34351],[-0.015531,51.343525]]]}},{"type":"Feature","properties":{"name":null,"kind":"water"},"geometry":{"type":"Polygon","coordinates":[[[-0.018564,51.344931],[-0.018586,51.344944],[-0.018589,51.34493],[-0.018564,51.344931]]]}},{"type":"Feature","properties":{"name":null,"kind":"water"},"geometry":{"type":"Polygon","coordinates":[[[-0.018406,51.344953],[-0.018429,51.344944],[-0.018391,51.344937],[-0.018406,51.344953]]]}},{"type":"Feature","properties":{"name":null,"kind":"water"},"geometry":{"type":"Polygon","coordinates":[[[-0.018276,51.344771],[-0.018281,51.34479],[-0.018316,51.344779],[-0.018276,51.344771]]]}},{"type":"Feature","properties":{"name":null,"kind":"water"},"geometry":{"type":"Polygon","coordinates":[[[-0.018014,51.344348],[-0.017982,51.344328],[-0.017999,51.344314],[-0.018014,51.344348]]]}},{"type":"Feature","properties":{"name":null,"kind":"water"},"geometry":{"type":"Polygon","coordinates":[[[-0.017133,51.343739],[-0.017157,51.343733],[-0.017109,51.343737],[-0.017133,51.343739]]]}},{"type":"Feature","properties":{"name":null,"kind":"water"},"geometry":{"type":"Polygon","coordinates":[[[-0.018483,51.344481],[-0.018468,51.344497],[-0.018507,51.344492],[-0.018483,51.344481]]]}},{"type":"Feature","properties":{"name":null,"kind":"water"},"geometry":{"type":"Polygon","coordinates":[[[-0.011417,51.3471],[-0.011468,51.347113],[-0.01147,51.347084],[-0.011417,51.3471]]]}},{"type":"Feature","properties":{"name":null,"kind":"water"},"geometry":{"type":"Polygon","coordinates":[[[-0.01173,51.346939],[-0.011743,51.346919],[-0.011708,51.34691],[-0.011695,51.34693],[-0.01173,51.346939]]]}},{"type":"Feature","properties":{"name":null,"kind":"water"},"geometry":{"type":"Polygon","coordinates":[[[-0.012336,51.345605],[-0.012349,51.345574],[-0.012284,51.345564],[-0.012336,51.345605]]]}},{"type":"Feature","properties":{"name":null,"kind":"water"},"geometry":{"type":"Polygon","coordinates":[[[-0.012434,51.345331],[-0.012454,51.34533],[-0.012449,51.345319],[-0.012434,51.345331]]]}},{"type":"Feature","properties":{"name":null,"kind":"water"},"geometry":{"type":"Polygon","coordinates":[[[0.099508,51.496915],[0.098914,51.496642],[0.099482,51.496718],[0.099508,51.496915]]]}},{"type":"Feature","properties":{"name":null,"kind":"water"},"geometry":{"type":"Polygon","coordinates":[[[-0.013986,51.343526],[-0.014022,51.343535],[-0.01402,51.343516],[-0.013986,51.343526]]]}},{"type":"Feature","properties":{"name":"Dragonfly Pond","kind":"water"},"geometry":{"type":"Polygon","coordinates":[[[0.215058,51.491898],[0.215145,51.491986],[0.215009,51.491978],[0.215058,51.491898]]]}},{"type":"Feature","properties":{"name":null,"kind":"water"},"geometry":{"type":"Polygon","coordinates":[[[0.216277,51.492736],[0.216547,51.492968],[0.216655,51.492809],[0.216277,51.492736]]]}},{"type":"Feature","properties":{"name":null,"kind":"water"},"geometry":{"type":"Polygon","coordinates":[[[0.21562,51.491685],[0.216586,51.492045],[0.216663,51.491562],[0.219245,51.492979],[0.220362,51.492518],[0.220183,51.493145],[0.220557,51.492991],[0.218804,51.493326],[0.218998,51.493686],[0.218126,51.493159],[0.219121,51.493255],[0.218814,51.492997],[0.21562,51.491685]]]}},{"type":"Feature","properties":{"name":null,"kind":"water"},"geometry":{"type":"Polygon","coordinates":[[[-0.09629,51.528933],[-0.09625,51.528943],[-0.096338,51.528998],[-0.09629,51.528933]]]}},{"type":"Feature","properties":{"name":null,"kind":"water"},"geometry":{"type":"Polygon","coordinates":[[[-0.096238,51.528855],[-0.096172,51.528826],[-0.096242,51.528931],[-0.096238,51.528855]]]}},{"type":"Feature","properties":{"name":null,"kind":"water"},"geometry":{"type":"Polygon","coordinates":[[[-0.021361,51.344355],[-0.021344,51.34437],[-0.021369,51.344379],[-0.021361,51.344355]]]}},{"type":"Feature","properties":{"name":null,"kind":"water"},"geometry":{"type":"Polygon","coordinates":[[[-0.020556,51.344346],[-0.020549,51.344329],[-0.020507,51.34435],[-0.020556,51.344346]]]}},{"type":"Feature","properties":{"name":null,"kind":"water"},"geometry":{"type":"Polygon","coordinates":[[[-0.020955,51.345222],[-0.021023,51.345201],[-0.020935,51.345198],[-0.020955,51.345222]]]}},{"type":"Feature","properties":{"name":null,"kind":"water"},"geometry":{"type":"Polygon","coordinates":[[[-0.005314,51.346603],[-0.005349,51.346594],[-0.005284,51.346585],[-0.005314,51.346603]]]}},{"type":"Feature","properties":{"name":null,"kind":"water"},"geometry":{"type":"Polygon","coordinates":[[[-0.009739,51.344233],[-0.009742,51.344209],[-0.009684,51.344207],[-0.009739,51.344233]]]}},{"type":"Feature","properties":{"name":null,"kind":"water"},"geometry":{"type":"Polygon","coordinates":[[[-0.008709,51.343249],[-0.008726,51.343218],[-0.008693,51.343211],[-0.008676,51.343242],[-0.008709,51.343249]]]}},{"type":"Feature","properties":{"name":null,"kind":"water"},"geometry":{"type":"Polygon","coordinates":[[[-0.010203,51.342951],[-0.010211,51.342933],[-0.010182,51.34293],[-0.010203,51.342951]]]}},{"type":"Feature","properties":{"name":null,"kind":"water"},"geometry":{"type":"Polygon","coordinates":[[[-0.008933,51.341701],[-0.008927,51.341727],[-0.008977,51.341718],[-0.008933,51.341701]]]}},{"type":"Feature","properties":{"name":null,"kind":"water"},"geometry":{"type":"Polygon","coordinates":[[[-0.008771,51.341617],[-0.008782,51.341651],[-0.008834,51.341619],[-0.008771,51.341617]]]}},{"type":"Feature","properties":{"name":null,"kind":"water"},"geometry":{"type":"Polygon","coordinates":[[[-0.009193,51.341362],[-0.009213,51.341352],[-0.009199,51.341339],[-0.009193,51.341362]]]}},{"type":"Feature","properties":{"name":null,"kind":"water"},"geometry":{"type":"Polygon","coordinates":[[[-0.00556,51.341088],[-0.005484,51.341062],[-0.005505,51.3411],[-0.00556,51.341088]]]}},{"type":"Feature","properties":{"name":null,"kind":"water"},"geometry":{"type":"Polygon","coordinates":[[[-0.005631,51.340594],[-0.00561,51.340572],[-0.0056,51.340602],[-0.005631,51.340594]]]}},{"type":"Feature","properties":{"name":null,"kind":"water"},"geometry":{"type":"Polygon","coordinates":[[[-0.001028,51.338614],[-0.001015,51.33857],[-0.000986,51.338619],[-0.001028,51.338614]]]}},{"type":"Feature","properties":{"name":null,"kind":"water"},"geometry":{"type":"Polygon","coordinates":[[[-0.000891,51.337928],[-0.000902,51.337962],[-0.000946,51.33794],[-0.000891,51.337928]]]}},{"type":"Feature","properties":{"name":null,"kind":"water"},"geometry":{"type":"Polygon","coordinates":[[[-0.129265,51.482897],[-0.129295,51.482924],[-0.128476,51.483235],[-0.129265,51.482897]]]}},{"type":"Feature","properties":{"name":null,"kind":"water"},"geometry":{"type":"Polygon","coordinates":[[[-0.003415,51.334745],[-0.003433,51.334728],[-0.003393,51.334736],[-0.003415,51.334745]]]}},{"type":"Feature","properties":{"name":null,"kind":"water"},"geometry":{"type":"Polygon","coordinates":[[[-0.001758,51.336316],[-0.001806,51.336322],[-0.001798,51.336298],[-0.001758,51.336316]]]}},{"type":"Feature","properties":{"name":null,"kind":"water"},"geometry":{"type":"Polygon","coordinates":[[[-0.001909,51.337009],[-0.001918,51.336989],[-0.001872,51.336988],[-0.001909,51.337009]]]}},{"type":"Feature","properties":{"name":null,"kind":"water"},"geometry":{"type":"Polygon","coordinates":[[[-0.003191,51.33785],[-0.00322,51.337829],[-0.00315,51.337828],[-0.003191,51.33785]]]}},{"type":"Feature","properties":{"name":null,"kind":"water"},"geometry":{"type":"Polygon","coordinates":[[[-0.004106,51.337531],[-0.004133,51.337505],[-0.004108,51.337491],[-0.004106,51.337531]]]}},{"type":"Feature","properties":{"name":null,"kind":"water"},"geometry":{"type":"Polygon","coordinates":[[[-0.004337,51.337519],[-0.004324,51.337484],[-0.004311,51.337515],[-0.004337,51.337519]]]}},{"type":"Feature","properties":{"name":null,"kind":"water"},"geometry":{"type":"Polygon","coordinates":[[[-0.005297,51.338421],[-0.005341,51.338422],[-0.005334,51.338399],[-0.005297,51.338421]]]}},{"type":"Feature","properties":{"name":null,"kind":"water"},"geometry":{"type":"Polygon","coordinates":[[[-0.007573,51.338527],[-0.007571,51.338547],[-0.007541,51.338531],[-0.007573,51.338527]]]}},{"type":"Feature","properties":{"name":"Channelsea River","kind":"water"},"geometry":{"type":"LineString","coordinates":[[-0.002704,51.539857],[-0.00255,51.539723]]}},{"type":"Feature","properties":{"name":null,"kind":"water"},"geometry":{"type":"Polygon","coordinates":[[[-0.00611,51.33406],[-0.006119,51.334085],[-0.006172,51.334066],[-0.00611,51.33406]]]}},{"type":"Feature","properties":{"name":null,"kind":"water"},"geometry":{"type":"Polygon","coordinates":[[[-0.008385,51.335486],[-0.008419,51.335451],[-0.008352,51.335473],[-0.008385,51.335486]]]}},{"type":"Feature","properties":{"name":null,"kind":"water"},"geometry":{"type":"Polygon","coordinates":[[[-0.009684,51.336394],[-0.009719,51.336371],[-0.009659,51.33638],[-0.009684,51.336394]]]}},{"type":"Feature","properties":{"name":null,"kind":"water"},"geometry":{"type":"Polygon","coordinates":[[[-0.009735,51.335361],[-0.009751,51.335344],[-0.009705,51.335349],[-0.009735,51.335361]]]}},{"type":"Feature","properties":{"name":null,"kind":"water"},"geometry":{"type":"Polygon","coordinates":[[[-0.009923,51.335392],[-0.009919,51.335366],[-0.009967,51.335386],[-0.009923,51.335392]]]}},{"type":"Feature","properties":{"name":null,"kind":"water"},"geometry":{"type":"Polygon","coordinates":[[[-0.135901,51.496819],[-0.135905,51.496813],[-0.135889,51.496814],[-0.135901,51.496819]]]}},{"type":"Feature","properties":{"name":null,"kind":"water"},"geometry":{"type":"Polygon","coordinates":[[[-0.018507,51.340359],[-0.018545,51.340335],[-0.018474,51.340339],[-0.018507,51.340359]]]}},{"type":"Feature","properties":{"name":null,"kind":"water"},"geometry":{"type":"Polygon","coordinates":[[[-0.010755,51.554819],[-0.010833,51.554674],[-0.010516,51.554572],[-0.010755,51.554819]]]}},{"type":"Feature","properties":{"name":null,"kind":"water"},"geometry":{"type":"Polygon","coordinates":[[[-0.011841,51.555719],[-0.011873,51.555638],[-0.011583,51.555533],[-0.011841,51.555719]]]}},{"type":"Feature","properties":{"name":null,"kind":"water"},"geometry":{"type":"Polygon","coordinates":[[[-0.012156,51.556014],[-0.011599,51.556042],[-0.011907,51.556196],[-0.012156,51.556014]]]}},{"type":"Feature","properties":{"name":null,"kind":"water"},"geometry":{"type":"Polygon","coordinates":[[[-0.138446,51.654347],[-0.1383,51.654308],[-0.138427,51.654283],[-0.138446,51.654347]]]}},{"type":"Feature","properties":{"name":null,"kind":"water"},"geometry":{"type":"Polygon","coordinates":[[[-0.119737,51.524152],[-0.119838,51.524328],[-0.119967,51.524299],[-0.119867,51.524124],[-0.119737,51.524152]]]}},{"type":"Feature","properties":{"name":"Brent Canal Feeder","kind":"water"},"geometry":{"type":"LineString","coordinates":[[-0.262327,51.538524],[-0.263389,51.535577]]}},{"type":"Feature","properties":{"name":"Brent Canal Feeder","kind":"water"},"geometry":{"type":"LineString","coordinates":[[-0.263389,51.535577],[-0.264052,51.535235]]}},{"type":"Feature","properties":{"name":"Brent Canal Feeder","kind":"water"},"geometry":{"type":"LineString","coordinates":[[-0.263472,51.541568],[-0.262266,51.540844]]}},{"type":"Feature","properties":{"name":null,"kind":"water"},"geometry":{"type":"Polygon","coordinates":[[[-0.128577,51.514535],[-0.128611,51.514571],[-0.128543,51.514574],[-0.128577,51.514535]]]}},{"type":"Feature","properties":{"name":null,"kind":"water"},"geometry":{"type":"Polygon","coordinates":[[[-0.128712,51.514634],[-0.128695,51.514611],[-0.128737,51.514638],[-0.128712,51.514634]]]}},{"type":"Feature","properties":{"name":null,"kind":"water"},"geometry":{"type":"Polygon","coordinates":[[[-0.032974,51.499657],[-0.03302,51.499627],[-0.032949,51.499607],[-0.032974,51.499657]]]}},{"type":"Feature","properties":{"name":null,"kind":"water"},"geometry":{"type":"Polygon","coordinates":[[[-0.181205,51.420761],[-0.181525,51.42117],[-0.180309,51.421039],[-0.181205,51.420761]]]}},{"type":"Feature","properties":{"name":"North Marsh Wildlife Pond","kind":"water"},"geometry":{"type":"Polygon","coordinates":[[[-0.037551,51.560908],[-0.037385,51.560928],[-0.03754,51.560976],[-0.037551,51.560908]]]}},{"type":"Feature","properties":{"name":null,"kind":"water"},"geometry":{"type":"Polygon","coordinates":[[[-0.133163,51.650619],[-0.132876,51.651185],[-0.132508,51.650975],[-0.133163,51.650619]]]}},{"type":"Feature","properties":{"name":null,"kind":"water"},"geometry":{"type":"Polygon","coordinates":[[[-0.018951,51.341439],[-0.018959,51.341456],[-0.018981,51.341439],[-0.018951,51.341439]]]}},{"type":"Feature","properties":{"name":null,"kind":"water"},"geometry":{"type":"Polygon","coordinates":[[[-0.017331,51.340729],[-0.017372,51.340706],[-0.017307,51.340713],[-0.017331,51.340729]]]}},{"type":"Feature","properties":{"name":null,"kind":"water"},"geometry":{"type":"Polygon","coordinates":[[[-0.017326,51.340753],[-0.017344,51.340743],[-0.017288,51.340726],[-0.017326,51.340753]]]}},{"type":"Feature","properties":{"name":null,"kind":"water"},"geometry":{"type":"Polygon","coordinates":[[[-0.018101,51.341496],[-0.0181,51.341482],[-0.018065,51.341483],[-0.018066,51.341497],[-0.018101,51.341496]]]}},{"type":"Feature","properties":{"name":null,"kind":"water"},"geometry":{"type":"Polygon","coordinates":[[[-0.017306,51.340394],[-0.017304,51.340411],[-0.017333,51.340401],[-0.017306,51.340394]]]}},{"type":"Feature","properties":{"name":null,"kind":"water"},"geometry":{"type":"Polygon","coordinates":[[[-0.016312,51.33984],[-0.016328,51.339825],[-0.01627,51.339822],[-0.016312,51.33984]]]}},{"type":"Feature","properties":{"name":null,"kind":"water"},"geometry":{"type":"Polygon","coordinates":[[[-0.22101,51.48703],[-0.220907,51.487054],[-0.220833,51.486959],[-0.22101,51.48703]]]}},{"type":"Feature","properties":{"name":null,"kind":"water"},"geometry":{"type":"Polygon","coordinates":[[[-0.220857,51.48687],[-0.220782,51.486895],[-0.220496,51.486537],[-0.220857,51.48687]]]}},{"type":"Feature","properties":{"name":null,"kind":"water"},"geometry":{"type":"Polygon","coordinates":[[[-0.191785,51.468353],[-0.191678,51.468376],[-0.191703,51.468282],[-0.191785,51.468353]]]}},{"type":"Feature","properties":{"name":null,"kind":"water"},"geometry":{"type":"Polygon","coordinates":[[[0.013145,51.585364],[0.012892,51.585272],[0.012991,51.585198],[0.013145,51.585364]]]}},{"type":"Feature","properties":{"name":"Paddington Stoplock","kind":"water"},"geometry":{"type":"Polygon","coordinates":[[[-0.184326,51.521363],[-0.183922,51.521278],[-0.18429,51.521402],[-0.184326,51.521363]]]}},{"type":"Feature","properties":{"name":"Mile End Lock","kind":"water"},"geometry":{"type":"LineString","coordinates":[[-0.03797,51.525185],[-0.037771,51.525001]]}},{"type":"Feature","properties":{"name":null,"kind":"water"},"geometry":{"type":"Polygon","coordinates":[[[-0.033862,51.519662],[-0.033805,51.51964],[-0.033818,51.519672],[-0.033862,51.519662]]]}},{"type":"Feature","properties":{"name":null,"kind":"water"},"geometry":{"type":"Polygon","coordinates":[[[-0.038046,51.526348],[-0.038265,51.526338],[-0.038671,51.5265],[-0.038046,51.526348]]]}},{"type":"Feature","properties":{"name":null,"kind":"water"},"geometry":{"type":"Polygon","coordinates":[[[-0.336863,51.414463],[-0.33642,51.414432],[-0.336901,51.41444],[-0.336863,51.414463]]]}},{"type":"Feature","properties":{"name":null,"kind":"water"},"geometry":{"type":"Polygon","coordinates":[[[-0.30842,51.409237],[-0.308506,51.409352],[-0.307384,51.409015],[-0.30842,51.409237]]]}},{"type":"Feature","properties":{"name":null,"kind":"water"},"geometry":{"type":"Polygon","coordinates":[[[-0.307396,51.408921],[-0.30709,51.408926],[-0.306818,51.408725],[-0.307396,51.408921]]]}},{"type":"Feature","properties":{"name":null,"kind":"water"},"geometry":{"type":"Polygon","coordinates":[[[-0.306694,51.408305],[-0.30397,51.407418],[-0.306362,51.407956],[-0.306694,51.408305]]]}},{"type":"Feature","properties":{"name":null,"kind":"water"},"geometry":{"type":"Polygon","coordinates":[[[-0.303583,51.407206],[-0.301026,51.405013],[-0.302142,51.405482],[-0.303583,51.407206]]]}},{"type":"Feature","properties":{"name":null,"kind":"water"},"geometry":{"type":"Polygon","coordinates":[[[-0.300853,51.404867],[-0.300841,51.405002],[-0.29874,51.405],[-0.300853,51.404867]]]}},{"type":"Feature","properties":{"name":null,"kind":"water"},"geometry":{"type":"Polygon","coordinates":[[[-0.29874,51.405],[-0.297047,51.40538],[-0.298655,51.404923],[-0.29874,51.405]]]}},{"type":"Feature","properties":{"name":null,"kind":"water"},"geometry":{"type":"Polygon","coordinates":[[[-0.298655,51.404923],[-0.297065,51.405338],[-0.297698,51.40502],[-0.298655,51.404923]]]}},{"type":"Feature","properties":{"name":null,"kind":"water"},"geometry":{"type":"Polygon","coordinates":[[[-0.297047,51.40538],[-0.294495,51.404421],[-0.295406,51.405187],[-0.297047,51.40538]]]}},{"type":"Feature","properties":{"name":"River Thames","kind":"water"},"geometry":{"type":"LineString","coordinates":[[-0.075468,51.505534],[-0.065303,51.502354],[-0.060463,51.501677],[-0.057559,51.502019]]}},{"type":"Feature","properties":{"name":null,"kind":"water"},"geometry":{"type":"Polygon","coordinates":[[[-0.115664,51.640539],[-0.115847,51.640356],[-0.115399,51.640442],[-0.115664,51.640539]]]}},{"type":"Feature","properties":{"name":null,"kind":"water"},"geometry":{"type":"Polygon","coordinates":[[[-0.13231,51.583699],[-0.132247,51.583678],[-0.132259,51.583718],[-0.13231,51.583699]]]}},{"type":"Feature","properties":{"name":"Edgwarebury Brook","kind":"water"},"geometry":{"type":"LineString","coordinates":[[-0.28343,51.622976],[-0.283313,51.622915]]}},{"type":"Feature","properties":{"name":"Edgwarebury Brook","kind":"water"},"geometry":{"type":"LineString","coordinates":[[-0.283458,51.622983],[-0.28343,51.622976]]}},{"type":"Feature","properties":{"name":null,"kind":"water"},"geometry":{"type":"Polygon","coordinates":[[[-0.156359,51.534791],[-0.156647,51.53476],[-0.156541,51.534808],[-0.156359,51.534791]]]}},{"type":"Feature","properties":{"name":null,"kind":"water"},"geometry":{"type":"Polygon","coordinates":[[[-0.155486,51.534512],[-0.155398,51.53447],[-0.155573,51.534443],[-0.155486,51.534512]]]}},{"type":"Feature","properties":{"name":null,"kind":"water"},"geometry":{"type":"Polygon","coordinates":[[[-0.153052,51.533885],[-0.152805,51.534137],[-0.152937,51.533766],[-0.153052,51.533885]]]}},{"type":"Feature","properties":{"name":null,"kind":"water"},"geometry":{"type":"Polygon","coordinates":[[[-0.156781,51.536046],[-0.156973,51.535781],[-0.156603,51.535847],[-0.156781,51.536046]]]}},{"type":"Feature","properties":{"name":null,"kind":"water"},"geometry":{"type":"Polygon","coordinates":[[[-0.157153,51.535829],[-0.15711,51.535712],[-0.158398,51.535506],[-0.157153,51.535829]]]}},{"type":"Feature","properties":{"name":null,"kind":"water"},"geometry":{"type":"Polygon","coordinates":[[[-0.154126,51.536486],[-0.154094,51.536483],[-0.154414,51.536376],[-0.154126,51.536486]]]}},{"type":"Feature","properties":{"name":null,"kind":"water"},"geometry":{"type":"Polygon","coordinates":[[[-0.154507,51.534245],[-0.154609,51.534231],[-0.154529,51.534301],[-0.154507,51.534245]]]}},{"type":"Feature","properties":{"name":null,"kind":"water"},"geometry":{"type":"Polygon","coordinates":[[[-0.155698,51.534751],[-0.155735,51.534743],[-0.155722,51.534765],[-0.155698,51.534751]]]}},{"type":"Feature","properties":{"name":null,"kind":"water"},"geometry":{"type":"Polygon","coordinates":[[[-0.065767,51.507689],[-0.065765,51.507669],[-0.065534,51.507675],[-0.065767,51.507689]]]}},{"type":"Feature","properties":{"name":null,"kind":"water"},"geometry":{"type":"Polygon","coordinates":[[[-0.065868,51.507639],[-0.065867,51.507626],[-0.06358,51.507681],[-0.065868,51.507639]]]}},{"type":"Feature","properties":{"name":null,"kind":"water"},"geometry":{"type":"Polygon","coordinates":[[[-0.155281,51.534949],[-0.155095,51.535032],[-0.155362,51.534982],[-0.155281,51.534949]]]}},{"type":"Feature","properties":{"name":null,"kind":"water"},"geometry":{"type":"Polygon","coordinates":[[[-0.152164,51.453283],[-0.152091,51.45325],[-0.152129,51.453238],[-0.152164,51.453283]]]}},{"type":"Feature","properties":{"name":null,"kind":"water"},"geometry":{"type":"Polygon","coordinates":[[[-0.49444,51.478327],[-0.494012,51.478798],[-0.493189,51.478872],[-0.49444,51.478327]]]}},{"type":"Feature","properties":{"name":null,"kind":"water"},"geometry":{"type":"Polygon","coordinates":[[[-0.010242,51.647279],[-0.009962,51.647035],[-0.010107,51.646869],[-0.010242,51.647279]]]}},{"type":"Feature","properties":{"name":null,"kind":"water"},"geometry":{"type":"Polygon","coordinates":[[[0.155556,51.566973],[0.154951,51.566919],[0.155498,51.567301],[0.155556,51.566973]]]}},{"type":"Feature","properties":{"name":null,"kind":"water"},"geometry":{"type":"Polygon","coordinates":[[[-0.413244,51.471245],[-0.413444,51.471282],[-0.413076,51.471289],[-0.413244,51.471245]]]}},{"type":"Feature","properties":{"name":null,"kind":"water"},"geometry":{"type":"Polygon","coordinates":[[[-0.413567,51.471207],[-0.413451,51.47118],[-0.413576,51.471167],[-0.413567,51.471207]]]}},{"type":"Feature","properties":{"name":null,"kind":"water"},"geometry":{"type":"Polygon","coordinates":[[[-0.413712,51.471623],[-0.413707,51.471564],[-0.413594,51.47161],[-0.413712,51.471623]]]}},{"type":"Feature","properties":{"name":null,"kind":"water"},"geometry":{"type":"Polygon","coordinates":[[[-0.416726,51.475171],[-0.416705,51.475324],[-0.4164,51.475068],[-0.416726,51.475171]]]}},{"type":"Feature","properties":{"name":null,"kind":"water"},"geometry":{"type":"Polygon","coordinates":[[[-0.416516,51.475656],[-0.416668,51.475556],[-0.416434,51.47555],[-0.416516,51.475656]]]}},{"type":"Feature","properties":{"name":null,"kind":"water"},"geometry":{"type":"Polygon","coordinates":[[[-0.013605,51.592611],[-0.013108,51.592603],[-0.013356,51.591833],[-0.013605,51.592611]]]}},{"type":"Feature","properties":{"name":null,"kind":"water"},"geometry":{"type":"Polygon","coordinates":[[[-0.276431,51.55855],[-0.277136,51.558399],[-0.277029,51.55811],[-0.276431,51.55855]]]}},{"type":"Feature","properties":{"name":null,"kind":"water"},"geometry":{"type":"Polygon","coordinates":[[[-0.277082,51.558025],[-0.276997,51.558038],[-0.276945,51.557954],[-0.277082,51.558025]]]}},{"type":"Feature","properties":{"name":null,"kind":"water"},"geometry":{"type":"Polygon","coordinates":[[[-0.27697,51.557903],[-0.27692,51.557912],[-0.276881,51.557831],[-0.27697,51.557903]]]}},{"type":"Feature","properties":{"name":null,"kind":"water"},"geometry":{"type":"Polygon","coordinates":[[[0.23209,51.548489],[0.232036,51.548423],[0.232175,51.548417],[0.23209,51.548489]]]}},{"type":"Feature","properties":{"name":null,"kind":"water"},"geometry":{"type":"Polygon","coordinates":[[[0.138991,51.52297],[0.139681,51.523364],[0.139763,51.522993],[0.138991,51.52297]]]}},{"type":"Feature","properties":{"name":null,"kind":"water"},"geometry":{"type":"Polygon","coordinates":[[[0.244063,51.589645],[0.244312,51.589666],[0.24421,51.589513],[0.244063,51.589645]]]}},{"type":"Feature","properties":{"name":"Crossway Canal","kind":"water"},"geometry":{"type":"LineString","coordinates":[[0.126135,51.509837],[0.124636,51.511493]]}},{"type":"Feature","properties":{"name":"Crossway Canal","kind":"water"},"geometry":{"type":"LineString","coordinates":[[0.125741,51.509427],[0.125835,51.509526]]}},{"type":"Feature","properties":{"name":"Crossway Canal","kind":"water"},"geometry":{"type":"LineString","coordinates":[[0.125835,51.509526],[0.126032,51.509731]]}},{"type":"Feature","properties":{"name":"Crossway Canal","kind":"water"},"geometry":{"type":"LineString","coordinates":[[0.126032,51.509731],[0.126135,51.509837]]}},{"type":"Feature","properties":{"name":null,"kind":"water"},"geometry":{"type":"LineString","coordinates":[[0.124163,51.512683],[0.122467,51.51494]]}},{"type":"Feature","properties":{"name":"Crossway Canal","kind":"water"},"geometry":{"type":"LineString","coordinates":[[0.124636,51.511493],[0.124163,51.512683]]}},{"type":"Feature","properties":{"name":"Waterfield Canal","kind":"water"},"geometry":{"type":"LineString","coordinates":[[0.106894,51.503843],[0.104168,51.504897]]}},{"type":"Feature","properties":{"name":"Harrow Canal","kind":"water"},"geometry":{"type":"LineString","coordinates":[[0.123138,51.507966],[0.124338,51.508038]]}},{"type":"Feature","properties":{"name":null,"kind":"water"},"geometry":{"type":"Polygon","coordinates":[[[-0.102132,51.571623],[-0.102086,51.571592],[-0.102081,51.571621],[-0.102132,51.571623]]]}},{"type":"Feature","properties":{"name":null,"kind":"water"},"geometry":{"type":"Polygon","coordinates":[[[-0.130293,51.561889],[-0.130067,51.562014],[-0.130209,51.562008],[-0.130293,51.561889]]]}},{"type":"Feature","properties":{"name":null,"kind":"water"},"geometry":{"type":"Polygon","coordinates":[[[0.237082,51.617812],[0.237297,51.617865],[0.237267,51.617778],[0.237082,51.617812]]]}},{"type":"Feature","properties":{"name":null,"kind":"water"},"geometry":{"type":"Polygon","coordinates":[[[0.23386,51.615516],[0.234227,51.615649],[0.234013,51.615866],[0.23386,51.615516]]]}},{"type":"Feature","properties":{"name":null,"kind":"water"},"geometry":{"type":"Polygon","coordinates":[[[0.240886,51.613177],[0.241264,51.613161],[0.24109,51.612966],[0.240886,51.613177]]]}},{"type":"Feature","properties":{"name":null,"kind":"water"},"geometry":{"type":"Polygon","coordinates":[[[0.198599,51.596169],[0.198837,51.596196],[0.198742,51.596099],[0.198599,51.596169]]]}},{"type":"Feature","properties":{"name":"Pond No.2","kind":"water"},"geometry":{"type":"Polygon","coordinates":[[[0.138821,51.509568],[0.138382,51.509731],[0.138194,51.509536],[0.138634,51.509373],[0.138821,51.509568]]]}},{"type":"Feature","properties":{"name":"Pond No.1","kind":"water"},"geometry":{"type":"Polygon","coordinates":[[[0.139319,51.509383],[0.13888,51.509547],[0.138693,51.509352],[0.139132,51.509188],[0.139319,51.509383]]]}},{"type":"Feature","properties":{"name":null,"kind":"water"},"geometry":{"type":"Polygon","coordinates":[[[-0.333922,51.635298],[-0.333415,51.635562],[-0.333585,51.635069],[-0.333922,51.635298]]]}},{"type":"Feature","properties":{"name":null,"kind":"water"},"geometry":{"type":"Polygon","coordinates":[[[0.236077,51.612173],[0.235215,51.611998],[0.235332,51.611663],[0.236077,51.612173]]]}},{"type":"Feature","properties":{"name":null,"kind":"water"},"geometry":{"type":"Polygon","coordinates":[[[0.057211,51.447527],[0.057451,51.447539],[0.057445,51.447416],[0.057211,51.447527]]]}},{"type":"Feature","properties":{"name":null,"kind":"water"},"geometry":{"type":"Polygon","coordinates":[[[-0.289554,51.617646],[-0.289439,51.617604],[-0.289558,51.617513],[-0.289554,51.617646]]]}},{"type":"Feature","properties":{"name":null,"kind":"water"},"geometry":{"type":"Polygon","coordinates":[[[-0.471446,51.578926],[-0.471452,51.578714],[-0.472358,51.578888],[-0.471446,51.578926]]]}},{"type":"Feature","properties":{"name":null,"kind":"water"},"geometry":{"type":"Polygon","coordinates":[[[-0.473605,51.578664],[-0.473995,51.578864],[-0.47407,51.578755],[-0.473605,51.578664]]]}},{"type":"Feature","properties":{"name":null,"kind":"water"},"geometry":{"type":"Polygon","coordinates":[[[-0.477996,51.581905],[-0.47811,51.582228],[-0.4775,51.582236],[-0.477996,51.581905]]]}},{"type":"Feature","properties":{"name":null,"kind":"water"},"geometry":{"type":"Polygon","coordinates":[[[-0.478907,51.582399],[-0.478724,51.58214],[-0.478797,51.581948],[-0.478907,51.582399]]]}},{"type":"Feature","properties":{"name":null,"kind":"water"},"geometry":{"type":"Polygon","coordinates":[[[-0.47924,51.581535],[-0.478938,51.581485],[-0.478967,51.581567],[-0.47924,51.581535]]]}},{"type":"Feature","properties":{"name":null,"kind":"water"},"geometry":{"type":"Polygon","coordinates":[[[-0.474826,51.577567],[-0.474178,51.577112],[-0.475069,51.577194],[-0.474826,51.577567]]]}},{"type":"Feature","properties":{"name":null,"kind":"water"},"geometry":{"type":"Polygon","coordinates":[[[0.055296,51.439962],[0.05547,51.439886],[0.055313,51.43978],[0.055296,51.439962]]]}},{"type":"Feature","properties":{"name":null,"kind":"water"},"geometry":{"type":"Polygon","coordinates":[[[0.265483,51.530265],[0.26506,51.530399],[0.264662,51.529914],[0.265483,51.530265]]]}},{"type":"Feature","properties":{"name":"Yeading Brook","kind":"water"},"geometry":{"type":"LineString","coordinates":[[-0.409217,51.500324],[-0.409239,51.500303]]}},{"type":"Feature","properties":{"name":null,"kind":"water"},"geometry":{"type":"Polygon","coordinates":[[[-0.348754,51.595579],[-0.348553,51.59562],[-0.348565,51.595574],[-0.348754,51.595579]]]}},{"type":"Feature","properties":{"name":null,"kind":"water"},"geometry":{"type":"Polygon","coordinates":[[[-0.352123,51.595667],[-0.351713,51.595669],[-0.351762,51.595478],[-0.352123,51.595667]]]}},{"type":"Feature","properties":{"name":null,"kind":"water"},"geometry":{"type":"Polygon","coordinates":[[[-0.353346,51.596058],[-0.352677,51.5955],[-0.352998,51.595226],[-0.353346,51.596058]]]}},{"type":"Feature","properties":{"name":null,"kind":"water"},"geometry":{"type":"Polygon","coordinates":[[[-0.353442,51.595938],[-0.354101,51.5959],[-0.353679,51.596078],[-0.353442,51.595938]]]}},{"type":"Feature","properties":{"name":null,"kind":"water"},"geometry":{"type":"Polygon","coordinates":[[[-0.487702,51.550357],[-0.488547,51.550851],[-0.493554,51.545669],[-0.492696,51.544153],[-0.492151,51.544161],[-0.491716,51.546281],[-0.487702,51.550357]]]}},{"type":"Feature","properties":{"name":null,"kind":"water"},"geometry":{"type":"Polygon","coordinates":[[[-0.088673,51.463953],[-0.088749,51.46401],[-0.088561,51.464027],[-0.088673,51.463953]]]}},{"type":"Feature","properties":{"name":null,"kind":"water"},"geometry":{"type":"Polygon","coordinates":[[[-0.120134,51.642433],[-0.120234,51.642211],[-0.120658,51.642209],[-0.120134,51.642433]]]}},{"type":"Feature","properties":{"name":null,"kind":"water"},"geometry":{"type":"Polygon","coordinates":[[[0.162373,51.48286],[0.161879,51.482906],[0.162264,51.483085],[0.162373,51.48286]]]}},{"type":"Feature","properties":{"name":null,"kind":"water"},"geometry":{"type":"Polygon","coordinates":[[[-0.266833,51.428372],[-0.266982,51.428481],[-0.267147,51.428447],[-0.266833,51.428372]]]}},{"type":"Feature","properties":{"name":null,"kind":"water"},"geometry":{"type":"Polygon","coordinates":[[[-0.502662,51.536402],[-0.502581,51.537005],[-0.501827,51.537002],[-0.502524,51.537131],[-0.502662,51.536402]]]}},{"type":"Feature","properties":{"name":null,"kind":"water"},"geometry":{"type":"Polygon","coordinates":[[[-0.407197,51.580031],[-0.407079,51.580014],[-0.407096,51.580075],[-0.407197,51.580031]]]}},{"type":"Feature","properties":{"name":null,"kind":"water"},"geometry":{"type":"Polygon","coordinates":[[[0.27331,51.583804],[0.273504,51.58378],[0.273166,51.583882],[0.27331,51.583804]]]}},{"type":"Feature","properties":{"name":null,"kind":"water"},"geometry":{"type":"Polygon","coordinates":[[[-0.466236,51.543236],[-0.466305,51.543632],[-0.466508,51.543264],[-0.466236,51.543236]]]}},{"type":"Feature","properties":{"name":null,"kind":"water"},"geometry":{"type":"Polygon","coordinates":[[[-0.284958,51.540753],[-0.284531,51.540622],[-0.284595,51.540734],[-0.284958,51.540753]]]}},{"type":"Feature","properties":{"name":"River Colne","kind":"water"},"geometry":{"type":"LineString","coordinates":[[-0.486139,51.551786],[-0.485837,51.551549]]}},{"type":"Feature","properties":{"name":"River Colne","kind":"water"},"geometry":{"type":"LineString","coordinates":[[-0.486335,51.551941],[-0.486139,51.551786]]}},{"type":"Feature","properties":{"name":"River Colne","kind":"water"},"geometry":{"type":"LineString","coordinates":[[-0.485837,51.551549],[-0.485109,51.550819]]}},{"type":"Feature","properties":{"name":"River Colne","kind":"water"},"geometry":{"type":"LineString","coordinates":[[-0.486584,51.552172],[-0.486335,51.551941]]}},{"type":"Feature","properties":{"name":null,"kind":"water"},"geometry":{"type":"Polygon","coordinates":[[[-0.486935,51.555192],[-0.486764,51.55235],[-0.487319,51.552745],[-0.486935,51.555192]]]}},{"type":"Feature","properties":{"name":null,"kind":"water"},"geometry":{"type":"Polygon","coordinates":[[[-0.485312,51.551822],[-0.485394,51.551772],[-0.485392,51.55183],[-0.485312,51.551822]]]}},{"type":"Feature","properties":{"name":null,"kind":"water"},"geometry":{"type":"Polygon","coordinates":[[[-0.486739,51.557194],[-0.48751,51.556296],[-0.486912,51.555287],[-0.487333,51.55534],[-0.487306,51.556915],[-0.484438,51.558955],[-0.486739,51.557194]]]}},{"type":"Feature","properties":{"name":null,"kind":"water"},"geometry":{"type":"Polygon","coordinates":[[[-0.149792,51.685999],[-0.149687,51.686067],[-0.14967,51.685993],[-0.149792,51.685999]]]}},{"type":"Feature","properties":{"name":null,"kind":"water"},"geometry":{"type":"Polygon","coordinates":[[[-0.149717,51.686184],[-0.14968,51.686256],[-0.149578,51.686196],[-0.149717,51.686184]]]}},{"type":"Feature","properties":{"name":null,"kind":"water"},"geometry":{"type":"Polygon","coordinates":[[[-0.478858,51.594196],[-0.479009,51.594245],[-0.478855,51.594351],[-0.478858,51.594196]]]}},{"type":"Feature","properties":{"name":null,"kind":"water"},"geometry":{"type":"Polygon","coordinates":[[[-0.465886,51.550888],[-0.465895,51.551066],[-0.465573,51.551113],[-0.465886,51.550888]]]}},{"type":"Feature","properties":{"name":null,"kind":"water"},"geometry":{"type":"Polygon","coordinates":[[[-0.436928,51.457256],[-0.437039,51.457107],[-0.436618,51.457027],[-0.436928,51.457256]]]}},{"type":"Feature","properties":{"name":null,"kind":"water"},"geometry":{"type":"Polygon","coordinates":[[[-0.288273,51.500563],[-0.288259,51.500604],[-0.288336,51.500576],[-0.288273,51.500563]]]}},{"type":"Feature","properties":{"name":null,"kind":"water"},"geometry":{"type":"Polygon","coordinates":[[[0.078864,51.446483],[0.078766,51.446446],[0.078806,51.446497],[0.078864,51.446483]]]}},{"type":"Feature","properties":{"name":null,"kind":"water"},"geometry":{"type":"Polygon","coordinates":[[[0.105414,51.551766],[0.105437,51.551767],[0.10543,51.55175],[0.105414,51.551766]]]}},{"type":"Feature","properties":{"name":null,"kind":"water"},"geometry":{"type":"Polygon","coordinates":[[[-0.215172,51.379168],[-0.214745,51.378874],[-0.214586,51.378992],[-0.215172,51.379168]]]}},{"type":"Feature","properties":{"name":null,"kind":"water"},"geometry":{"type":"Polygon","coordinates":[[[-0.460409,51.576808],[-0.4603,51.576823],[-0.46048,51.576862],[-0.460409,51.576808]]]}},{"type":"Feature","properties":{"name":null,"kind":"water"},"geometry":{"type":"Polygon","coordinates":[[[-0.460707,51.577022],[-0.460645,51.577079],[-0.460876,51.57701],[-0.460707,51.577022]]]}},{"type":"Feature","properties":{"name":null,"kind":"water"},"geometry":{"type":"Polygon","coordinates":[[[-0.460719,51.576784],[-0.460652,51.576885],[-0.460777,51.576886],[-0.460719,51.576784]]]}},{"type":"Feature","properties":{"name":null,"kind":"water"},"geometry":{"type":"Polygon","coordinates":[[[-0.460417,51.576568],[-0.460231,51.576616],[-0.46045,51.576642],[-0.460417,51.576568]]]}},{"type":"Feature","properties":{"name":null,"kind":"water"},"geometry":{"type":"Polygon","coordinates":[[[-0.404216,51.587525],[-0.403968,51.587627],[-0.404217,51.587599],[-0.404216,51.587525]]]}},{"type":"Feature","properties":{"name":null,"kind":"water"},"geometry":{"type":"Polygon","coordinates":[[[-0.061938,51.539008],[-0.061862,51.539012],[-0.061895,51.539077],[-0.061938,51.539008]]]}},{"type":"Feature","properties":{"name":null,"kind":"water"},"geometry":{"type":"Polygon","coordinates":[[[0.258605,51.600861],[0.25895,51.600946],[0.258613,51.601052],[0.258605,51.600861]]]}},{"type":"Feature","properties":{"name":null,"kind":"water"},"geometry":{"type":"Polygon","coordinates":[[[0.25828,51.600927],[0.258055,51.601028],[0.258044,51.600894],[0.25828,51.600927]]]}},{"type":"Feature","properties":{"name":null,"kind":"water"},"geometry":{"type":"Polygon","coordinates":[[[0.259112,51.600715],[0.259452,51.600739],[0.259342,51.600913],[0.259112,51.600715]]]}},{"type":"Feature","properties":{"name":null,"kind":"water"},"geometry":{"type":"Polygon","coordinates":[[[0.25891,51.600466],[0.259238,51.600463],[0.259157,51.600633],[0.25891,51.600466]]]}},{"type":"Feature","properties":{"name":null,"kind":"water"},"geometry":{"type":"Polygon","coordinates":[[[0.258689,51.600609],[0.258699,51.600787],[0.258358,51.600704],[0.258689,51.600609]]]}},{"type":"Feature","properties":{"name":null,"kind":"water"},"geometry":{"type":"Polygon","coordinates":[[[0.258052,51.600663],[0.258049,51.600795],[0.257805,51.600727],[0.258052,51.600663]]]}},{"type":"Feature","properties":{"name":null,"kind":"water"},"geometry":{"type":"Polygon","coordinates":[[[0.257785,51.600428],[0.257899,51.600544],[0.257621,51.60051],[0.257785,51.600428]]]}},{"type":"Feature","properties":{"name":null,"kind":"water"},"geometry":{"type":"Polygon","coordinates":[[[0.258179,51.600369],[0.258536,51.600439],[0.25821,51.600556],[0.258179,51.600369]]]}},{"type":"Feature","properties":{"name":null,"kind":"water"},"geometry":{"type":"Polygon","coordinates":[[[0.2589,51.600145],[0.25904,51.600303],[0.258649,51.600287],[0.2589,51.600145]]]}},{"type":"Feature","properties":{"name":null,"kind":"water"},"geometry":{"type":"Polygon","coordinates":[[[0.258696,51.600129],[0.258462,51.60007],[0.258618,51.59988],[0.258696,51.600129]]]}},{"type":"Feature","properties":{"name":null,"kind":"water"},"geometry":{"type":"Polygon","coordinates":[[[0.25826,51.600096],[0.258259,51.600276],[0.257926,51.600186],[0.25826,51.600096]]]}},{"type":"Feature","properties":{"name":null,"kind":"water"},"geometry":{"type":"Polygon","coordinates":[[[0.258063,51.599845],[0.257832,51.600037],[0.257775,51.599856],[0.258063,51.599845]]]}},{"type":"Feature","properties":{"name":null,"kind":"water"},"geometry":{"type":"Polygon","coordinates":[[[0.25758,51.600222],[0.257698,51.600285],[0.257458,51.600328],[0.25758,51.600222]]]}},{"type":"Feature","properties":{"name":null,"kind":"water"},"geometry":{"type":"Polygon","coordinates":[[[0.258533,51.599652],[0.258536,51.599857],[0.258218,51.599735],[0.258533,51.599652]]]}},{"type":"Feature","properties":{"name":null,"kind":"water"},"geometry":{"type":"Polygon","coordinates":[[[0.258733,51.601428],[0.258887,51.601614],[0.258453,51.60154],[0.258733,51.601428]]]}},{"type":"Feature","properties":{"name":null,"kind":"water"},"geometry":{"type":"Polygon","coordinates":[[[0.25932,51.601283],[0.25937,51.601493],[0.258965,51.601423],[0.25932,51.601283]]]}},{"type":"Feature","properties":{"name":null,"kind":"water"},"geometry":{"type":"Polygon","coordinates":[[[0.289065,51.538818],[0.287003,51.538329],[0.28736,51.538089],[0.289065,51.538818]]]}},{"type":"Feature","properties":{"name":null,"kind":"water"},"geometry":{"type":"Polygon","coordinates":[[[0.00504,51.496433],[0.005317,51.495899],[0.00452,51.495933],[0.004506,51.496358],[0.005398,51.496107],[0.00504,51.496433]]]}},{"type":"Feature","properties":{"name":null,"kind":"water"},"geometry":{"type":"Polygon","coordinates":[[[0.012484,51.440482],[0.012203,51.440487],[0.012237,51.440602],[0.012484,51.440482]]]}},{"type":"Feature","properties":{"name":"River Lee Navigation","kind":"water"},"geometry":{"type":"LineString","coordinates":[[-0.056296,51.587942],[-0.056578,51.587367]]}},{"type":"Feature","properties":{"name":"River Lee Navigation","kind":"water"},"geometry":{"type":"LineString","coordinates":[[-0.056146,51.588543],[-0.05616,51.588216]]}},{"type":"Feature","properties":{"name":"River Lee Navigation","kind":"water"},"geometry":{"type":"LineString","coordinates":[[-0.050169,51.597374],[-0.050254,51.597221]]}},{"type":"Feature","properties":{"name":"River Lee Navigation","kind":"water"},"geometry":{"type":"LineString","coordinates":[[-0.05051,51.597006],[-0.050722,51.596916]]}},{"type":"Feature","properties":{"name":"River Lee Navigation","kind":"water"},"geometry":{"type":"LineString","coordinates":[[-0.030017,51.641827],[-0.030194,51.641678]]}},{"type":"Feature","properties":{"name":"River Lee Navigation","kind":"water"},"geometry":{"type":"LineString","coordinates":[[-0.029839,51.642285],[-0.029884,51.64208]]}},{"type":"Feature","properties":{"name":null,"kind":"water"},"geometry":{"type":"Polygon","coordinates":[[[0.070894,51.404443],[0.070752,51.404426],[0.070771,51.404528],[0.070894,51.404443]]]}},{"type":"Feature","properties":{"name":null,"kind":"water"},"geometry":{"type":"Polygon","coordinates":[[[0.033658,51.623531],[0.033478,51.623435],[0.033431,51.623542],[0.033658,51.623531]]]}},{"type":"Feature","properties":{"name":null,"kind":"water"},"geometry":{"type":"Polygon","coordinates":[[[0.033845,51.623522],[0.034264,51.62361],[0.034215,51.623415],[0.033845,51.623522]]]}},{"type":"Feature","properties":{"name":null,"kind":"water"},"geometry":{"type":"Polygon","coordinates":[[[-0.251252,51.410502],[-0.25099,51.410525],[-0.25102,51.410612],[-0.251252,51.410502]]]}},{"type":"Feature","properties":{"name":"New River","kind":"water"},"geometry":{"type":"LineString","coordinates":[[-0.115918,51.606655],[-0.116244,51.605007]]}},{"type":"Feature","properties":{"name":"New River","kind":"water"},"geometry":{"type":"LineString","coordinates":[[-0.116244,51.605007],[-0.116253,51.604962]]}},{"type":"Feature","properties":{"name":"New River","kind":"water"},"geometry":{"type":"LineString","coordinates":[[-0.089669,51.63623],[-0.089321,51.634941],[-0.089754,51.634276],[-0.093303,51.632995],[-0.093992,51.632091]]}},{"type":"Feature","properties":{"name":"New River","kind":"water"},"geometry":{"type":"LineString","coordinates":[[-0.089695,51.636367],[-0.089669,51.63623]]}},{"type":"Feature","properties":{"name":"New River","kind":"water"},"geometry":{"type":"LineString","coordinates":[[-0.089678,51.636412],[-0.089695,51.636367]]}},{"type":"Feature","properties":{"name":"River Quaggy","kind":"water"},"geometry":{"type":"LineString","coordinates":[[0.032099,51.452983],[0.032013,51.453108]]}},{"type":"Feature","properties":{"name":"River Quaggy","kind":"water"},"geometry":{"type":"LineString","coordinates":[[0.032259,51.452762],[0.032099,51.452983]]}},{"type":"Feature","properties":{"name":null,"kind":"water"},"geometry":{"type":"Polygon","coordinates":[[[0.062509,51.395167],[0.062419,51.395144],[0.062593,51.395208],[0.062509,51.395167]]]}},{"type":"Feature","properties":{"name":null,"kind":"water"},"geometry":{"type":"Polygon","coordinates":[[[0.062936,51.395447],[0.062996,51.395478],[0.063191,51.395395],[0.062936,51.395447]]]}},{"type":"Feature","properties":{"name":null,"kind":"water"},"geometry":{"type":"Polygon","coordinates":[[[0.063667,51.472675],[0.063251,51.472783],[0.063314,51.47268],[0.063667,51.472675]]]}},{"type":"Feature","properties":{"name":null,"kind":"water"},"geometry":{"type":"Polygon","coordinates":[[[0.063886,51.472473],[0.063702,51.472636],[0.063648,51.472573],[0.063886,51.472473]]]}},{"type":"Feature","properties":{"name":null,"kind":"water"},"geometry":{"type":"Polygon","coordinates":[[[0.29719,51.554271],[0.296808,51.554196],[0.296709,51.554556],[0.29719,51.554271]]]}},{"type":"Feature","properties":{"name":null,"kind":"water"},"geometry":{"type":"Polygon","coordinates":[[[0.316564,51.555264],[0.316628,51.555418],[0.316322,51.555316],[0.316564,51.555264]]]}},{"type":"Feature","properties":{"name":null,"kind":"water"},"geometry":{"type":"Polygon","coordinates":[[[0.317196,51.555472],[0.317107,51.55562],[0.316909,51.555453],[0.317196,51.555472]]]}},{"type":"Feature","properties":{"name":null,"kind":"water"},"geometry":{"type":"Polygon","coordinates":[[[0.252852,51.53323],[0.253157,51.532859],[0.252633,51.5326],[0.251804,51.533071],[0.252852,51.53323]]]}},{"type":"Feature","properties":{"name":null,"kind":"water"},"geometry":{"type":"Polygon","coordinates":[[[0.212686,51.509169],[0.212162,51.508959],[0.212056,51.50914],[0.212686,51.509169]]]}},{"type":"Feature","properties":{"name":null,"kind":"water"},"geometry":{"type":"Polygon","coordinates":[[[0.212148,51.508766],[0.210789,51.508722],[0.210994,51.508501],[0.212148,51.508766]]]}},{"type":"Feature","properties":{"name":null,"kind":"water"},"geometry":{"type":"Polygon","coordinates":[[[0.212491,51.50847],[0.211444,51.508292],[0.2127,51.508116],[0.212491,51.50847]]]}},{"type":"Feature","properties":{"name":null,"kind":"water"},"geometry":{"type":"Polygon","coordinates":[[[0.23937,51.502739],[0.238987,51.502674],[0.23932,51.502472],[0.23937,51.502739]]]}},{"type":"Feature","properties":{"name":null,"kind":"water"},"geometry":{"type":"Polygon","coordinates":[[[0.239169,51.502791],[0.239453,51.502898],[0.239074,51.50308],[0.239169,51.502791]]]}},{"type":"Feature","properties":{"name":null,"kind":"water"},"geometry":{"type":"Polygon","coordinates":[[[-0.34825,51.514592],[-0.348324,51.514685],[-0.348203,51.514716],[-0.34825,51.514592]]]}},{"type":"Feature","properties":{"name":null,"kind":"water"},"geometry":{"type":"Polygon","coordinates":[[[-0.451712,51.574191],[-0.451751,51.574606],[-0.45136,51.574408],[-0.451712,51.574191]]]}},{"type":"Feature","properties":{"name":null,"kind":"water"},"geometry":{"type":"Polygon","coordinates":[[[-0.457157,51.572259],[-0.45795,51.572779],[-0.457347,51.572991],[-0.457984,51.572849],[-0.457157,51.572259]]]}},{"type":"Feature","properties":{"name":null,"kind":"water"},"geometry":{"type":"Polygon","coordinates":[[[0.222263,51.623738],[0.221998,51.623651],[0.222372,51.62355],[0.222263,51.623738]]]}},{"type":"Feature","properties":{"name":null,"kind":"water"},"geometry":{"type":"Polygon","coordinates":[[[0.213391,51.621885],[0.213191,51.621924],[0.213276,51.621786],[0.213391,51.621885]]]}},{"type":"Feature","properties":{"name":null,"kind":"water"},"geometry":{"type":"Polygon","coordinates":[[[0.305967,51.559113],[0.305554,51.559561],[0.30545,51.559236],[0.305967,51.559113]]]}},{"type":"Feature","properties":{"name":null,"kind":"water"},"geometry":{"type":"Polygon","coordinates":[[[0.318546,51.56786],[0.318711,51.568068],[0.318388,51.568099],[0.318546,51.56786]]]}},{"type":"Feature","properties":{"name":null,"kind":"water"},"geometry":{"type":"Polygon","coordinates":[[[-0.108177,51.515779],[-0.108185,51.515758],[-0.108082,51.515764],[-0.108177,51.515779]]]}},{"type":"Feature","properties":{"name":"Bigley Ditch","kind":"water"},"geometry":{"type":"LineString","coordinates":[[-0.490099,51.493978],[-0.489706,51.493579]]}},{"type":"Feature","properties":{"name":"Bigley Ditch","kind":"water"},"geometry":{"type":"LineString","coordinates":[[-0.489663,51.495474],[-0.489903,51.495344]]}},{"type":"Feature","properties":{"name":null,"kind":"water"},"geometry":{"type":"Polygon","coordinates":[[[0.13145,51.387598],[0.131391,51.38762],[0.131391,51.387588],[0.13145,51.387598]]]}},{"type":"Feature","properties":{"name":null,"kind":"water"},"geometry":{"type":"Polygon","coordinates":[[[0.08411,51.402262],[0.083986,51.402234],[0.084059,51.402193],[0.08411,51.402262]]]}},{"type":"Feature","properties":{"name":null,"kind":"water"},"geometry":{"type":"Polygon","coordinates":[[[0.245633,51.624038],[0.245446,51.623925],[0.245683,51.623833],[0.245633,51.624038]]]}},{"type":"Feature","properties":{"name":null,"kind":"water"},"geometry":{"type":"Polygon","coordinates":[[[0.245696,51.624135],[0.245209,51.624037],[0.245352,51.624264],[0.245696,51.624135]]]}},{"type":"Feature","properties":{"name":null,"kind":"water"},"geometry":{"type":"Polygon","coordinates":[[[0.214364,51.46269],[0.213149,51.462314],[0.214672,51.463464],[0.215396,51.463057],[0.214364,51.46269]]]}},{"type":"Feature","properties":{"name":null,"kind":"water"},"geometry":{"type":"Polygon","coordinates":[[[0.213147,51.46352],[0.212411,51.463379],[0.212432,51.463831],[0.213147,51.46352]]]}},{"type":"Feature","properties":{"name":null,"kind":"water"},"geometry":{"type":"Polygon","coordinates":[[[0.212326,51.464542],[0.212497,51.464674],[0.212103,51.464579],[0.212326,51.464542]]]}},{"type":"Feature","properties":{"name":null,"kind":"water"},"geometry":{"type":"Polygon","coordinates":[[[0.21205,51.465507],[0.21187,51.465435],[0.212212,51.465402],[0.21205,51.465507]]]}},{"type":"Feature","properties":{"name":null,"kind":"water"},"geometry":{"type":"Polygon","coordinates":[[[-0.053104,51.670784],[-0.053229,51.670666],[-0.052942,51.670754],[-0.053104,51.670784]]]}},{"type":"Feature","properties":{"name":null,"kind":"water"},"geometry":{"type":"Polygon","coordinates":[[[-0.05611,51.674591],[-0.055229,51.675208],[-0.053883,51.679177],[-0.054975,51.675397],[-0.05611,51.674591]]]}},{"type":"Feature","properties":{"name":null,"kind":"water"},"geometry":{"type":"Polygon","coordinates":[[[-0.05611,51.674591],[-0.056886,51.674007],[-0.057407,51.67276],[-0.05611,51.674591]]]}},{"type":"Feature","properties":{"name":"Edgware Brook","kind":"water"},"geometry":{"type":"LineString","coordinates":[[-0.272648,51.607797],[-0.272245,51.60757]]}},{"type":"Feature","properties":{"name":"Edgware Brook","kind":"water"},"geometry":{"type":"LineString","coordinates":[[-0.272806,51.60791],[-0.272648,51.607797]]}},{"type":"Feature","properties":{"name":"Edgware Brook","kind":"water"},"geometry":{"type":"LineString","coordinates":[[-0.272093,51.607506],[-0.271743,51.60736]]}},{"type":"Feature","properties":{"name":"Edgware Brook","kind":"water"},"geometry":{"type":"LineString","coordinates":[[-0.272245,51.60757],[-0.272093,51.607506]]}},{"type":"Feature","properties":{"name":null,"kind":"water"},"geometry":{"type":"Polygon","coordinates":[[[0.082173,51.441654],[0.082227,51.441391],[0.082646,51.441382],[0.082173,51.441654]]]}},{"type":"Feature","properties":{"name":null,"kind":"water"},"geometry":{"type":"Polygon","coordinates":[[[-0.413605,51.600267],[-0.41353,51.600318],[-0.413641,51.600328],[-0.413605,51.600267]]]}},{"type":"Feature","properties":{"name":null,"kind":"water"},"geometry":{"type":"Polygon","coordinates":[[[-0.413726,51.600184],[-0.413676,51.600131],[-0.413776,51.600126],[-0.413726,51.600184]]]}},{"type":"Feature","properties":{"name":null,"kind":"water"},"geometry":{"type":"Polygon","coordinates":[[[-0.164996,51.527046],[-0.165027,51.526908],[-0.164742,51.526824],[-0.164996,51.527046]]]}},{"type":"Feature","properties":{"name":"Dean's Brook","kind":"water"},"geometry":{"type":"LineString","coordinates":[[-0.261468,51.62592],[-0.262889,51.624057]]}},{"type":"Feature","properties":{"name":"Dean's Brook","kind":"water"},"geometry":{"type":"LineString","coordinates":[[-0.260987,51.626312],[-0.261468,51.62592]]}},{"type":"Feature","properties":{"name":null,"kind":"water"},"geometry":{"type":"Polygon","coordinates":[[[0.219156,51.521391],[0.218005,51.52263],[0.220613,51.522937],[0.221276,51.522412],[0.221291,51.521936],[0.219868,51.521551],[0.21867,51.522559],[0.219156,51.521391]]]}},{"type":"Feature","properties":{"name":null,"kind":"water"},"geometry":{"type":"Polygon","coordinates":[[[0.219414,51.520115],[0.218198,51.520363],[0.217708,51.521929],[0.218501,51.520754],[0.219994,51.521068],[0.220286,51.520665],[0.219414,51.520115]]]}},{"type":"Feature","properties":{"name":null,"kind":"water"},"geometry":{"type":"Polygon","coordinates":[[[0.012283,51.564075],[0.012218,51.563939],[0.011937,51.563984],[0.012283,51.564075]]]}},{"type":"Feature","properties":{"name":"Turkey Brook","kind":"water"},"geometry":{"type":"LineString","coordinates":[[-0.023177,51.666577],[-0.022311,51.664727],[-0.020545,51.663527]]}},{"type":"Feature","properties":{"name":null,"kind":"water"},"geometry":{"type":"Polygon","coordinates":[[[-0.37119,51.567618],[-0.371703,51.567025],[-0.370823,51.567366],[-0.37119,51.567618]]]}},{"type":"Feature","properties":{"name":null,"kind":"water"},"geometry":{"type":"Polygon","coordinates":[[[-0.151555,51.601818],[-0.151179,51.601776],[-0.151482,51.601639],[-0.151555,51.601818]]]}},{"type":"Feature","properties":{"name":null,"kind":"water"},"geometry":{"type":"Polygon","coordinates":[[[-0.085928,51.442531],[-0.08608,51.44242],[-0.08623,51.442502],[-0.085928,51.442531]]]}},{"type":"Feature","properties":{"name":null,"kind":"water"},"geometry":{"type":"Polygon","coordinates":[[[0.287905,51.571277],[0.288155,51.570958],[0.288418,51.571015],[0.287905,51.571277]]]}},{"type":"Feature","properties":{"name":null,"kind":"water"},"geometry":{"type":"Polygon","coordinates":[[[0.104683,51.588051],[0.105333,51.587765],[0.103387,51.587018],[0.103719,51.587842],[0.104683,51.588051]]]}},{"type":"Feature","properties":{"name":null,"kind":"water"},"geometry":{"type":"Polygon","coordinates":[[[0.111699,51.588338],[0.111068,51.587974],[0.109443,51.588297],[0.111699,51.588338]]]}},{"type":"Feature","properties":{"name":null,"kind":"water"},"geometry":{"type":"Polygon","coordinates":[[[0.113925,51.59593],[0.114208,51.595461],[0.113129,51.594979],[0.113311,51.594502],[0.112354,51.594275],[0.11209,51.59495],[0.113925,51.59593]]]}},{"type":"Feature","properties":{"name":null,"kind":"water"},"geometry":{"type":"Polygon","coordinates":[[[0.114129,51.596451],[0.113146,51.596229],[0.113282,51.596607],[0.114129,51.596451]]]}},{"type":"Feature","properties":{"name":null,"kind":"water"},"geometry":{"type":"Polygon","coordinates":[[[-0.504334,51.620038],[-0.503761,51.620093],[-0.503897,51.620309],[-0.504334,51.620038]]]}},{"type":"Feature","properties":{"name":null,"kind":"water"},"geometry":{"type":"Polygon","coordinates":[[[-0.504452,51.620047],[-0.504277,51.620197],[-0.504583,51.620333],[-0.504452,51.620047]]]}},{"type":"Feature","properties":{"name":null,"kind":"water"},"geometry":{"type":"Polygon","coordinates":[[[-0.50484,51.620477],[-0.504649,51.620384],[-0.504752,51.620134],[-0.50484,51.620477]]]}},{"type":"Feature","properties":{"name":null,"kind":"water"},"geometry":{"type":"Polygon","coordinates":[[[-0.503747,51.620242],[-0.503651,51.6201],[-0.503604,51.620273],[-0.503747,51.620242]]]}},{"type":"Feature","properties":{"name":null,"kind":"water"},"geometry":{"type":"Polygon","coordinates":[[[-0.50478,51.620551],[-0.504629,51.620824],[-0.504948,51.620534],[-0.50478,51.620551]]]}},{"type":"Feature","properties":{"name":null,"kind":"water"},"geometry":{"type":"Polygon","coordinates":[[[-0.11078,51.693688],[-0.10968,51.693688],[-0.109777,51.693203],[-0.11078,51.693688]]]}},{"type":"Feature","properties":{"name":null,"kind":"water"},"geometry":{"type":"Polygon","coordinates":[[[-0.404067,51.611292],[-0.404198,51.611311],[-0.404168,51.611481],[-0.404067,51.611292]]]}},{"type":"Feature","properties":{"name":null,"kind":"water"},"geometry":{"type":"Polygon","coordinates":[[[-0.404149,51.611544],[-0.404158,51.611665],[-0.404276,51.611662],[-0.404149,51.611544]]]}},{"type":"Feature","properties":{"name":null,"kind":"water"},"geometry":{"type":"Polygon","coordinates":[[[-0.29776,51.340914],[-0.296999,51.3408],[-0.297585,51.340558],[-0.29776,51.340914]]]}},{"type":"Feature","properties":{"name":null,"kind":"water"},"geometry":{"type":"Polygon","coordinates":[[[-0.331037,51.324704],[-0.330996,51.324613],[-0.330727,51.324683],[-0.331037,51.324704]]]}},{"type":"Feature","properties":{"name":null,"kind":"water"},"geometry":{"type":"Polygon","coordinates":[[[0.254455,51.556216],[0.255397,51.556213],[0.254954,51.555825],[0.254455,51.556216]]]}},{"type":"Feature","properties":{"name":null,"kind":"water"},"geometry":{"type":"Polygon","coordinates":[[[-0.347381,51.63096],[-0.347211,51.631167],[-0.347644,51.630981],[-0.347381,51.63096]]]}},{"type":"Feature","properties":{"name":null,"kind":"water"},"geometry":{"type":"Polygon","coordinates":[[[-0.25827,51.482968],[-0.258669,51.482925],[-0.257838,51.482727],[-0.25827,51.482968]]]}},{"type":"Feature","properties":{"name":"Spring Brook","kind":"water"},"geometry":{"type":"LineString","coordinates":[[0.004096,51.422797],[0.003293,51.423038]]}},{"type":"Feature","properties":{"name":"Spring Brook","kind":"water"},"geometry":{"type":"LineString","coordinates":[[0.004191,51.422775],[0.004096,51.422797]]}},{"type":"Feature","properties":{"name":"Spring Brook","kind":"water"},"geometry":{"type":"LineString","coordinates":[[0.007557,51.422108],[0.006182,51.422237]]}},{"type":"Feature","properties":{"name":"Spring Brook","kind":"water"},"geometry":{"type":"LineString","coordinates":[[0.006182,51.422237],[0.006072,51.42228]]}},{"type":"Feature","properties":{"name":null,"kind":"water"},"geometry":{"type":"Polygon","coordinates":[[[-0.019776,51.561335],[-0.01979,51.561013],[-0.019926,51.561295],[-0.019776,51.561335]]]}},{"type":"Feature","properties":{"name":"Knightscote Pond","kind":"water"},"geometry":{"type":"Polygon","coordinates":[[[-0.472116,51.597895],[-0.471497,51.598601],[-0.472465,51.598374],[-0.472116,51.597895]]]}},{"type":"Feature","properties":{"name":null,"kind":"water"},"geometry":{"type":"Polygon","coordinates":[[[-0.472428,51.599346],[-0.472761,51.599141],[-0.472738,51.599602],[-0.472428,51.599346]]]}},{"type":"Feature","properties":{"name":"Kiln Pond","kind":"water"},"geometry":{"type":"Polygon","coordinates":[[[-0.465846,51.599952],[-0.466326,51.600594],[-0.46559,51.600604],[-0.465846,51.599952]]]}},{"type":"Feature","properties":{"name":null,"kind":"water"},"geometry":{"type":"Polygon","coordinates":[[[-0.455913,51.601351],[-0.455605,51.601431],[-0.456208,51.601459],[-0.455913,51.601351]]]}},{"type":"Feature","properties":{"name":null,"kind":"water"},"geometry":{"type":"Polygon","coordinates":[[[-0.471645,51.599666],[-0.471575,51.599746],[-0.471765,51.599755],[-0.471645,51.599666]]]}},{"type":"Feature","properties":{"name":null,"kind":"water"},"geometry":{"type":"Polygon","coordinates":[[[-0.473702,51.59836],[-0.473581,51.598436],[-0.473814,51.598531],[-0.473702,51.59836]]]}},{"type":"Feature","properties":{"name":null,"kind":"water"},"geometry":{"type":"Polygon","coordinates":[[[0.104216,51.569188],[0.104346,51.56903],[0.104017,51.568911],[0.104216,51.569188]]]}},{"type":"Feature","properties":{"name":"Seven Kings Water","kind":"water"},"geometry":{"type":"LineString","coordinates":[[0.104085,51.568658],[0.103957,51.565837],[0.103046,51.564657],[0.09961,51.56406],[0.09932,51.562632],[0.098165,51.562216],[0.098859,51.561288],[0.098498,51.560951],[0.092363,51.55954],[0.09231,51.558231]]}},{"type":"Feature","properties":{"name":null,"kind":"water"},"geometry":{"type":"Polygon","coordinates":[[[0.114474,51.605893],[0.115128,51.606687],[0.116083,51.607237],[0.114474,51.605893]]]}},{"type":"Feature","properties":{"name":null,"kind":"water"},"geometry":{"type":"Polygon","coordinates":[[[0.117054,51.607844],[0.116804,51.607852],[0.116661,51.607671],[0.117054,51.607844]]]}},{"type":"Feature","properties":{"name":"Loxford Water","kind":"water"},"geometry":{"type":"LineString","coordinates":[[0.093749,51.555325],[0.093723,51.553424],[0.09249,51.550818]]}},{"type":"Feature","properties":{"name":"Mayes Brook","kind":"water"},"geometry":{"type":"LineString","coordinates":[[0.105644,51.538562],[0.105577,51.538447]]}},{"type":"Feature","properties":{"name":"Loxford Water","kind":"water"},"geometry":{"type":"LineString","coordinates":[[0.09249,51.550818],[0.09253,51.550648]]}},{"type":"Feature","properties":{"name":null,"kind":"water"},"geometry":{"type":"Polygon","coordinates":[[[-0.292432,51.347046],[-0.292398,51.347238],[-0.292509,51.347229],[-0.292432,51.347046]]]}},{"type":"Feature","properties":{"name":null,"kind":"water"},"geometry":{"type":"Polygon","coordinates":[[[-0.484704,51.588383],[-0.484515,51.588166],[-0.484469,51.588181],[-0.484704,51.588383]]]}},{"type":"Feature","properties":{"name":null,"kind":"water"},"geometry":{"type":"Polygon","coordinates":[[[-0.479241,51.582117],[-0.479066,51.58219],[-0.47917,51.582344],[-0.479241,51.582117]]]}},{"type":"Feature","properties":{"name":null,"kind":"water"},"geometry":{"type":"LineString","coordinates":[[-0.496352,51.617895],[-0.498014,51.618051]]}},{"type":"Feature","properties":{"name":null,"kind":"water"},"geometry":{"type":"Polygon","coordinates":[[[-0.444361,51.497423],[-0.444037,51.497362],[-0.444596,51.497634],[-0.444361,51.497423]]]}},{"type":"Feature","properties":{"name":null,"kind":"water"},"geometry":{"type":"Polygon","coordinates":[[[-0.118607,51.623489],[-0.11825,51.623572],[-0.118685,51.623349],[-0.118607,51.623489]]]}},{"type":"Feature","properties":{"name":"Salmons Brook","kind":"water"},"geometry":{"type":"LineString","coordinates":[[-0.042164,51.612501],[-0.042297,51.611912]]}},{"type":"Feature","properties":{"name":"Salmons Brook","kind":"water"},"geometry":{"type":"LineString","coordinates":[[-0.042297,51.611912],[-0.042358,51.611833]]}},{"type":"Feature","properties":{"name":"Enfield Dry Dock","kind":"water"},"geometry":{"type":"Polygon","coordinates":[[[-0.018653,51.665511],[-0.018636,51.665574],[-0.01904,51.665615],[-0.019057,51.665551],[-0.018653,51.665511]]]}},{"type":"Feature","properties":{"name":null,"kind":"water"},"geometry":{"type":"Polygon","coordinates":[[[-0.201581,51.46652],[-0.201565,51.466539],[-0.201523,51.466522],[-0.201581,51.46652]]]}},{"type":"Feature","properties":{"name":null,"kind":"water"},"geometry":{"type":"Polygon","coordinates":[[[0.050346,51.56766],[0.050258,51.567312],[0.050393,51.567247],[0.050346,51.56766]]]}},{"type":"Feature","properties":{"name":null,"kind":"water"},"geometry":{"type":"Polygon","coordinates":[[[0.050327,51.567977],[0.050361,51.567747],[0.050511,51.567938],[0.050327,51.567977]]]}},{"type":"Feature","properties":{"name":null,"kind":"water"},"geometry":{"type":"Polygon","coordinates":[[[0.049663,51.568879],[0.050392,51.568119],[0.050327,51.567977],[0.049663,51.568879]]]}},{"type":"Feature","properties":{"name":null,"kind":"water"},"geometry":{"type":"Polygon","coordinates":[[[0.04896,51.569527],[0.049674,51.569419],[0.049821,51.568875],[0.04896,51.569527]]]}},{"type":"Feature","properties":{"name":null,"kind":"water"},"geometry":{"type":"Polygon","coordinates":[[[0.047515,51.569593],[0.04896,51.569527],[0.04775,51.569443],[0.047515,51.569593]]]}},{"type":"Feature","properties":{"name":null,"kind":"water"},"geometry":{"type":"Polygon","coordinates":[[[0.046265,51.570715],[0.047515,51.569593],[0.046127,51.570673],[0.046265,51.570715]]]}},{"type":"Feature","properties":{"name":null,"kind":"water"},"geometry":{"type":"Polygon","coordinates":[[[0.045313,51.571596],[0.046265,51.570715],[0.045169,51.571567],[0.045313,51.571596]]]}},{"type":"Feature","properties":{"name":null,"kind":"water"},"geometry":{"type":"Polygon","coordinates":[[[0.0444,51.572119],[0.045313,51.571596],[0.044468,51.5722],[0.0444,51.572119]]]}},{"type":"Feature","properties":{"name":null,"kind":"water"},"geometry":{"type":"Polygon","coordinates":[[[0.043488,51.572857],[0.044468,51.5722],[0.043389,51.572796],[0.043488,51.572857]]]}},{"type":"Feature","properties":{"name":null,"kind":"water"},"geometry":{"type":"Polygon","coordinates":[[[0.042646,51.57337],[0.043488,51.572857],[0.043389,51.572796],[0.042646,51.57337]]]}},{"type":"Feature","properties":{"name":null,"kind":"water"},"geometry":{"type":"Polygon","coordinates":[[[0.041864,51.573984],[0.042646,51.57337],[0.042072,51.573632],[0.041864,51.573984]]]}},{"type":"Feature","properties":{"name":null,"kind":"water"},"geometry":{"type":"Polygon","coordinates":[[[0.041121,51.57435],[0.04181,51.574042],[0.041737,51.573929],[0.041121,51.57435]]]}},{"type":"Feature","properties":{"name":null,"kind":"water"},"geometry":{"type":"Polygon","coordinates":[[[0.040869,51.574375],[0.041121,51.57435],[0.041037,51.574244],[0.040869,51.574375]]]}},{"type":"Feature","properties":{"name":null,"kind":"water"},"geometry":{"type":"Polygon","coordinates":[[[0.040322,51.574466],[0.040869,51.574375],[0.040614,51.574314],[0.040322,51.574466]]]}},{"type":"Feature","properties":{"name":null,"kind":"water"},"geometry":{"type":"Polygon","coordinates":[[[0.039883,51.574866],[0.040266,51.574521],[0.040023,51.574544],[0.039883,51.574866]]]}},{"type":"Feature","properties":{"name":null,"kind":"water"},"geometry":{"type":"Polygon","coordinates":[[[0.040051,51.575217],[0.039883,51.574866],[0.040061,51.574847],[0.040051,51.575217]]]}},{"type":"Feature","properties":{"name":null,"kind":"water"},"geometry":{"type":"Polygon","coordinates":[[[0.040531,51.575666],[0.040274,51.575713],[0.040224,51.575156],[0.040531,51.575666]]]}},{"type":"Feature","properties":{"name":null,"kind":"water"},"geometry":{"type":"Polygon","coordinates":[[[0.040407,51.575934],[0.040274,51.575713],[0.040531,51.575666],[0.040407,51.575934]]]}},{"type":"Feature","properties":{"name":null,"kind":"water"},"geometry":{"type":"Polygon","coordinates":[[[0.040522,51.576257],[0.040594,51.575908],[0.040407,51.575934],[0.040522,51.576257]]]}},{"type":"Feature","properties":{"name":null,"kind":"water"},"geometry":{"type":"Polygon","coordinates":[[[0.050473,51.565942],[0.051175,51.566004],[0.050334,51.565903],[0.050473,51.565942]]]}},{"type":"Feature","properties":{"name":null,"kind":"water"},"geometry":{"type":"Polygon","coordinates":[[[0.050351,51.566121],[0.050284,51.565951],[0.050198,51.56611],[0.050351,51.566121]]]}},{"type":"Feature","properties":{"name":null,"kind":"water"},"geometry":{"type":"Polygon","coordinates":[[[0.050222,51.566597],[0.050388,51.56648],[0.050198,51.56611],[0.050222,51.566597]]]}},{"type":"Feature","properties":{"name":null,"kind":"water"},"geometry":{"type":"Polygon","coordinates":[[[0.050255,51.56725],[0.049994,51.566681],[0.050222,51.566597],[0.050255,51.56725]]]}},{"type":"Feature","properties":{"name":null,"kind":"water"},"geometry":{"type":"Polygon","coordinates":[[[0.053028,51.56152],[0.053667,51.560911],[0.054292,51.560766],[0.053028,51.56152]]]}},{"type":"Feature","properties":{"name":null,"kind":"water"},"geometry":{"type":"Polygon","coordinates":[[[0.05256,51.562322],[0.052552,51.561712],[0.053184,51.561588],[0.05256,51.562322]]]}},{"type":"Feature","properties":{"name":null,"kind":"water"},"geometry":{"type":"Polygon","coordinates":[[[0.052133,51.563204],[0.052486,51.562378],[0.052704,51.562388],[0.052133,51.563204]]]}},{"type":"Feature","properties":{"name":null,"kind":"water"},"geometry":{"type":"Polygon","coordinates":[[[0.052378,51.564516],[0.051635,51.563975],[0.052133,51.563204],[0.051788,51.563928],[0.052378,51.564516]]]}},{"type":"Feature","properties":{"name":null,"kind":"water"},"geometry":{"type":"Polygon","coordinates":[[[0.052262,51.56527],[0.052571,51.564543],[0.052378,51.564516],[0.052262,51.56527]]]}},{"type":"Feature","properties":{"name":null,"kind":"water"},"geometry":{"type":"Polygon","coordinates":[[[0.051175,51.566004],[0.052262,51.56527],[0.05156,51.565587],[0.051175,51.566004]]]}},{"type":"Feature","properties":{"name":null,"kind":"water"},"geometry":{"type":"Polygon","coordinates":[[[0.065763,51.556959],[0.066283,51.556638],[0.066175,51.556512],[0.065763,51.556959]]]}},{"type":"Feature","properties":{"name":null,"kind":"water"},"geometry":{"type":"Polygon","coordinates":[[[0.064243,51.55764],[0.065642,51.557183],[0.065623,51.556897],[0.064243,51.55764]]]}},{"type":"Feature","properties":{"name":null,"kind":"water"},"geometry":{"type":"Polygon","coordinates":[[[0.064096,51.557988],[0.064382,51.557691],[0.063939,51.557929],[0.064096,51.557988]]]}},{"type":"Feature","properties":{"name":null,"kind":"water"},"geometry":{"type":"Polygon","coordinates":[[[0.063205,51.558248],[0.064053,51.557994],[0.063784,51.557949],[0.063205,51.558248]]]}},{"type":"Feature","properties":{"name":null,"kind":"water"},"geometry":{"type":"Polygon","coordinates":[[[0.061892,51.558133],[0.063093,51.558259],[0.062117,51.557966],[0.061892,51.558133]]]}},{"type":"Feature","properties":{"name":null,"kind":"water"},"geometry":{"type":"Polygon","coordinates":[[[0.058555,51.560311],[0.061607,51.558206],[0.06068,51.558454],[0.058555,51.560311]]]}},{"type":"Feature","properties":{"name":null,"kind":"water"},"geometry":{"type":"Polygon","coordinates":[[[0.057375,51.560994],[0.058555,51.560311],[0.058389,51.560241],[0.057375,51.560994]]]}},{"type":"Feature","properties":{"name":null,"kind":"water"},"geometry":{"type":"Polygon","coordinates":[[[0.05601,51.560782],[0.057375,51.560994],[0.056072,51.560663],[0.05601,51.560782]]]}},{"type":"Feature","properties":{"name":null,"kind":"water"},"geometry":{"type":"Polygon","coordinates":[[[0.054242,51.560645],[0.056072,51.560663],[0.054292,51.560766],[0.054242,51.560645]]]}},{"type":"Feature","properties":{"name":null,"kind":"water"},"geometry":{"type":"Polygon","coordinates":[[[0.040522,51.576257],[0.040926,51.57685],[0.041744,51.577213],[0.040522,51.576257]]]}},{"type":"Feature","properties":{"name":null,"kind":"water"},"geometry":{"type":"Polygon","coordinates":[[[0.041573,51.581381],[0.040853,51.58274],[0.041698,51.581415],[0.041573,51.581381]]]}},{"type":"Feature","properties":{"name":null,"kind":"water"},"geometry":{"type":"Polygon","coordinates":[[[0.042552,51.580031],[0.041698,51.581415],[0.042406,51.580006],[0.042552,51.580031]]]}},{"type":"Feature","properties":{"name":null,"kind":"water"},"geometry":{"type":"Polygon","coordinates":[[[0.042646,51.579593],[0.042406,51.580006],[0.042552,51.580031],[0.042646,51.579593]]]}},{"type":"Feature","properties":{"name":null,"kind":"water"},"geometry":{"type":"Polygon","coordinates":[[[0.043405,51.578626],[0.04278,51.579623],[0.042879,51.57917],[0.043405,51.578626]]]}},{"type":"Feature","properties":{"name":null,"kind":"water"},"geometry":{"type":"Polygon","coordinates":[[[0.042443,51.577556],[0.043121,51.5782],[0.043265,51.578634],[0.042443,51.577556]]]}},{"type":"Feature","properties":{"name":null,"kind":"water"},"geometry":{"type":"Polygon","coordinates":[[[0.04185,51.577134],[0.042443,51.577556],[0.041744,51.577213],[0.04185,51.577134]]]}},{"type":"Feature","properties":{"name":null,"kind":"water"},"geometry":{"type":"Polygon","coordinates":[[[0.040749,51.583071],[0.040897,51.585608],[0.041114,51.583725],[0.040749,51.583071]]]}},{"type":"Feature","properties":{"name":null,"kind":"water"},"geometry":{"type":"Polygon","coordinates":[[[0.040986,51.58272],[0.040889,51.583081],[0.040768,51.582955],[0.040986,51.58272]]]}},{"type":"Feature","properties":{"name":null,"kind":"water"},"geometry":{"type":"Polygon","coordinates":[[[0.041508,51.58975],[0.041409,51.590519],[0.040612,51.591366],[0.041508,51.58975]]]}},{"type":"Feature","properties":{"name":null,"kind":"water"},"geometry":{"type":"Polygon","coordinates":[[[0.041058,51.586608],[0.041508,51.58975],[0.041079,51.588569],[0.041058,51.586608]]]}},{"type":"Feature","properties":{"name":null,"kind":"water"},"geometry":{"type":"Polygon","coordinates":[[[0.040897,51.585608],[0.040941,51.586612],[0.041036,51.585607],[0.040897,51.585608]]]}},{"type":"Feature","properties":{"name":null,"kind":"water"},"geometry":{"type":"Polygon","coordinates":[[[-0.087071,51.628012],[-0.086267,51.628039],[-0.08662,51.628291],[-0.087071,51.628012]]]}},{"type":"Feature","properties":{"name":null,"kind":"water"},"geometry":{"type":"Polygon","coordinates":[[[-0.084915,51.62737],[-0.085259,51.62749],[-0.084893,51.627487],[-0.084915,51.62737]]]}},{"type":"Feature","properties":{"name":null,"kind":"water"},"geometry":{"type":"Polygon","coordinates":[[[-0.083149,51.627169],[-0.083085,51.627113],[-0.082862,51.627111],[-0.083149,51.627169]]]}},{"type":"Feature","properties":{"name":null,"kind":"water"},"geometry":{"type":"Polygon","coordinates":[[[-0.085913,51.627828],[-0.085647,51.6278],[-0.085847,51.62774],[-0.085913,51.627828]]]}},{"type":"Feature","properties":{"name":"Natural Pond","kind":"water"},"geometry":{"type":"Polygon","coordinates":[[[-0.006812,51.419321],[-0.007343,51.419998],[-0.007442,51.419545],[-0.006812,51.419321]]]}},{"type":"Feature","properties":{"name":null,"kind":"water"},"geometry":{"type":"Polygon","coordinates":[[[-0.431634,51.618237],[-0.431567,51.618267],[-0.43165,51.618286],[-0.431634,51.618237]]]}},{"type":"Feature","properties":{"name":null,"kind":"water"},"geometry":{"type":"Polygon","coordinates":[[[-0.431879,51.618297],[-0.431786,51.618302],[-0.431794,51.618263],[-0.431879,51.618297]]]}},{"type":"Feature","properties":{"name":null,"kind":"water"},"geometry":{"type":"Polygon","coordinates":[[[-0.167176,51.60472],[-0.167191,51.604656],[-0.167116,51.604681],[-0.167176,51.60472]]]}},{"type":"Feature","properties":{"name":null,"kind":"water"},"geometry":{"type":"Polygon","coordinates":[[[0.026104,51.443733],[0.02605,51.443773],[0.026115,51.443768],[0.026104,51.443733]]]}},{"type":"Feature","properties":{"name":null,"kind":"water"},"geometry":{"type":"Polygon","coordinates":[[[0.11718,51.429138],[0.117128,51.429034],[0.117054,51.429043],[0.11718,51.429138]]]}},{"type":"Feature","properties":{"name":null,"kind":"water"},"geometry":{"type":"Polygon","coordinates":[[[0.116997,51.42897],[0.117028,51.428968],[0.116964,51.428939],[0.116997,51.42897]]]}},{"type":"Feature","properties":{"name":null,"kind":"water"},"geometry":{"type":"Polygon","coordinates":[[[-0.500457,51.49259],[-0.498915,51.492081],[-0.497764,51.492842],[-0.498741,51.492344],[-0.500457,51.49259]]]}},{"type":"Feature","properties":{"name":null,"kind":"water"},"geometry":{"type":"Polygon","coordinates":[[[-0.493472,51.490609],[-0.493319,51.4906],[-0.493358,51.490846],[-0.493472,51.490609]]]}},{"type":"Feature","properties":{"name":null,"kind":"water"},"geometry":{"type":"Polygon","coordinates":[[[-0.493344,51.490443],[-0.493446,51.490253],[-0.493712,51.49041],[-0.493344,51.490443]]]}},{"type":"Feature","properties":{"name":null,"kind":"water"},"geometry":{"type":"Polygon","coordinates":[[[-0.493599,51.49004],[-0.494096,51.489798],[-0.493851,51.490147],[-0.493599,51.49004]]]}},{"type":"Feature","properties":{"name":null,"kind":"water"},"geometry":{"type":"Polygon","coordinates":[[[-0.488339,51.480683],[-0.489415,51.479882],[-0.48926,51.48035],[-0.488339,51.480683]]]}},{"type":"Feature","properties":{"name":null,"kind":"water"},"geometry":{"type":"Polygon","coordinates":[[[-0.483227,51.494998],[-0.483687,51.495765],[-0.483303,51.495816],[-0.483227,51.494998]]]}},{"type":"Feature","properties":{"name":null,"kind":"water"},"geometry":{"type":"Polygon","coordinates":[[[-0.23449,51.478981],[-0.234605,51.47916],[-0.235062,51.479002],[-0.23449,51.478981]]]}},{"type":"Feature","properties":{"name":null,"kind":"water"},"geometry":{"type":"Polygon","coordinates":[[[-0.234753,51.479565],[-0.234654,51.479341],[-0.234449,51.479509],[-0.234753,51.479565]]]}},{"type":"Feature","properties":{"name":null,"kind":"water"},"geometry":{"type":"Polygon","coordinates":[[[-0.235245,51.479548],[-0.235864,51.479373],[-0.23558,51.479187],[-0.235245,51.479548]]]}},{"type":"Feature","properties":{"name":null,"kind":"water"},"geometry":{"type":"Polygon","coordinates":[[[-0.235681,51.477458],[-0.235909,51.477786],[-0.236252,51.477323],[-0.235681,51.477458]]]}},{"type":"Feature","properties":{"name":null,"kind":"water"},"geometry":{"type":"Polygon","coordinates":[[[-0.415687,51.460976],[-0.415727,51.460785],[-0.415517,51.46081],[-0.415687,51.460976]]]}},{"type":"Feature","properties":{"name":null,"kind":"water"},"geometry":{"type":"Polygon","coordinates":[[[0.032994,51.490726],[0.032293,51.490175],[0.03325,51.490174],[0.032994,51.490726]]]}},{"type":"Feature","properties":{"name":null,"kind":"water"},"geometry":{"type":"Polygon","coordinates":[[[-0.46337,51.571121],[-0.463125,51.571278],[-0.46369,51.571244],[-0.46337,51.571121]]]}},{"type":"Feature","properties":{"name":null,"kind":"water"},"geometry":{"type":"Polygon","coordinates":[[[-0.463324,51.5717],[-0.463064,51.572249],[-0.463358,51.572219],[-0.463324,51.5717]]]}},{"type":"Feature","properties":{"name":null,"kind":"water"},"geometry":{"type":"Polygon","coordinates":[[[-0.462719,51.572118],[-0.462124,51.572415],[-0.462788,51.572537],[-0.462719,51.572118]]]}},{"type":"Feature","properties":{"name":null,"kind":"water"},"geometry":{"type":"Polygon","coordinates":[[[-0.46297,51.57237],[-0.462935,51.572473],[-0.463006,51.57249],[-0.46297,51.57237]]]}},{"type":"Feature","properties":{"name":null,"kind":"water"},"geometry":{"type":"Polygon","coordinates":[[[-0.476932,51.517526],[-0.476775,51.517525],[-0.476185,51.517846],[-0.476932,51.517526]]]}},{"type":"Feature","properties":{"name":null,"kind":"water"},"geometry":{"type":"Polygon","coordinates":[[[0.287145,51.54149],[0.287079,51.541465],[0.287061,51.541539],[0.287145,51.54149]]]}},{"type":"Feature","properties":{"name":null,"kind":"water"},"geometry":{"type":"Polygon","coordinates":[[[0.249443,51.58277],[0.249528,51.582827],[0.249411,51.582871],[0.249443,51.58277]]]}},{"type":"Feature","properties":{"name":null,"kind":"water"},"geometry":{"type":"Polygon","coordinates":[[[0.056684,51.420196],[0.056769,51.420176],[0.0567,51.420098],[0.056684,51.420196]]]}},{"type":"Feature","properties":{"name":null,"kind":"water"},"geometry":{"type":"Polygon","coordinates":[[[-0.235878,51.478057],[-0.235956,51.477963],[-0.235738,51.477869],[-0.235878,51.478057]]]}},{"type":"Feature","properties":{"name":null,"kind":"water"},"geometry":{"type":"Polygon","coordinates":[[[-0.17439,51.435629],[-0.173936,51.435617],[-0.173963,51.435366],[-0.17439,51.435629]]]}},{"type":"Feature","properties":{"name":null,"kind":"water"},"geometry":{"type":"Polygon","coordinates":[[[-0.234305,51.479958],[-0.23466,51.479961],[-0.234572,51.479754],[-0.234305,51.479958]]]}},{"type":"Feature","properties":{"name":null,"kind":"water"},"geometry":{"type":"Polygon","coordinates":[[[-0.234087,51.47881],[-0.234244,51.478837],[-0.233961,51.478697],[-0.234087,51.47881]]]}},{"type":"Feature","properties":{"name":null,"kind":"water"},"geometry":{"type":"Polygon","coordinates":[[[-0.233427,51.478617],[-0.2336,51.478664],[-0.233421,51.478582],[-0.233427,51.478617]]]}},{"type":"Feature","properties":{"name":null,"kind":"water"},"geometry":{"type":"Polygon","coordinates":[[[0.025812,51.438548],[0.025808,51.438537],[0.025788,51.438545],[0.025812,51.438548]]]}},{"type":"Feature","properties":{"name":null,"kind":"water"},"geometry":{"type":"Polygon","coordinates":[[[-0.085075,51.600214],[-0.085047,51.600212],[-0.085063,51.600198],[-0.085075,51.600214]]]}},{"type":"Feature","properties":{"name":null,"kind":"water"},"geometry":{"type":"Polygon","coordinates":[[[-0.320542,51.348953],[-0.32097,51.348857],[-0.320876,51.348767],[-0.320542,51.348953]]]}},{"type":"Feature","properties":{"name":null,"kind":"water"},"geometry":{"type":"Polygon","coordinates":[[[-0.400866,51.541984],[-0.40145,51.541541],[-0.401633,51.541926],[-0.400802,51.542135],[-0.401772,51.542344],[-0.401614,51.541644],[-0.400672,51.541526],[-0.400866,51.541984]]]}},{"type":"Feature","properties":{"name":"Pale Well","kind":"water"},"geometry":{"type":"Polygon","coordinates":[[[-0.26114,51.460265],[-0.261322,51.460335],[-0.261346,51.460228],[-0.26114,51.460265]]]}},{"type":"Feature","properties":{"name":null,"kind":"water"},"geometry":{"type":"Polygon","coordinates":[[[-0.24541,51.456608],[-0.245592,51.456692],[-0.245483,51.456537],[-0.24541,51.456608]]]}},{"type":"Feature","properties":{"name":null,"kind":"water"},"geometry":{"type":"Polygon","coordinates":[[[-0.246714,51.45643],[-0.246702,51.45609],[-0.246441,51.456083],[-0.246714,51.45643]]]}},{"type":"Feature","properties":{"name":null,"kind":"water"},"geometry":{"type":"Polygon","coordinates":[[[-0.255132,51.455474],[-0.255188,51.45538],[-0.255381,51.455425],[-0.255324,51.455519],[-0.255132,51.455474]]]}},{"type":"Feature","properties":{"name":null,"kind":"water"},"geometry":{"type":"Polygon","coordinates":[[[-0.449223,51.573449],[-0.448683,51.573323],[-0.44929,51.573337],[-0.449223,51.573449]]]}},{"type":"Feature","properties":{"name":null,"kind":"water"},"geometry":{"type":"Polygon","coordinates":[[[-0.445757,51.573264],[-0.445316,51.573344],[-0.445833,51.573414],[-0.445757,51.573264]]]}},{"type":"Feature","properties":{"name":null,"kind":"water"},"geometry":{"type":"Polygon","coordinates":[[[-0.410749,51.49809],[-0.410913,51.497419],[-0.410782,51.497426],[-0.410749,51.49809]]]}},{"type":"Feature","properties":{"name":null,"kind":"water"},"geometry":{"type":"Polygon","coordinates":[[[-0.030394,51.523628],[-0.030359,51.523548],[-0.030253,51.523603],[-0.030394,51.523628]]]}},{"type":"Feature","properties":{"name":null,"kind":"water"},"geometry":{"type":"Polygon","coordinates":[[[-0.120025,51.595606],[-0.120028,51.595308],[-0.119612,51.595439],[-0.120025,51.595606]]]}},{"type":"Feature","properties":{"name":null,"kind":"water"},"geometry":{"type":"Polygon","coordinates":[[[0.136072,51.415251],[0.13674,51.415179],[0.136676,51.414945],[0.136007,51.415017],[0.136072,51.415251]]]}},{"type":"Feature","properties":{"name":"North Pond","kind":"water"},"geometry":{"type":"Polygon","coordinates":[[[-0.276568,51.559336],[-0.275989,51.559066],[-0.276287,51.558901],[-0.276568,51.559336]]]}},{"type":"Feature","properties":{"name":null,"kind":"water"},"geometry":{"type":"Polygon","coordinates":[[[0.147882,51.480825],[0.147853,51.48082],[0.147892,51.480847],[0.147882,51.480825]]]}},{"type":"Feature","properties":{"name":null,"kind":"water"},"geometry":{"type":"Polygon","coordinates":[[[-0.053305,51.408061],[-0.053354,51.408086],[-0.053392,51.408043],[-0.053305,51.408061]]]}},{"type":"Feature","properties":{"name":null,"kind":"water"},"geometry":{"type":"Polygon","coordinates":[[[-0.117202,51.421174],[-0.117186,51.421174],[-0.11719,51.42118],[-0.117202,51.421174]]]}},{"type":"Feature","properties":{"name":null,"kind":"water"},"geometry":{"type":"Polygon","coordinates":[[[0.156985,51.434346],[0.157535,51.434059],[0.157331,51.43387],[0.156985,51.434346]]]}},{"type":"Feature","properties":{"name":null,"kind":"water"},"geometry":{"type":"Polygon","coordinates":[[[-0.389716,51.424031],[-0.390107,51.42386],[-0.389641,51.424031],[-0.389716,51.424031]]]}},{"type":"Feature","properties":{"name":null,"kind":"water"},"geometry":{"type":"Polygon","coordinates":[[[-0.389194,51.4245],[-0.389298,51.424427],[-0.389127,51.424449],[-0.389194,51.4245]]]}},{"type":"Feature","properties":{"name":null,"kind":"water"},"geometry":{"type":"Polygon","coordinates":[[[-0.389117,51.424243],[-0.389235,51.424168],[-0.389109,51.424132],[-0.389117,51.424243]]]}},{"type":"Feature","properties":{"name":null,"kind":"water"},"geometry":{"type":"Polygon","coordinates":[[[0.138784,51.417122],[0.139346,51.417167],[0.139274,51.416951],[0.138784,51.417122]]]}},{"type":"Feature","properties":{"name":null,"kind":"water"},"geometry":{"type":"Polygon","coordinates":[[[0.031751,51.45686],[0.031599,51.456895],[0.031654,51.456544],[0.031751,51.45686]]]}},{"type":"Feature","properties":{"name":null,"kind":"water"},"geometry":{"type":"Polygon","coordinates":[[[0.029454,51.456126],[0.03051,51.456554],[0.030125,51.456595],[0.029454,51.456126]]]}},{"type":"Feature","properties":{"name":null,"kind":"water"},"geometry":{"type":"Polygon","coordinates":[[[0.032298,51.455512],[0.032343,51.455391],[0.032319,51.455514],[0.032298,51.455512]]]}},{"type":"Feature","properties":{"name":null,"kind":"water"},"geometry":{"type":"Polygon","coordinates":[[[-0.279883,51.56223],[-0.279883,51.562174],[-0.280772,51.562108],[-0.279883,51.56223]]]}},{"type":"Feature","properties":{"name":"New River","kind":"water"},"geometry":{"type":"LineString","coordinates":[[-0.05495,51.683272],[-0.054871,51.683211]]}},{"type":"Feature","properties":{"name":"New River","kind":"water"},"geometry":{"type":"LineString","coordinates":[[-0.054037,51.682587],[-0.05394,51.682513]]}},{"type":"Feature","properties":{"name":"New River","kind":"water"},"geometry":{"type":"LineString","coordinates":[[-0.05394,51.682513],[-0.052909,51.682042],[-0.052229,51.680637],[-0.05384,51.679367]]}},{"type":"Feature","properties":{"name":"New River","kind":"water"},"geometry":{"type":"LineString","coordinates":[[-0.05384,51.679367],[-0.053967,51.679165]]}},{"type":"Feature","properties":{"name":null,"kind":"water"},"geometry":{"type":"Polygon","coordinates":[[[-0.304509,51.395477],[-0.304497,51.395352],[-0.304619,51.3954],[-0.304509,51.395477]]]}},{"type":"Feature","properties":{"name":null,"kind":"water"},"geometry":{"type":"Polygon","coordinates":[[[-0.369703,51.508598],[-0.369512,51.508719],[-0.369134,51.508685],[-0.369703,51.508598]]]}},{"type":"Feature","properties":{"name":null,"kind":"water"},"geometry":{"type":"Polygon","coordinates":[[[0.028865,51.412315],[0.02888,51.412118],[0.02873,51.412175],[0.028865,51.412315]]]}},{"type":"Feature","properties":{"name":null,"kind":"water"},"geometry":{"type":"Polygon","coordinates":[[[-0.335877,51.461929],[-0.335881,51.461718],[-0.334856,51.461725],[-0.335877,51.461929]]]}},{"type":"Feature","properties":{"name":null,"kind":"water"},"geometry":{"type":"Polygon","coordinates":[[[-0.335872,51.462141],[-0.334856,51.461934],[-0.334846,51.462149],[-0.335872,51.462141]]]}},{"type":"Feature","properties":{"name":null,"kind":"water"},"geometry":{"type":"Polygon","coordinates":[[[-0.33588,51.46237],[-0.335884,51.462159],[-0.334859,51.462167],[-0.33588,51.46237]]]}},{"type":"Feature","properties":{"name":null,"kind":"water"},"geometry":{"type":"Polygon","coordinates":[[[-0.335889,51.462577],[-0.334859,51.462375],[-0.334847,51.462582],[-0.335889,51.462577]]]}},{"type":"Feature","properties":{"name":null,"kind":"water"},"geometry":{"type":"Polygon","coordinates":[[[-0.335879,51.462807],[-0.335883,51.462596],[-0.334858,51.462604],[-0.335879,51.462807]]]}},{"type":"Feature","properties":{"name":null,"kind":"water"},"geometry":{"type":"Polygon","coordinates":[[[-0.335886,51.463006],[-0.335879,51.462807],[-0.334858,51.462812],[-0.33486,51.463011],[-0.335886,51.463006]]]}},{"type":"Feature","properties":{"name":null,"kind":"water"},"geometry":{"type":"Polygon","coordinates":[[[-0.335905,51.463231],[-0.334866,51.463043],[-0.334862,51.46324],[-0.335905,51.463231]]]}},{"type":"Feature","properties":{"name":null,"kind":"water"},"geometry":{"type":"Polygon","coordinates":[[[-0.335898,51.463445],[-0.335905,51.463231],[-0.334862,51.46324],[-0.335898,51.463445]]]}},{"type":"Feature","properties":{"name":null,"kind":"water"},"geometry":{"type":"Polygon","coordinates":[[[-0.335907,51.463687],[-0.334886,51.463488],[-0.334885,51.463699],[-0.335907,51.463687]]]}},{"type":"Feature","properties":{"name":null,"kind":"water"},"geometry":{"type":"Polygon","coordinates":[[[-0.335911,51.463903],[-0.335907,51.463687],[-0.334885,51.463699],[-0.335911,51.463903]]]}},{"type":"Feature","properties":{"name":null,"kind":"water"},"geometry":{"type":"Polygon","coordinates":[[[-0.335908,51.464127],[-0.335907,51.463916],[-0.334883,51.463923],[-0.335908,51.464127]]]}},{"type":"Feature","properties":{"name":null,"kind":"water"},"geometry":{"type":"Polygon","coordinates":[[[-0.335916,51.46434],[-0.335908,51.464127],[-0.334883,51.464132],[-0.334895,51.464345],[-0.335916,51.46434]]]}},{"type":"Feature","properties":{"name":null,"kind":"water"},"geometry":{"type":"Polygon","coordinates":[[[-0.335915,51.464562],[-0.335919,51.464351],[-0.334894,51.464358],[-0.335915,51.464562]]]}},{"type":"Feature","properties":{"name":null,"kind":"water"},"geometry":{"type":"Polygon","coordinates":[[[-0.335919,51.465209],[-0.335915,51.464995],[-0.334911,51.465006],[-0.335919,51.465209]]]}},{"type":"Feature","properties":{"name":null,"kind":"water"},"geometry":{"type":"Polygon","coordinates":[[[-0.335915,51.464995],[-0.335911,51.46479],[-0.334902,51.464799],[-0.334911,51.465006],[-0.335915,51.464995]]]}},{"type":"Feature","properties":{"name":null,"kind":"water"},"geometry":{"type":"Polygon","coordinates":[[[-0.335915,51.464772],[-0.335915,51.464562],[-0.334894,51.464567],[-0.335915,51.464772]]]}},{"type":"Feature","properties":{"name":null,"kind":"water"},"geometry":{"type":"Polygon","coordinates":[[[0.160679,51.434423],[0.160526,51.434293],[0.160725,51.434361],[0.160679,51.434423]]]}},{"type":"Feature","properties":{"name":null,"kind":"water"},"geometry":{"type":"Polygon","coordinates":[[[-0.288309,51.460725],[-0.288318,51.460341],[-0.288103,51.460685],[-0.288309,51.460725]]]}},{"type":"Feature","properties":{"name":null,"kind":"water"},"geometry":{"type":"Polygon","coordinates":[[[-0.107553,51.651872],[-0.102566,51.65466],[-0.105998,51.652642],[-0.107553,51.651872]]]}},{"type":"Feature","properties":{"name":null,"kind":"water"},"geometry":{"type":"Polygon","coordinates":[[[-0.113413,51.63992],[-0.111308,51.640008],[-0.11149,51.640127],[-0.113413,51.63992]]]}},{"type":"Feature","properties":{"name":null,"kind":"water"},"geometry":{"type":"Polygon","coordinates":[[[-0.11112,51.640033],[-0.111115,51.640004],[-0.110569,51.640042],[-0.11112,51.640033]]]}},{"type":"Feature","properties":{"name":null,"kind":"water"},"geometry":{"type":"Polygon","coordinates":[[[-0.110373,51.639967],[-0.105623,51.639608],[-0.106328,51.639964],[-0.110373,51.639967]]]}},{"type":"Feature","properties":{"name":null,"kind":"water"},"geometry":{"type":"Polygon","coordinates":[[[-0.105001,51.653281],[-0.102452,51.651943],[-0.10278,51.652265],[-0.105001,51.653281]]]}},{"type":"Feature","properties":{"name":null,"kind":"water"},"geometry":{"type":"Polygon","coordinates":[[[-0.102423,51.651956],[-0.100966,51.650924],[-0.101437,51.649933],[-0.09936,51.648001],[-0.101494,51.64985],[-0.100867,51.650728],[-0.102423,51.651956]]]}},{"type":"Feature","properties":{"name":null,"kind":"water"},"geometry":{"type":"Polygon","coordinates":[[[-0.099129,51.647734],[-0.096853,51.645251],[-0.098898,51.647156],[-0.099129,51.647734]]]}},{"type":"Feature","properties":{"name":null,"kind":"water"},"geometry":{"type":"Polygon","coordinates":[[[-0.503146,51.595526],[-0.503423,51.595708],[-0.503002,51.595511],[-0.503146,51.595526]]]}},{"type":"Feature","properties":{"name":null,"kind":"water"},"geometry":{"type":"Polygon","coordinates":[[[-0.177947,51.567609],[-0.178181,51.567658],[-0.177825,51.567677],[-0.177947,51.567609]]]}},{"type":"Feature","properties":{"name":null,"kind":"water"},"geometry":{"type":"Polygon","coordinates":[[[-0.10551,51.63943],[-0.105442,51.639005],[-0.103306,51.639193],[-0.10551,51.63943]]]}},{"type":"Feature","properties":{"name":null,"kind":"water"},"geometry":{"type":"Polygon","coordinates":[[[-0.103084,51.639218],[-0.101936,51.639179],[-0.098928,51.639905],[-0.103084,51.639218]]]}},{"type":"Feature","properties":{"name":null,"kind":"water"},"geometry":{"type":"Polygon","coordinates":[[[-0.112755,51.63266],[-0.109956,51.635544],[-0.108477,51.636744],[-0.112755,51.63266]]]}},{"type":"Feature","properties":{"name":null,"kind":"water"},"geometry":{"type":"Polygon","coordinates":[[[-0.135643,51.621259],[-0.13226,51.618249],[-0.125636,51.61638],[-0.132301,51.618229],[-0.135643,51.621259]]]}},{"type":"Feature","properties":{"name":null,"kind":"water"},"geometry":{"type":"Polygon","coordinates":[[[-0.107545,51.651863],[-0.107564,51.651883],[-0.10793,51.651775],[-0.107545,51.651863]]]}},{"type":"Feature","properties":{"name":null,"kind":"water"},"geometry":{"type":"Polygon","coordinates":[[[-0.108334,51.651691],[-0.112683,51.650002],[-0.113705,51.65042],[-0.112665,51.650027],[-0.108334,51.651691]]]}},{"type":"Feature","properties":{"name":"Troy Arm","kind":"water"},"geometry":{"type":"LineString","coordinates":[[-0.499725,51.60621],[-0.497929,51.606396]]}},{"type":"Feature","properties":{"name":"River Colne","kind":"water"},"geometry":{"type":"LineString","coordinates":[[-0.499725,51.60621],[-0.499579,51.604893],[-0.497429,51.604131]]}},{"type":"Feature","properties":{"name":null,"kind":"water"},"geometry":{"type":"Polygon","coordinates":[[[0.015413,51.581875],[0.015433,51.581852],[0.015434,51.581872],[0.015413,51.581875]]]}},{"type":"Feature","properties":{"name":"Dragonfly Pond","kind":"water"},"geometry":{"type":"Polygon","coordinates":[[[-0.055833,51.583292],[-0.055787,51.583281],[-0.05591,51.583197],[-0.055932,51.583247],[-0.055833,51.583292]]]}},{"type":"Feature","properties":{"name":null,"kind":"water"},"geometry":{"type":"Polygon","coordinates":[[[-0.054736,51.585383],[-0.054678,51.585383],[-0.054737,51.585363],[-0.054736,51.585383]]]}},{"type":"Feature","properties":{"name":null,"kind":"water"},"geometry":{"type":"Polygon","coordinates":[[[-0.162781,51.489291],[-0.1628,51.4893],[-0.162778,51.489311],[-0.162781,51.489291]]]}},{"type":"Feature","properties":{"name":null,"kind":"water"},"geometry":{"type":"Polygon","coordinates":[[[0.023421,51.548075],[0.023449,51.548078],[0.023455,51.54806],[0.023427,51.548057],[0.023421,51.548075]]]}},{"type":"Feature","properties":{"name":"Adelaide Reserve Pond","kind":"water"},"geometry":{"type":"Polygon","coordinates":[[[-0.1611,51.543356],[-0.161051,51.543359],[-0.161032,51.543324],[-0.1611,51.543356]]]}},{"type":"Feature","properties":{"name":null,"kind":"water"},"geometry":{"type":"Polygon","coordinates":[[[-0.07461,51.511473],[-0.074609,51.511505],[-0.074549,51.511487],[-0.07461,51.511473]]]}},{"type":"Feature","properties":{"name":null,"kind":"water"},"geometry":{"type":"Polygon","coordinates":[[[-0.07455,51.511485],[-0.074518,51.511462],[-0.07459,51.511459],[-0.07455,51.511485]]]}},{"type":"Feature","properties":{"name":null,"kind":"water"},"geometry":{"type":"Polygon","coordinates":[[[0.051905,51.382347],[0.051923,51.382244],[0.052032,51.382277],[0.051905,51.382347]]]}},{"type":"Feature","properties":{"name":null,"kind":"water"},"geometry":{"type":"Polygon","coordinates":[[[0.15103,51.578379],[0.151055,51.578153],[0.152599,51.57801],[0.15103,51.578379]]]}},{"type":"Feature","properties":{"name":null,"kind":"water"},"geometry":{"type":"Polygon","coordinates":[[[0.149728,51.577685],[0.150763,51.577582],[0.150655,51.57783],[0.149728,51.577685]]]}},{"type":"Feature","properties":{"name":null,"kind":"water"},"geometry":{"type":"Polygon","coordinates":[[[-0.46225,51.448546],[-0.462728,51.448602],[-0.462642,51.447131],[-0.461682,51.446851],[-0.46225,51.448546]]]}},{"type":"Feature","properties":{"name":null,"kind":"water"},"geometry":{"type":"Polygon","coordinates":[[[-0.190137,51.5752],[-0.189979,51.575315],[-0.189955,51.575213],[-0.190137,51.5752]]]}},{"type":"Feature","properties":{"name":null,"kind":"water"},"geometry":{"type":"Polygon","coordinates":[[[-0.175715,51.326662],[-0.175891,51.326367],[-0.175478,51.326996],[-0.175715,51.326662]]]}},{"type":"Feature","properties":{"name":null,"kind":"water"},"geometry":{"type":"Polygon","coordinates":[[[0.076287,51.351771],[0.076197,51.351758],[0.076215,51.351823],[0.076287,51.351771]]]}},{"type":"Feature","properties":{"name":null,"kind":"water"},"geometry":{"type":"Polygon","coordinates":[[[-0.052064,51.669614],[-0.052048,51.669666],[-0.051972,51.669619],[-0.052064,51.669614]]]}},{"type":"Feature","properties":{"name":null,"kind":"water"},"geometry":{"type":"Polygon","coordinates":[[[0.00368,51.60873],[0.00362,51.608693],[0.003722,51.608689],[0.00368,51.60873]]]}},{"type":"Feature","properties":{"name":null,"kind":"water"},"geometry":{"type":"Polygon","coordinates":[[[-0.156842,51.527088],[-0.156834,51.527137],[-0.156758,51.527098],[-0.156842,51.527088]]]}},{"type":"Feature","properties":{"name":"Three Mills Wall River","kind":"water"},"geometry":{"type":"LineString","coordinates":[[-0.00717,51.528692],[-0.00734,51.528222]]}},{"type":"Feature","properties":{"name":"Three Mills Wall River","kind":"water"},"geometry":{"type":"LineString","coordinates":[[-0.007101,51.528955],[-0.007121,51.52884]]}},{"type":"Feature","properties":{"name":"Three Mills Wall River","kind":"water"},"geometry":{"type":"LineString","coordinates":[[-0.007121,51.52884],[-0.00717,51.528692]]}},{"type":"Feature","properties":{"name":null,"kind":"water"},"geometry":{"type":"Polygon","coordinates":[[[0.067584,51.368291],[0.067781,51.368156],[0.067757,51.368232],[0.067584,51.368291]]]}},{"type":"Feature","properties":{"name":"New River","kind":"water"},"geometry":{"type":"LineString","coordinates":[[-0.117885,51.597157],[-0.117957,51.597019]]}},{"type":"Feature","properties":{"name":"New River","kind":"water"},"geometry":{"type":"LineString","coordinates":[[-0.117957,51.597019],[-0.118028,51.596885]]}},{"type":"Feature","properties":{"name":null,"kind":"water"},"geometry":{"type":"Polygon","coordinates":[[[-0.109445,51.696212],[-0.109026,51.696184],[-0.109008,51.696036],[-0.109445,51.696212]]]}},{"type":"Feature","properties":{"name":"River Lea","kind":"water"},"geometry":{"type":"LineString","coordinates":[[-0.053746,51.589765],[-0.052129,51.587668],[-0.054901,51.585751],[-0.056086,51.584084]]}},{"type":"Feature","properties":{"name":"Carshalton Ponds","kind":"water"},"geometry":{"type":"Polygon","coordinates":[[[-0.164977,51.365468],[-0.163813,51.36559],[-0.163636,51.365269],[-0.164977,51.365468]]]}},{"type":"Feature","properties":{"name":null,"kind":"water"},"geometry":{"type":"Polygon","coordinates":[[[0.068483,51.367592],[0.068751,51.367442],[0.068534,51.367367],[0.068483,51.367592]]]}},{"type":"Feature","properties":{"name":null,"kind":"water"},"geometry":{"type":"Polygon","coordinates":[[[0.065025,51.363093],[0.06483,51.362772],[0.065228,51.36245],[0.065025,51.363093]]]}},{"type":"Feature","properties":{"name":"River Crane","kind":"water"},"geometry":{"type":"LineString","coordinates":[[-0.410647,51.498167],[-0.410652,51.495994],[-0.411782,51.492913]]}},{"type":"Feature","properties":{"name":"River Crane","kind":"water"},"geometry":{"type":"LineString","coordinates":[[-0.411782,51.492913],[-0.411954,51.491963]]}},{"type":"Feature","properties":{"name":null,"kind":"water"},"geometry":{"type":"Polygon","coordinates":[[[-0.274376,51.472179],[-0.274386,51.472204],[-0.274422,51.472179],[-0.274376,51.472179]]]}},{"type":"Feature","properties":{"name":null,"kind":"water"},"geometry":{"type":"Polygon","coordinates":[[[-0.273271,51.471911],[-0.273287,51.471936],[-0.27334,51.471919],[-0.273271,51.471911]]]}},{"type":"Feature","properties":{"name":null,"kind":"water"},"geometry":{"type":"Polygon","coordinates":[[[-0.275234,51.370643],[-0.275859,51.370393],[-0.275583,51.370447],[-0.275234,51.370643]]]}},{"type":"Feature","properties":{"name":null,"kind":"water"},"geometry":{"type":"Polygon","coordinates":[[[-0.274459,51.371423],[-0.274664,51.370859],[-0.274891,51.371029],[-0.274459,51.371423]]]}},{"type":"Feature","properties":{"name":"Tolworth Court Farm Wetlands","kind":"water"},"geometry":{"type":"Polygon","coordinates":[[[-0.274065,51.372072],[-0.274366,51.371272],[-0.273797,51.372144],[-0.274065,51.372072]]]}},{"type":"Feature","properties":{"name":null,"kind":"water"},"geometry":{"type":"Polygon","coordinates":[[[-0.454417,51.574309],[-0.453296,51.57442],[-0.453844,51.574179],[-0.454417,51.574309]]]}},{"type":"Feature","properties":{"name":null,"kind":"water"},"geometry":{"type":"Polygon","coordinates":[[[-0.319066,51.348585],[-0.319352,51.348374],[-0.318872,51.34856],[-0.319066,51.348585]]]}},{"type":"Feature","properties":{"name":null,"kind":"water"},"geometry":{"type":"Polygon","coordinates":[[[-0.306287,51.635285],[-0.305988,51.635227],[-0.306158,51.635162],[-0.306287,51.635285]]]}},{"type":"Feature","properties":{"name":null,"kind":"water"},"geometry":{"type":"Polygon","coordinates":[[[-0.31001,51.63415],[-0.310106,51.633812],[-0.309472,51.634009],[-0.31001,51.63415]]]}},{"type":"Feature","properties":{"name":null,"kind":"water"},"geometry":{"type":"Polygon","coordinates":[[[-0.096108,51.519385],[-0.096106,51.519379],[-0.096119,51.519381],[-0.096108,51.519385]]]}},{"type":"Feature","properties":{"name":null,"kind":"water"},"geometry":{"type":"Polygon","coordinates":[[[-0.23058,51.476852],[-0.230716,51.476824],[-0.23067,51.476765],[-0.23058,51.476852]]]}},{"type":"Feature","properties":{"name":null,"kind":"water"},"geometry":{"type":"Polygon","coordinates":[[[0.136964,51.509697],[0.137059,51.509701],[0.137028,51.509642],[0.136964,51.509697]]]}},{"type":"Feature","properties":{"name":null,"kind":"water"},"geometry":{"type":"LineString","coordinates":[[0.126714,51.501969],[0.12632,51.502173]]}},{"type":"Feature","properties":{"name":null,"kind":"water"},"geometry":{"type":"LineString","coordinates":[[0.12632,51.502173],[0.125535,51.503142]]}},{"type":"Feature","properties":{"name":null,"kind":"water"},"geometry":{"type":"LineString","coordinates":[[0.125506,51.503178],[0.125502,51.503182]]}},{"type":"Feature","properties":{"name":null,"kind":"water"},"geometry":{"type":"LineString","coordinates":[[0.125535,51.503142],[0.125506,51.503178]]}},{"type":"Feature","properties":{"name":null,"kind":"water"},"geometry":{"type":"Polygon","coordinates":[[[-0.241522,51.453429],[-0.241564,51.453259],[-0.241563,51.453347],[-0.241522,51.453429]]]}},{"type":"Feature","properties":{"name":null,"kind":"water"},"geometry":{"type":"Polygon","coordinates":[[[-0.317012,51.348812],[-0.316953,51.348695],[-0.316806,51.348855],[-0.317012,51.348812]]]}},{"type":"Feature","properties":{"name":"West India Docks Entrance Path","kind":"water"},"geometry":{"type":"LineString","coordinates":[[-0.005049,51.50112],[-0.009576,51.501296]]}},{"type":"Feature","properties":{"name":"West India Docks Entrace Lock","kind":"water"},"geometry":{"type":"LineString","coordinates":[[-0.009576,51.501296],[-0.011572,51.501419]]}},{"type":"Feature","properties":{"name":null,"kind":"water"},"geometry":{"type":"LineString","coordinates":[[-0.015884,51.501641],[-0.014868,51.505699]]}},{"type":"Feature","properties":{"name":"South Dock","kind":"water"},"geometry":{"type":"LineString","coordinates":[[-0.033728,51.494044],[-0.037415,51.493598],[-0.037153,51.493085]]}},{"type":"Feature","properties":{"name":"Steelyard Cut","kind":"water"},"geometry":{"type":"LineString","coordinates":[[-0.036025,51.493876],[-0.03644,51.49468]]}},{"type":"Feature","properties":{"name":"Greenland Dock","kind":"water"},"geometry":{"type":"LineString","coordinates":[[-0.03644,51.49468],[-0.043448,51.493905]]}},{"type":"Feature","properties":{"name":"East Dock","kind":"water"},"geometry":{"type":"LineString","coordinates":[[-0.071876,51.506869],[-0.069318,51.507608]]}},{"type":"Feature","properties":{"name":"West Dock","kind":"water"},"geometry":{"type":"LineString","coordinates":[[-0.071965,51.506712],[-0.073185,51.507466],[-0.073045,51.508062]]}},{"type":"Feature","properties":{"name":"Central Basin","kind":"water"},"geometry":{"type":"LineString","coordinates":[[-0.072058,51.506548],[-0.071876,51.506869]]}},{"type":"Feature","properties":{"name":"Chelsea Harbour Lock","kind":"water"},"geometry":{"type":"LineString","coordinates":[[-0.180347,51.474766],[-0.180614,51.474939]]}},{"type":"Feature","properties":{"name":"Chelsea Harbour Pathway","kind":"water"},"geometry":{"type":"LineString","coordinates":[[-0.178776,51.474026],[-0.180347,51.474766]]}},{"type":"Feature","properties":{"name":"Chelsea Harbour Marina","kind":"water"},"geometry":{"type":"LineString","coordinates":[[-0.180614,51.474939],[-0.181237,51.475564]]}},{"type":"Feature","properties":{"name":"Chiswick Quay Lock","kind":"water"},"geometry":{"type":"LineString","coordinates":[[-0.271298,51.475373],[-0.271155,51.475463]]}},{"type":"Feature","properties":{"name":"Chiswick Quay Marina","kind":"water"},"geometry":{"type":"LineString","coordinates":[[-0.271155,51.475463],[-0.270371,51.476582]]}},{"type":"Feature","properties":{"name":"Entrance Path to Chiswick Quay Marina","kind":"water"},"geometry":{"type":"LineString","coordinates":[[-0.272195,51.474834],[-0.271298,51.475373]]}},{"type":"Feature","properties":{"name":"Brentford Dock Lock","kind":"water"},"geometry":{"type":"LineString","coordinates":[[-0.300821,51.481934],[-0.301031,51.481907]]}},{"type":"Feature","properties":{"name":"Entrance into Brentford Dock Marina","kind":"water"},"geometry":{"type":"LineString","coordinates":[[-0.299967,51.482035],[-0.300821,51.481934]]}},{"type":"Feature","properties":{"name":"Brentford Dock Marina","kind":"water"},"geometry":{"type":"LineString","coordinates":[[-0.301031,51.481907],[-0.303244,51.481791]]}},{"type":"Feature","properties":{"name":"Limehouse Basin Lock","kind":"water"},"geometry":{"type":"LineString","coordinates":[[-0.036863,51.510001],[-0.036481,51.510183],[-0.036863,51.510001]]}},{"type":"Feature","properties":{"name":null,"kind":"water"},"geometry":{"type":"Polygon","coordinates":[[[-0.235901,51.383395],[-0.235231,51.383581],[-0.235301,51.383667],[-0.235901,51.383395]]]}},{"type":"Feature","properties":{"name":null,"kind":"water"},"geometry":{"type":"Polygon","coordinates":[[[0.026894,51.426952],[0.026976,51.426874],[0.026978,51.426951],[0.026894,51.426952]]]}},{"type":"Feature","properties":{"name":null,"kind":"water"},"geometry":{"type":"Polygon","coordinates":[[[0.026995,51.426771],[0.02688,51.426768],[0.026975,51.426844],[0.026995,51.426771]]]}},{"type":"Feature","properties":{"name":null,"kind":"water"},"geometry":{"type":"Polygon","coordinates":[[[0.027237,51.426804],[0.027117,51.426739],[0.027114,51.42682],[0.027237,51.426804]]]}},{"type":"Feature","properties":{"name":null,"kind":"water"},"geometry":{"type":"Polygon","coordinates":[[[0.026794,51.427104],[0.026763,51.427027],[0.026915,51.42707],[0.026794,51.427104]]]}},{"type":"Feature","properties":{"name":null,"kind":"water"},"geometry":{"type":"Polygon","coordinates":[[[-0.274863,51.39499],[-0.275034,51.39493],[-0.274863,51.394864],[-0.274863,51.39499]]]}},{"type":"Feature","properties":{"name":null,"kind":"water"},"geometry":{"type":"Polygon","coordinates":[[[-0.501112,51.5934],[-0.501273,51.593634],[-0.501341,51.593573],[-0.501112,51.5934]]]}},{"type":"Feature","properties":{"name":null,"kind":"water"},"geometry":{"type":"Polygon","coordinates":[[[0.231041,51.614084],[0.230543,51.614021],[0.230553,51.614124],[0.231041,51.614084]]]}},{"type":"Feature","properties":{"name":null,"kind":"water"},"geometry":{"type":"Polygon","coordinates":[[[0.230913,51.614207],[0.230591,51.614581],[0.231047,51.614627],[0.230913,51.614207]]]}},{"type":"Feature","properties":{"name":null,"kind":"water"},"geometry":{"type":"Polygon","coordinates":[[[0.233133,51.611949],[0.233359,51.611969],[0.233327,51.612085],[0.233133,51.611949]]]}},{"type":"Feature","properties":{"name":null,"kind":"water"},"geometry":{"type":"Polygon","coordinates":[[[0.235735,51.612392],[0.235537,51.612499],[0.235558,51.612349],[0.235735,51.612392]]]}},{"type":"Feature","properties":{"name":null,"kind":"water"},"geometry":{"type":"Polygon","coordinates":[[[0.235408,51.612399],[0.235279,51.612442],[0.235268,51.612272],[0.235408,51.612399]]]}},{"type":"Feature","properties":{"name":null,"kind":"water"},"geometry":{"type":"Polygon","coordinates":[[[0.236717,51.61078],[0.23595,51.611386],[0.236835,51.611576],[0.237296,51.610886],[0.236089,51.611319],[0.236717,51.61078]]]}},{"type":"Feature","properties":{"name":null,"kind":"water"},"geometry":{"type":"Polygon","coordinates":[[[0.237286,51.612555],[0.237044,51.612182],[0.237565,51.612156],[0.237286,51.612555]]]}},{"type":"Feature","properties":{"name":null,"kind":"water"},"geometry":{"type":"Polygon","coordinates":[[[0.241094,51.612862],[0.241363,51.613028],[0.241572,51.612922],[0.241094,51.612862]]]}},{"type":"Feature","properties":{"name":null,"kind":"water"},"geometry":{"type":"Polygon","coordinates":[[[0.245152,51.609009],[0.244887,51.608908],[0.245029,51.608845],[0.245152,51.609009]]]}},{"type":"Feature","properties":{"name":null,"kind":"water"},"geometry":{"type":"Polygon","coordinates":[[[0.24553,51.608794],[0.245552,51.608655],[0.245799,51.608674],[0.24553,51.608794]]]}},{"type":"Feature","properties":{"name":null,"kind":"water"},"geometry":{"type":"Polygon","coordinates":[[[0.247115,51.608574],[0.246772,51.608644],[0.246893,51.60855],[0.247115,51.608574]]]}},{"type":"Feature","properties":{"name":null,"kind":"water"},"geometry":{"type":"Polygon","coordinates":[[[0.246676,51.60868],[0.246442,51.608612],[0.246475,51.608527],[0.246676,51.60868]]]}},{"type":"Feature","properties":{"name":null,"kind":"water"},"geometry":{"type":"Polygon","coordinates":[[[0.246716,51.608517],[0.246812,51.608415],[0.246686,51.608385],[0.246716,51.608517]]]}},{"type":"Feature","properties":{"name":null,"kind":"water"},"geometry":{"type":"Polygon","coordinates":[[[0.246635,51.608514],[0.246512,51.608469],[0.246571,51.608367],[0.246635,51.608514]]]}},{"type":"Feature","properties":{"name":null,"kind":"water"},"geometry":{"type":"Polygon","coordinates":[[[0.246297,51.60853],[0.246319,51.608422],[0.246174,51.608454],[0.246297,51.60853]]]}},{"type":"Feature","properties":{"name":null,"kind":"water"},"geometry":{"type":"Polygon","coordinates":[[[0.246155,51.608509],[0.245994,51.608464],[0.246078,51.608437],[0.246155,51.608509]]]}},{"type":"Feature","properties":{"name":null,"kind":"water"},"geometry":{"type":"Polygon","coordinates":[[[0.246831,51.607956],[0.247024,51.607984],[0.247011,51.607874],[0.246831,51.607956]]]}},{"type":"Feature","properties":{"name":null,"kind":"water"},"geometry":{"type":"Polygon","coordinates":[[[-0.145767,51.456263],[-0.146022,51.456106],[-0.145868,51.456022],[-0.145767,51.456263]]]}},{"type":"Feature","properties":{"name":null,"kind":"water"},"geometry":{"type":"Polygon","coordinates":[[[-0.127131,51.498651],[-0.127088,51.498648],[-0.127094,51.498621],[-0.127137,51.498624],[-0.127131,51.498651]]]}},{"type":"Feature","properties":{"name":null,"kind":"water"},"geometry":{"type":"Polygon","coordinates":[[[-0.045006,51.529908],[-0.045011,51.529952],[-0.044859,51.529933],[-0.045006,51.529908]]]}},{"type":"Feature","properties":{"name":null,"kind":"water"},"geometry":{"type":"Polygon","coordinates":[[[-0.260649,51.60685],[-0.260678,51.606684],[-0.260496,51.606786],[-0.260649,51.60685]]]}},{"type":"Feature","properties":{"name":null,"kind":"water"},"geometry":{"type":"Polygon","coordinates":[[[-0.259056,51.607379],[-0.258986,51.607313],[-0.258924,51.607377],[-0.259056,51.607379]]]}},{"type":"Feature","properties":{"name":null,"kind":"water"},"geometry":{"type":"Polygon","coordinates":[[[-0.259469,51.607329],[-0.259206,51.607355],[-0.25919,51.60729],[-0.259469,51.607329]]]}},{"type":"Feature","properties":{"name":null,"kind":"water"},"geometry":{"type":"Polygon","coordinates":[[[-0.260008,51.607232],[-0.25971,51.607297],[-0.25982,51.60713],[-0.260008,51.607232]]]}},{"type":"Feature","properties":{"name":null,"kind":"water"},"geometry":{"type":"Polygon","coordinates":[[[-0.260493,51.60714],[-0.260515,51.607017],[-0.260201,51.6071],[-0.260493,51.60714]]]}},{"type":"Feature","properties":{"name":null,"kind":"water"},"geometry":{"type":"Polygon","coordinates":[[[-0.232973,51.383053],[-0.232426,51.382926],[-0.232812,51.382826],[-0.232973,51.383053]]]}},{"type":"Feature","properties":{"name":null,"kind":"water"},"geometry":{"type":"Polygon","coordinates":[[[-0.23121,51.383465],[-0.231152,51.38339],[-0.231189,51.383379],[-0.231245,51.383457],[-0.23121,51.383465]]]}},{"type":"Feature","properties":{"name":null,"kind":"water"},"geometry":{"type":"Polygon","coordinates":[[[0.00334,51.393663],[0.003199,51.393677],[0.003226,51.393633],[0.00334,51.393663]]]}},{"type":"Feature","properties":{"name":null,"kind":"water"},"geometry":{"type":"Polygon","coordinates":[[[0.000306,51.395738],[0.00063,51.395688],[0.000475,51.39559],[0.000306,51.395738]]]}},{"type":"Feature","properties":{"name":null,"kind":"water"},"geometry":{"type":"Polygon","coordinates":[[[-0.000277,51.395749],[-0.000201,51.395703],[-0.000334,51.395719],[-0.000277,51.395749]]]}},{"type":"Feature","properties":{"name":null,"kind":"water"},"geometry":{"type":"Polygon","coordinates":[[[-0.000029,51.395508],[-0.000056,51.395576],[-0.000184,51.395541],[-0.000029,51.395508]]]}},{"type":"Feature","properties":{"name":null,"kind":"water"},"geometry":{"type":"Polygon","coordinates":[[[0.0003,51.395377],[0.000271,51.39543],[0.000146,51.395419],[0.0003,51.395377]]]}},{"type":"Feature","properties":{"name":null,"kind":"water"},"geometry":{"type":"Polygon","coordinates":[[[0.000261,51.395315],[0.000161,51.395331],[0.000192,51.395292],[0.000261,51.395315]]]}},{"type":"Feature","properties":{"name":null,"kind":"water"},"geometry":{"type":"Polygon","coordinates":[[[-0.035765,51.509808],[-0.035681,51.510038],[-0.035972,51.509521],[-0.035765,51.509808]]]}},{"type":"Feature","properties":{"name":null,"kind":"water"},"geometry":{"type":"Polygon","coordinates":[[[-0.009231,51.522865],[-0.009137,51.522751],[-0.009359,51.522738],[-0.009231,51.522865]]]}},{"type":"Feature","properties":{"name":null,"kind":"water"},"geometry":{"type":"Polygon","coordinates":[[[0.229871,51.616195],[0.229667,51.616192],[0.229715,51.616088],[0.229871,51.616195]]]}},{"type":"Feature","properties":{"name":null,"kind":"water"},"geometry":{"type":"Polygon","coordinates":[[[-0.134771,51.574575],[-0.134778,51.574565],[-0.134752,51.574566],[-0.134771,51.574575]]]}},{"type":"Feature","properties":{"name":null,"kind":"water"},"geometry":{"type":"Polygon","coordinates":[[[-0.212486,51.362655],[-0.21226,51.362779],[-0.212173,51.362706],[-0.212486,51.362655]]]}},{"type":"Feature","properties":{"name":null,"kind":"water"},"geometry":{"type":"Polygon","coordinates":[[[-0.149508,51.528776],[-0.149743,51.528602],[-0.14944,51.52865],[-0.149508,51.528776]]]}},{"type":"Feature","properties":{"name":null,"kind":"water"},"geometry":{"type":"Polygon","coordinates":[[[0.065806,51.49467],[0.066118,51.494689],[0.066182,51.494485],[0.065806,51.49467]]]}},{"type":"Feature","properties":{"name":null,"kind":"water"},"geometry":{"type":"Polygon","coordinates":[[[0.066218,51.494428],[0.066543,51.493941],[0.066164,51.494452],[0.066218,51.494428]]]}},{"type":"Feature","properties":{"name":"Beverley Brook","kind":"water"},"geometry":{"type":"LineString","coordinates":[[-0.23889,51.386529],[-0.239691,51.389274]]}},{"type":"Feature","properties":{"name":null,"kind":"water"},"geometry":{"type":"Polygon","coordinates":[[[-0.070418,51.676819],[-0.070116,51.676621],[-0.070492,51.676524],[-0.070418,51.676819]]]}},{"type":"Feature","properties":{"name":null,"kind":"water"},"geometry":{"type":"Polygon","coordinates":[[[-0.070956,51.676931],[-0.071049,51.676701],[-0.071217,51.6768],[-0.070956,51.676931]]]}},{"type":"Feature","properties":{"name":null,"kind":"water"},"geometry":{"type":"Polygon","coordinates":[[[-0.211674,51.329949],[-0.210983,51.329953],[-0.211217,51.329792],[-0.211674,51.329949]]]}},{"type":"Feature","properties":{"name":null,"kind":"water"},"geometry":{"type":"Polygon","coordinates":[[[-0.109157,51.449878],[-0.109213,51.449894],[-0.10922,51.449864],[-0.109157,51.449878]]]}},{"type":"Feature","properties":{"name":null,"kind":"water"},"geometry":{"type":"Polygon","coordinates":[[[-0.200781,51.663074],[-0.200491,51.66301],[-0.200564,51.662898],[-0.200781,51.663074]]]}},{"type":"Feature","properties":{"name":null,"kind":"water"},"geometry":{"type":"Polygon","coordinates":[[[0.068451,51.492608],[0.068625,51.492485],[0.068589,51.492564],[0.068797,51.492534],[0.068451,51.492608]]]}},{"type":"Feature","properties":{"name":null,"kind":"water"},"geometry":{"type":"Polygon","coordinates":[[[0.068158,51.494672],[0.068068,51.494536],[0.06805,51.494541],[0.068158,51.494672]]]}},{"type":"Feature","properties":{"name":null,"kind":"water"},"geometry":{"type":"Polygon","coordinates":[[[0.068931,51.493321],[0.068991,51.493231],[0.068882,51.493276],[0.068931,51.493321]]]}},{"type":"Feature","properties":{"name":null,"kind":"water"},"geometry":{"type":"Polygon","coordinates":[[[0.070156,51.493088],[0.070134,51.493048],[0.070264,51.493066],[0.070156,51.493088]]]}},{"type":"Feature","properties":{"name":null,"kind":"water"},"geometry":{"type":"Polygon","coordinates":[[[-0.321065,51.571088],[-0.321377,51.571089],[-0.320569,51.571108],[-0.321065,51.571088]]]}},{"type":"Feature","properties":{"name":null,"kind":"water"},"geometry":{"type":"Polygon","coordinates":[[[-0.321731,51.572206],[-0.321298,51.572438],[-0.3213,51.572186],[-0.321731,51.572206]]]}},{"type":"Feature","properties":{"name":null,"kind":"water"},"geometry":{"type":"Polygon","coordinates":[[[0.027658,51.413268],[0.028762,51.413718],[0.02867,51.413252],[0.027658,51.413268]]]}},{"type":"Feature","properties":{"name":null,"kind":"water"},"geometry":{"type":"Polygon","coordinates":[[[0.089731,51.493842],[0.089713,51.493862],[0.089762,51.493824],[0.089731,51.493842]]]}},{"type":"Feature","properties":{"name":null,"kind":"water"},"geometry":{"type":"Polygon","coordinates":[[[-0.471656,51.578211],[-0.471311,51.578063],[-0.47125,51.578185],[-0.471656,51.578211]]]}},{"type":"Feature","properties":{"name":null,"kind":"water"},"geometry":{"type":"Polygon","coordinates":[[[-0.471945,51.578275],[-0.471852,51.578324],[-0.472047,51.578339],[-0.471945,51.578275]]]}},{"type":"Feature","properties":{"name":null,"kind":"water"},"geometry":{"type":"Polygon","coordinates":[[[-0.473924,51.577993],[-0.473819,51.578034],[-0.474074,51.578165],[-0.473924,51.577993]]]}},{"type":"Feature","properties":{"name":"River Graveney","kind":"water"},"geometry":{"type":"LineString","coordinates":[[-0.147566,51.418983],[-0.147784,51.419086]]}},{"type":"Feature","properties":{"name":"River Graveney","kind":"water"},"geometry":{"type":"LineString","coordinates":[[-0.144423,51.417996],[-0.147566,51.418983]]}},{"type":"Feature","properties":{"name":null,"kind":"water"},"geometry":{"type":"Polygon","coordinates":[[[0.02762,51.461518],[0.027744,51.461529],[0.027751,51.461499],[0.02762,51.461518]]]}},{"type":"Feature","properties":{"name":null,"kind":"water"},"geometry":{"type":"Polygon","coordinates":[[[0.027693,51.461543],[0.027744,51.461529],[0.027697,51.461525],[0.027693,51.461543]]]}},{"type":"Feature","properties":{"name":null,"kind":"water"},"geometry":{"type":"Polygon","coordinates":[[[0.027737,51.461545],[0.027733,51.46157],[0.027722,51.461569],[0.027737,51.461545]]]}},{"type":"Feature","properties":{"name":null,"kind":"water"},"geometry":{"type":"Polygon","coordinates":[[[0.027628,51.461489],[0.027541,51.461481],[0.027626,51.461495],[0.027628,51.461489]]]}},{"type":"Feature","properties":{"name":null,"kind":"water"},"geometry":{"type":"Polygon","coordinates":[[[0.027539,51.461486],[0.027429,51.461475],[0.027541,51.461481],[0.027539,51.461486]]]}},{"type":"Feature","properties":{"name":null,"kind":"water"},"geometry":{"type":"Polygon","coordinates":[[[0.027628,51.461489],[0.027636,51.461453],[0.027643,51.461453],[0.027628,51.461489]]]}},{"type":"Feature","properties":{"name":null,"kind":"water"},"geometry":{"type":"Polygon","coordinates":[[[0.027722,51.461569],[0.027721,51.461579],[0.027817,51.461586],[0.027722,51.461569]]]}},{"type":"Feature","properties":{"name":null,"kind":"water"},"geometry":{"type":"Polygon","coordinates":[[[0.027817,51.461586],[0.02781,51.461615],[0.027754,51.461609],[0.027817,51.461586]]]}},{"type":"Feature","properties":{"name":null,"kind":"water"},"geometry":{"type":"Polygon","coordinates":[[[-0.277554,51.374903],[-0.277645,51.374815],[-0.277459,51.374783],[-0.277554,51.374903]]]}},{"type":"Feature","properties":{"name":null,"kind":"water"},"geometry":{"type":"Polygon","coordinates":[[[-0.017338,51.469349],[-0.019494,51.469594],[-0.02165,51.471618],[-0.019062,51.469525],[-0.017338,51.469349]]]}},{"type":"Feature","properties":{"name":null,"kind":"water"},"geometry":{"type":"Polygon","coordinates":[[[0.239813,51.560033],[0.240584,51.560578],[0.240526,51.560614],[0.239813,51.560033]]]}},{"type":"Feature","properties":{"name":null,"kind":"water"},"geometry":{"type":"Polygon","coordinates":[[[0.239623,51.559768],[0.239701,51.559744],[0.239524,51.559282],[0.239623,51.559768]]]}},{"type":"Feature","properties":{"name":null,"kind":"water"},"geometry":{"type":"Polygon","coordinates":[[[-0.164737,51.530405],[-0.164742,51.530437],[-0.164678,51.530419],[-0.164737,51.530405]]]}},{"type":"Feature","properties":{"name":null,"kind":"water"},"geometry":{"type":"Polygon","coordinates":[[[-0.306638,51.408497],[-0.306673,51.408607],[-0.30681,51.408537],[-0.306638,51.408497]]]}},{"type":"Feature","properties":{"name":null,"kind":"water"},"geometry":{"type":"Polygon","coordinates":[[[-0.152524,51.529424],[-0.15245,51.529451],[-0.15245,51.529412],[-0.152524,51.529424]]]}},{"type":"Feature","properties":{"name":"Regent's Canal","kind":"water"},"geometry":{"type":"LineString","coordinates":[[-0.14226,51.541528],[-0.140421,51.540966]]}},{"type":"Feature","properties":{"name":"Regent's Canal","kind":"water"},"geometry":{"type":"LineString","coordinates":[[-0.140421,51.540966],[-0.140026,51.541085]]}}]}