{"type":"FeatureCollection","features":[{"type":"Feature","properties":{"name":"Abbey Estate Open Space","category":"parks","osm":"way/27747268"},"geometry":{"type":"Point","coordinates":[-0.289684,51.536153]}},{"type":"Feature","properties":{"name":"Abbey Green","category":"parks","osm":"way/18936361"},"geometry":{"type":"Point","coordinates":[0.075733,51.535733]}},{"type":"Feature","properties":{"name":"Abbey Hill Park","category":"parks","osm":"way/537734167"},"geometry":{"type":"Point","coordinates":[0.114155,51.434742]}},{"type":"Feature","properties":{"name":"Abbey Recreation Ground","category":"parks","osm":"way/7652215"},"geometry":{"type":"Point","coordinates":[-0.194007,51.411838]}},{"type":"Feature","properties":{"name":"Abbey Wood Park","category":"parks","osm":"way/1034346603"},"geometry":{"type":"Point","coordinates":[0.10903,51.494513]}},{"type":"Feature","properties":{"name":"Abbey Wood Public Open Space","category":"parks","osm":"way/737427623"},"geometry":{"type":"Point","coordinates":[0.215615,51.529671]}},{"type":"Feature","properties":{"name":"Abbotts Park","category":"parks","osm":"way/11032324"},"geometry":{"type":"Point","coordinates":[-0.006796,51.57116]}},{"type":"Feature","properties":{"name":"Aberfeldy Millennium Green","category":"parks","osm":"way/50408563"},"geometry":{"type":"Point","coordinates":[-0.005466,51.51482]}},{"type":"Feature","properties":{"name":"Acton Green Common","category":"parks","osm":"way/9184699"},"geometry":{"type":"Point","coordinates":[-0.257777,51.495639]}},{"type":"Feature","properties":{"name":"Acton Green Common","category":"parks","osm":"way/22696907"},"geometry":{"type":"Point","coordinates":[-0.263413,51.495411]}},{"type":"Feature","properties":{"name":"Acton Park","category":"parks","osm":"way/22696585"},"geometry":{"type":"Point","coordinates":[-0.259832,51.507993]}},{"type":"Feature","properties":{"name":"Addington Hills","category":"parks","osm":"way/10713633"},"geometry":{"type":"Point","coordinates":[-0.059701,51.36278]}},{"type":"Feature","properties":{"name":"Addington Park","category":"parks","osm":"way/183779292"},"geometry":{"type":"Point","coordinates":[-0.037273,51.356351]}},{"type":"Feature","properties":{"name":"Addington Square","category":"parks","osm":"way/248170299"},"geometry":{"type":"Point","coordinates":[-0.092261,51.481037]}},{"type":"Feature","properties":{"name":"Addington Vale","category":"parks","osm":"way/273858694"},"geometry":{"type":"Point","coordinates":[-0.00939,51.343771]}},{"type":"Feature","properties":{"name":"Addington Vale","category":"parks","osm":"way/553454609"},"geometry":{"type":"Point","coordinates":[-0.008663,51.34899]}},{"type":"Feature","properties":{"name":"Addiscombe Railway Park","category":"parks","osm":"way/26595561"},"geometry":{"type":"Point","coordinates":[-0.075267,51.383126]}},{"type":"Feature","properties":{"name":"Addiscombe Recreation Ground","category":"parks","osm":"way/131144792"},"geometry":{"type":"Point","coordinates":[-0.070655,51.377648]}},{"type":"Feature","properties":{"name":"Admiralty Square","category":"parks","osm":"way/100809453"},"geometry":{"type":"Point","coordinates":[-0.032412,51.489863]}},{"type":"Feature","properties":{"name":"Agnes Riley Gardens","category":"parks","osm":"way/296455076"},"geometry":{"type":"Point","coordinates":[-0.138076,51.449003]}},{"type":"Feature","properties":{"name":"Albany Park","category":"parks","osm":"way/8125258"},"geometry":{"type":"Point","coordinates":[-0.035055,51.66726]}},{"type":"Feature","properties":{"name":"Albany Reach Park","category":"parks","osm":"way/384974986"},"geometry":{"type":"Point","coordinates":[-0.337717,51.399368]}},{"type":"Feature","properties":{"name":"Albert Embankment Gardens","category":"parks","osm":"way/25452770"},"geometry":{"type":"Point","coordinates":[-0.123124,51.489833]}},{"type":"Feature","properties":{"name":"Albert Gardens","category":"parks","osm":"way/264710273"},"geometry":{"type":"Point","coordinates":[-0.047188,51.512825]}},{"type":"Feature","properties":{"name":"Albert Road Garden","category":"parks","osm":"way/539513902"},"geometry":{"type":"Point","coordinates":[-0.131563,51.601668]}},{"type":"Feature","properties":{"name":"Albion Millennium Green","category":"parks","osm":"way/233658370"},"geometry":{"type":"Point","coordinates":[-0.054439,51.435101]}},{"type":"Feature","properties":{"name":"Albion Parade","category":"parks","osm":"way/1062388887"},"geometry":{"type":"Point","coordinates":[-0.084264,51.556512]}},{"type":"Feature","properties":{"name":"Albion Square Gardens","category":"parks","osm":"way/51346448"},"geometry":{"type":"Point","coordinates":[-0.072533,51.539658]}},{"type":"Feature","properties":{"name":"Aldersbrook Avenue Recreation Ground","category":"parks","osm":"way/4133074"},"geometry":{"type":"Point","coordinates":[-0.075053,51.658703]}},{"type":"Feature","properties":{"name":"Alexandra Millennium Green","category":"parks","osm":"way/22732439"},"geometry":{"type":"Point","coordinates":[-0.286128,51.386252]}},{"type":"Feature","properties":{"name":"Alexandra Park","category":"parks","osm":"way/4407135"},"geometry":{"type":"Point","coordinates":[-0.362667,51.560266]}},{"type":"Feature","properties":{"name":"Alexandra Park","category":"parks","osm":"way/8038030"},"geometry":{"type":"Point","coordinates":[-0.129319,51.593217]}},{"type":"Feature","properties":{"name":"Alexandra Park","category":"parks","osm":"way/16287348"},"geometry":{"type":"Point","coordinates":[-0.288406,51.38585]}},{"type":"Feature","properties":{"name":"Alexandra Recreation Ground","category":"parks","osm":"way/24597961"},"geometry":{"type":"Point","coordinates":[-0.049923,51.42088]}},{"type":"Feature","properties":{"name":"Alexandra Road Park","category":"parks","osm":"way/982728997"},"geometry":{"type":"Point","coordinates":[-0.183784,51.539419]}},{"type":"Feature","properties":{"name":"Alfred Place Gardens","category":"parks","osm":"way/747150853"},"geometry":{"type":"Point","coordinates":[-0.132873,51.520221]}},{"type":"Feature","properties":{"name":"All Saints Church","category":"parks","osm":"way/332918656"},"geometry":{"type":"Point","coordinates":[-0.011654,51.5105]}},{"type":"Feature","properties":{"name":"All-Mead Gardens","category":"parks","osm":"way/325480054"},"geometry":{"type":"Point","coordinates":[-0.034533,51.55098]}},{"type":"Feature","properties":{"name":"Allen Gardens","category":"parks","osm":"way/154550387"},"geometry":{"type":"Point","coordinates":[-0.069451,51.522339]}},{"type":"Feature","properties":{"name":"Allens Garden","category":"parks","osm":"way/24168016"},"geometry":{"type":"Point","coordinates":[-0.07779,51.568225]}},{"type":"Feature","properties":{"name":"Alma Street Community Play Areas","category":"parks","osm":"way/633972721"},"geometry":{"type":"Point","coordinates":[-0.00039,51.545988]}},{"type":"Feature","properties":{"name":"Alpha Road Park","category":"parks","osm":"way/810065770"},"geometry":{"type":"Point","coordinates":[-0.351694,51.429283]}},{"type":"Feature","properties":{"name":"Altab Ali Park","category":"parks","osm":"way/840740386"},"geometry":{"type":"Point","coordinates":[-0.068505,51.516187]}},{"type":"Feature","properties":{"name":"Altash Gardens","category":"parks","osm":"way/1033218459"},"geometry":{"type":"Point","coordinates":[0.060505,51.433194]}},{"type":"Feature","properties":{"name":"Ambering Park","category":"parks","osm":"way/460559966"},"geometry":{"type":"Point","coordinates":[-0.000593,51.591781]}},{"type":"Feature","properties":{"name":"Amphitheatre","category":"parks","osm":"way/99003073"},"geometry":{"type":"Point","coordinates":[-0.233732,51.384282]}},{"type":"Feature","properties":{"name":"Andersons Square","category":"parks","osm":"way/30495988"},"geometry":{"type":"Point","coordinates":[-0.10217,51.537128]}},{"type":"Feature","properties":{"name":"Angel Gardens","category":"parks","osm":"way/723284736"},"geometry":{"type":"Point","coordinates":[-0.049672,51.615393]}},{"type":"Feature","properties":{"name":"Angel Walk","category":"parks","osm":"way/723284744"},"geometry":{"type":"Point","coordinates":[-0.049688,51.615813]}},{"type":"Feature","properties":{"name":"Annette Gardens","category":"parks","osm":"way/37743769"},"geometry":{"type":"Point","coordinates":[-0.093256,51.541775]}},{"type":"Feature","properties":{"name":"Aragon Gardens","category":"parks","osm":"way/100809444"},"geometry":{"type":"Point","coordinates":[-0.031201,51.490265]}},{"type":"Feature","properties":{"name":"Arbour Square Gardens","category":"parks","osm":"way/93465391"},"geometry":{"type":"Point","coordinates":[-0.047868,51.51428]}},{"type":"Feature","properties":{"name":"Archbishop's Park","category":"parks","osm":"way/4260009"},"geometry":{"type":"Point","coordinates":[-0.116895,51.496792]}},{"type":"Feature","properties":{"name":"Archibald Open Space","category":"parks","osm":"way/132833318"},"geometry":{"type":"Point","coordinates":[-0.024305,51.52502]}},{"type":"Feature","properties":{"name":"Archway Corner","category":"parks","osm":"way/99420330"},"geometry":{"type":"Point","coordinates":[-0.133605,51.565663]}},{"type":"Feature","properties":{"name":"Archway Park","category":"parks","osm":"way/99426480"},"geometry":{"type":"Point","coordinates":[-0.134234,51.567032]}},{"type":"Feature","properties":{"name":"Argyle Square Gardens","category":"parks","osm":"way/4256144"},"geometry":{"type":"Point","coordinates":[-0.122248,51.529045]}},{"type":"Feature","properties":{"name":"Arkley Lane Open Space","category":"parks","osm":"way/105702420"},"geometry":{"type":"Point","coordinates":[-0.235462,51.657369]}},{"type":"Feature","properties":{"name":"Arkley Lane Pastures","category":"parks","osm":"way/105703497"},"geometry":{"type":"Point","coordinates":[-0.229393,51.654932]}},{"type":"Feature","properties":{"name":"Arkley Open Space","category":"parks","osm":"way/105605859"},"geometry":{"type":"Point","coordinates":[-0.242389,51.654603]}},{"type":"Feature","properties":{"name":"Arkley Rise Estate Open Space","category":"parks","osm":"way/105606563"},"geometry":{"type":"Point","coordinates":[-0.235791,51.651748]}},{"type":"Feature","properties":{"name":"Arlington Square","category":"parks","osm":"way/34065881"},"geometry":{"type":"Point","coordinates":[-0.092375,51.53583]}},{"type":"Feature","properties":{"name":"Armada Green Park","category":"parks","osm":"way/488430829"},"geometry":{"type":"Point","coordinates":[0.079356,51.508331]}},{"type":"Feature","properties":{"name":"Armadale Green","category":"parks","osm":"way/159818657"},"geometry":{"type":"Point","coordinates":[-0.056934,51.585038]}},{"type":"Feature","properties":{"name":"Arnos Park","category":"parks","osm":"way/146798326"},"geometry":{"type":"Point","coordinates":[-0.131089,51.619007]}},{"type":"Feature","properties":{"name":"Arrandene Open Space","category":"parks","osm":"way/4013452"},"geometry":{"type":"Point","coordinates":[-0.230768,51.613588]}},{"type":"Feature","properties":{"name":"Arundel Close Open Space","category":"parks","osm":"way/27162611"},"geometry":{"type":"Point","coordinates":[-0.362291,51.426819]}},{"type":"Feature","properties":{"name":"Arundel Square","category":"parks","osm":"way/27815140"},"geometry":{"type":"Point","coordinates":[-0.110159,51.544914]}},{"type":"Feature","properties":{"name":"Ashburton Park","category":"parks","osm":"way/19796961"},"geometry":{"type":"Point","coordinates":[-0.065697,51.385373]}},{"type":"Feature","properties":{"name":"Ashburton Playing Fields","category":"parks","osm":"way/13953217"},"geometry":{"type":"Point","coordinates":[-0.055838,51.385546]}},{"type":"Feature","properties":{"name":"Aske Gardens","category":"parks","osm":"way/6008841"},"geometry":{"type":"Point","coordinates":[-0.084,51.528267]}},{"type":"Feature","properties":{"name":"Athelstan Recreation Ground","category":"parks","osm":"way/22747527"},"geometry":{"type":"Point","coordinates":[-0.293479,51.403579]}},{"type":"Feature","properties":{"name":"Athlone Gardens","category":"parks","osm":"way/721328203"},"geometry":{"type":"Point","coordinates":[-0.211221,51.522512]}},{"type":"Feature","properties":{"name":"Atkins Road Roundabout","category":"parks","osm":"way/1007389226"},"geometry":{"type":"Point","coordinates":[-0.137676,51.447953]}},{"type":"Feature","properties":{"name":"Aveling Fields","category":"parks","osm":"way/185651761"},"geometry":{"type":"Point","coordinates":[-0.020376,51.595857]}},{"type":"Feature","properties":{"name":"Avenue Gardens","category":"parks","osm":"relation/9186235"},"geometry":{"type":"Point","coordinates":[-0.11808,51.597968]}},{"type":"Feature","properties":{"name":"Avenue Park","category":"parks","osm":"way/15244831"},"geometry":{"type":"Point","coordinates":[-0.413355,51.486194]}},{"type":"Feature","properties":{"name":"Avenue Road Common","category":"parks","osm":"way/550188875"},"geometry":{"type":"Point","coordinates":[-0.129367,51.575753]}},{"type":"Feature","properties":{"name":"Avery Hill Park","category":"parks","osm":"way/190922878"},"geometry":{"type":"Point","coordinates":[0.075406,51.448287]}},{"type":"Feature","properties":{"name":"Avondale Park","category":"parks","osm":"way/19748095"},"geometry":{"type":"Point","coordinates":[-0.212759,51.510568]}},{"type":"Feature","properties":{"name":"Baird Gardens","category":"parks","osm":"way/228191687"},"geometry":{"type":"Point","coordinates":[-0.0641,51.427814]}},{"type":"Feature","properties":{"name":"Bancroft Chase","category":"parks","osm":"way/671929049"},"geometry":{"type":"Point","coordinates":[0.186666,51.558518]}},{"type":"Feature","properties":{"name":"Bandstand Beds Community Garden","category":"parks","osm":"way/790026227"},"geometry":{"type":"Point","coordinates":[-0.147589,51.456395]}},{"type":"Feature","properties":{"name":"Barham Park","category":"parks","osm":"way/10507755"},"geometry":{"type":"Point","coordinates":[-0.310669,51.552885]}},{"type":"Feature","properties":{"name":"Barking Park","category":"parks","osm":"way/18934744"},"geometry":{"type":"Point","coordinates":[0.085274,51.545695]}},{"type":"Feature","properties":{"name":"Barking Road Recreation Ground","category":"parks","osm":"way/30694818"},"geometry":{"type":"Point","coordinates":[0.065339,51.535322]}},{"type":"Feature","properties":{"name":"Barkingside Recreation Ground","category":"parks","osm":"way/4270104"},"geometry":{"type":"Point","coordinates":[0.078106,51.587722]}},{"type":"Feature","properties":{"name":"Barley Lane Recreation Ground","category":"parks","osm":"way/29906736"},"geometry":{"type":"Point","coordinates":[0.113121,51.567651]}},{"type":"Feature","properties":{"name":"Barn Elms Playing Fields","category":"parks","osm":"way/34858462"},"geometry":{"type":"Point","coordinates":[-0.235097,51.474153]}},{"type":"Feature","properties":{"name":"Barn Elms Sports Centre","category":"parks","osm":"way/34858483"},"geometry":{"type":"Point","coordinates":[-0.228311,51.473669]}},{"type":"Feature","properties":{"name":"Barnard Park","category":"parks","osm":"relation/19117130"},"geometry":{"type":"Point","coordinates":[-0.112902,51.537203]}},{"type":"Feature","properties":{"name":"Barnardo's Village Green","category":"parks","osm":"way/1059672920"},"geometry":{"type":"Point","coordinates":[0.08357,51.586682]}},{"type":"Feature","properties":{"name":"Barnes Common","category":"parks","osm":"relation/4205108"},"geometry":{"type":"Point","coordinates":[-0.240656,51.468473]}},{"type":"Feature","properties":{"name":"Barnes Green","category":"parks","osm":"way/25701057"},"geometry":{"type":"Point","coordinates":[-0.245277,51.472656]}},{"type":"Feature","properties":{"name":"Barnet Countryside Centre","category":"parks","osm":"way/926396833"},"geometry":{"type":"Point","coordinates":[-0.216147,51.657972]}},{"type":"Feature","properties":{"name":"Barnet Hill Common","category":"parks","osm":"relation/15789904"},"geometry":{"type":"Point","coordinates":[-0.193437,51.649132]}},{"type":"Feature","properties":{"name":"Barnet Playing Fields","category":"parks","osm":"way/8125228"},"geometry":{"type":"Point","coordinates":[-0.191994,51.6432]}},{"type":"Feature","properties":{"name":"Barnsbury Square","category":"parks","osm":"way/27929742"},"geometry":{"type":"Point","coordinates":[-0.11067,51.541848]}},{"type":"Feature","properties":{"name":"Baron Fields","category":"parks","osm":"way/24549553"},"geometry":{"type":"Point","coordinates":[-0.17284,51.399995]}},{"type":"Feature","properties":{"name":"Barra Hall Park","category":"parks","osm":"way/37878463"},"geometry":{"type":"Point","coordinates":[-0.423728,51.517802]}},{"type":"Feature","properties":{"name":"Barratt Gardens","category":"parks","osm":"way/1331085894"},"geometry":{"type":"Point","coordinates":[-0.11493,51.596116]}},{"type":"Feature","properties":{"name":"Bartlett Park","category":"parks","osm":"way/23621837"},"geometry":{"type":"Point","coordinates":[-0.021874,51.515105]}},{"type":"Feature","properties":{"name":"Barton Green","category":"parks","osm":"way/468909125"},"geometry":{"type":"Point","coordinates":[-0.264301,51.408542]}},{"type":"Feature","properties":{"name":"Basing Hill Park","category":"parks","osm":"way/23104889"},"geometry":{"type":"Point","coordinates":[-0.205974,51.56827]}},{"type":"Feature","properties":{"name":"Basire Street Playground","category":"parks","osm":"way/71336809"},"geometry":{"type":"Point","coordinates":[-0.092685,51.538272]}},{"type":"Feature","properties":{"name":"Bastable Green","category":"parks","osm":"way/844557181"},"geometry":{"type":"Point","coordinates":[0.095235,51.528025]}},{"type":"Feature","properties":{"name":"Batley Park","category":"parks","osm":"way/352542980"},"geometry":{"type":"Point","coordinates":[0.019964,51.477726]}},{"type":"Feature","properties":{"name":"Battersea Park","category":"parks","osm":"way/840130236"},"geometry":{"type":"Point","coordinates":[-0.157411,51.479218]}},{"type":"Feature","properties":{"name":"Baxendale Street Open Space","category":"parks","osm":"way/1013794052"},"geometry":{"type":"Point","coordinates":[-0.068443,51.529884]}},{"type":"Feature","properties":{"name":"Baxters Field","category":"parks","osm":"way/288903643"},"geometry":{"type":"Point","coordinates":[-0.06085,51.43512]}},{"type":"Feature","properties":{"name":"Bayonne Road Open Space","category":"parks","osm":"way/41731463"},"geometry":{"type":"Point","coordinates":[-0.215376,51.485128]}},{"type":"Feature","properties":{"name":"Bazalgette Embankment","category":"parks","osm":"way/475978801"},"geometry":{"type":"Point","coordinates":[-0.106129,51.510724]}},{"type":"Feature","properties":{"name":"Beaconsfield Gardens","category":"parks","osm":"way/233499575"},"geometry":{"type":"Point","coordinates":[-0.263775,51.497333]}},{"type":"Feature","properties":{"name":"Beam Parklands","category":"parks","osm":"relation/11882660"},"geometry":{"type":"Point","coordinates":[0.166156,51.532403]}},{"type":"Feature","properties":{"name":"Beam Valley Country Park","category":"parks","osm":"relation/11882661"},"geometry":{"type":"Point","coordinates":[0.176029,51.542124]}},{"type":"Feature","properties":{"name":"Beaulieu Heights","category":"parks","osm":"relation/21036096"},"geometry":{"type":"Point","coordinates":[-0.084005,51.409276]}},{"type":"Feature","properties":{"name":"Beaumont Green Field","category":"parks","osm":"way/98546465"},"geometry":{"type":"Point","coordinates":[0.195617,51.540487]}},{"type":"Feature","properties":{"name":"Beaumont Square Gardens","category":"parks","osm":"way/14325882"},"geometry":{"type":"Point","coordinates":[-0.045609,51.520265]}},{"type":"Feature","properties":{"name":"Beaversfield Park","category":"parks","osm":"way/5012783"},"geometry":{"type":"Point","coordinates":[-0.388786,51.470966]}},{"type":"Feature","properties":{"name":"Beckenham Place Park","category":"parks","osm":"way/41407314"},"geometry":{"type":"Point","coordinates":[-0.013879,51.418716]}},{"type":"Feature","properties":{"name":"Beckett's Wharf","category":"parks","osm":"way/907372029"},"geometry":{"type":"Point","coordinates":[-0.228964,51.488887]}},{"type":"Feature","properties":{"name":"Beckton District Park","category":"parks","osm":"relation/14460745"},"geometry":{"type":"Point","coordinates":[0.047305,51.514581]}},{"type":"Feature","properties":{"name":"Becondale Road Open Space","category":"parks","osm":"way/289336284"},"geometry":{"type":"Point","coordinates":[-0.084472,51.422616]}},{"type":"Feature","properties":{"name":"Beddington Park","category":"parks","osm":"way/4347189"},"geometry":{"type":"Point","coordinates":[-0.144809,51.373079]}},{"type":"Feature","properties":{"name":"Bedfont Lakes Country Park","category":"parks","osm":"way/26514496"},"geometry":{"type":"Point","coordinates":[-0.43663,51.442839]}},{"type":"Feature","properties":{"name":"Bedfont Lakes Country Park.","category":"parks","osm":"way/24217951"},"geometry":{"type":"Point","coordinates":[-0.445533,51.442397]}},{"type":"Feature","properties":{"name":"Bedfont Lakes South Side.","category":"parks","osm":"way/387298732"},"geometry":{"type":"Point","coordinates":[-0.450209,51.438397]}},{"type":"Feature","properties":{"name":"Bedfont Lakes South Side.","category":"parks","osm":"way/387298733"},"geometry":{"type":"Point","coordinates":[-0.443477,51.437854]}},{"type":"Feature","properties":{"name":"Bedfont Park","category":"parks","osm":"way/22963996"},"geometry":{"type":"Point","coordinates":[-0.439322,51.446964]}},{"type":"Feature","properties":{"name":"Bedfords Park","category":"parks","osm":"way/307879923"},"geometry":{"type":"Point","coordinates":[0.193242,51.606964]}},{"type":"Feature","properties":{"name":"Beechmore play park","category":"parks","osm":"way/587585232"},"geometry":{"type":"Point","coordinates":[0.001256,51.421767]}},{"type":"Feature","properties":{"name":"Belair Park","category":"parks","osm":"way/860400064"},"geometry":{"type":"Point","coordinates":[-0.090971,51.443181]}},{"type":"Feature","properties":{"name":"Belfry Avenue Open Space","category":"parks","osm":"relation/12455180"},"geometry":{"type":"Point","coordinates":[-0.493034,51.60909]}},{"type":"Feature","properties":{"name":"Belgrave Open Space","category":"parks","osm":"way/5949374"},"geometry":{"type":"Point","coordinates":[-0.042132,51.51614]}},{"type":"Feature","properties":{"name":"Bellingham Green","category":"parks","osm":"way/4045840"},"geometry":{"type":"Point","coordinates":[-0.024474,51.431094]}},{"type":"Feature","properties":{"name":"Belmont Lane Open Space","category":"parks","osm":"relation/15345015"},"geometry":{"type":"Point","coordinates":[0.074512,51.425269]}},{"type":"Feature","properties":{"name":"Belmont station park","category":"parks","osm":"node/13276415126"},"geometry":{"type":"Point","coordinates":[-0.197639,51.345137]}},{"type":"Feature","properties":{"name":"Belvedere","category":"parks","osm":"way/646813261"},"geometry":{"type":"Point","coordinates":[-0.009033,51.548234]}},{"type":"Feature","properties":{"name":"Belvue Park","category":"parks","osm":"way/4927718"},"geometry":{"type":"Point","coordinates":[-0.368231,51.542863]}},{"type":"Feature","properties":{"name":"Benhill Recreation Ground","category":"parks","osm":"way/9238547"},"geometry":{"type":"Point","coordinates":[-0.181844,51.367549]}},{"type":"Feature","properties":{"name":"Benjamin Zephaniah Square","category":"parks","osm":"way/466198283"},"geometry":{"type":"Point","coordinates":[-0.472431,51.533424]}},{"type":"Feature","properties":{"name":"Berkeley Meadows","category":"parks","osm":"way/23140382"},"geometry":{"type":"Point","coordinates":[-0.417121,51.482634]}},{"type":"Feature","properties":{"name":"Berkeley Square","category":"parks","osm":"way/4253887"},"geometry":{"type":"Point","coordinates":[-0.145812,51.509641]}},{"type":"Feature","properties":{"name":"Bermondsey Spa Gardens","category":"parks","osm":"way/26163279"},"geometry":{"type":"Point","coordinates":[-0.074826,51.494864]}},{"type":"Feature","properties":{"name":"Bernie Spain Gardens","category":"parks","osm":"relation/13519109"},"geometry":{"type":"Point","coordinates":[-0.109192,51.507554]}},{"type":"Feature","properties":{"name":"Bernie Spain Gardens (North Park)","category":"parks","osm":"way/24695282"},"geometry":{"type":"Point","coordinates":[-0.109376,51.507926]}},{"type":"Feature","properties":{"name":"Bernie Spain Gardens (South Park)","category":"parks","osm":"way/24695291"},"geometry":{"type":"Point","coordinates":[-0.10894,51.507208]}},{"type":"Feature","properties":{"name":"Berrylands Park","category":"parks","osm":"way/384804317"},"geometry":{"type":"Point","coordinates":[-0.28014,51.390735]}},{"type":"Feature","properties":{"name":"Berwick Glades","category":"parks","osm":"way/851537877"},"geometry":{"type":"Point","coordinates":[0.224561,51.535747]}},{"type":"Feature","properties":{"name":"Bessborough Gardens","category":"parks","osm":"way/28102740"},"geometry":{"type":"Point","coordinates":[-0.130734,51.488681]}},{"type":"Feature","properties":{"name":"Bessingby Playing Fields","category":"parks","osm":"relation/3326127"},"geometry":{"type":"Point","coordinates":[-0.401378,51.567704]}},{"type":"Feature","properties":{"name":"Bethnal Green Gardens","category":"parks","osm":"way/10664769"},"geometry":{"type":"Point","coordinates":[-0.053778,51.525996]}},{"type":"Feature","properties":{"name":"Bethune Nature Reserve","category":"parks","osm":"way/685987285"},"geometry":{"type":"Point","coordinates":[-0.156507,51.621178]}},{"type":"Feature","properties":{"name":"Bethune Park","category":"parks","osm":"way/4076730"},"geometry":{"type":"Point","coordinates":[-0.154464,51.619538]}},{"type":"Feature","properties":{"name":"Betts Park","category":"parks","osm":"way/15112631"},"geometry":{"type":"Point","coordinates":[-0.064553,51.408577]}},{"type":"Feature","properties":{"name":"Beverley Park","category":"parks","osm":"way/29256941"},"geometry":{"type":"Point","coordinates":[-0.246243,51.404016]}},{"type":"Feature","properties":{"name":"Biddestone Park","category":"parks","osm":"way/30249257"},"geometry":{"type":"Point","coordinates":[-0.114833,51.553971]}},{"type":"Feature","properties":{"name":"Big Wood","category":"parks","osm":"way/4001101"},"geometry":{"type":"Point","coordinates":[-0.188769,51.5834]}},{"type":"Feature","properties":{"name":"Biggin Hill Recreation Ground","category":"parks","osm":"way/142212859"},"geometry":{"type":"Point","coordinates":[0.036762,51.31373]}},{"type":"Feature","properties":{"name":"Biggin Woods","category":"parks","osm":"way/34750460"},"geometry":{"type":"Point","coordinates":[-0.106981,51.41555]}},{"type":"Feature","properties":{"name":"Bingfield Park","category":"parks","osm":"way/30197903"},"geometry":{"type":"Point","coordinates":[-0.121024,51.539637]}},{"type":"Feature","properties":{"name":"Birch (Selsdon)","category":"parks","osm":"way/5059696"},"geometry":{"type":"Point","coordinates":[-0.065249,51.335307]}},{"type":"Feature","properties":{"name":"Birchmere Park","category":"parks","osm":"way/490911654"},"geometry":{"type":"Point","coordinates":[0.114601,51.50043]}},{"type":"Feature","properties":{"name":"Bird-in-Bush Park","category":"parks","osm":"way/31177510"},"geometry":{"type":"Point","coordinates":[-0.062863,51.479795]}},{"type":"Feature","properties":{"name":"Bishop's Meadow","category":"parks","osm":"way/292716717"},"geometry":{"type":"Point","coordinates":[-0.215927,51.469734]}},{"type":"Feature","properties":{"name":"Bishop's Park","category":"parks","osm":"way/4380345"},"geometry":{"type":"Point","coordinates":[-0.21624,51.471065]}},{"type":"Feature","properties":{"name":"Bisterne Avenue Park","category":"parks","osm":"way/421643202"},"geometry":{"type":"Point","coordinates":[0.001397,51.589636]}},{"type":"Feature","properties":{"name":"Bittacy Hill Park","category":"parks","osm":"way/27870732"},"geometry":{"type":"Point","coordinates":[-0.214844,51.610692]}},{"type":"Feature","properties":{"name":"Bittern's Field","category":"parks","osm":"way/4941069"},"geometry":{"type":"Point","coordinates":[-0.349068,51.523205]}},{"type":"Feature","properties":{"name":"Bixley Field","category":"parks","osm":"way/235477792"},"geometry":{"type":"Point","coordinates":[-0.374196,51.498618]}},{"type":"Feature","properties":{"name":"Blackberry Meadow","category":"parks","osm":"way/412915362"},"geometry":{"type":"Point","coordinates":[-0.028598,51.519561]}},{"type":"Feature","properties":{"name":"Blackheath","category":"parks","osm":"relation/2915129"},"geometry":{"type":"Point","coordinates":[0.002292,51.472068]}},{"type":"Feature","properties":{"name":"Blagdon Road Recreation Ground","category":"parks","osm":"way/23127925"},"geometry":{"type":"Point","coordinates":[-0.251357,51.400018]}},{"type":"Feature","properties":{"name":"Blake Park Recreation Ground","category":"parks","osm":"way/307058750"},"geometry":{"type":"Point","coordinates":[-0.020205,51.381177]}},{"type":"Feature","properties":{"name":"Bleakfield Shaw","category":"parks","osm":"way/54235051"},"geometry":{"type":"Point","coordinates":[-0.126037,51.314872]}},{"type":"Feature","properties":{"name":"Blenheim Park","category":"parks","osm":"way/638583936"},"geometry":{"type":"Point","coordinates":[-0.41654,51.452007]}},{"type":"Feature","properties":{"name":"Blondin Park","category":"parks","osm":"way/23152759"},"geometry":{"type":"Point","coordinates":[-0.318332,51.496195]}},{"type":"Feature","properties":{"name":"Bloomsbury Square Gardens","category":"parks","osm":"way/4393572"},"geometry":{"type":"Point","coordinates":[-0.122824,51.518919]}},{"type":"Feature","properties":{"name":"Blythe Hill Fields","category":"parks","osm":"way/4412442"},"geometry":{"type":"Point","coordinates":[-0.035301,51.446963]}},{"type":"Feature","properties":{"name":"Bolingbroke Green","category":"parks","osm":"relation/7792855"},"geometry":{"type":"Point","coordinates":[-0.171365,51.460288]}},{"type":"Feature","properties":{"name":"Bollo Brook Park","category":"parks","osm":"way/27524220"},"geometry":{"type":"Point","coordinates":[-0.273378,51.501866]}},{"type":"Feature","properties":{"name":"Bolton's Lane Open Space","category":"parks","osm":"way/23140399"},"geometry":{"type":"Point","coordinates":[-0.444436,51.48438]}},{"type":"Feature","properties":{"name":"Bonnetts Wood","category":"parks","osm":"way/182779917"},"geometry":{"type":"Point","coordinates":[0.236667,51.536948]}},{"type":"Feature","properties":{"name":"Bonnington Gardens","category":"parks","osm":"way/343845516"},"geometry":{"type":"Point","coordinates":[-0.120223,51.484285]}},{"type":"Feature","properties":{"name":"Borough of Deptford Memorial Gardens","category":"parks","osm":"way/382073481"},"geometry":{"type":"Point","coordinates":[-0.027467,51.469102]}},{"type":"Feature","properties":{"name":"Borough of Deptford Memorial Gardens","category":"parks","osm":"way/382076252"},"geometry":{"type":"Point","coordinates":[-0.029486,51.470638]}},{"type":"Feature","properties":{"name":"Borough of Deptford Memorial Gardens","category":"parks","osm":"way/382076256"},"geometry":{"type":"Point","coordinates":[-0.028692,51.470018]}},{"type":"Feature","properties":{"name":"Boston Manor Park","category":"parks","osm":"way/23458104"},"geometry":{"type":"Point","coordinates":[-0.319611,51.490225]}},{"type":"Feature","properties":{"name":"Botanic Gardens","category":"parks","osm":"way/248677008"},"geometry":{"type":"Point","coordinates":[-0.423025,51.520548]}},{"type":"Feature","properties":{"name":"Boundary Gardens","category":"parks","osm":"way/1181318831"},"geometry":{"type":"Point","coordinates":[-0.074901,51.526044]}},{"type":"Feature","properties":{"name":"Bourne Park","category":"parks","osm":"way/1052458892"},"geometry":{"type":"Point","coordinates":[-0.088449,51.318849]}},{"type":"Feature","properties":{"name":"Bow Creek Ecology Park","category":"parks","osm":"way/188492303"},"geometry":{"type":"Point","coordinates":[0.003974,51.512606]}},{"type":"Feature","properties":{"name":"Bow Estate Park","category":"parks","osm":"way/469565519"},"geometry":{"type":"Point","coordinates":[-0.014594,51.528827]}},{"type":"Feature","properties":{"name":"Bowes Meadow","category":"parks","osm":"way/14645388"},"geometry":{"type":"Point","coordinates":[-0.100281,51.613756]}},{"type":"Feature","properties":{"name":"Bowes Park Community Garden","category":"parks","osm":"way/289808341"},"geometry":{"type":"Point","coordinates":[-0.11603,51.606217]}},{"type":"Feature","properties":{"name":"Brabazon Green","category":"parks","osm":"way/37918769"},"geometry":{"type":"Point","coordinates":[-0.019302,51.515962]}},{"type":"Feature","properties":{"name":"Braham Street Park","category":"parks","osm":"way/52782573"},"geometry":{"type":"Point","coordinates":[-0.072946,51.514072]}},{"type":"Feature","properties":{"name":"Braithwaite Park","category":"parks","osm":"way/50402884"},"geometry":{"type":"Point","coordinates":[-0.00231,51.513902]}},{"type":"Feature","properties":{"name":"Bramber Green","category":"parks","osm":"way/136145866"},"geometry":{"type":"Point","coordinates":[-0.123605,51.527046]}},{"type":"Feature","properties":{"name":"Bramcote Nature","category":"parks","osm":"way/26148145"},"geometry":{"type":"Point","coordinates":[-0.056306,51.485515]}},{"type":"Feature","properties":{"name":"Bramford Gardens","category":"parks","osm":"way/100672574"},"geometry":{"type":"Point","coordinates":[-0.186584,51.461543]}},{"type":"Feature","properties":{"name":"Bramley Road Open Space","category":"parks","osm":"way/43588788"},"geometry":{"type":"Point","coordinates":[-0.313435,51.499028]}},{"type":"Feature","properties":{"name":"Brampton Park","category":"parks","osm":"way/24707432"},"geometry":{"type":"Point","coordinates":[0.046802,51.52399]}},{"type":"Feature","properties":{"name":"Bramshill Road Open Space","category":"parks","osm":"way/260107774"},"geometry":{"type":"Point","coordinates":[-0.24958,51.534228]}},{"type":"Feature","properties":{"name":"Brenchley Gardens","category":"parks","osm":"way/26521899"},"geometry":{"type":"Point","coordinates":[-0.053611,51.451837]}},{"type":"Feature","properties":{"name":"Brenley Park","category":"parks","osm":"way/245606737"},"geometry":{"type":"Point","coordinates":[-0.15365,51.404296]}},{"type":"Feature","properties":{"name":"Brent Lodge Park (Bunny Park)","category":"parks","osm":"way/25028514"},"geometry":{"type":"Point","coordinates":[-0.34918,51.512994]}},{"type":"Feature","properties":{"name":"Brent Meadow","category":"parks","osm":"way/4940786"},"geometry":{"type":"Point","coordinates":[-0.344296,51.509574]}},{"type":"Feature","properties":{"name":"Brent Park","category":"parks","osm":"relation/15599256"},"geometry":{"type":"Point","coordinates":[-0.210693,51.585969]}},{"type":"Feature","properties":{"name":"Brent River Park","category":"parks","osm":"way/41832323"},"geometry":{"type":"Point","coordinates":[-0.268916,51.549858]}},{"type":"Feature","properties":{"name":"Brent River Park","category":"parks","osm":"way/192698582"},"geometry":{"type":"Point","coordinates":[-0.344434,51.505908]}},{"type":"Feature","properties":{"name":"Brentfield Open Space","category":"parks","osm":"way/766095580"},"geometry":{"type":"Point","coordinates":[-0.258481,51.54587]}},{"type":"Feature","properties":{"name":"Brentham Meadows","category":"parks","osm":"way/224650841"},"geometry":{"type":"Point","coordinates":[-0.305882,51.530011]}},{"type":"Feature","properties":{"name":"Bretons Park","category":"parks","osm":"way/11146750"},"geometry":{"type":"Point","coordinates":[0.182725,51.541757]}},{"type":"Feature","properties":{"name":"Brewery Square","category":"parks","osm":"relation/3290054"},"geometry":{"type":"Point","coordinates":[-0.10202,51.523863]}},{"type":"Feature","properties":{"name":"Brickfield Gardens","category":"parks","osm":"way/50813650"},"geometry":{"type":"Point","coordinates":[-0.030499,51.515341]}},{"type":"Feature","properties":{"name":"Bricklayers Arms Roundabout","category":"parks","osm":"way/204838871"},"geometry":{"type":"Point","coordinates":[-0.085651,51.494416]}},{"type":"Feature","properties":{"name":"Bridge House Gardens","category":"parks","osm":"way/316361305"},"geometry":{"type":"Point","coordinates":[-0.30596,51.457707]}},{"type":"Feature","properties":{"name":"Bridge House Park","category":"parks","osm":"way/682781916"},"geometry":{"type":"Point","coordinates":[-0.407703,51.447937]}},{"type":"Feature","properties":{"name":"Bridgehouse Meadows","category":"parks","osm":"way/170206117"},"geometry":{"type":"Point","coordinates":[-0.049034,51.482743]}},{"type":"Feature","properties":{"name":"Bridgwater Road Fields","category":"parks","osm":"way/23567194"},"geometry":{"type":"Point","coordinates":[-0.408422,51.561659]}},{"type":"Feature","properties":{"name":"Brimmington Park","category":"parks","osm":"way/27469296"},"geometry":{"type":"Point","coordinates":[-0.056558,51.478091]}},{"type":"Feature","properties":{"name":"Briset Park","category":"parks","osm":"way/47147684"},"geometry":{"type":"Point","coordinates":[0.040717,51.458178]}},{"type":"Feature","properties":{"name":"Britannia Village Green","category":"parks","osm":"way/25929041"},"geometry":{"type":"Point","coordinates":[0.023725,51.50368]}},{"type":"Feature","properties":{"name":"Broadhurst Gardens","category":"parks","osm":"way/762301022"},"geometry":{"type":"Point","coordinates":[-0.396012,51.569086]}},{"type":"Feature","properties":{"name":"Broadley Street Gardens","category":"parks","osm":"way/27236826"},"geometry":{"type":"Point","coordinates":[-0.169444,51.522233]}},{"type":"Feature","properties":{"name":"Broadstreet Green","category":"parks","osm":"way/1295378854"},"geometry":{"type":"Point","coordinates":[0.059768,51.368511]}},{"type":"Feature","properties":{"name":"Broadway Fields","category":"parks","osm":"way/385057597"},"geometry":{"type":"Point","coordinates":[-0.023008,51.473156]}},{"type":"Feature","properties":{"name":"Broadway Market Green","category":"parks","osm":"way/48714760"},"geometry":{"type":"Point","coordinates":[-0.060482,51.536419]}},{"type":"Feature","properties":{"name":"Brock Place Gardens","category":"parks","osm":"way/430376963"},"geometry":{"type":"Point","coordinates":[-0.018246,51.520507]}},{"type":"Feature","properties":{"name":"Brockwell Park","category":"parks","osm":"relation/3118071"},"geometry":{"type":"Point","coordinates":[-0.106865,51.450541]}},{"type":"Feature","properties":{"name":"Bromley Palace Park","category":"parks","osm":"way/45664089"},"geometry":{"type":"Point","coordinates":[0.022246,51.403148]}},{"type":"Feature","properties":{"name":"Bromley Recreation Ground","category":"parks","osm":"way/24226433"},"geometry":{"type":"Point","coordinates":[-0.013454,51.526634]}},{"type":"Feature","properties":{"name":"Brompton Park","category":"parks","osm":"way/225012737"},"geometry":{"type":"Point","coordinates":[-0.193113,51.483515]}},{"type":"Feature","properties":{"name":"Bromyard Gardens","category":"parks","osm":"way/1263487154"},"geometry":{"type":"Point","coordinates":[-0.25108,51.506921]}},{"type":"Feature","properties":{"name":"Brook Common","category":"parks","osm":"way/23497107"},"geometry":{"type":"Point","coordinates":[-0.399703,51.565396]}},{"type":"Feature","properties":{"name":"Brook Common","category":"parks","osm":"way/23628320"},"geometry":{"type":"Point","coordinates":[-0.392008,51.567888]}},{"type":"Feature","properties":{"name":"Brook Farm Open Space","category":"parks","osm":"way/198677745"},"geometry":{"type":"Point","coordinates":[-0.183175,51.634437]}},{"type":"Feature","properties":{"name":"Brook Green","category":"parks","osm":"way/25605582"},"geometry":{"type":"Point","coordinates":[-0.219806,51.496108]}},{"type":"Feature","properties":{"name":"Brookmill Park","category":"parks","osm":"way/25732846"},"geometry":{"type":"Point","coordinates":[-0.019822,51.470261]}},{"type":"Feature","properties":{"name":"Broom Road Recreation Ground","category":"parks","osm":"way/207880879"},"geometry":{"type":"Point","coordinates":[-0.309159,51.422003]}},{"type":"Feature","properties":{"name":"Broomfield Park","category":"parks","osm":"way/3872808"},"geometry":{"type":"Point","coordinates":[-0.117575,51.618611]}},{"type":"Feature","properties":{"name":"Broomhill Common","category":"parks","osm":"way/338666327"},"geometry":{"type":"Point","coordinates":[0.097704,51.380688]}},{"type":"Feature","properties":{"name":"Broxbourne Gardens","category":"parks","osm":"way/342364997"},"geometry":{"type":"Point","coordinates":[0.093827,51.378816]}},{"type":"Feature","properties":{"name":"Bruce Castle Park","category":"parks","osm":"way/7663708"},"geometry":{"type":"Point","coordinates":[-0.073964,51.600226]}},{"type":"Feature","properties":{"name":"Brunswick Park","category":"parks","osm":"way/4338440"},"geometry":{"type":"Point","coordinates":[-0.075829,51.583215]}},{"type":"Feature","properties":{"name":"Brunswick Park","category":"parks","osm":"way/10277879"},"geometry":{"type":"Point","coordinates":[-0.145552,51.62891]}},{"type":"Feature","properties":{"name":"Brunswick Park","category":"parks","osm":"way/26595608"},"geometry":{"type":"Point","coordinates":[-0.08586,51.475878]}},{"type":"Feature","properties":{"name":"Brunswick Park","category":"parks","osm":"way/123077214"},"geometry":{"type":"Point","coordinates":[-0.142926,51.629398]}},{"type":"Feature","properties":{"name":"Brunswick Square Gardens","category":"parks","osm":"way/55736532"},"geometry":{"type":"Point","coordinates":[-0.12172,51.524468]}},{"type":"Feature","properties":{"name":"Brussels Wharf","category":"parks","osm":"way/306554777"},"geometry":{"type":"Point","coordinates":[-0.051707,51.50793]}},{"type":"Feature","properties":{"name":"Bubridge Gardens Pocket Park","category":"parks","osm":"way/828163818"},"geometry":{"type":"Point","coordinates":[-0.469207,51.5406]}},{"type":"Feature","properties":{"name":"Buccleuch Gardens","category":"parks","osm":"way/48406294"},"geometry":{"type":"Point","coordinates":[-0.302213,51.452409]}},{"type":"Feature","properties":{"name":"Build Up Hackney","category":"parks","osm":"way/273178739"},"geometry":{"type":"Point","coordinates":[-0.045801,51.545152]}},{"type":"Feature","properties":{"name":"Bunhill Fields Burial Ground","category":"parks","osm":"relation/14168519"},"geometry":{"type":"Point","coordinates":[-0.088715,51.523741]}},{"type":"Feature","properties":{"name":"Burder Close Community Space","category":"parks","osm":"way/245293096"},"geometry":{"type":"Point","coordinates":[-0.07744,51.547822]}},{"type":"Feature","properties":{"name":"Burgess Park","category":"parks","osm":"relation/18347320"},"geometry":{"type":"Point","coordinates":[-0.084185,51.483653]}},{"type":"Feature","properties":{"name":"Burnt Oak Lane Open Space","category":"parks","osm":"node/8954753262"},"geometry":{"type":"Point","coordinates":[0.109294,51.442421]}},{"type":"Feature","properties":{"name":"Bursted Woods","category":"parks","osm":"way/115549181"},"geometry":{"type":"Point","coordinates":[0.154948,51.467388]}},{"type":"Feature","properties":{"name":"Burton Court","category":"parks","osm":"way/5318737"},"geometry":{"type":"Point","coordinates":[-0.159747,51.488335]}},{"type":"Feature","properties":{"name":"Bury Lodge Park","category":"parks","osm":"way/52098449"},"geometry":{"type":"Point","coordinates":[-0.07569,51.633526]}},{"type":"Feature","properties":{"name":"Bush Hill Gardens","category":"parks","osm":"way/150974755"},"geometry":{"type":"Point","coordinates":[-0.081457,51.637411]}},{"type":"Feature","properties":{"name":"Bush Hill Park","category":"parks","osm":"way/2903398"},"geometry":{"type":"Point","coordinates":[-0.068184,51.648801]}},{"type":"Feature","properties":{"name":"Bushy Park","category":"parks","osm":"way/158748808"},"geometry":{"type":"Point","coordinates":[-0.335667,51.41683]}},{"type":"Feature","properties":{"name":"Butlers Green","category":"parks","osm":"way/4874264"},"geometry":{"type":"Point","coordinates":[-0.318281,51.556872]}},{"type":"Feature","properties":{"name":"Buttercup Field","category":"parks","osm":"way/592435549"},"geometry":{"type":"Point","coordinates":[-0.186822,51.634514]}},{"type":"Feature","properties":{"name":"Butterfield Green","category":"parks","osm":"relation/6151536"},"geometry":{"type":"Point","coordinates":[-0.081032,51.554279]}},{"type":"Feature","properties":{"name":"Butts Farm Estate Park","category":"parks","osm":"way/675595315"},"geometry":{"type":"Point","coordinates":[-0.378778,51.440912]}},{"type":"Feature","properties":{"name":"Byng Road Playing Fields","category":"parks","osm":"way/105704687"},"geometry":{"type":"Point","coordinates":[-0.215806,51.660151]}},{"type":"Feature","properties":{"name":"Byron Recreation Ground","category":"parks","osm":"way/8119370"},"geometry":{"type":"Point","coordinates":[-0.326194,51.594029]}},{"type":"Feature","properties":{"name":"Cage Park","category":"parks","osm":"way/681183193"},"geometry":{"type":"Point","coordinates":[-0.424356,51.451725]}},{"type":"Feature","properties":{"name":"Caledonian Park","category":"parks","osm":"way/17999028"},"geometry":{"type":"Point","coordinates":[-0.123344,51.546638]}},{"type":"Feature","properties":{"name":"Calypso Gardens","category":"parks","osm":"way/30409859"},"geometry":{"type":"Point","coordinates":[-0.077934,51.479335]}},{"type":"Feature","properties":{"name":"Camberwell Green","category":"parks","osm":"way/9384065"},"geometry":{"type":"Point","coordinates":[-0.092561,51.474902]}},{"type":"Feature","properties":{"name":"Cambrian Gardens","category":"parks","osm":"way/582658907"},"geometry":{"type":"Point","coordinates":[-0.020334,51.569274]}},{"type":"Feature","properties":{"name":"Cambridge Gardens","category":"parks","osm":"way/23556216"},"geometry":{"type":"Point","coordinates":[-0.306565,51.456177]}},{"type":"Feature","properties":{"name":"Cambridge Gardens","category":"parks","osm":"way/34831970"},"geometry":{"type":"Point","coordinates":[-0.193563,51.534123]}},{"type":"Feature","properties":{"name":"Camden Gardens","category":"parks","osm":"way/79812484"},"geometry":{"type":"Point","coordinates":[-0.141451,51.542117]}},{"type":"Feature","properties":{"name":"Camden Road Open Space","category":"parks","osm":"way/909956323"},"geometry":{"type":"Point","coordinates":[-0.118186,51.555375]}},{"type":"Feature","properties":{"name":"Camden Square Gardens","category":"parks","osm":"way/1240214681"},"geometry":{"type":"Point","coordinates":[-0.131665,51.545011]}},{"type":"Feature","properties":{"name":"Canada Gardens - Play Area","category":"parks","osm":"way/1340893634"},"geometry":{"type":"Point","coordinates":[-0.276314,51.557782]}},{"type":"Feature","properties":{"name":"Canada Square Park","category":"parks","osm":"way/183242125"},"geometry":{"type":"Point","coordinates":[-0.017937,51.50476]}},{"type":"Feature","properties":{"name":"Canal Park","category":"parks","osm":"way/329982358"},"geometry":{"type":"Point","coordinates":[-0.023271,51.544612]}},{"type":"Feature","properties":{"name":"Canal Park (North)","category":"parks","osm":"way/329985388"},"geometry":{"type":"Point","coordinates":[-0.023867,51.545944]}},{"type":"Feature","properties":{"name":"Canal Walk","category":"parks","osm":"way/997674933"},"geometry":{"type":"Point","coordinates":[-0.043318,51.588671]}},{"type":"Feature","properties":{"name":"Canal Walk","category":"parks","osm":"way/997674934"},"geometry":{"type":"Point","coordinates":[-0.041889,51.588694]}},{"type":"Feature","properties":{"name":"Canalside Square","category":"parks","osm":"way/452901711"},"geometry":{"type":"Point","coordinates":[-0.094782,51.534576]}},{"type":"Feature","properties":{"name":"Canalway Park","category":"parks","osm":"way/235477793"},"geometry":{"type":"Point","coordinates":[-0.368446,51.500098]}},{"type":"Feature","properties":{"name":"Canary Central","category":"parks","osm":"way/475135541"},"geometry":{"type":"Point","coordinates":[-0.021906,51.498098]}},{"type":"Feature","properties":{"name":"Canbury Gardens","category":"parks","osm":"way/26726858"},"geometry":{"type":"Point","coordinates":[-0.306057,51.417298]}},{"type":"Feature","properties":{"name":"Cann Hall Park","category":"parks","osm":"way/224178089"},"geometry":{"type":"Point","coordinates":[0.015721,51.557447]}},{"type":"Feature","properties":{"name":"Canning Town Recreation Ground","category":"parks","osm":"way/25906634"},"geometry":{"type":"Point","coordinates":[0.02858,51.515917]}},{"type":"Feature","properties":{"name":"Cannizaro Park","category":"parks","osm":"way/153276519"},"geometry":{"type":"Point","coordinates":[-0.23093,51.423489]}},{"type":"Feature","properties":{"name":"Cannon Hill Common","category":"parks","osm":"way/699121062"},"geometry":{"type":"Point","coordinates":[-0.221012,51.400704]}},{"type":"Feature","properties":{"name":"Canons Park","category":"parks","osm":"way/11846374"},"geometry":{"type":"Point","coordinates":[-0.293975,51.610995]}},{"type":"Feature","properties":{"name":"Cantelowes Gardens","category":"parks","osm":"way/23035934"},"geometry":{"type":"Point","coordinates":[-0.133389,51.546871]}},{"type":"Feature","properties":{"name":"Cardinal Place Roof Gaeden","category":"parks","osm":"relation/20172284"},"geometry":{"type":"Point","coordinates":[-0.14117,51.497834]}},{"type":"Feature","properties":{"name":"Carlisle Park","category":"parks","osm":"way/3430579"},"geometry":{"type":"Point","coordinates":[-0.367599,51.420974]}},{"type":"Feature","properties":{"name":"Carlton Square","category":"parks","osm":"way/958880043"},"geometry":{"type":"Point","coordinates":[-0.045841,51.524026]}},{"type":"Feature","properties":{"name":"Carlton Square Gardens","category":"parks","osm":"way/10811445"},"geometry":{"type":"Point","coordinates":[-0.044862,51.523894]}},{"type":"Feature","properties":{"name":"Carnwath Wharf Riverside","category":"parks","osm":"way/1475971974"},"geometry":{"type":"Point","coordinates":[-0.194157,51.465084]}},{"type":"Feature","properties":{"name":"Carshalton Park","category":"parks","osm":"way/4895985"},"geometry":{"type":"Point","coordinates":[-0.161341,51.361634]}},{"type":"Feature","properties":{"name":"Carter Lane Gardens","category":"parks","osm":"way/49780449"},"geometry":{"type":"Point","coordinates":[-0.098225,51.513073]}},{"type":"Feature","properties":{"name":"Cartwright Gardens","category":"parks","osm":"way/803099035"},"geometry":{"type":"Point","coordinates":[-0.126728,51.526859]}},{"type":"Feature","properties":{"name":"Carville Hall Park North","category":"parks","osm":"way/22702427"},"geometry":{"type":"Point","coordinates":[-0.2966,51.492288]}},{"type":"Feature","properties":{"name":"Carville Hall Park South","category":"parks","osm":"way/23688098"},"geometry":{"type":"Point","coordinates":[-0.296445,51.490634]}},{"type":"Feature","properties":{"name":"Castle Green","category":"parks","osm":"way/13511298"},"geometry":{"type":"Point","coordinates":[0.121852,51.533068]}},{"type":"Feature","properties":{"name":"Castlebar Park","category":"parks","osm":"way/224260901"},"geometry":{"type":"Point","coordinates":[-0.330485,51.522583]}},{"type":"Feature","properties":{"name":"Castlehaven Community Park","category":"parks","osm":"way/344619619"},"geometry":{"type":"Point","coordinates":[-0.145083,51.543033]}},{"type":"Feature","properties":{"name":"Castlehaven Open Space","category":"parks","osm":"way/58882796"},"geometry":{"type":"Point","coordinates":[-0.145351,51.542548]}},{"type":"Feature","properties":{"name":"Cathall Green","category":"parks","osm":"way/191388564"},"geometry":{"type":"Point","coordinates":[0.00288,51.559744]}},{"type":"Feature","properties":{"name":"Cathnor Park","category":"parks","osm":"way/25366365"},"geometry":{"type":"Point","coordinates":[-0.236685,51.502683]}},{"type":"Feature","properties":{"name":"Catholic Central Library Gardens","category":"parks","osm":"way/107021624"},"geometry":{"type":"Point","coordinates":[-0.131031,51.528762]}},{"type":"Feature","properties":{"name":"Catlin's Lane Open Space","category":"parks","osm":"way/1113390127"},"geometry":{"type":"Point","coordinates":[-0.39833,51.592444]}},{"type":"Feature","properties":{"name":"Cator Park","category":"parks","osm":"way/31179371"},"geometry":{"type":"Point","coordinates":[-0.040003,51.414271]}},{"type":"Feature","properties":{"name":"Cator Park","category":"parks","osm":"relation/14550287"},"geometry":{"type":"Point","coordinates":[0.026853,51.459828]}},{"type":"Feature","properties":{"name":"Causton Street Playground","category":"parks","osm":"way/4259910"},"geometry":{"type":"Point","coordinates":[-0.131187,51.490944]}},{"type":"Feature","properties":{"name":"Cavell Street Gardens","category":"parks","osm":"way/395902212"},"geometry":{"type":"Point","coordinates":[-0.056888,51.515601]}},{"type":"Feature","properties":{"name":"Cavendish Square","category":"parks","osm":"way/148004650"},"geometry":{"type":"Point","coordinates":[-0.145032,51.516508]}},{"type":"Feature","properties":{"name":"Cayton Green Park","category":"parks","osm":"way/5655406"},"geometry":{"type":"Point","coordinates":[-0.34082,51.537517]}},{"type":"Feature","properties":{"name":"Cedar Park","category":"parks","osm":"way/426126355"},"geometry":{"type":"Point","coordinates":[-0.106503,51.424927]}},{"type":"Feature","properties":{"name":"Cely Woods","category":"parks","osm":"way/183481276"},"geometry":{"type":"Point","coordinates":[0.244703,51.523491]}},{"type":"Feature","properties":{"name":"Centenary Park","category":"parks","osm":"way/9545952"},"geometry":{"type":"Point","coordinates":[-0.30377,51.599166]}},{"type":"Feature","properties":{"name":"Central Gardens","category":"parks","osm":"way/987188307"},"geometry":{"type":"Point","coordinates":[-0.14672,51.47887]}},{"type":"Feature","properties":{"name":"Central Gardens","category":"parks","osm":"way/1511122516"},"geometry":{"type":"Point","coordinates":[-0.387937,51.506625]}},{"type":"Feature","properties":{"name":"Central Park","category":"parks","osm":"way/4891492"},"geometry":{"type":"Point","coordinates":[0.22932,51.607172]}},{"type":"Feature","properties":{"name":"Central Park","category":"parks","osm":"way/16290302"},"geometry":{"type":"Point","coordinates":[0.008718,51.497713]}},{"type":"Feature","properties":{"name":"Central Park","category":"parks","osm":"way/17710495"},"geometry":{"type":"Point","coordinates":[0.166003,51.558371]}},{"type":"Feature","properties":{"name":"Central Park","category":"parks","osm":"way/24707433"},"geometry":{"type":"Point","coordinates":[0.052267,51.529322]}},{"type":"Feature","properties":{"name":"Central Park","category":"parks","osm":"way/380070497"},"geometry":{"type":"Point","coordinates":[0.011034,51.495716]}},{"type":"Feature","properties":{"name":"Central Park","category":"parks","osm":"way/1053086493"},"geometry":{"type":"Point","coordinates":[0.073618,51.531878]}},{"type":"Feature","properties":{"name":"Central Park West","category":"parks","osm":"relation/17478052"},"geometry":{"type":"Point","coordinates":[0.162419,51.525273]}},{"type":"Feature","properties":{"name":"Central Park West","category":"parks","osm":"relation/17694192"},"geometry":{"type":"Point","coordinates":[0.162972,51.526327]}},{"type":"Feature","properties":{"name":"Central Venture Park","category":"parks","osm":"way/35475594"},"geometry":{"type":"Point","coordinates":[-0.076052,51.476213]}},{"type":"Feature","properties":{"name":"Centre for Wildlife Gardening","category":"parks","osm":"way/4652261"},"geometry":{"type":"Point","coordinates":[-0.075131,51.462899]}},{"type":"Feature","properties":{"name":"Cerebos Gardens","category":"parks","osm":"way/1364810108"},"geometry":{"type":"Point","coordinates":[-0.252246,51.527527]}},{"type":"Feature","properties":{"name":"Chalcot Square Gardens","category":"parks","osm":"way/79813282"},"geometry":{"type":"Point","coordinates":[-0.155215,51.541117]}},{"type":"Feature","properties":{"name":"Chalkhill Park","category":"parks","osm":"way/461258873"},"geometry":{"type":"Point","coordinates":[-0.273611,51.562782]}},{"type":"Feature","properties":{"name":"Chambers Road Park","category":"parks","osm":"way/866724163"},"geometry":{"type":"Point","coordinates":[-0.122555,51.555818]}},{"type":"Feature","properties":{"name":"Champions Wharf","category":"parks","osm":"way/233452242"},"geometry":{"type":"Point","coordinates":[-0.324709,51.44658]}},{"type":"Feature","properties":{"name":"Chandos Recreation Ground","category":"parks","osm":"way/490347122"},"geometry":{"type":"Point","coordinates":[-0.283182,51.60552]}},{"type":"Feature","properties":{"name":"Chandos Road Open Space","category":"parks","osm":"way/25644469"},"geometry":{"type":"Point","coordinates":[-0.001334,51.550716]}},{"type":"Feature","properties":{"name":"Channel 4 Park","category":"parks","osm":"way/28418911"},"geometry":{"type":"Point","coordinates":[-0.13231,51.495849]}},{"type":"Feature","properties":{"name":"Channelsea Path","category":"parks","osm":"way/117416339"},"geometry":{"type":"Point","coordinates":[-0.000368,51.534065]}},{"type":"Feature","properties":{"name":"Chapman's Green","category":"parks","osm":"way/589438012"},"geometry":{"type":"Point","coordinates":[-0.099865,51.600149]}},{"type":"Feature","properties":{"name":"Charles Square","category":"parks","osm":"way/26980313"},"geometry":{"type":"Point","coordinates":[-0.084583,51.527107]}},{"type":"Feature","properties":{"name":"Charlotte Turner Gardens","category":"parks","osm":"way/52597625"},"geometry":{"type":"Point","coordinates":[-0.024699,51.482369]}},{"type":"Feature","properties":{"name":"Charlottenburg Park","category":"parks","osm":"way/479395647"},"geometry":{"type":"Point","coordinates":[-0.033287,51.479186]}},{"type":"Feature","properties":{"name":"Charlton Park","category":"parks","osm":"way/162578781"},"geometry":{"type":"Point","coordinates":[0.043908,51.480502]}},{"type":"Feature","properties":{"name":"Chase Lane Park","category":"parks","osm":"way/23089249"},"geometry":{"type":"Point","coordinates":[-0.026051,51.615207]}},{"type":"Feature","properties":{"name":"Chase Lodge Playing Field","category":"parks","osm":"relation/7407061"},"geometry":{"type":"Point","coordinates":[-0.23002,51.60711]}},{"type":"Feature","properties":{"name":"Chaucer Gardens","category":"parks","osm":"way/729147463"},"geometry":{"type":"Point","coordinates":[-0.068166,51.514248]}},{"type":"Feature","properties":{"name":"Cheam Park","category":"parks","osm":"way/5243865"},"geometry":{"type":"Point","coordinates":[-0.221475,51.359293]}},{"type":"Feature","properties":{"name":"Cheam Recreation Ground","category":"parks","osm":"way/5243866"},"geometry":{"type":"Point","coordinates":[-0.22363,51.362324]}},{"type":"Feature","properties":{"name":"Cheam War Memorial","category":"parks","osm":"way/5247415"},"geometry":{"type":"Point","coordinates":[-0.217009,51.360076]}},{"type":"Feature","properties":{"name":"Chelmsford Square Tennis Courts & Gardens","category":"parks","osm":"way/4242918"},"geometry":{"type":"Point","coordinates":[-0.225981,51.538513]}},{"type":"Feature","properties":{"name":"Chelsea Quay","category":"parks","osm":"way/1347515789"},"geometry":{"type":"Point","coordinates":[-0.153995,51.484908]}},{"type":"Feature","properties":{"name":"Chelsfield Green","category":"parks","osm":"way/1021111826"},"geometry":{"type":"Point","coordinates":[0.115038,51.358059]}},{"type":"Feature","properties":{"name":"Cheney Row Park","category":"parks","osm":"way/15975245"},"geometry":{"type":"Point","coordinates":[-0.028516,51.601915]}},{"type":"Feature","properties":{"name":"Cherry Tree Wood","category":"parks","osm":"way/36798771"},"geometry":{"type":"Point","coordinates":[-0.160415,51.585627]}},{"type":"Feature","properties":{"name":"Chester Road Park","category":"parks","osm":"way/19831109"},"geometry":{"type":"Point","coordinates":[-0.404627,51.4711]}},{"type":"Feature","properties":{"name":"Chestnuts Park","category":"parks","osm":"way/4274490"},"geometry":{"type":"Point","coordinates":[-0.089671,51.582645]}},{"type":"Feature","properties":{"name":"Cheyne Walk Open Space","category":"parks","osm":"way/1219076295"},"geometry":{"type":"Point","coordinates":[-0.098017,51.647267]}},{"type":"Feature","properties":{"name":"Chicksand Street Park","category":"parks","osm":"way/720155128"},"geometry":{"type":"Point","coordinates":[-0.069682,51.5188]}},{"type":"Feature","properties":{"name":"Chiddingfold","category":"parks","osm":"way/512156444"},"geometry":{"type":"Point","coordinates":[-0.190254,51.623309]}},{"type":"Feature","properties":{"name":"Childs Hill Park","category":"parks","osm":"way/4364957"},"geometry":{"type":"Point","coordinates":[-0.201044,51.567201]}},{"type":"Feature","properties":{"name":"Chiltern Green","category":"parks","osm":"way/50827525"},"geometry":{"type":"Point","coordinates":[-0.020333,51.522483]}},{"type":"Feature","properties":{"name":"Chilworth Green","category":"parks","osm":"way/528878194"},"geometry":{"type":"Point","coordinates":[0.104978,51.522082]}},{"type":"Feature","properties":{"name":"Chinbrook Meadows","category":"parks","osm":"relation/20586110"},"geometry":{"type":"Point","coordinates":[0.028536,51.428217]}},{"type":"Feature","properties":{"name":"Chislehurst Recreation Ground","category":"parks","osm":"way/596944151"},"geometry":{"type":"Point","coordinates":[0.061585,51.418107]}},{"type":"Feature","properties":{"name":"Chiswick Back Common","category":"parks","osm":"way/9184779"},"geometry":{"type":"Point","coordinates":[-0.257807,51.494167]}},{"type":"Feature","properties":{"name":"Chiswick House and Grounds","category":"parks","osm":"relation/8048639"},"geometry":{"type":"Point","coordinates":[-0.260472,51.484688]}},{"type":"Feature","properties":{"name":"Chiswick Rugby Football Club","category":"parks","osm":"way/13891699"},"geometry":{"type":"Point","coordinates":[-0.261423,51.474765]}},{"type":"Feature","properties":{"name":"Chiswick Village Green","category":"parks","osm":"way/24817859"},"geometry":{"type":"Point","coordinates":[-0.278135,51.48771]}},{"type":"Feature","properties":{"name":"Christ Church Churchyard","category":"parks","osm":"way/419932886"},"geometry":{"type":"Point","coordinates":[-0.073376,51.51881]}},{"type":"Feature","properties":{"name":"Christ Church Garden","category":"parks","osm":"way/28966973"},"geometry":{"type":"Point","coordinates":[-0.105259,51.506145]}},{"type":"Feature","properties":{"name":"Christchurch Gardens","category":"parks","osm":"way/4258095"},"geometry":{"type":"Point","coordinates":[-0.134494,51.498113]}},{"type":"Feature","properties":{"name":"Christchurch Green","category":"parks","osm":"way/577620631"},"geometry":{"type":"Point","coordinates":[0.024362,51.577135]}},{"type":"Feature","properties":{"name":"Church End Gardens","category":"parks","osm":"way/512103598"},"geometry":{"type":"Point","coordinates":[-0.197078,51.599924]}},{"type":"Feature","properties":{"name":"Church Fields","category":"parks","osm":"way/4090241"},"geometry":{"type":"Point","coordinates":[-0.341345,51.574381]}},{"type":"Feature","properties":{"name":"Church Green","category":"parks","osm":"node/13526930459"},"geometry":{"type":"Point","coordinates":[-0.020575,51.51241]}},{"type":"Feature","properties":{"name":"Church Green","category":"parks","osm":"way/911044739"},"geometry":{"type":"Point","coordinates":[-0.020476,51.512455]}},{"type":"Feature","properties":{"name":"Church House Gardens","category":"parks","osm":"way/34777241"},"geometry":{"type":"Point","coordinates":[0.012538,51.403305]}},{"type":"Feature","properties":{"name":"Church Lane Recreation Ground","category":"parks","osm":"way/469492278"},"geometry":{"type":"Point","coordinates":[-0.25991,51.579029]}},{"type":"Feature","properties":{"name":"Church Street Gardens","category":"parks","osm":"way/24269914"},"geometry":{"type":"Point","coordinates":[-0.085279,51.560551]}},{"type":"Feature","properties":{"name":"Church Yard of St Mary Aldermanbury","category":"parks","osm":"way/164202180"},"geometry":{"type":"Point","coordinates":[-0.093095,51.516475]}},{"type":"Feature","properties":{"name":"Churchfield Recreation Ground","category":"parks","osm":"way/10045053"},"geometry":{"type":"Point","coordinates":[-0.069296,51.63163]}},{"type":"Feature","properties":{"name":"Churchfields","category":"parks","osm":"way/25396240"},"geometry":{"type":"Point","coordinates":[0.025509,51.599177]}},{"type":"Feature","properties":{"name":"Churchfields Recreation Ground","category":"parks","osm":"way/27273406"},"geometry":{"type":"Point","coordinates":[-0.045338,51.405075]}},{"type":"Feature","properties":{"name":"Churchill Road Pocket Park","category":"parks","osm":"way/828163820"},"geometry":{"type":"Point","coordinates":[-0.470564,51.538684]}},{"type":"Feature","properties":{"name":"Churchyard of St. Ann Blackfriars","category":"parks","osm":"way/40498332"},"geometry":{"type":"Point","coordinates":[-0.102392,51.513174]}},{"type":"Feature","properties":{"name":"Cigarette Island Park","category":"parks","osm":"way/4490511"},"geometry":{"type":"Point","coordinates":[-0.340599,51.402169]}},{"type":"Feature","properties":{"name":"Clapham Common","category":"parks","osm":"relation/1290065"},"geometry":{"type":"Point","coordinates":[-0.150297,51.458103]}},{"type":"Feature","properties":{"name":"Clapton Common","category":"parks","osm":"relation/10334824"},"geometry":{"type":"Point","coordinates":[-0.065355,51.571193]}},{"type":"Feature","properties":{"name":"Clapton Pond","category":"parks","osm":"relation/14331612"},"geometry":{"type":"Point","coordinates":[-0.055152,51.556446]}},{"type":"Feature","properties":{"name":"Clapton Square","category":"parks","osm":"way/5942883"},"geometry":{"type":"Point","coordinates":[-0.053888,51.550991]}},{"type":"Feature","properties":{"name":"Clara Grant Green","category":"parks","osm":"way/50825770"},"geometry":{"type":"Point","coordinates":[-0.020885,51.52141]}},{"type":"Feature","properties":{"name":"Claremont Gardens","category":"parks","osm":"way/33743209"},"geometry":{"type":"Point","coordinates":[-0.304458,51.395518]}},{"type":"Feature","properties":{"name":"Claremont Park","category":"parks","osm":"way/1150937365"},"geometry":{"type":"Point","coordinates":[-0.22152,51.570114]}},{"type":"Feature","properties":{"name":"Claybury Park","category":"parks","osm":"way/202992027"},"geometry":{"type":"Point","coordinates":[0.066367,51.600951]}},{"type":"Feature","properties":{"name":"Clayhall Park","category":"parks","osm":"way/147395361"},"geometry":{"type":"Point","coordinates":[0.060049,51.58493]}},{"type":"Feature","properties":{"name":"Claylands Road Open Space","category":"parks","osm":"way/295917329"},"geometry":{"type":"Point","coordinates":[-0.116075,51.481362]}},{"type":"Feature","properties":{"name":"Clayponds Recreation Ground","category":"parks","osm":"way/241028370"},"geometry":{"type":"Point","coordinates":[-0.304779,51.495216]}},{"type":"Feature","properties":{"name":"Clayton Gardens","category":"parks","osm":"way/1230108934"},"geometry":{"type":"Point","coordinates":[-0.24814,51.512597]}},{"type":"Feature","properties":{"name":"Clears Croft","category":"parks","osm":"way/166268959"},"geometry":{"type":"Point","coordinates":[-0.063838,51.348328]}},{"type":"Feature","properties":{"name":"Cleaver Square","category":"parks","osm":"way/24398443"},"geometry":{"type":"Point","coordinates":[-0.108632,51.487709]}},{"type":"Feature","properties":{"name":"Cleveland Park","category":"parks","osm":"way/44061612"},"geometry":{"type":"Point","coordinates":[-0.322391,51.523037]}},{"type":"Feature","properties":{"name":"Clissold Park","category":"parks","osm":"way/4481793"},"geometry":{"type":"Point","coordinates":[-0.087789,51.560993]}},{"type":"Feature","properties":{"name":"Clitterhouse Playing Fields","category":"parks","osm":"way/4267353"},"geometry":{"type":"Point","coordinates":[-0.214879,51.569267]}},{"type":"Feature","properties":{"name":"Clockhouse Gardens","category":"parks","osm":"way/56229306"},"geometry":{"type":"Point","coordinates":[0.254447,51.556101]}},{"type":"Feature","properties":{"name":"Clockhouse Lane Park","category":"parks","osm":"way/224658768"},"geometry":{"type":"Point","coordinates":[-0.453634,51.434756]}},{"type":"Feature","properties":{"name":"Cody Dock","category":"parks","osm":"way/361315711"},"geometry":{"type":"Point","coordinates":[-0.003197,51.519031]}},{"type":"Feature","properties":{"name":"Coldharbour Lane Open Space","category":"parks","osm":"way/497692655"},"geometry":{"type":"Point","coordinates":[-0.108848,51.462419]}},{"type":"Feature","properties":{"name":"Colindale Park","category":"parks","osm":"way/22627972"},"geometry":{"type":"Point","coordinates":[-0.249296,51.594124]}},{"type":"Feature","properties":{"name":"College Garden","category":"parks","osm":"relation/9346125"},"geometry":{"type":"Point","coordinates":[-0.127001,51.497995]}},{"type":"Feature","properties":{"name":"College Gardens","category":"parks","osm":"way/355162535"},"geometry":{"type":"Point","coordinates":[-0.139705,51.543592]}},{"type":"Feature","properties":{"name":"College Green","category":"parks","osm":"way/4259627"},"geometry":{"type":"Point","coordinates":[-0.126139,51.498092]}},{"type":"Feature","properties":{"name":"College Green","category":"parks","osm":"way/484423914"},"geometry":{"type":"Point","coordinates":[0.013405,51.408167]}},{"type":"Feature","properties":{"name":"Colliers Wood Recreation Ground","category":"parks","osm":"way/13866245"},"geometry":{"type":"Point","coordinates":[-0.172926,51.417873]}},{"type":"Feature","properties":{"name":"Collingwood Recreation Ground","category":"parks","osm":"way/24532778"},"geometry":{"type":"Point","coordinates":[-0.203771,51.368562]}},{"type":"Feature","properties":{"name":"Columbia Avenue Recreation Ground","category":"parks","osm":"way/24038527"},"geometry":{"type":"Point","coordinates":[-0.400216,51.575434]}},{"type":"Feature","properties":{"name":"Columbia Gardens","category":"parks","osm":"way/951206256"},"geometry":{"type":"Point","coordinates":[-0.195482,51.486448]}},{"type":"Feature","properties":{"name":"Colville Square Gardens","category":"parks","osm":"way/23591871"},"geometry":{"type":"Point","coordinates":[-0.203741,51.515671]}},{"type":"Feature","properties":{"name":"Communal Garden Square","category":"parks","osm":"way/603730256"},"geometry":{"type":"Point","coordinates":[-0.22583,51.466508]}},{"type":"Feature","properties":{"name":"Community Garden","category":"parks","osm":"way/231867400"},"geometry":{"type":"Point","coordinates":[-0.09138,51.532562]}},{"type":"Feature","properties":{"name":"Compton Gardens","category":"parks","osm":"way/1009107238"},"geometry":{"type":"Point","coordinates":[-0.014818,51.502498]}},{"type":"Feature","properties":{"name":"Compton Park","category":"parks","osm":"way/151776974"},"geometry":{"type":"Point","coordinates":[-0.101033,51.52546]}},{"type":"Feature","properties":{"name":"Coney Green","category":"parks","osm":"way/495226104"},"geometry":{"type":"Point","coordinates":[-0.458913,51.533871]}},{"type":"Feature","properties":{"name":"Confluence Park","category":"parks","osm":"way/783876180"},"geometry":{"type":"Point","coordinates":[-0.011955,51.464823]}},{"type":"Feature","properties":{"name":"Connaught Recreation Ground","category":"parks","osm":"way/113758002"},"geometry":{"type":"Point","coordinates":[-0.444054,51.527096]}},{"type":"Feature","properties":{"name":"Conolly Dell","category":"parks","osm":"way/5088428"},"geometry":{"type":"Point","coordinates":[-0.341377,51.510732]}},{"type":"Feature","properties":{"name":"Consort Park","category":"parks","osm":"way/25756980"},"geometry":{"type":"Point","coordinates":[-0.061096,51.468375]}},{"type":"Feature","properties":{"name":"Coppermill Fields","category":"parks","osm":"way/24420060"},"geometry":{"type":"Point","coordinates":[-0.049839,51.574042]}},{"type":"Feature","properties":{"name":"Coppermill Park and Gardens","category":"parks","osm":"way/377882881"},"geometry":{"type":"Point","coordinates":[-0.039855,51.580644]}},{"type":"Feature","properties":{"name":"Copthall Playing Fields","category":"parks","osm":"way/19248004"},"geometry":{"type":"Point","coordinates":[-0.227858,51.601705]}},{"type":"Feature","properties":{"name":"Coram's Fields","category":"parks","osm":"way/55737057"},"geometry":{"type":"Point","coordinates":[-0.119992,51.524401]}},{"type":"Feature","properties":{"name":"Corinthian Square","category":"parks","osm":"way/841023717"},"geometry":{"type":"Point","coordinates":[0.029073,51.500527]}},{"type":"Feature","properties":{"name":"Cornmill Gardens","category":"parks","osm":"way/42959066"},"geometry":{"type":"Point","coordinates":[-0.01415,51.463309]}},{"type":"Feature","properties":{"name":"Cornwallis Square","category":"parks","osm":"way/34115411"},"geometry":{"type":"Point","coordinates":[-0.124074,51.564495]}},{"type":"Feature","properties":{"name":"Coronation Gardens","category":"parks","osm":"way/5084450"},"geometry":{"type":"Point","coordinates":[-0.010899,51.559392]}},{"type":"Feature","properties":{"name":"Coronation Gardens","category":"parks","osm":"way/185966882"},"geometry":{"type":"Point","coordinates":[-0.200081,51.446488]}},{"type":"Feature","properties":{"name":"Corrigan Recreation Ground","category":"parks","osm":"way/264140470"},"geometry":{"type":"Point","coordinates":[-0.161611,51.324943]}},{"type":"Feature","properties":{"name":"Cossall Park","category":"parks","osm":"way/26638643"},"geometry":{"type":"Point","coordinates":[-0.062504,51.472102]}},{"type":"Feature","properties":{"name":"Cottenham Park","category":"parks","osm":"way/5228085"},"geometry":{"type":"Point","coordinates":[-0.236814,51.413728]}},{"type":"Feature","properties":{"name":"Cottons Park","category":"parks","osm":"way/22793830"},"geometry":{"type":"Point","coordinates":[0.172588,51.5762]}},{"type":"Feature","properties":{"name":"Coulsdon Common","category":"parks","osm":"way/181643010"},"geometry":{"type":"Point","coordinates":[-0.104201,51.297223]}},{"type":"Feature","properties":{"name":"Coulsdon Memorial Ground","category":"parks","osm":"way/19801622"},"geometry":{"type":"Point","coordinates":[-0.134375,51.315005]}},{"type":"Feature","properties":{"name":"Cowley Recreation Ground","category":"parks","osm":"relation/12627106"},"geometry":{"type":"Point","coordinates":[-0.483661,51.527162]}},{"type":"Feature","properties":{"name":"Cowley Road Open Space","category":"parks","osm":"way/1008718546"},"geometry":{"type":"Point","coordinates":[-0.110777,51.474902]}},{"type":"Feature","properties":{"name":"Cowslip Meadow","category":"parks","osm":"way/412915364"},"geometry":{"type":"Point","coordinates":[-0.029794,51.5187]}},{"type":"Feature","properties":{"name":"Crabtree Fields","category":"parks","osm":"way/4272920"},"geometry":{"type":"Point","coordinates":[-0.134561,51.519238]}},{"type":"Feature","properties":{"name":"Craig Park","category":"parks","osm":"way/4078566"},"geometry":{"type":"Point","coordinates":[-0.057401,51.615547]}},{"type":"Feature","properties":{"name":"Cranbrook Park","category":"parks","osm":"way/38762543"},"geometry":{"type":"Point","coordinates":[-0.10752,51.598957]}},{"type":"Feature","properties":{"name":"Crane Meadows","category":"parks","osm":"way/1211903562"},"geometry":{"type":"Point","coordinates":[-0.422717,51.49161]}},{"type":"Feature","properties":{"name":"Crane Park","category":"parks","osm":"way/7945984"},"geometry":{"type":"Point","coordinates":[-0.357631,51.443999]}},{"type":"Feature","properties":{"name":"Crane Park","category":"parks","osm":"way/23060032"},"geometry":{"type":"Point","coordinates":[-0.375631,51.443355]}},{"type":"Feature","properties":{"name":"Crane Park","category":"parks","osm":"way/29429448"},"geometry":{"type":"Point","coordinates":[-0.359824,51.4424]}},{"type":"Feature","properties":{"name":"Crane Park","category":"parks","osm":"way/343271796"},"geometry":{"type":"Point","coordinates":[-0.365833,51.441895]}},{"type":"Feature","properties":{"name":"Crane Park - Willow Way","category":"parks","osm":"way/849795021"},"geometry":{"type":"Point","coordinates":[-0.366091,51.44122]}},{"type":"Feature","properties":{"name":"Craneford Way","category":"parks","osm":"way/7945971"},"geometry":{"type":"Point","coordinates":[-0.341184,51.44893]}},{"type":"Feature","properties":{"name":"Craneford Way Wild Park","category":"parks","osm":"way/1061929147"},"geometry":{"type":"Point","coordinates":[-0.342186,51.450143]}},{"type":"Feature","properties":{"name":"Cranford Country Park","category":"parks","osm":"way/4245003"},"geometry":{"type":"Point","coordinates":[-0.416742,51.490124]}},{"type":"Feature","properties":{"name":"Cranham Brickfields","category":"parks","osm":"way/56314759"},"geometry":{"type":"Point","coordinates":[0.27915,51.565656]}},{"type":"Feature","properties":{"name":"Crank Garden","category":"parks","osm":"way/466198267"},"geometry":{"type":"Point","coordinates":[-0.475056,51.533474]}},{"type":"Feature","properties":{"name":"Cranleigh Gardens","category":"parks","osm":"way/230483524"},"geometry":{"type":"Point","coordinates":[-0.377258,51.520445]}},{"type":"Feature","properties":{"name":"Crayford Way parkland","category":"parks","osm":"way/681590413"},"geometry":{"type":"Point","coordinates":[0.188085,51.454947]}},{"type":"Feature","properties":{"name":"Crease Park","category":"parks","osm":"way/14757743"},"geometry":{"type":"Point","coordinates":[-0.03054,51.397547]}},{"type":"Feature","properties":{"name":"Creekmouth Open Space","category":"parks","osm":"way/583209901"},"geometry":{"type":"Point","coordinates":[0.09755,51.516364]}},{"type":"Feature","properties":{"name":"Cremorne Gardens","category":"parks","osm":"way/37798918"},"geometry":{"type":"Point","coordinates":[-0.178352,51.479657]}},{"type":"Feature","properties":{"name":"Crescent Gardens","category":"parks","osm":"way/816866223"},"geometry":{"type":"Point","coordinates":[-0.109917,51.600888]}},{"type":"Feature","properties":{"name":"Crescent Gardens","category":"parks","osm":"relation/18184644"},"geometry":{"type":"Point","coordinates":[-0.110594,51.600384]}},{"type":"Feature","properties":{"name":"Crofton Park Railway Garden","category":"parks","osm":"way/831265818"},"geometry":{"type":"Point","coordinates":[-0.036242,51.454847]}},{"type":"Feature","properties":{"name":"Croham Hurst","category":"parks","osm":"relation/2196987"},"geometry":{"type":"Point","coordinates":[-0.079811,51.352167]}},{"type":"Feature","properties":{"name":"Cromwell Avenue Open Space","category":"parks","osm":"way/23109697"},"geometry":{"type":"Point","coordinates":[-0.250966,51.396787]}},{"type":"Feature","properties":{"name":"Crossfield Open Space","category":"parks","osm":"way/228849258"},"geometry":{"type":"Point","coordinates":[-0.023921,51.47891]}},{"type":"Feature","properties":{"name":"Crossway Green","category":"parks","osm":"way/762310042"},"geometry":{"type":"Point","coordinates":[-0.394348,51.560781]}},{"type":"Feature","properties":{"name":"Crossway Park","category":"parks","osm":"way/504485899"},"geometry":{"type":"Point","coordinates":[0.126976,51.504278]}},{"type":"Feature","properties":{"name":"Crouch Hill Park","category":"parks","osm":"way/452334990"},"geometry":{"type":"Point","coordinates":[-0.123092,51.573436]}},{"type":"Feature","properties":{"name":"Crowe's Nest","category":"parks","osm":"way/870589123"},"geometry":{"type":"Point","coordinates":[-0.416815,51.610252]}},{"type":"Feature","properties":{"name":"Croydon Road Recreation Ground","category":"parks","osm":"way/25755924"},"geometry":{"type":"Point","coordinates":[-0.032957,51.403899]}},{"type":"Feature","properties":{"name":"Crystal Palace Park","category":"parks","osm":"way/30170658"},"geometry":{"type":"Point","coordinates":[-0.069868,51.421482]}},{"type":"Feature","properties":{"name":"Cuckoo Park","category":"parks","osm":"way/222162713"},"geometry":{"type":"Point","coordinates":[-0.335354,51.520053]}},{"type":"Feature","properties":{"name":"Culpeper Park","category":"parks","osm":"way/32137074"},"geometry":{"type":"Point","coordinates":[-0.109545,51.534562]}},{"type":"Feature","properties":{"name":"Culverley Green Open Space","category":"parks","osm":"way/469558962"},"geometry":{"type":"Point","coordinates":[-0.012588,51.441565]}},{"type":"Feature","properties":{"name":"Cumberland Market","category":"parks","osm":"way/26784866"},"geometry":{"type":"Point","coordinates":[-0.142603,51.529328]}},{"type":"Feature","properties":{"name":"Cumberland Wharf","category":"parks","osm":"way/237038450"},"geometry":{"type":"Point","coordinates":[-0.051715,51.502383]}},{"type":"Feature","properties":{"name":"Cundy Park","category":"parks","osm":"way/14182436"},"geometry":{"type":"Point","coordinates":[0.031614,51.510352]}},{"type":"Feature","properties":{"name":"Dagnam Park","category":"parks","osm":"way/488458510"},"geometry":{"type":"Point","coordinates":[0.238388,51.614503]}},{"type":"Feature","properties":{"name":"Daisy Parsons Memorial Garden","category":"parks","osm":"way/800347117"},"geometry":{"type":"Point","coordinates":[0.014699,51.524913]}},{"type":"Feature","properties":{"name":"Dale Park","category":"parks","osm":"way/23481210"},"geometry":{"type":"Point","coordinates":[-0.163931,51.377258]}},{"type":"Feature","properties":{"name":"Dalling Road Open Space","category":"parks","osm":"way/586427059"},"geometry":{"type":"Point","coordinates":[-0.23433,51.494245]}},{"type":"Feature","properties":{"name":"Dan Leno Gardens","category":"parks","osm":"way/207896802"},"geometry":{"type":"Point","coordinates":[-0.106361,51.477101]}},{"type":"Feature","properties":{"name":"Danson Park","category":"parks","osm":"way/38863276"},"geometry":{"type":"Point","coordinates":[0.117162,51.455105]}},{"type":"Feature","properties":{"name":"Dartmouth Park","category":"parks","osm":"way/23023338"},"geometry":{"type":"Point","coordinates":[-0.139547,51.561723]}},{"type":"Feature","properties":{"name":"Dartnell Road Wayside Amenity Area","category":"parks","osm":"way/152120377"},"geometry":{"type":"Point","coordinates":[-0.081454,51.384807]}},{"type":"Feature","properties":{"name":"Daubeney Fields","category":"parks","osm":"way/25800420"},"geometry":{"type":"Point","coordinates":[-0.035803,51.553879]}},{"type":"Feature","properties":{"name":"Davenant Road Park","category":"parks","osm":"way/40009374"},"geometry":{"type":"Point","coordinates":[-0.127176,51.563653]}},{"type":"Feature","properties":{"name":"Dawson's Hill Park","category":"parks","osm":"way/866110224"},"geometry":{"type":"Point","coordinates":[-0.067777,51.44736]}},{"type":"Feature","properties":{"name":"De Beauvoir Square","category":"parks","osm":"way/29058047"},"geometry":{"type":"Point","coordinates":[-0.078767,51.541249]}},{"type":"Feature","properties":{"name":"Deacons Hill Open Space","category":"parks","osm":"way/198522514"},"geometry":{"type":"Point","coordinates":[-0.278638,51.640501]}},{"type":"Feature","properties":{"name":"Dean Gardens","category":"parks","osm":"way/4251190"},"geometry":{"type":"Point","coordinates":[-0.320377,51.510145]}},{"type":"Feature","properties":{"name":"Dean Park","category":"parks","osm":"way/23660158"},"geometry":{"type":"Point","coordinates":[-0.387622,51.560314]}},{"type":"Feature","properties":{"name":"Dean's Yard","category":"parks","osm":"way/4259619"},"geometry":{"type":"Point","coordinates":[-0.129054,51.498582]}},{"type":"Feature","properties":{"name":"Denison-Ludlow Green","category":"parks","osm":"way/878586550"},"geometry":{"type":"Point","coordinates":[-0.308471,51.527661]}},{"type":"Feature","properties":{"name":"Deptford Park","category":"parks","osm":"way/4488860"},"geometry":{"type":"Point","coordinates":[-0.039246,51.486507]}},{"type":"Feature","properties":{"name":"Dial Arch Square","category":"parks","osm":"way/679451096"},"geometry":{"type":"Point","coordinates":[0.069961,51.492055]}},{"type":"Feature","properties":{"name":"Diamond Jubilee Gardens","category":"parks","osm":"way/176974845"},"geometry":{"type":"Point","coordinates":[-0.328228,51.445398]}},{"type":"Feature","properties":{"name":"Dibden Street Triangle","category":"parks","osm":"way/40253184"},"geometry":{"type":"Point","coordinates":[-0.097115,51.53854]}},{"type":"Feature","properties":{"name":"Dickens' Fields","category":"parks","osm":"way/44593191"},"geometry":{"type":"Point","coordinates":[-0.093191,51.497348]}},{"type":"Feature","properties":{"name":"Dickerage Recreation Ground","category":"parks","osm":"way/22927041"},"geometry":{"type":"Point","coordinates":[-0.275387,51.407373]}},{"type":"Feature","properties":{"name":"Dinton Field","category":"parks","osm":"way/4770407"},"geometry":{"type":"Point","coordinates":[-0.291336,51.422074]}},{"type":"Feature","properties":{"name":"Diversity Garden","category":"parks","osm":"way/226640413"},"geometry":{"type":"Point","coordinates":[-0.102979,51.499352]}},{"type":"Feature","properties":{"name":"Doncaster Gardens","category":"parks","osm":"way/22605726"},"geometry":{"type":"Point","coordinates":[-0.095281,51.578075]}},{"type":"Feature","properties":{"name":"Dora Boatemah Memorial Garden","category":"parks","osm":"way/461395896"},"geometry":{"type":"Point","coordinates":[-0.107421,51.468808]}},{"type":"Feature","properties":{"name":"Dormers Wells Moated Manor","category":"parks","osm":"way/221191528"},"geometry":{"type":"Point","coordinates":[-0.361705,51.514898]}},{"type":"Feature","properties":{"name":"Douglas House Meadow","category":"parks","osm":"way/615293970"},"geometry":{"type":"Point","coordinates":[-0.306478,51.447127]}},{"type":"Feature","properties":{"name":"Douglas Way Garden","category":"parks","osm":"way/471637038"},"geometry":{"type":"Point","coordinates":[-0.031234,51.477782]}},{"type":"Feature","properties":{"name":"Dove Place","category":"parks","osm":"way/804847430"},"geometry":{"type":"Point","coordinates":[-0.154927,51.489857]}},{"type":"Feature","properties":{"name":"Dovecote Gardens","category":"parks","osm":"way/280020804"},"geometry":{"type":"Point","coordinates":[-0.259641,51.470072]}},{"type":"Feature","properties":{"name":"Dovehouse Green","category":"parks","osm":"way/8145621"},"geometry":{"type":"Point","coordinates":[-0.169811,51.48749]}},{"type":"Feature","properties":{"name":"Dowding Park","category":"parks","osm":"way/132144320"},"geometry":{"type":"Point","coordinates":[-0.467182,51.542469]}},{"type":"Feature","properties":{"name":"Down Lane Park","category":"parks","osm":"relation/18137296"},"geometry":{"type":"Point","coordinates":[-0.061905,51.591524]}},{"type":"Feature","properties":{"name":"Downe Recreation Ground","category":"parks","osm":"way/38385305"},"geometry":{"type":"Point","coordinates":[0.057821,51.337536]}},{"type":"Feature","properties":{"name":"Downham Fields","category":"parks","osm":"way/4412724"},"geometry":{"type":"Point","coordinates":[0.007357,51.426944]}},{"type":"Feature","properties":{"name":"Downham memorial park.","category":"parks","osm":"way/595935656"},"geometry":{"type":"Point","coordinates":[-0.00419,51.424161]}},{"type":"Feature","properties":{"name":"Downham Park","category":"parks","osm":"way/4412731"},"geometry":{"type":"Point","coordinates":[0.005371,51.422399]}},{"type":"Feature","properties":{"name":"Downhills Park","category":"parks","osm":"way/952141533"},"geometry":{"type":"Point","coordinates":[-0.089224,51.588854]}},{"type":"Feature","properties":{"name":"Dr Harold Moody Park","category":"parks","osm":"way/25757026"},"geometry":{"type":"Point","coordinates":[-0.061147,51.467549]}},{"type":"Feature","properties":{"name":"Drapers Field","category":"parks","osm":"relation/11962709"},"geometry":{"type":"Point","coordinates":[-0.005697,51.551721]}},{"type":"Feature","properties":{"name":"Drayton Green","category":"parks","osm":"way/23227241"},"geometry":{"type":"Point","coordinates":[-0.326683,51.515292]}},{"type":"Feature","properties":{"name":"Drydock Square","category":"parks","osm":"way/1053086507"},"geometry":{"type":"Point","coordinates":[0.072933,51.533244]}},{"type":"Feature","properties":{"name":"Ducketts Common","category":"parks","osm":"way/22608405"},"geometry":{"type":"Point","coordinates":[-0.102568,51.588613]}},{"type":"Feature","properties":{"name":"Duke of Sussex Island","category":"parks","osm":"way/23268752"},"geometry":{"type":"Point","coordinates":[-0.264848,51.496349]}},{"type":"Feature","properties":{"name":"Dukes Meadows","category":"parks","osm":"way/5094376"},"geometry":{"type":"Point","coordinates":[-0.254072,51.477351]}},{"type":"Feature","properties":{"name":"Dulwich Park","category":"parks","osm":"way/4946747"},"geometry":{"type":"Point","coordinates":[-0.078679,51.445524]}},{"type":"Feature","properties":{"name":"Dumbarton Court Public Open Space","category":"parks","osm":"way/931490696"},"geometry":{"type":"Point","coordinates":[-0.123421,51.44974]}},{"type":"Feature","properties":{"name":"Dundonald Recreation Ground","category":"parks","osm":"way/26976369"},"geometry":{"type":"Point","coordinates":[-0.209873,51.415164]}},{"type":"Feature","properties":{"name":"Duppas Hill Recreation Ground","category":"parks","osm":"way/23196081"},"geometry":{"type":"Point","coordinates":[-0.110832,51.366407]}},{"type":"Feature","properties":{"name":"Durand's Wharf","category":"parks","osm":"way/52706557"},"geometry":{"type":"Point","coordinates":[-0.032762,51.501786]}},{"type":"Feature","properties":{"name":"Durants Park","category":"parks","osm":"way/3664747"},"geometry":{"type":"Point","coordinates":[-0.041835,51.653501]}},{"type":"Feature","properties":{"name":"Durnsford Road Recreation Ground","category":"parks","osm":"way/4384263"},"geometry":{"type":"Point","coordinates":[-0.194002,51.438082]}},{"type":"Feature","properties":{"name":"Eaglesfield Park","category":"parks","osm":"relation/14550335"},"geometry":{"type":"Point","coordinates":[0.071042,51.470157]}},{"type":"Feature","properties":{"name":"Ealing Beaver Project","category":"parks","osm":"node/13515968101"},"geometry":{"type":"Point","coordinates":[-0.33999,51.544743]}},{"type":"Feature","properties":{"name":"Ealing Common","category":"parks","osm":"relation/9446633"},"geometry":{"type":"Point","coordinates":[-0.293189,51.5105]}},{"type":"Feature","properties":{"name":"Ealing Green","category":"parks","osm":"relation/14623772"},"geometry":{"type":"Point","coordinates":[-0.305861,51.509963]}},{"type":"Feature","properties":{"name":"Eardley Road Sidings Nature Reserve","category":"parks","osm":"way/22676936"},"geometry":{"type":"Point","coordinates":[-0.143646,51.416232]}},{"type":"Feature","properties":{"name":"Earl of Jersey's Field","category":"parks","osm":"way/22731267"},"geometry":{"type":"Point","coordinates":[-0.340766,51.497954]}},{"type":"Feature","properties":{"name":"East Barnet Old Grammarians Playing Field","category":"parks","osm":"way/1507375628"},"geometry":{"type":"Point","coordinates":[-0.208635,51.640523]}},{"type":"Feature","properties":{"name":"East End Road open space","category":"parks","osm":"way/255470392"},"geometry":{"type":"Point","coordinates":[-0.173947,51.590619]}},{"type":"Feature","properties":{"name":"East Greenwich Pleasaunce","category":"parks","osm":"way/17366817"},"geometry":{"type":"Point","coordinates":[0.013752,51.484671]}},{"type":"Feature","properties":{"name":"East Marsh","category":"parks","osm":"way/60302340"},"geometry":{"type":"Point","coordinates":[-0.021732,51.554905]}},{"type":"Feature","properties":{"name":"East Sheen Common","category":"parks","osm":"way/100720477"},"geometry":{"type":"Point","coordinates":[-0.279697,51.45907]}},{"type":"Feature","properties":{"name":"East Wickham Open Space","category":"parks","osm":"node/13959610901"},"geometry":{"type":"Point","coordinates":[0.101799,51.47191]}},{"type":"Feature","properties":{"name":"Eastbrookend Country Park","category":"parks","osm":"way/17711058"},"geometry":{"type":"Point","coordinates":[0.177469,51.553069]}},{"type":"Feature","properties":{"name":"Eastcote Gardens","category":"parks","osm":"way/1242758637"},"geometry":{"type":"Point","coordinates":[0.083031,51.465829]}},{"type":"Feature","properties":{"name":"Eastcote House Gardens","category":"parks","osm":"way/159583579"},"geometry":{"type":"Point","coordinates":[-0.403326,51.586772]}},{"type":"Feature","properties":{"name":"Ebury Square Gardens","category":"parks","osm":"way/56208402"},"geometry":{"type":"Point","coordinates":[-0.150296,51.491696]}},{"type":"Feature","properties":{"name":"Eckington Gardens","category":"parks","osm":"way/207639253"},"geometry":{"type":"Point","coordinates":[-0.047234,51.477412]}},{"type":"Feature","properties":{"name":"Edbrooke Road Gardens","category":"parks","osm":"way/156708553"},"geometry":{"type":"Point","coordinates":[-0.195425,51.524455]}},{"type":"Feature","properties":{"name":"Edgwarebury Park","category":"parks","osm":"way/35279471"},"geometry":{"type":"Point","coordinates":[-0.28249,51.626105]}},{"type":"Feature","properties":{"name":"Edith Nesbit Gardens","category":"parks","osm":"way/469218959"},"geometry":{"type":"Point","coordinates":[0.014885,51.454088]}},{"type":"Feature","properties":{"name":"Edward Square","category":"parks","osm":"way/43312362"},"geometry":{"type":"Point","coordinates":[-0.117802,51.536237]}},{"type":"Feature","properties":{"name":"Eel Brook Common","category":"parks","osm":"relation/21139207"},"geometry":{"type":"Point","coordinates":[-0.194998,51.476414]}},{"type":"Feature","properties":{"name":"Effra Quay","category":"parks","osm":"way/1480924681"},"geometry":{"type":"Point","coordinates":[-0.124357,51.48816]}},{"type":"Feature","properties":{"name":"Elam Street Open Space","category":"parks","osm":"way/27415380"},"geometry":{"type":"Point","coordinates":[-0.102508,51.469376]}},{"type":"Feature","properties":{"name":"Elder Gardens","category":"parks","osm":"way/39247289"},"geometry":{"type":"Point","coordinates":[-0.07651,51.520505]}},{"type":"Feature","properties":{"name":"Elephant Park","category":"parks","osm":"way/691296799"},"geometry":{"type":"Point","coordinates":[-0.096787,51.493266]}},{"type":"Feature","properties":{"name":"Elliott's Row Pocket Park","category":"parks","osm":"way/340420742"},"geometry":{"type":"Point","coordinates":[-0.10287,51.495364]}},{"type":"Feature","properties":{"name":"Elm Grove","category":"parks","osm":"way/149459915"},"geometry":{"type":"Point","coordinates":[-0.154628,51.369024]}},{"type":"Feature","properties":{"name":"Elm Park","category":"parks","osm":"way/97592139"},"geometry":{"type":"Point","coordinates":[-0.196108,51.563006]}},{"type":"Feature","properties":{"name":"Elm Village Open Space","category":"parks","osm":"way/794425774"},"geometry":{"type":"Point","coordinates":[-0.133851,51.540741]}},{"type":"Feature","properties":{"name":"Elmers End Recreation Ground","category":"parks","osm":"way/192975740"},"geometry":{"type":"Point","coordinates":[-0.047912,51.39454]}},{"type":"Feature","properties":{"name":"Elmhurst Gardens","category":"parks","osm":"way/25335162"},"geometry":{"type":"Point","coordinates":[0.030364,51.596818]}},{"type":"Feature","properties":{"name":"Elmwood Park","category":"parks","osm":"way/229181253"},"geometry":{"type":"Point","coordinates":[-0.323972,51.562154]}},{"type":"Feature","properties":{"name":"Elsinge Golden Jubilee Park","category":"parks","osm":"way/96456153"},"geometry":{"type":"Point","coordinates":[-0.051977,51.674229]}},{"type":"Feature","properties":{"name":"Elstree Open Space","category":"parks","osm":"way/198529020"},"geometry":{"type":"Point","coordinates":[-0.295028,51.638725]}},{"type":"Feature","properties":{"name":"Eltham Common","category":"parks","osm":"way/179091556"},"geometry":{"type":"Point","coordinates":[0.051885,51.469898]}},{"type":"Feature","properties":{"name":"Eltham Park South","category":"parks","osm":"way/27245076"},"geometry":{"type":"Point","coordinates":[0.069244,51.455776]}},{"type":"Feature","properties":{"name":"Elthorne Park","category":"parks","osm":"way/5260188"},"geometry":{"type":"Point","coordinates":[-0.125515,51.57048]}},{"type":"Feature","properties":{"name":"Elthorne Park","category":"parks","osm":"way/165299725"},"geometry":{"type":"Point","coordinates":[-0.332456,51.50144]}},{"type":"Feature","properties":{"name":"Elthorne Waterside (Elthorne Rough)","category":"parks","osm":"way/327078731"},"geometry":{"type":"Point","coordinates":[-0.333285,51.498509]}},{"type":"Feature","properties":{"name":"Elvin Gardens","category":"parks","osm":"way/1152964814"},"geometry":{"type":"Point","coordinates":[-0.281662,51.559702]}},{"type":"Feature","properties":{"name":"Ely Court","category":"parks","osm":"way/358441416"},"geometry":{"type":"Point","coordinates":[-0.196283,51.534473]}},{"type":"Feature","properties":{"name":"Emma Cons Gardens","category":"parks","osm":"way/459217493"},"geometry":{"type":"Point","coordinates":[-0.109873,51.502517]}},{"type":"Feature","properties":{"name":"Enfield Island Village Play Area","category":"parks","osm":"way/4374362"},"geometry":{"type":"Point","coordinates":[-0.013876,51.669015]}},{"type":"Feature","properties":{"name":"Enfield Playing Fields","category":"parks","osm":"way/4402124"},"geometry":{"type":"Point","coordinates":[-0.064401,51.655152]}},{"type":"Feature","properties":{"name":"Enfield Town Park","category":"parks","osm":"way/2939009"},"geometry":{"type":"Point","coordinates":[-0.086346,51.649269]}},{"type":"Feature","properties":{"name":"Enigma Square","category":"parks","osm":"way/118847680"},"geometry":{"type":"Point","coordinates":[-0.404237,51.582355]}},{"type":"Feature","properties":{"name":"Erebus Gardens","category":"parks","osm":"way/187272250"},"geometry":{"type":"Point","coordinates":[-0.022839,51.501792]}},{"type":"Feature","properties":{"name":"Eskdale Open space","category":"parks","osm":"way/940691780"},"geometry":{"type":"Point","coordinates":[-0.374272,51.542118]}},{"type":"Feature","properties":{"name":"Essex Road Gardens","category":"parks","osm":"way/52057295"},"geometry":{"type":"Point","coordinates":[0.086981,51.536924]}},{"type":"Feature","properties":{"name":"Essex Wharf","category":"parks","osm":"way/379087008"},"geometry":{"type":"Point","coordinates":[0.004666,51.51423]}},{"type":"Feature","properties":{"name":"Eton Grove Open Space","category":"parks","osm":"way/251501865"},"geometry":{"type":"Point","coordinates":[-0.275824,51.59202]}},{"type":"Feature","properties":{"name":"Evelyn Green","category":"parks","osm":"way/379034978"},"geometry":{"type":"Point","coordinates":[-0.032058,51.481244]}},{"type":"Feature","properties":{"name":"Everleigh Street Open Space","category":"parks","osm":"way/843578506"},"geometry":{"type":"Point","coordinates":[-0.111305,51.567391]}},{"type":"Feature","properties":{"name":"Evershot Road Gardens","category":"parks","osm":"way/833211483"},"geometry":{"type":"Point","coordinates":[-0.115914,51.569607]}},{"type":"Feature","properties":{"name":"Evesham Green","category":"parks","osm":"way/521270253"},"geometry":{"type":"Point","coordinates":[-0.194793,51.389925]}},{"type":"Feature","properties":{"name":"Exhibition Park","category":"parks","osm":"way/997427880"},"geometry":{"type":"Point","coordinates":[-0.222945,51.510768]}},{"type":"Feature","properties":{"name":"Exploratory Park Brent Cross","category":"parks","osm":"way/1150937363"},"geometry":{"type":"Point","coordinates":[-0.220741,51.572058]}},{"type":"Feature","properties":{"name":"Eythorne Park","category":"parks","osm":"way/898542206"},"geometry":{"type":"Point","coordinates":[-0.108786,51.475073]}},{"type":"Feature","properties":{"name":"Fairchild’s Garden","category":"parks","osm":"way/996238764"},"geometry":{"type":"Point","coordinates":[-0.075764,51.528797]}},{"type":"Feature","properties":{"name":"Fairland Park","category":"parks","osm":"way/4097473"},"geometry":{"type":"Point","coordinates":[-0.106512,51.585126]}},{"type":"Feature","properties":{"name":"Fairlop Waters Country Park","category":"parks","osm":"way/4257697"},"geometry":{"type":"Point","coordinates":[0.100298,51.592713]}},{"type":"Feature","properties":{"name":"Fairway Triangle","category":"parks","osm":"way/586097813"},"geometry":{"type":"Point","coordinates":[-0.392692,51.562626]}},{"type":"Feature","properties":{"name":"Fairy Hill Park","category":"parks","osm":"way/4314454"},"geometry":{"type":"Point","coordinates":[0.057064,51.438406]}},{"type":"Feature","properties":{"name":"Falcon Glade","category":"parks","osm":"way/118846905"},"geometry":{"type":"Point","coordinates":[-0.168662,51.466058]}},{"type":"Feature","properties":{"name":"Falcon Park","category":"parks","osm":"way/4416362"},"geometry":{"type":"Point","coordinates":[-0.16516,51.46892]}},{"type":"Feature","properties":{"name":"Falkland Place Open Space","category":"parks","osm":"way/1301730411"},"geometry":{"type":"Point","coordinates":[-0.140534,51.551684]}},{"type":"Feature","properties":{"name":"Fallen Oak Field","category":"parks","osm":"way/261926423"},"geometry":{"type":"Point","coordinates":[-0.059089,51.350341]}},{"type":"Feature","properties":{"name":"Falmouth Road Gardens","category":"parks","osm":"way/769353971"},"geometry":{"type":"Point","coordinates":[-0.095534,51.494891]}},{"type":"Feature","properties":{"name":"Faraday Gardens","category":"parks","osm":"way/80273437"},"geometry":{"type":"Point","coordinates":[-0.092081,51.487421]}},{"type":"Feature","properties":{"name":"Farnborough Common","category":"parks","osm":"way/626482001"},"geometry":{"type":"Point","coordinates":[0.050464,51.367854]}},{"type":"Feature","properties":{"name":"Farthing Downs","category":"parks","osm":"way/181643016"},"geometry":{"type":"Point","coordinates":[-0.137003,51.306744]}},{"type":"Feature","properties":{"name":"Fassnidge Park","category":"parks","osm":"way/46114157"},"geometry":{"type":"Point","coordinates":[-0.484799,51.547115]}},{"type":"Feature","properties":{"name":"Felnex Mini Park","category":"parks","osm":"way/1053276299"},"geometry":{"type":"Point","coordinates":[-0.15721,51.376684]}},{"type":"Feature","properties":{"name":"Felnex Park","category":"parks","osm":"way/838351239"},"geometry":{"type":"Point","coordinates":[-0.156557,51.377395]}},{"type":"Feature","properties":{"name":"Feltham Green","category":"parks","osm":"way/23388101"},"geometry":{"type":"Point","coordinates":[-0.410152,51.44471]}},{"type":"Feature","properties":{"name":"Feltham Park","category":"parks","osm":"way/638581527"},"geometry":{"type":"Point","coordinates":[-0.407701,51.451841]}},{"type":"Feature","properties":{"name":"Ferrant Park","category":"parks","osm":"way/37841883"},"geometry":{"type":"Point","coordinates":[-0.020804,51.479577]}},{"type":"Feature","properties":{"name":"Festival Gardens","category":"parks","osm":"way/1367424156"},"geometry":{"type":"Point","coordinates":[-0.096931,51.513212]}},{"type":"Feature","properties":{"name":"Fielder's Field","category":"parks","osm":"way/1127321147"},"geometry":{"type":"Point","coordinates":[0.215439,51.566617]}},{"type":"Feature","properties":{"name":"Fielding Walk","category":"parks","osm":"way/493001390"},"geometry":{"type":"Point","coordinates":[-0.319869,51.500219]}},{"type":"Feature","properties":{"name":"Figges Marsh","category":"parks","osm":"way/4898815"},"geometry":{"type":"Point","coordinates":[-0.159727,51.414491]}},{"type":"Feature","properties":{"name":"Finchley Memorial Hospital Communal Space","category":"parks","osm":"way/471805125"},"geometry":{"type":"Point","coordinates":[-0.177506,51.606732]}},{"type":"Feature","properties":{"name":"Finsbury Circus Gardens","category":"parks","osm":"way/23105395"},"geometry":{"type":"Point","coordinates":[-0.08647,51.517854]}},{"type":"Feature","properties":{"name":"Finsbury Gardens","category":"parks","osm":"way/796577372"},"geometry":{"type":"Point","coordinates":[-0.116532,51.603591]}},{"type":"Feature","properties":{"name":"Finsbury Park","category":"parks","osm":"way/4097476"},"geometry":{"type":"Point","coordinates":[-0.101047,51.570255]}},{"type":"Feature","properties":{"name":"Finsbury Square","category":"parks","osm":"way/1424374769"},"geometry":{"type":"Point","coordinates":[-0.08641,51.520982]}},{"type":"Feature","properties":{"name":"Fishponds Park","category":"parks","osm":"way/24842201"},"geometry":{"type":"Point","coordinates":[-0.293961,51.387214]}},{"type":"Feature","properties":{"name":"Floating Pocket Park","category":"parks","osm":"way/731835169"},"geometry":{"type":"Point","coordinates":[-0.171257,51.518857]}},{"type":"Feature","properties":{"name":"Folkes Lane Wood","category":"parks","osm":"way/256357052"},"geometry":{"type":"Point","coordinates":[0.273706,51.582465]}},{"type":"Feature","properties":{"name":"Folkestone Gardens","category":"parks","osm":"way/25982383"},"geometry":{"type":"Point","coordinates":[-0.039931,51.483419]}},{"type":"Feature","properties":{"name":"Folly Lane Playground","category":"parks","osm":"way/420050956"},"geometry":{"type":"Point","coordinates":[-0.032993,51.601204]}},{"type":"Feature","properties":{"name":"Foots Cray Recreation Ground","category":"parks","osm":"way/427501225"},"geometry":{"type":"Point","coordinates":[0.112784,51.416828]}},{"type":"Feature","properties":{"name":"Footscray Meadows","category":"parks","osm":"way/40858003"},"geometry":{"type":"Point","coordinates":[0.126619,51.426489]}},{"type":"Feature","properties":{"name":"Ford Square Gardens","category":"parks","osm":"way/5602136"},"geometry":{"type":"Point","coordinates":[-0.056833,51.516612]}},{"type":"Feature","properties":{"name":"Fordham Park","category":"parks","osm":"way/25732879"},"geometry":{"type":"Point","coordinates":[-0.036252,51.477395]}},{"type":"Feature","properties":{"name":"Forest Lane Park","category":"parks","osm":"relation/14051863"},"geometry":{"type":"Point","coordinates":[0.016112,51.548986]}},{"type":"Feature","properties":{"name":"Forster Memorial Park","category":"parks","osm":"way/1312260382"},"geometry":{"type":"Point","coordinates":[-0.006856,51.431905]}},{"type":"Feature","properties":{"name":"Fortune Green","category":"parks","osm":"way/4020542"},"geometry":{"type":"Point","coordinates":[-0.197709,51.554664]}},{"type":"Feature","properties":{"name":"Fortune Street Park","category":"parks","osm":"way/32982369"},"geometry":{"type":"Point","coordinates":[-0.093716,51.52213]}},{"type":"Feature","properties":{"name":"Forty Tree Green","category":"parks","osm":"way/359108960"},"geometry":{"type":"Point","coordinates":[-0.190956,51.533601]}},{"type":"Feature","properties":{"name":"Four Seasons Green","category":"parks","osm":"way/963499040"},"geometry":{"type":"Point","coordinates":[-0.45992,51.505892]}},{"type":"Feature","properties":{"name":"Fox Hill Green","category":"parks","osm":"way/25461953"},"geometry":{"type":"Point","coordinates":[-0.076056,51.414488]}},{"type":"Feature","properties":{"name":"Fox Hill Playing Field","category":"parks","osm":"way/25319152"},"geometry":{"type":"Point","coordinates":[-0.078408,51.415482]}},{"type":"Feature","properties":{"name":"Foxham Gardens","category":"parks","osm":"way/34022680"},"geometry":{"type":"Point","coordinates":[-0.131611,51.559634]}},{"type":"Feature","properties":{"name":"Frank Banfield Park","category":"parks","osm":"way/37687277"},"geometry":{"type":"Point","coordinates":[-0.223714,51.488126]}},{"type":"Feature","properties":{"name":"Franks Park","category":"parks","osm":"way/39471940"},"geometry":{"type":"Point","coordinates":[0.159586,51.487381]}},{"type":"Feature","properties":{"name":"Fred Wells Gardens","category":"parks","osm":"way/4701535"},"geometry":{"type":"Point","coordinates":[-0.175227,51.472253]}},{"type":"Feature","properties":{"name":"Friars Gardens","category":"parks","osm":"way/26365357"},"geometry":{"type":"Point","coordinates":[-0.261172,51.514799]}},{"type":"Feature","properties":{"name":"Friary Park","category":"parks","osm":"way/3400436"},"geometry":{"type":"Point","coordinates":[-0.162471,51.61875]}},{"type":"Feature","properties":{"name":"Friary Park Green","category":"parks","osm":"way/942378929"},"geometry":{"type":"Point","coordinates":[-0.262738,51.517393]}},{"type":"Feature","properties":{"name":"Friedrick Street Garden","category":"parks","osm":"way/189705396"},"geometry":{"type":"Point","coordinates":[-0.116147,51.528439]}},{"type":"Feature","properties":{"name":"Friendly Gardens","category":"parks","osm":"way/25732805"},"geometry":{"type":"Point","coordinates":[-0.027652,51.470711]}},{"type":"Feature","properties":{"name":"Friendship Gardens","category":"parks","osm":"way/582690479"},"geometry":{"type":"Point","coordinates":[-0.023373,51.570593]}},{"type":"Feature","properties":{"name":"Friern Bridge Open Space","category":"parks","osm":"way/185905100"},"geometry":{"type":"Point","coordinates":[-0.144107,51.610394]}},{"type":"Feature","properties":{"name":"Friern Park","category":"parks","osm":"way/39115778"},"geometry":{"type":"Point","coordinates":[-0.148284,51.613596]}},{"type":"Feature","properties":{"name":"Frithwood Park","category":"parks","osm":"way/824646654"},"geometry":{"type":"Point","coordinates":[-0.418983,51.614317]}},{"type":"Feature","properties":{"name":"Fryent Country Park","category":"parks","osm":"relation/18915597"},"geometry":{"type":"Point","coordinates":[-0.277489,51.576952]}},{"type":"Feature","properties":{"name":"Furness Road Pocket Park","category":"parks","osm":"way/1303534491"},"geometry":{"type":"Point","coordinates":[-0.239937,51.533165]}},{"type":"Feature","properties":{"name":"Furnivall Gardens","category":"parks","osm":"way/23680685"},"geometry":{"type":"Point","coordinates":[-0.232559,51.49056]}},{"type":"Feature","properties":{"name":"Furze Green","category":"parks","osm":"way/50826412"},"geometry":{"type":"Point","coordinates":[-0.02123,51.518345]}},{"type":"Feature","properties":{"name":"Furzedown Recreation Ground","category":"parks","osm":"way/549357292"},"geometry":{"type":"Point","coordinates":[-0.150913,51.425415]}},{"type":"Feature","properties":{"name":"Gallions Park","category":"parks","osm":"relation/12370600"},"geometry":{"type":"Point","coordinates":[0.089783,51.499735]}},{"type":"Feature","properties":{"name":"Gallions Place","category":"parks","osm":"way/1186769635"},"geometry":{"type":"Point","coordinates":[0.071544,51.507881]}},{"type":"Feature","properties":{"name":"Gallions Reach Park","category":"parks","osm":"way/232844911"},"geometry":{"type":"Point","coordinates":[0.091395,51.503162]}},{"type":"Feature","properties":{"name":"Gandhi Chaplin Memorial Garden","category":"parks","osm":"way/1086520464"},"geometry":{"type":"Point","coordinates":[0.017872,51.517476]}},{"type":"Feature","properties":{"name":"Garratt Green","category":"parks","osm":"way/5218665"},"geometry":{"type":"Point","coordinates":[-0.181457,51.436218]}},{"type":"Feature","properties":{"name":"Garratt Lane Old Burial Ground","category":"parks","osm":"way/4300342"},"geometry":{"type":"Point","coordinates":[-0.191485,51.455624]}},{"type":"Feature","properties":{"name":"Garratt Park","category":"parks","osm":"way/4384279"},"geometry":{"type":"Point","coordinates":[-0.188307,51.435874]}},{"type":"Feature","properties":{"name":"Gas Light and Coke Company Memorial Garden","category":"parks","osm":"way/132975727"},"geometry":{"type":"Point","coordinates":[-0.004247,51.523386]}},{"type":"Feature","properties":{"name":"Gascoigne Square","category":"parks","osm":"way/1206454331"},"geometry":{"type":"Point","coordinates":[0.082086,51.534268]}},{"type":"Feature","properties":{"name":"Gascoyne Estate Play Space","category":"parks","osm":"way/494679971"},"geometry":{"type":"Point","coordinates":[-0.039576,51.544576]}},{"type":"Feature","properties":{"name":"Gasholder Park","category":"parks","osm":"way/453267219"},"geometry":{"type":"Point","coordinates":[-0.128146,51.537012]}},{"type":"Feature","properties":{"name":"General Gordon Square","category":"parks","osm":"way/45327433"},"geometry":{"type":"Point","coordinates":[0.067754,51.49002]}},{"type":"Feature","properties":{"name":"George Green","category":"parks","osm":"way/11300633"},"geometry":{"type":"Point","coordinates":[0.027539,51.574472]}},{"type":"Feature","properties":{"name":"George Hill Open Space","category":"parks","osm":"way/512823684"},"geometry":{"type":"Point","coordinates":[-0.205857,51.38957]}},{"type":"Feature","properties":{"name":"Geraldine Mary Harmsworth Park","category":"parks","osm":"way/8614502"},"geometry":{"type":"Point","coordinates":[-0.108515,51.495922]}},{"type":"Feature","properties":{"name":"Gibbons Recreation Ground","category":"parks","osm":"way/27693840"},"geometry":{"type":"Point","coordinates":[-0.257632,51.548451]}},{"type":"Feature","properties":{"name":"Gibson Square","category":"parks","osm":"way/27548053"},"geometry":{"type":"Point","coordinates":[-0.105642,51.538123]}},{"type":"Feature","properties":{"name":"Giesbach Road Open Space","category":"parks","osm":"way/198731130"},"geometry":{"type":"Point","coordinates":[-0.13237,51.566048]}},{"type":"Feature","properties":{"name":"Gilmore Estate open space","category":"parks","osm":"way/549174611"},"geometry":{"type":"Point","coordinates":[-0.006038,51.458914]}},{"type":"Feature","properties":{"name":"Girdlestone Park","category":"parks","osm":"way/23023376"},"geometry":{"type":"Point","coordinates":[-0.138037,51.56491]}},{"type":"Feature","properties":{"name":"Glade Lane Canalside Park","category":"parks","osm":"way/22731752"},"geometry":{"type":"Point","coordinates":[-0.360769,51.503913]}},{"type":"Feature","properties":{"name":"Gladstone Park","category":"parks","osm":"relation/21292421"},"geometry":{"type":"Point","coordinates":[-0.235276,51.557731]}},{"type":"Feature","properties":{"name":"Glebelands Open Space","category":"parks","osm":"way/22936245"},"geometry":{"type":"Point","coordinates":[-0.414393,51.45425]}},{"type":"Feature","properties":{"name":"Glebelands Playing Fields Park","category":"parks","osm":"way/3385169"},"geometry":{"type":"Point","coordinates":[-0.411216,51.450795]}},{"type":"Feature","properties":{"name":"Glebelands Playing Fields Sport Zone","category":"parks","osm":"way/22936250"},"geometry":{"type":"Point","coordinates":[-0.413063,51.45185]}},{"type":"Feature","properties":{"name":"Goddington Park","category":"parks","osm":"way/28469304"},"geometry":{"type":"Point","coordinates":[0.117704,51.367098]}},{"type":"Feature","properties":{"name":"Godley Gardens","category":"parks","osm":"way/17743208"},"geometry":{"type":"Point","coordinates":[-0.177354,51.442662]}},{"type":"Feature","properties":{"name":"Godolphin Garden","category":"parks","osm":"way/37898785"},"geometry":{"type":"Point","coordinates":[-0.232226,51.503734]}},{"type":"Feature","properties":{"name":"Golden Square","category":"parks","osm":"way/4256229"},"geometry":{"type":"Point","coordinates":[-0.137183,51.511655]}},{"type":"Feature","properties":{"name":"Golders Hill Park","category":"parks","osm":"way/4419221"},"geometry":{"type":"Point","coordinates":[-0.188076,51.566872]}},{"type":"Feature","properties":{"name":"Goldington Crescent Gardens","category":"parks","osm":"way/23164245"},"geometry":{"type":"Point","coordinates":[-0.132452,51.535203]}},{"type":"Feature","properties":{"name":"Goodmayes Park","category":"parks","osm":"way/17703377"},"geometry":{"type":"Point","coordinates":[0.116517,51.560008]}},{"type":"Feature","properties":{"name":"Goose Green","category":"parks","osm":"way/4255959"},"geometry":{"type":"Point","coordinates":[-0.073544,51.461556]}},{"type":"Feature","properties":{"name":"Gooseley Playing Field","category":"parks","osm":"way/24705299"},"geometry":{"type":"Point","coordinates":[0.065472,51.523655]}},{"type":"Feature","properties":{"name":"Gordon Square","category":"parks","osm":"way/4253288"},"geometry":{"type":"Point","coordinates":[-0.130872,51.524262]}},{"type":"Feature","properties":{"name":"Goresbrook Park","category":"parks","osm":"way/22870100"},"geometry":{"type":"Point","coordinates":[0.142717,51.538533]}},{"type":"Feature","properties":{"name":"Goresbrook Park","category":"parks","osm":"way/22870140"},"geometry":{"type":"Point","coordinates":[0.141086,51.535528]}},{"type":"Feature","properties":{"name":"Goresbrook Park","category":"parks","osm":"way/46688740"},"geometry":{"type":"Point","coordinates":[0.136493,51.536074]}},{"type":"Feature","properties":{"name":"Gorilla Circus Regents Park Flying Trapeze School","category":"parks","osm":"way/1081392507"},"geometry":{"type":"Point","coordinates":[-0.164535,51.532976]}},{"type":"Feature","properties":{"name":"Gosling Gardens","category":"parks","osm":"way/24470975"},"geometry":{"type":"Point","coordinates":[-0.058497,51.513089]}},{"type":"Feature","properties":{"name":"Gothic Gardens","category":"parks","osm":"way/447102246"},"geometry":{"type":"Point","coordinates":[-0.303982,51.455742]}},{"type":"Feature","properties":{"name":"Grafton Square","category":"parks","osm":"way/23066825"},"geometry":{"type":"Point","coordinates":[-0.138994,51.464489]}},{"type":"Feature","properties":{"name":"Graham Green","category":"parks","osm":"way/191480032"},"geometry":{"type":"Point","coordinates":[-0.099869,51.591174]}},{"type":"Feature","properties":{"name":"Graham Street Park","category":"parks","osm":"way/67384696"},"geometry":{"type":"Point","coordinates":[-0.098281,51.531689]}},{"type":"Feature","properties":{"name":"Grahame Park Open Space","category":"parks","osm":"way/33888713"},"geometry":{"type":"Point","coordinates":[-0.247757,51.602036]}},{"type":"Feature","properties":{"name":"Grange Park","category":"parks","osm":"way/54191190"},"geometry":{"type":"Point","coordinates":[-0.120325,51.308416]}},{"type":"Feature","properties":{"name":"Grange Playing Fields","category":"parks","osm":"way/1507375629"},"geometry":{"type":"Point","coordinates":[-0.212886,51.639927]}},{"type":"Feature","properties":{"name":"Grangewood Park","category":"parks","osm":"way/25210579"},"geometry":{"type":"Point","coordinates":[-0.090036,51.403134]}},{"type":"Feature","properties":{"name":"Grassmeade Recreation Ground","category":"parks","osm":"way/28476415"},"geometry":{"type":"Point","coordinates":[0.11594,51.380116]}},{"type":"Feature","properties":{"name":"Graveney Pocket Park","category":"parks","osm":"way/1422091325"},"geometry":{"type":"Point","coordinates":[-0.168725,51.424476]}},{"type":"Feature","properties":{"name":"Gray's Inn Gardens","category":"parks","osm":"way/14164486"},"geometry":{"type":"Point","coordinates":[-0.116185,51.525509]}},{"type":"Feature","properties":{"name":"Gray's Inn Gardens","category":"parks","osm":"way/30313502"},"geometry":{"type":"Point","coordinates":[-0.107064,51.517422]}},{"type":"Feature","properties":{"name":"Great Farleigh Green","category":"parks","osm":"way/236643836"},"geometry":{"type":"Point","coordinates":[-0.042174,51.323557]}},{"type":"Feature","properties":{"name":"Greatfields Park","category":"parks","osm":"way/18933788"},"geometry":{"type":"Point","coordinates":[0.090284,51.531255]}},{"type":"Feature","properties":{"name":"Green Dragon Lane Open Space","category":"parks","osm":"way/23824966"},"geometry":{"type":"Point","coordinates":[-0.294184,51.489942]}},{"type":"Feature","properties":{"name":"Green Gate Common","category":"parks","osm":"way/22608506"},"geometry":{"type":"Point","coordinates":[-0.100632,51.588146]}},{"type":"Feature","properties":{"name":"Green Lane Recreation Ground","category":"parks","osm":"way/24393003"},"geometry":{"type":"Point","coordinates":[-0.275031,51.398602]}},{"type":"Feature","properties":{"name":"Green Lane Sports Ground","category":"parks","osm":"way/178871559"},"geometry":{"type":"Point","coordinates":[-0.107749,51.407837]}},{"type":"Feature","properties":{"name":"Greenford Lagoons","category":"parks","osm":"way/25036079"},"geometry":{"type":"Point","coordinates":[-0.354975,51.537365]}},{"type":"Feature","properties":{"name":"Greenhill Gardens","category":"parks","osm":"way/41234526"},"geometry":{"type":"Point","coordinates":[-0.182468,51.644446]}},{"type":"Feature","properties":{"name":"Greenway","category":"parks","osm":"way/120317147"},"geometry":{"type":"Point","coordinates":[-0.004087,51.533034]}},{"type":"Feature","properties":{"name":"Greenway","category":"parks","osm":"relation/17674520"},"geometry":{"type":"Point","coordinates":[0.044414,51.522519]}},{"type":"Feature","properties":{"name":"Greenwich Park","category":"parks","osm":"way/4483968"},"geometry":{"type":"Point","coordinates":[0.001098,51.477177]}},{"type":"Feature","properties":{"name":"Grenfell Park","category":"parks","osm":"way/132092517"},"geometry":{"type":"Point","coordinates":[0.185075,51.564502]}},{"type":"Feature","properties":{"name":"Grenville Gardens","category":"parks","osm":"way/12535826"},"geometry":{"type":"Point","coordinates":[-0.120255,51.569163]}},{"type":"Feature","properties":{"name":"Grosvenor Gardens","category":"parks","osm":"way/4257005"},"geometry":{"type":"Point","coordinates":[-0.147213,51.497737]}},{"type":"Feature","properties":{"name":"Grosvenor Gardens","category":"parks","osm":"way/4257006"},"geometry":{"type":"Point","coordinates":[-0.145552,51.496564]}},{"type":"Feature","properties":{"name":"Grosvenor Park","category":"parks","osm":"way/23546101"},"geometry":{"type":"Point","coordinates":[-0.419758,51.443824]}},{"type":"Feature","properties":{"name":"Grosvenor Square","category":"parks","osm":"way/4081049"},"geometry":{"type":"Point","coordinates":[-0.151392,51.511507]}},{"type":"Feature","properties":{"name":"Grove Farm local nature reserve","category":"parks","osm":"way/4020620"},"geometry":{"type":"Point","coordinates":[-0.340446,51.556435]}},{"type":"Feature","properties":{"name":"Grove Gardens","category":"parks","osm":"way/859700835"},"geometry":{"type":"Point","coordinates":[-0.329454,51.43102]}},{"type":"Feature","properties":{"name":"Grove Hall Park","category":"parks","osm":"way/37126471"},"geometry":{"type":"Point","coordinates":[-0.018032,51.529836]}},{"type":"Feature","properties":{"name":"Grove Park","category":"parks","osm":"way/3988895"},"geometry":{"type":"Point","coordinates":[-0.230283,51.589034]}},{"type":"Feature","properties":{"name":"Grove Park","category":"parks","osm":"way/491619624"},"geometry":{"type":"Point","coordinates":[-0.26221,51.592182]}},{"type":"Feature","properties":{"name":"Grove Road Gardens","category":"parks","osm":"way/296586275"},"geometry":{"type":"Point","coordinates":[-0.290218,51.455362]}},{"type":"Feature","properties":{"name":"Grove Road Open Space","category":"parks","osm":"way/468310260"},"geometry":{"type":"Point","coordinates":[-0.140422,51.615552]}},{"type":"Feature","properties":{"name":"Grove Terrace Squares","category":"parks","osm":"relation/17135772"},"geometry":{"type":"Point","coordinates":[-0.147387,51.557678]}},{"type":"Feature","properties":{"name":"Grovelands Park","category":"parks","osm":"way/4422546"},"geometry":{"type":"Point","coordinates":[-0.115317,51.632935]}},{"type":"Feature","properties":{"name":"Gunnersbury Park","category":"parks","osm":"way/22703168"},"geometry":{"type":"Point","coordinates":[-0.29088,51.496372]}},{"type":"Feature","properties":{"name":"Gunpowder Park","category":"parks","osm":"way/362235992"},"geometry":{"type":"Point","coordinates":[-0.003745,51.671794]}},{"type":"Feature","properties":{"name":"Guy Street Park","category":"parks","osm":"way/31172607"},"geometry":{"type":"Point","coordinates":[-0.086477,51.50169]}},{"type":"Feature","properties":{"name":"Gwendwr Gardens","category":"parks","osm":"way/46699933"},"geometry":{"type":"Point","coordinates":[-0.208562,51.491337]}},{"type":"Feature","properties":{"name":"Hackney Downs","category":"parks","osm":"way/5993319"},"geometry":{"type":"Point","coordinates":[-0.062305,51.553787]}},{"type":"Feature","properties":{"name":"Hackney Marshes","category":"parks","osm":"way/536499671"},"geometry":{"type":"Point","coordinates":[-0.028589,51.556477]}},{"type":"Feature","properties":{"name":"Hadley Green","category":"parks","osm":"relation/14046354"},"geometry":{"type":"Point","coordinates":[-0.198947,51.660959]}},{"type":"Feature","properties":{"name":"Haggerston Park","category":"parks","osm":"way/8501796"},"geometry":{"type":"Point","coordinates":[-0.067704,51.533069]}},{"type":"Feature","properties":{"name":"Hainault Recreation Ground","category":"parks","osm":"way/556061786"},"geometry":{"type":"Point","coordinates":[0.108856,51.602789]}},{"type":"Feature","properties":{"name":"Hale Field Park","category":"parks","osm":"way/901668083"},"geometry":{"type":"Point","coordinates":[-0.44947,51.518465]}},{"type":"Feature","properties":{"name":"Haling Grove","category":"parks","osm":"way/157155988"},"geometry":{"type":"Point","coordinates":[-0.103735,51.352671]}},{"type":"Feature","properties":{"name":"Halliwick Recreation Ground","category":"parks","osm":"way/187714481"},"geometry":{"type":"Point","coordinates":[-0.151922,51.601194]}},{"type":"Feature","properties":{"name":"Ham Common","category":"parks","osm":"relation/3993063"},"geometry":{"type":"Point","coordinates":[-0.301458,51.432674]}},{"type":"Feature","properties":{"name":"Hammersmith Park","category":"parks","osm":"way/4244828"},"geometry":{"type":"Point","coordinates":[-0.228352,51.510294]}},{"type":"Feature","properties":{"name":"Hampstead Cemetery","category":"parks","osm":"way/4089030"},"geometry":{"type":"Point","coordinates":[-0.200215,51.555791]}},{"type":"Feature","properties":{"name":"Hampstead Green","category":"parks","osm":"way/82244083"},"geometry":{"type":"Point","coordinates":[-0.168087,51.552915]}},{"type":"Feature","properties":{"name":"Hampstead Heath","category":"parks","osm":"relation/21255243"},"geometry":{"type":"Point","coordinates":[-0.169826,51.567154]}},{"type":"Feature","properties":{"name":"Hampstead Road Open Space","category":"parks","osm":"relation/2468782"},"geometry":{"type":"Point","coordinates":[-0.139321,51.530177]}},{"type":"Feature","properties":{"name":"Hampton Common","category":"parks","osm":"way/22924457"},"geometry":{"type":"Point","coordinates":[-0.381916,51.430111]}},{"type":"Feature","properties":{"name":"Hampton Court Green","category":"parks","osm":"way/3541791"},"geometry":{"type":"Point","coordinates":[-0.343256,51.406968]}},{"type":"Feature","properties":{"name":"Hampton Court Maze","category":"parks","osm":"way/1502423413"},"geometry":{"type":"Point","coordinates":[-0.33764,51.406199]}},{"type":"Feature","properties":{"name":"Hampton Court Park","category":"parks","osm":"way/3991615"},"geometry":{"type":"Point","coordinates":[-0.323884,51.401412]}},{"type":"Feature","properties":{"name":"Hampton Village Green","category":"parks","osm":"way/19787039"},"geometry":{"type":"Point","coordinates":[-0.368974,51.415174]}},{"type":"Feature","properties":{"name":"Hamsey Green Recreation Ground","category":"parks","osm":"way/229715549"},"geometry":{"type":"Point","coordinates":[-0.057938,51.316733]}},{"type":"Feature","properties":{"name":"Hanger Hill Park","category":"parks","osm":"way/23516979"},"geometry":{"type":"Point","coordinates":[-0.294743,51.524966]}},{"type":"Feature","properties":{"name":"Hanover Square","category":"parks","osm":"way/38310101"},"geometry":{"type":"Point","coordinates":[-0.143781,51.513933]}},{"type":"Feature","properties":{"name":"Hanworth Park","category":"parks","osm":"way/22583556"},"geometry":{"type":"Point","coordinates":[-0.397079,51.439406]}},{"type":"Feature","properties":{"name":"Happy Valley","category":"parks","osm":"way/208637759"},"geometry":{"type":"Point","coordinates":[-0.122347,51.29543]}},{"type":"Feature","properties":{"name":"Harbord Square Park","category":"parks","osm":"way/791658601"},"geometry":{"type":"Point","coordinates":[-0.010169,51.502613]}},{"type":"Feature","properties":{"name":"Harbour Quay Gardens","category":"parks","osm":"way/862057308"},"geometry":{"type":"Point","coordinates":[-0.013988,51.501893]}},{"type":"Feature","properties":{"name":"Harefield Village Green","category":"parks","osm":"way/31339877"},"geometry":{"type":"Point","coordinates":[-0.480478,51.604679]}},{"type":"Feature","properties":{"name":"Harmondsworth Moor","category":"parks","osm":"way/28982203"},"geometry":{"type":"Point","coordinates":[-0.48804,51.49132]}},{"type":"Feature","properties":{"name":"Harold Wood Park","category":"parks","osm":"relation/17071386"},"geometry":{"type":"Point","coordinates":[0.239318,51.58779]}},{"type":"Feature","properties":{"name":"Harrington Square Gardens","category":"parks","osm":"way/4680850"},"geometry":{"type":"Point","coordinates":[-0.138656,51.53311]}},{"type":"Feature","properties":{"name":"Harrow Lodge Park","category":"parks","osm":"way/23051299"},"geometry":{"type":"Point","coordinates":[0.201396,51.557556]}},{"type":"Feature","properties":{"name":"Harrow Recreation Ground","category":"parks","osm":"way/11843244"},"geometry":{"type":"Point","coordinates":[-0.344947,51.584244]}},{"type":"Feature","properties":{"name":"Harrow Road Open Space","category":"parks","osm":"way/672166625"},"geometry":{"type":"Point","coordinates":[-0.211223,51.526846]}},{"type":"Feature","properties":{"name":"Harrow Weald Recreation Ground","category":"parks","osm":"way/8044839"},"geometry":{"type":"Point","coordinates":[-0.342862,51.606793]}},{"type":"Feature","properties":{"name":"Hartington Park","category":"parks","osm":"way/42381968"},"geometry":{"type":"Point","coordinates":[-0.064474,51.597543]}},{"type":"Feature","properties":{"name":"Harvard Hill Recreation Ground","category":"parks","osm":"way/24485101"},"geometry":{"type":"Point","coordinates":[-0.27509,51.488534]}},{"type":"Feature","properties":{"name":"Harvington Estate","category":"parks","osm":"way/645106449"},"geometry":{"type":"Point","coordinates":[-0.023721,51.394842]}},{"type":"Feature","properties":{"name":"Hatch End Riverside Park","category":"parks","osm":"way/1339146740"},"geometry":{"type":"Point","coordinates":[-0.364013,51.607023]}},{"type":"Feature","properties":{"name":"Hatcham Gardens","category":"parks","osm":"way/48049375"},"geometry":{"type":"Point","coordinates":[-0.051957,51.475173]}},{"type":"Feature","properties":{"name":"Hatfields Green","category":"parks","osm":"way/31511102"},"geometry":{"type":"Point","coordinates":[-0.107049,51.505674]}},{"type":"Feature","properties":{"name":"Hathaway Crescent Park","category":"parks","osm":"way/30118188"},"geometry":{"type":"Point","coordinates":[0.061274,51.544674]}},{"type":"Feature","properties":{"name":"Hatherop Park","category":"parks","osm":"way/3401837"},"geometry":{"type":"Point","coordinates":[-0.384866,51.420854]}},{"type":"Feature","properties":{"name":"Havelock Recreation Ground","category":"parks","osm":"way/858145568"},"geometry":{"type":"Point","coordinates":[0.032295,51.397158]}},{"type":"Feature","properties":{"name":"Haven Green","category":"parks","osm":"way/5061857"},"geometry":{"type":"Point","coordinates":[-0.303754,51.515296]}},{"type":"Feature","properties":{"name":"Haven Green","category":"parks","osm":"way/5061858"},"geometry":{"type":"Point","coordinates":[-0.303376,51.51556]}},{"type":"Feature","properties":{"name":"Haveringwell Memorial","category":"parks","osm":"way/130337748"},"geometry":{"type":"Point","coordinates":[0.188054,51.565669]}},{"type":"Feature","properties":{"name":"Hawksmoor Park","category":"parks","osm":"relation/7167614"},"geometry":{"type":"Point","coordinates":[0.110052,51.504497]}},{"type":"Feature","properties":{"name":"Haydon Hall Park","category":"parks","osm":"way/1283234384"},"geometry":{"type":"Point","coordinates":[-0.405705,51.58857]}},{"type":"Feature","properties":{"name":"Haydons Road Recreation Ground","category":"parks","osm":"way/80427915"},"geometry":{"type":"Point","coordinates":[-0.188714,51.419956]}},{"type":"Feature","properties":{"name":"Hayes Common","category":"parks","osm":"way/479360694"},"geometry":{"type":"Point","coordinates":[0.012285,51.37367]}},{"type":"Feature","properties":{"name":"Hayes End Community Park","category":"parks","osm":"way/37906303"},"geometry":{"type":"Point","coordinates":[-0.438929,51.524617]}},{"type":"Feature","properties":{"name":"Haynes Park","category":"parks","osm":"way/8470112"},"geometry":{"type":"Point","coordinates":[0.215186,51.577521]}},{"type":"Feature","properties":{"name":"Hazel Road Open Space","category":"parks","osm":"way/479571694"},"geometry":{"type":"Point","coordinates":[-0.226834,51.530415]}},{"type":"Feature","properties":{"name":"Heathbrook Park","category":"parks","osm":"way/27363252"},"geometry":{"type":"Point","coordinates":[-0.142051,51.471066]}},{"type":"Feature","properties":{"name":"Heather Park Open Space","category":"parks","osm":"way/10440090"},"geometry":{"type":"Point","coordinates":[-0.281445,51.54224]}},{"type":"Feature","properties":{"name":"Heathfield","category":"parks","osm":"way/169137580"},"geometry":{"type":"Point","coordinates":[-0.056564,51.356974]}},{"type":"Feature","properties":{"name":"Heathfield Nature Garden","category":"parks","osm":"way/1196029027"},"geometry":{"type":"Point","coordinates":[-0.280275,51.504845]}},{"type":"Feature","properties":{"name":"Heathfield Recreation Ground","category":"parks","osm":"way/23107853"},"geometry":{"type":"Point","coordinates":[-0.372922,51.447701]}},{"type":"Feature","properties":{"name":"Heathfield Square","category":"parks","osm":"way/232886216"},"geometry":{"type":"Point","coordinates":[-0.179306,51.448793]}},{"type":"Feature","properties":{"name":"Heathwall Quay","category":"parks","osm":"way/1424652921"},"geometry":{"type":"Point","coordinates":[-0.135941,51.48304]}},{"type":"Feature","properties":{"name":"Heavers Meadow","category":"parks","osm":"way/25691050"},"geometry":{"type":"Point","coordinates":[-0.083404,51.392336]}},{"type":"Feature","properties":{"name":"Hellings Street Open Space","category":"parks","osm":"way/25536184"},"geometry":{"type":"Point","coordinates":[-0.06551,51.504556]}},{"type":"Feature","properties":{"name":"Hendon Park","category":"parks","osm":"way/4040566"},"geometry":{"type":"Point","coordinates":[-0.221621,51.581129]}},{"type":"Feature","properties":{"name":"Henry Reynolds Gardens","category":"parks","osm":"way/28834580"},"geometry":{"type":"Point","coordinates":[0.017006,51.57036]}},{"type":"Feature","properties":{"name":"Hermit Road Recreational Ground","category":"parks","osm":"way/36805591"},"geometry":{"type":"Point","coordinates":[0.014075,51.523798]}},{"type":"Feature","properties":{"name":"Hermitage Riverside Memorial Garden","category":"parks","osm":"way/24349986"},"geometry":{"type":"Point","coordinates":[-0.067428,51.504509]}},{"type":"Feature","properties":{"name":"Hervey Road Playing Field","category":"parks","osm":"way/22724899"},"geometry":{"type":"Point","coordinates":[0.029632,51.47218]}},{"type":"Feature","properties":{"name":"Heston Park","category":"parks","osm":"relation/17298316"},"geometry":{"type":"Point","coordinates":[-0.378089,51.486884]}},{"type":"Feature","properties":{"name":"Hicks Hall Garden","category":"parks","osm":"node/13994542103"},"geometry":{"type":"Point","coordinates":[-0.101617,51.520708]}},{"type":"Feature","properties":{"name":"High Road Open Space","category":"parks","osm":"way/185905591"},"geometry":{"type":"Point","coordinates":[-0.13898,51.613663]}},{"type":"Feature","properties":{"name":"Higham Hill Recreation Ground","category":"parks","osm":"way/23167463"},"geometry":{"type":"Point","coordinates":[-0.037356,51.597428]}},{"type":"Feature","properties":{"name":"Highbury Fields","category":"parks","osm":"relation/18794121"},"geometry":{"type":"Point","coordinates":[-0.101543,51.549672]}},{"type":"Feature","properties":{"name":"Highbury Island","category":"parks","osm":"way/617730357"},"geometry":{"type":"Point","coordinates":[-0.102783,51.545834]}},{"type":"Feature","properties":{"name":"Highgate Enclosures","category":"parks","osm":"way/116402172"},"geometry":{"type":"Point","coordinates":[-0.147692,51.557308]}},{"type":"Feature","properties":{"name":"Highgate Wood","category":"parks","osm":"way/482276804"},"geometry":{"type":"Point","coordinates":[-0.150399,51.58235]}},{"type":"Feature","properties":{"name":"Highgate Woods Fields","category":"parks","osm":"way/30221349"},"geometry":{"type":"Point","coordinates":[-0.15131,51.581591]}},{"type":"Feature","properties":{"name":"Highlands Gardens","category":"parks","osm":"way/71034940"},"geometry":{"type":"Point","coordinates":[-0.187164,51.648369]}},{"type":"Feature","properties":{"name":"Highwood Park","category":"parks","osm":"way/198636956"},"geometry":{"type":"Point","coordinates":[-0.245102,51.626691]}},{"type":"Feature","properties":{"name":"Hillingdon Court Park","category":"parks","osm":"way/26784740"},"geometry":{"type":"Point","coordinates":[-0.455751,51.544723]}},{"type":"Feature","properties":{"name":"Hillside Gardens Park","category":"parks","osm":"way/140855321"},"geometry":{"type":"Point","coordinates":[-0.115617,51.437901]}},{"type":"Feature","properties":{"name":"Hillside Park","category":"parks","osm":"way/42999282"},"geometry":{"type":"Point","coordinates":[-0.130849,51.569571]}},{"type":"Feature","properties":{"name":"Hilly Fields","category":"parks","osm":"way/8125006"},"geometry":{"type":"Point","coordinates":[-0.089431,51.669484]}},{"type":"Feature","properties":{"name":"Hilly Fields","category":"parks","osm":"relation/16247166"},"geometry":{"type":"Point","coordinates":[-0.025507,51.460047]}},{"type":"Feature","properties":{"name":"Historic Southfields Pond","category":"parks","osm":"way/544763905"},"geometry":{"type":"Point","coordinates":[-0.211498,51.445806]}},{"type":"Feature","properties":{"name":"Hitherbroom Park","category":"parks","osm":"way/1046215998"},"geometry":{"type":"Point","coordinates":[-0.407352,51.511816]}},{"type":"Feature","properties":{"name":"Hoe Lane Space","category":"parks","osm":"way/96459864"},"geometry":{"type":"Point","coordinates":[-0.052626,51.667012]}},{"type":"Feature","properties":{"name":"Hog's Back Open Space","category":"parks","osm":"way/824624362"},"geometry":{"type":"Point","coordinates":[-0.408777,51.606074]}},{"type":"Feature","properties":{"name":"Holland Garden","category":"parks","osm":"way/282900484"},"geometry":{"type":"Point","coordinates":[-0.231454,51.415305]}},{"type":"Feature","properties":{"name":"Holland Park","category":"parks","osm":"way/8137262"},"geometry":{"type":"Point","coordinates":[-0.203127,51.502782]}},{"type":"Feature","properties":{"name":"Hollickwood Park","category":"parks","osm":"way/285245099"},"geometry":{"type":"Point","coordinates":[-0.141941,51.607583]}},{"type":"Feature","properties":{"name":"Holly Grove Shrubbery","category":"parks","osm":"way/4799189"},"geometry":{"type":"Point","coordinates":[-0.071237,51.470112]}},{"type":"Feature","properties":{"name":"Holly Road Garden","category":"parks","osm":"way/195127540"},"geometry":{"type":"Point","coordinates":[-0.329639,51.446767]}},{"type":"Feature","properties":{"name":"Holly Road Recreation Ground","category":"parks","osm":"way/27162633"},"geometry":{"type":"Point","coordinates":[-0.361176,51.425064]}},{"type":"Feature","properties":{"name":"Hollydale Recreation Grounds","category":"parks","osm":"way/626484199"},"geometry":{"type":"Point","coordinates":[0.044154,51.369478]}},{"type":"Feature","properties":{"name":"Hollyoak Wood Park","category":"parks","osm":"way/960169742"},"geometry":{"type":"Point","coordinates":[0.097171,51.445046]}},{"type":"Feature","properties":{"name":"Holman Road Park","category":"parks","osm":"way/584958907"},"geometry":{"type":"Point","coordinates":[-0.273174,51.367167]}},{"type":"Feature","properties":{"name":"Holmesdale Tunnel Open Space","category":"parks","osm":"way/24002943"},"geometry":{"type":"Point","coordinates":[-0.036807,51.682523]}},{"type":"Feature","properties":{"name":"Holmewood Gardens","category":"parks","osm":"way/26455154"},"geometry":{"type":"Point","coordinates":[-0.121427,51.446507]}},{"type":"Feature","properties":{"name":"Holwood Park","category":"parks","osm":"way/692089180"},"geometry":{"type":"Point","coordinates":[0.041748,51.353506]}},{"type":"Feature","properties":{"name":"Holy Trinity Churchyard","category":"parks","osm":"way/1008836248"},"geometry":{"type":"Point","coordinates":[-0.142158,51.462469]}},{"type":"Feature","properties":{"name":"Home Park","category":"parks","osm":"way/39895358"},"geometry":{"type":"Point","coordinates":[-0.039621,51.426709]}},{"type":"Feature","properties":{"name":"Homefield Recreation Ground North","category":"parks","osm":"way/22697257"},"geometry":{"type":"Point","coordinates":[-0.24939,51.489456]}},{"type":"Feature","properties":{"name":"Homefield Recreation Ground South","category":"parks","osm":"way/24034914"},"geometry":{"type":"Point","coordinates":[-0.248475,51.488346]}},{"type":"Feature","properties":{"name":"Homerton Grove","category":"parks","osm":"way/25799965"},"geometry":{"type":"Point","coordinates":[-0.043485,51.549694]}},{"type":"Feature","properties":{"name":"Hook Leisure Gardens","category":"parks","osm":"way/377295940"},"geometry":{"type":"Point","coordinates":[-0.30638,51.373871]}},{"type":"Feature","properties":{"name":"Horn Park","category":"parks","osm":"way/398022027"},"geometry":{"type":"Point","coordinates":[0.025267,51.443017]}},{"type":"Feature","properties":{"name":"Hornchurch Country Park","category":"parks","osm":"way/667708097"},"geometry":{"type":"Point","coordinates":[0.211424,51.538303]}},{"type":"Feature","properties":{"name":"Hornfair Park","category":"parks","osm":"way/190935612"},"geometry":{"type":"Point","coordinates":[0.042411,51.475662]}},{"type":"Feature","properties":{"name":"Horniman Museum and Gardens","category":"parks","osm":"way/5095245"},"geometry":{"type":"Point","coordinates":[-0.061687,51.442194]}},{"type":"Feature","properties":{"name":"Horniman Triangle","category":"parks","osm":"way/28237063"},"geometry":{"type":"Point","coordinates":[-0.062798,51.439748]}},{"type":"Feature","properties":{"name":"Hornsey Park","category":"parks","osm":"way/1196586232"},"geometry":{"type":"Point","coordinates":[-0.112323,51.592051]}},{"type":"Feature","properties":{"name":"Horsenden Hill Open Space","category":"parks","osm":"way/224678210"},"geometry":{"type":"Point","coordinates":[-0.324497,51.546322]}},{"type":"Feature","properties":{"name":"Horsenden Hill Open Space","category":"parks","osm":"way/818883557"},"geometry":{"type":"Point","coordinates":[-0.334131,51.54614]}},{"type":"Feature","properties":{"name":"Horsenden Lower Thrifts Field","category":"parks","osm":"way/24917354"},"geometry":{"type":"Point","coordinates":[-0.326205,51.541477]}},{"type":"Feature","properties":{"name":"Hounslow Heath Open Space","category":"parks","osm":"way/10695644"},"geometry":{"type":"Point","coordinates":[-0.375762,51.454903]}},{"type":"Feature","properties":{"name":"Howbury Lane Open Space","category":"parks","osm":"way/546838603"},"geometry":{"type":"Point","coordinates":[0.188849,51.465981]}},{"type":"Feature","properties":{"name":"Hoxton Square","category":"parks","osm":"way/5831176"},"geometry":{"type":"Point","coordinates":[-0.081215,51.527726]}},{"type":"Feature","properties":{"name":"Hurlingham Park","category":"parks","osm":"way/4252522"},"geometry":{"type":"Point","coordinates":[-0.202122,51.469052]}},{"type":"Feature","properties":{"name":"Hurst Park","category":"parks","osm":"way/166505011"},"geometry":{"type":"Point","coordinates":[-0.361782,51.408787]}},{"type":"Feature","properties":{"name":"Hurstleigh Gardens Open Space","category":"parks","osm":"way/855367067"},"geometry":{"type":"Point","coordinates":[0.06193,51.595595]}},{"type":"Feature","properties":{"name":"Husseywell Park","category":"parks","osm":"way/11081595"},"geometry":{"type":"Point","coordinates":[0.01423,51.378064]}},{"type":"Feature","properties":{"name":"Hyde Park","category":"parks","osm":"way/372975520"},"geometry":{"type":"Point","coordinates":[-0.163052,51.507415]}},{"type":"Feature","properties":{"name":"Hylands Park","category":"parks","osm":"way/4800542"},"geometry":{"type":"Point","coordinates":[0.199961,51.571106]}},{"type":"Feature","properties":{"name":"Ilford War Memorial Gardens","category":"parks","osm":"way/170706726"},"geometry":{"type":"Point","coordinates":[0.08743,51.574907]}},{"type":"Feature","properties":{"name":"Imperial Park","category":"parks","osm":"way/97503323"},"geometry":{"type":"Point","coordinates":[-0.183223,51.471025]}},{"type":"Feature","properties":{"name":"Indescon Square","category":"parks","osm":"way/188051436"},"geometry":{"type":"Point","coordinates":[-0.020253,51.498492]}},{"type":"Feature","properties":{"name":"Ingrebourne Hill","category":"parks","osm":"way/666540394"},"geometry":{"type":"Point","coordinates":[0.198667,51.528208]}},{"type":"Feature","properties":{"name":"Inkerman Garden","category":"parks","osm":"way/972694738"},"geometry":{"type":"Point","coordinates":[-0.146082,51.549049]}},{"type":"Feature","properties":{"name":"Inverness Gardens","category":"parks","osm":"way/485509107"},"geometry":{"type":"Point","coordinates":[-0.145487,51.539505]}},{"type":"Feature","properties":{"name":"Inwood Park","category":"parks","osm":"way/4872134"},"geometry":{"type":"Point","coordinates":[-0.35523,51.46765]}},{"type":"Feature","properties":{"name":"Ion Square Gardens","category":"parks","osm":"way/5926169"},"geometry":{"type":"Point","coordinates":[-0.066443,51.530528]}},{"type":"Feature","properties":{"name":"Island Gardens","category":"parks","osm":"way/4358991"},"geometry":{"type":"Point","coordinates":[-0.008063,51.487019]}},{"type":"Feature","properties":{"name":"Isle of Effra","category":"parks","osm":"way/1413447838"},"geometry":{"type":"Point","coordinates":[-0.125644,51.487315]}},{"type":"Feature","properties":{"name":"Isledon Gardens","category":"parks","osm":"way/56131942"},"geometry":{"type":"Point","coordinates":[-0.109283,51.560019]}},{"type":"Feature","properties":{"name":"Islington Green","category":"parks","osm":"way/4969113"},"geometry":{"type":"Point","coordinates":[-0.103072,51.536151]}},{"type":"Feature","properties":{"name":"Islip Manor Meadows","category":"parks","osm":"way/9170993"},"geometry":{"type":"Point","coordinates":[-0.388966,51.547779]}},{"type":"Feature","properties":{"name":"Islip Manor Park","category":"parks","osm":"way/9170814"},"geometry":{"type":"Point","coordinates":[-0.375858,51.546737]}},{"type":"Feature","properties":{"name":"Ivy's Gardens","category":"parks","osm":"way/1088846090"},"geometry":{"type":"Point","coordinates":[-0.07163,51.536792]}},{"type":"Feature","properties":{"name":"Jack Cornwell Park","category":"parks","osm":"way/28817103"},"geometry":{"type":"Point","coordinates":[-0.011822,51.569783]}},{"type":"Feature","properties":{"name":"James Clavell Square","category":"parks","osm":"way/308128768"},"geometry":{"type":"Point","coordinates":[0.070818,51.494522]}},{"type":"Feature","properties":{"name":"Jellicoe Gardens","category":"parks","osm":"way/1424097319"},"geometry":{"type":"Point","coordinates":[-0.124458,51.537986]}},{"type":"Feature","properties":{"name":"Jersey Gardens","category":"parks","osm":"way/4800249"},"geometry":{"type":"Point","coordinates":[-0.343145,51.482973]}},{"type":"Feature","properties":{"name":"Jersey Gardens","category":"parks","osm":"way/5123535"},"geometry":{"type":"Point","coordinates":[-0.340449,51.483371]}},{"type":"Feature","properties":{"name":"Jesus Green","category":"parks","osm":"way/5923323"},"geometry":{"type":"Point","coordinates":[-0.068435,51.529128]}},{"type":"Feature","properties":{"name":"John Innes Park","category":"parks","osm":"way/35944198"},"geometry":{"type":"Point","coordinates":[-0.206699,51.409357]}},{"type":"Feature","properties":{"name":"Johnian's","category":"parks","osm":"way/245694194"},"geometry":{"type":"Point","coordinates":[0.010242,51.585195]}},{"type":"Feature","properties":{"name":"Jolly Farmers Open Space","category":"parks","osm":"way/860825570"},"geometry":{"type":"Point","coordinates":[0.195496,51.454968]}},{"type":"Feature","properties":{"name":"Jolly's Green","category":"parks","osm":"way/175589906"},"geometry":{"type":"Point","coordinates":[-0.009465,51.514939]}},{"type":"Feature","properties":{"name":"Joseph Grimaldi Park","category":"parks","osm":"way/30580392"},"geometry":{"type":"Point","coordinates":[-0.114928,51.531934]}},{"type":"Feature","properties":{"name":"Jowett Street Park","category":"parks","osm":"way/35475970"},"geometry":{"type":"Point","coordinates":[-0.072054,51.477825]}},{"type":"Feature","properties":{"name":"Jubilee Country Park","category":"parks","osm":"way/44846644"},"geometry":{"type":"Point","coordinates":[0.062946,51.392474]}},{"type":"Feature","properties":{"name":"Jubilee Gardens","category":"parks","osm":"way/4373996"},"geometry":{"type":"Point","coordinates":[-0.118132,51.503956]}},{"type":"Feature","properties":{"name":"Jubilee Gardens","category":"parks","osm":"way/5950004"},"geometry":{"type":"Point","coordinates":[-0.054054,51.515501]}},{"type":"Feature","properties":{"name":"Jubilee Gardens","category":"parks","osm":"way/25644456"},"geometry":{"type":"Point","coordinates":[0.005594,51.554846]}},{"type":"Feature","properties":{"name":"Jubilee Meadow","category":"parks","osm":"way/827079788"},"geometry":{"type":"Point","coordinates":[-0.372485,51.449587]}},{"type":"Feature","properties":{"name":"Jubilee Meadow and Blackberry Corner","category":"parks","osm":"way/326380091"},"geometry":{"type":"Point","coordinates":[-0.349132,51.504013]}},{"type":"Feature","properties":{"name":"Jubilee Park","category":"parks","osm":"way/140132634"},"geometry":{"type":"Point","coordinates":[-0.018676,51.503351]}},{"type":"Feature","properties":{"name":"Jubilee Park","category":"parks","osm":"way/305195115"},"geometry":{"type":"Point","coordinates":[-0.059166,51.634836]}},{"type":"Feature","properties":{"name":"Jubilee Park","category":"parks","osm":"way/677745604"},"geometry":{"type":"Point","coordinates":[0.177605,51.571115]}},{"type":"Feature","properties":{"name":"Jutsums Park","category":"parks","osm":"way/198626620"},"geometry":{"type":"Point","coordinates":[0.162292,51.569634]}},{"type":"Feature","properties":{"name":"Keir Hardie Park","category":"parks","osm":"way/25670559"},"geometry":{"type":"Point","coordinates":[0.015719,51.511869]}},{"type":"Feature","properties":{"name":"Kelsey Park","category":"parks","osm":"way/43961614"},"geometry":{"type":"Point","coordinates":[-0.021799,51.402203]}},{"type":"Feature","properties":{"name":"Kendor Gardens","category":"parks","osm":"way/5204861"},"geometry":{"type":"Point","coordinates":[-0.194553,51.406548]}},{"type":"Feature","properties":{"name":"Kenley Common","category":"parks","osm":"way/218499151"},"geometry":{"type":"Point","coordinates":[-0.093157,51.307033]}},{"type":"Feature","properties":{"name":"Kennard Road Open Space","category":"parks","osm":"way/429211865"},"geometry":{"type":"Point","coordinates":[-0.157491,51.613448]}},{"type":"Feature","properties":{"name":"Kenninghall Open Space","category":"parks","osm":"way/41258936"},"geometry":{"type":"Point","coordinates":[-0.051581,51.613697]}},{"type":"Feature","properties":{"name":"Kennington Green","category":"parks","osm":"way/360852656"},"geometry":{"type":"Point","coordinates":[-0.111687,51.485863]}},{"type":"Feature","properties":{"name":"Kennington Open Space","category":"parks","osm":"relation/15441621"},"geometry":{"type":"Point","coordinates":[-0.104663,51.480307]}},{"type":"Feature","properties":{"name":"Kennington Park","category":"parks","osm":"way/183480725"},"geometry":{"type":"Point","coordinates":[0.245599,51.507683]}},{"type":"Feature","properties":{"name":"Kennington Park","category":"parks","osm":"relation/13461887"},"geometry":{"type":"Point","coordinates":[-0.107672,51.48313]}},{"type":"Feature","properties":{"name":"Kensington Gardens","category":"parks","osm":"way/3986346"},"geometry":{"type":"Point","coordinates":[-0.180201,51.506648]}},{"type":"Feature","properties":{"name":"Kensington Memorial Park","category":"parks","osm":"way/23526046"},"geometry":{"type":"Point","coordinates":[-0.219846,51.520643]}},{"type":"Feature","properties":{"name":"Kenton Recreation Ground","category":"parks","osm":"way/11844940"},"geometry":{"type":"Point","coordinates":[-0.319156,51.587497]}},{"type":"Feature","properties":{"name":"Kew Bridge Court Resident Park","category":"parks","osm":"way/647782158"},"geometry":{"type":"Point","coordinates":[-0.284809,51.488931]}},{"type":"Feature","properties":{"name":"Kew Green","category":"parks","osm":"relation/7878338"},"geometry":{"type":"Point","coordinates":[-0.288312,51.484224]}},{"type":"Feature","properties":{"name":"Kidbrooke Green Park","category":"parks","osm":"way/47147692"},"geometry":{"type":"Point","coordinates":[0.031937,51.464438]}},{"type":"Feature","properties":{"name":"Kilburn Grange Park","category":"parks","osm":"way/148947487"},"geometry":{"type":"Point","coordinates":[-0.198475,51.543784]}},{"type":"Feature","properties":{"name":"Killick Street Garden","category":"parks","osm":"way/1349556810"},"geometry":{"type":"Point","coordinates":[-0.118284,51.533099]}},{"type":"Feature","properties":{"name":"Kimpton Linear Park","category":"parks","osm":"way/135166671"},"geometry":{"type":"Point","coordinates":[-0.208246,51.377966]}},{"type":"Feature","properties":{"name":"King Edward Memorial Park","category":"parks","osm":"way/24349166"},"geometry":{"type":"Point","coordinates":[-0.048676,51.508979]}},{"type":"Feature","properties":{"name":"King Edward VII Park","category":"parks","osm":"way/27619781"},"geometry":{"type":"Point","coordinates":[-0.295313,51.557055]}},{"type":"Feature","properties":{"name":"King George V Park","category":"parks","osm":"way/117423299"},"geometry":{"type":"Point","coordinates":[0.040288,51.513596]}},{"type":"Feature","properties":{"name":"King George V Playing Field","category":"parks","osm":"way/5108124"},"geometry":{"type":"Point","coordinates":[-0.339444,51.506254]}},{"type":"Feature","properties":{"name":"King George V Playing Fields","category":"parks","osm":"way/4338932"},"geometry":{"type":"Point","coordinates":[-0.192674,51.64097]}},{"type":"Feature","properties":{"name":"King George VI Memorial Garden","category":"parks","osm":"way/38762442"},"geometry":{"type":"Point","coordinates":[-0.110738,51.599288]}},{"type":"Feature","properties":{"name":"King George's Field","category":"parks","osm":"way/120159805"},"geometry":{"type":"Point","coordinates":[0.150819,51.532198]}},{"type":"Feature","properties":{"name":"King George's Field","category":"parks","osm":"way/203792494"},"geometry":{"type":"Point","coordinates":[0.052705,51.468769]}},{"type":"Feature","properties":{"name":"King George's Field","category":"parks","osm":"way/206554427"},"geometry":{"type":"Point","coordinates":[-0.318439,51.442954]}},{"type":"Feature","properties":{"name":"King George's Field","category":"parks","osm":"way/226321211"},"geometry":{"type":"Point","coordinates":[-0.090219,51.387186]}},{"type":"Feature","properties":{"name":"King George's Field","category":"parks","osm":"way/1437124985"},"geometry":{"type":"Point","coordinates":[0.142238,51.458567]}},{"type":"Feature","properties":{"name":"King George’s Fields","category":"parks","osm":"way/255199198"},"geometry":{"type":"Point","coordinates":[-0.424625,51.427319]}},{"type":"Feature","properties":{"name":"King George's Park","category":"parks","osm":"way/47297270"},"geometry":{"type":"Point","coordinates":[-0.051814,51.497012]}},{"type":"Feature","properties":{"name":"King George's Park","category":"parks","osm":"way/1089324823"},"geometry":{"type":"Point","coordinates":[-0.195838,51.455524]}},{"type":"Feature","properties":{"name":"King George's Park","category":"parks","osm":"relation/14730180"},"geometry":{"type":"Point","coordinates":[-0.194434,51.449213]}},{"type":"Feature","properties":{"name":"King George's Playing Fields","category":"parks","osm":"way/60137453"},"geometry":{"type":"Point","coordinates":[0.165786,51.585121]}},{"type":"Feature","properties":{"name":"King George's Playing Fields","category":"parks","osm":"way/152337807"},"geometry":{"type":"Point","coordinates":[-0.193831,51.656238]}},{"type":"Feature","properties":{"name":"King Square Gardens","category":"parks","osm":"way/34083497"},"geometry":{"type":"Point","coordinates":[-0.098944,51.527318]}},{"type":"Feature","properties":{"name":"King's Stairs Gardens","category":"parks","osm":"relation/13490527"},"geometry":{"type":"Point","coordinates":[-0.057222,51.499953]}},{"type":"Feature","properties":{"name":"Kingdom Square","category":"parks","osm":"relation/10118441"},"geometry":{"type":"Point","coordinates":[-0.182928,51.519249]}},{"type":"Feature","properties":{"name":"Kings Meadow","category":"parks","osm":"way/35926457"},"geometry":{"type":"Point","coordinates":[0.020812,51.418548]}},{"type":"Feature","properties":{"name":"Kings Park Play Area","category":"parks","osm":"way/488442765"},"geometry":{"type":"Point","coordinates":[0.227977,51.592022]}},{"type":"Feature","properties":{"name":"Kings Wharf Park","category":"parks","osm":"way/1395302765"},"geometry":{"type":"Point","coordinates":[-0.031857,51.511453]}},{"type":"Feature","properties":{"name":"Kingsley Park","category":"parks","osm":"way/5376869"},"geometry":{"type":"Point","coordinates":[-0.355811,51.473941]}},{"type":"Feature","properties":{"name":"Kingston Road Recreation Ground","category":"parks","osm":"way/194677196"},"geometry":{"type":"Point","coordinates":[-0.278306,51.403978]}},{"type":"Feature","properties":{"name":"Kinloch Gardens","category":"parks","osm":"way/25654294"},"geometry":{"type":"Point","coordinates":[-0.113192,51.559459]}},{"type":"Feature","properties":{"name":"Kirkdale Green","category":"parks","osm":"way/228375455"},"geometry":{"type":"Point","coordinates":[-0.056295,51.428697]}},{"type":"Feature","properties":{"name":"Kirkham Walkway","category":"parks","osm":"way/546123936"},"geometry":{"type":"Point","coordinates":[0.089521,51.479117]}},{"type":"Feature","properties":{"name":"Kirkstall Gardens","category":"parks","osm":"way/637906147"},"geometry":{"type":"Point","coordinates":[-0.129365,51.443647]}},{"type":"Feature","properties":{"name":"Kit Crowley Gardens","category":"parks","osm":"way/576857108"},"geometry":{"type":"Point","coordinates":[-0.04616,51.542468]}},{"type":"Feature","properties":{"name":"Kitchener Park","category":"parks","osm":"way/465836503"},"geometry":{"type":"Point","coordinates":[-0.010164,51.599572]}},{"type":"Feature","properties":{"name":"Kneller Gardens","category":"parks","osm":"way/7945979"},"geometry":{"type":"Point","coordinates":[-0.349108,51.447239]}},{"type":"Feature","properties":{"name":"Knight's Hill Wood Nature Reserve","category":"parks","osm":"way/956335691"},"geometry":{"type":"Point","coordinates":[-0.105526,51.424953]}},{"type":"Feature","properties":{"name":"Knights Gardens","category":"parks","osm":"way/839138707"},"geometry":{"type":"Point","coordinates":[-0.440113,51.527495]}},{"type":"Feature","properties":{"name":"Knotts Green","category":"parks","osm":"relation/9483389"},"geometry":{"type":"Point","coordinates":[-0.007545,51.577261]}},{"type":"Feature","properties":{"name":"Kynaston Gardens","category":"parks","osm":"way/24257746"},"geometry":{"type":"Point","coordinates":[-0.074412,51.560846]}},{"type":"Feature","properties":{"name":"Laburnum Close Green","category":"parks","osm":"node/11753048107"},"geometry":{"type":"Point","coordinates":[-0.056302,51.475998]}},{"type":"Feature","properties":{"name":"Ladywell Fields","category":"parks","osm":"relation/10699657"},"geometry":{"type":"Point","coordinates":[-0.02306,51.451174]}},{"type":"Feature","properties":{"name":"Lake Farm Country Park","category":"parks","osm":"way/37878585"},"geometry":{"type":"Point","coordinates":[-0.430225,51.510905]}},{"type":"Feature","properties":{"name":"Lambeth Walk Doorstep Green","category":"parks","osm":"way/79308654"},"geometry":{"type":"Point","coordinates":[-0.113124,51.49261]}},{"type":"Feature","properties":{"name":"Lambeth Walk Doorstep Green","category":"parks","osm":"way/96108592"},"geometry":{"type":"Point","coordinates":[-0.112148,51.492919]}},{"type":"Feature","properties":{"name":"Lammas Enclosure","category":"parks","osm":"way/43626971"},"geometry":{"type":"Point","coordinates":[-0.309162,51.505957]}},{"type":"Feature","properties":{"name":"Lammas Park","category":"parks","osm":"way/4049350"},"geometry":{"type":"Point","coordinates":[-0.312059,51.503961]}},{"type":"Feature","properties":{"name":"Lamorbey Park","category":"parks","osm":"way/4333599"},"geometry":{"type":"Point","coordinates":[0.105783,51.437431]}},{"type":"Feature","properties":{"name":"Lampton Park","category":"parks","osm":"way/4842384"},"geometry":{"type":"Point","coordinates":[-0.371343,51.474199]}},{"type":"Feature","properties":{"name":"Land at Prebend Gardens","category":"parks","osm":"way/23687878"},"geometry":{"type":"Point","coordinates":[-0.248406,51.497107]}},{"type":"Feature","properties":{"name":"Landseer Gardens","category":"parks","osm":"way/4859728"},"geometry":{"type":"Point","coordinates":[-0.1222,51.562694]}},{"type":"Feature","properties":{"name":"Langdon Park","category":"parks","osm":"way/23621840"},"geometry":{"type":"Point","coordinates":[-0.013358,51.516297]}},{"type":"Feature","properties":{"name":"Langdon Park","category":"parks","osm":"way/163696582"},"geometry":{"type":"Point","coordinates":[-0.314281,51.420221]}},{"type":"Feature","properties":{"name":"Langthorne Park","category":"parks","osm":"way/25644455"},"geometry":{"type":"Point","coordinates":[0.004068,51.555969]}},{"type":"Feature","properties":{"name":"Langthorne Park","category":"parks","osm":"way/469223161"},"geometry":{"type":"Point","coordinates":[-0.425765,51.495495]}},{"type":"Feature","properties":{"name":"Lansdowne Gardens","category":"parks","osm":"way/770016736"},"geometry":{"type":"Point","coordinates":[-0.126314,51.476034]}},{"type":"Feature","properties":{"name":"Larkhall Park","category":"parks","osm":"way/4982149"},"geometry":{"type":"Point","coordinates":[-0.131028,51.473355]}},{"type":"Feature","properties":{"name":"Larkhall Park Community Garden","category":"parks","osm":"way/1133424304"},"geometry":{"type":"Point","coordinates":[-0.130644,51.474855]}},{"type":"Feature","properties":{"name":"Latchmere Rec","category":"parks","osm":"way/4770441"},"geometry":{"type":"Point","coordinates":[-0.295103,51.423742]}},{"type":"Feature","properties":{"name":"Latchmere Recreation Ground","category":"parks","osm":"way/4701427"},"geometry":{"type":"Point","coordinates":[-0.161669,51.471838]}},{"type":"Feature","properties":{"name":"Lavender Gardens","category":"parks","osm":"way/48455908"},"geometry":{"type":"Point","coordinates":[-0.164017,51.465159]}},{"type":"Feature","properties":{"name":"Lavender Park","category":"parks","osm":"way/28180493"},"geometry":{"type":"Point","coordinates":[-0.170746,51.412512]}},{"type":"Feature","properties":{"name":"Lawns Park","category":"parks","osm":"way/22868553"},"geometry":{"type":"Point","coordinates":[0.169783,51.596925]}},{"type":"Feature","properties":{"name":"Laycock Green","category":"parks","osm":"way/27815149"},"geometry":{"type":"Point","coordinates":[-0.105597,51.545039]}},{"type":"Feature","properties":{"name":"Leader's Gardens","category":"parks","osm":"way/27230484"},"geometry":{"type":"Point","coordinates":[-0.222353,51.470641]}},{"type":"Feature","properties":{"name":"Leathermarket Gardens","category":"parks","osm":"way/25948796"},"geometry":{"type":"Point","coordinates":[-0.083999,51.500887]}},{"type":"Feature","properties":{"name":"Leaves Green","category":"parks","osm":"way/192920262"},"geometry":{"type":"Point","coordinates":[0.029164,51.337667]}},{"type":"Feature","properties":{"name":"Lee Road Open Space","category":"parks","osm":"way/306030887"},"geometry":{"type":"Point","coordinates":[-0.060734,51.639879]}},{"type":"Feature","properties":{"name":"Lefevre Park","category":"parks","osm":"way/37122252"},"geometry":{"type":"Point","coordinates":[-0.025649,51.534617]}},{"type":"Feature","properties":{"name":"Leicester Square","category":"parks","osm":"way/4082589"},"geometry":{"type":"Point","coordinates":[-0.130131,51.510437]}},{"type":"Feature","properties":{"name":"Leighton Crescent Gardens","category":"parks","osm":"way/1028767079"},"geometry":{"type":"Point","coordinates":[-0.134387,51.551826]}},{"type":"Feature","properties":{"name":"Leitrim Park","category":"parks","osm":"way/37879001"},"geometry":{"type":"Point","coordinates":[-0.390704,51.446821]}},{"type":"Feature","properties":{"name":"Lennox Estate Green","category":"parks","osm":"way/486975557"},"geometry":{"type":"Point","coordinates":[-0.252555,51.464758]}},{"type":"Feature","properties":{"name":"Lesnes Abbey Park","category":"parks","osm":"way/4929878"},"geometry":{"type":"Point","coordinates":[0.128906,51.48879]}},{"type":"Feature","properties":{"name":"Lesnes Abbey Wood Recreation Ground","category":"parks","osm":"way/311644324"},"geometry":{"type":"Point","coordinates":[0.133463,51.489721]}},{"type":"Feature","properties":{"name":"Leven Banks","category":"parks","osm":"way/956082244"},"geometry":{"type":"Point","coordinates":[-0.003628,51.516846]}},{"type":"Feature","properties":{"name":"Leven Road Open Space","category":"parks","osm":"way/50402874"},"geometry":{"type":"Point","coordinates":[-0.004176,51.514921]}},{"type":"Feature","properties":{"name":"Lewis Cubitt Park","category":"parks","osm":"way/347275186"},"geometry":{"type":"Point","coordinates":[-0.125222,51.538152]}},{"type":"Feature","properties":{"name":"Lewisham Park","category":"parks","osm":"way/2956783"},"geometry":{"type":"Point","coordinates":[-0.013171,51.453172]}},{"type":"Feature","properties":{"name":"Leybourne Road Park","category":"parks","osm":"way/45441316"},"geometry":{"type":"Point","coordinates":[-0.281223,51.586817]}},{"type":"Feature","properties":{"name":"Leyton Jubilee Park","category":"parks","osm":"relation/6606182"},"geometry":{"type":"Point","coordinates":[-0.024279,51.562566]}},{"type":"Feature","properties":{"name":"Leyton Manor Park","category":"parks","osm":"way/29132945"},"geometry":{"type":"Point","coordinates":[-0.014204,51.572153]}},{"type":"Feature","properties":{"name":"Leyton Marsh","category":"parks","osm":"way/371260392"},"geometry":{"type":"Point","coordinates":[-0.043722,51.565551]}},{"type":"Feature","properties":{"name":"Leyton Square","category":"parks","osm":"way/111387315"},"geometry":{"type":"Point","coordinates":[-0.067678,51.481462]}},{"type":"Feature","properties":{"name":"Library Gardens","category":"parks","osm":"way/427397226"},"geometry":{"type":"Point","coordinates":[0.023592,51.436169]}},{"type":"Feature","properties":{"name":"Library Green","category":"parks","osm":"way/15219325"},"geometry":{"type":"Point","coordinates":[-0.086344,51.652012]}},{"type":"Feature","properties":{"name":"Library Green","category":"parks","osm":"way/494809157"},"geometry":{"type":"Point","coordinates":[-0.036606,51.408505]}},{"type":"Feature","properties":{"name":"Lillie Road Gardens","category":"parks","osm":"way/491600817"},"geometry":{"type":"Point","coordinates":[-0.212348,51.482974]}},{"type":"Feature","properties":{"name":"Lillie Square","category":"parks","osm":"way/951206258"},"geometry":{"type":"Point","coordinates":[-0.194863,51.48564]}},{"type":"Feature","properties":{"name":"Lillie's Lawn","category":"parks","osm":"way/532079924"},"geometry":{"type":"Point","coordinates":[0.105201,51.520675]}},{"type":"Feature","properties":{"name":"Lime Tree Park","category":"parks","osm":"way/223418696"},"geometry":{"type":"Point","coordinates":[-0.390557,51.540093]}},{"type":"Feature","properties":{"name":"Limes Green","category":"parks","osm":"way/23481209"},"geometry":{"type":"Point","coordinates":[-0.169756,51.378911]}},{"type":"Feature","properties":{"name":"Lincoln's Inn","category":"parks","osm":"way/4075108"},"geometry":{"type":"Point","coordinates":[-0.114453,51.517007]}},{"type":"Feature","properties":{"name":"Lincoln's Inn Fields","category":"parks","osm":"way/30613392"},"geometry":{"type":"Point","coordinates":[-0.11657,51.51627]}},{"type":"Feature","properties":{"name":"Linear Park","category":"parks","osm":"way/26483951"},"geometry":{"type":"Point","coordinates":[0.002017,51.562198]}},{"type":"Feature","properties":{"name":"Linear Park","category":"parks","osm":"way/1064125966"},"geometry":{"type":"Point","coordinates":[0.167837,51.525536]}},{"type":"Feature","properties":{"name":"Linear Park","category":"parks","osm":"way/1108798847"},"geometry":{"type":"Point","coordinates":[0.165644,51.525934]}},{"type":"Feature","properties":{"name":"Linear Park","category":"parks","osm":"way/1229446633"},"geometry":{"type":"Point","coordinates":[0.006647,51.516119]}},{"type":"Feature","properties":{"name":"Lismore Circus Open Space","category":"parks","osm":"way/670521762"},"geometry":{"type":"Point","coordinates":[-0.155595,51.552885]}},{"type":"Feature","properties":{"name":"Lister Gardens","category":"parks","osm":"way/29616152"},"geometry":{"type":"Point","coordinates":[0.017624,51.528684]}},{"type":"Feature","properties":{"name":"Lithos Road Communal Park","category":"parks","osm":"way/551726466"},"geometry":{"type":"Point","coordinates":[-0.185117,51.548936]}},{"type":"Feature","properties":{"name":"Little Common","category":"parks","osm":"way/519963694"},"geometry":{"type":"Point","coordinates":[-0.386547,51.597325]}},{"type":"Feature","properties":{"name":"Little Dorrit Park","category":"parks","osm":"way/99493717"},"geometry":{"type":"Point","coordinates":[-0.093289,51.502155]}},{"type":"Feature","properties":{"name":"Little Green","category":"parks","osm":"way/165256669"},"geometry":{"type":"Point","coordinates":[-0.304608,51.462371]}},{"type":"Feature","properties":{"name":"Little Ilford Park","category":"parks","osm":"way/29214836"},"geometry":{"type":"Point","coordinates":[0.065879,51.550765]}},{"type":"Feature","properties":{"name":"Little Wormwood Scrubs","category":"parks","osm":"way/23525815"},"geometry":{"type":"Point","coordinates":[-0.228787,51.523153]}},{"type":"Feature","properties":{"name":"Lloyd Park","category":"parks","osm":"way/10713712"},"geometry":{"type":"Point","coordinates":[-0.073153,51.36758]}},{"type":"Feature","properties":{"name":"Lloyd Park","category":"parks","osm":"way/32612739"},"geometry":{"type":"Point","coordinates":[-0.020376,51.594013]}},{"type":"Feature","properties":{"name":"Lodge Farm Park","category":"parks","osm":"way/4834383"},"geometry":{"type":"Point","coordinates":[0.191759,51.581117]}},{"type":"Feature","properties":{"name":"London Fields","category":"parks","osm":"way/4406359"},"geometry":{"type":"Point","coordinates":[-0.060448,51.540575]}},{"type":"Feature","properties":{"name":"Long Bolstead Recreation Ground","category":"parks","osm":"way/27758643"},"geometry":{"type":"Point","coordinates":[-0.146872,51.408427]}},{"type":"Feature","properties":{"name":"Long Meadow","category":"parks","osm":"way/38896325"},"geometry":{"type":"Point","coordinates":[-0.08447,51.426702]}},{"type":"Feature","properties":{"name":"Long Meadow","category":"parks","osm":"way/723152413"},"geometry":{"type":"Point","coordinates":[-0.267666,51.386119]}},{"type":"Feature","properties":{"name":"Long Meadow","category":"parks","osm":"way/747924252"},"geometry":{"type":"Point","coordinates":[-0.3995,51.589141]}},{"type":"Feature","properties":{"name":"Lonsdale Square Garden","category":"parks","osm":"way/27548055"},"geometry":{"type":"Point","coordinates":[-0.108204,51.539607]}},{"type":"Feature","properties":{"name":"Lord Halsbury Memorial Playing Field","category":"parks","osm":"way/25009166"},"geometry":{"type":"Point","coordinates":[-0.384361,51.550573]}},{"type":"Feature","properties":{"name":"Lordship Recreation Ground","category":"parks","osm":"way/7663738"},"geometry":{"type":"Point","coordinates":[-0.087373,51.594363]}},{"type":"Feature","properties":{"name":"Loughborough Park","category":"parks","osm":"way/497691517"},"geometry":{"type":"Point","coordinates":[-0.105162,51.462655]}},{"type":"Feature","properties":{"name":"Louis Marchesi","category":"parks","osm":"relation/5317655"},"geometry":{"type":"Point","coordinates":[0.203231,51.545108]}},{"type":"Feature","properties":{"name":"Love Lane Green","category":"parks","osm":"way/232067478"},"geometry":{"type":"Point","coordinates":[-0.062048,51.40043]}},{"type":"Feature","properties":{"name":"Lowlands Recreation Ground","category":"parks","osm":"way/4268231"},"geometry":{"type":"Point","coordinates":[-0.336797,51.578297]}},{"type":"Feature","properties":{"name":"Loxford Park","category":"parks","osm":"way/30364292"},"geometry":{"type":"Point","coordinates":[0.081385,51.548369]}},{"type":"Feature","properties":{"name":"Lucas Gardens","category":"parks","osm":"way/5551993"},"geometry":{"type":"Point","coordinates":[-0.082252,51.47257]}},{"type":"Feature","properties":{"name":"Ludgrove Playing Field","category":"parks","osm":"way/4188297"},"geometry":{"type":"Point","coordinates":[-0.158047,51.653852]}},{"type":"Feature","properties":{"name":"Ludlow Road Open Space","category":"parks","osm":"way/23452496"},"geometry":{"type":"Point","coordinates":[-0.415039,51.435508]}},{"type":"Feature","properties":{"name":"Luxborough Lake","category":"parks","osm":"way/969271910"},"geometry":{"type":"Point","coordinates":[0.054311,51.62135]}},{"type":"Feature","properties":{"name":"Luxmore Gardens","category":"parks","osm":"way/25732751"},"geometry":{"type":"Point","coordinates":[-0.032107,51.470977]}},{"type":"Feature","properties":{"name":"Lyle Park","category":"parks","osm":"way/25873717"},"geometry":{"type":"Point","coordinates":[0.023778,51.500388]}},{"type":"Feature","properties":{"name":"Lyndhurst Park","category":"parks","osm":"way/9639547"},"geometry":{"type":"Point","coordinates":[-0.251521,51.611266]}},{"type":"Feature","properties":{"name":"Lyttelton Playing Fields","category":"parks","osm":"way/48917048"},"geometry":{"type":"Point","coordinates":[-0.177131,51.583654]}},{"type":"Feature","properties":{"name":"Mabley Green","category":"parks","osm":"relation/4501353"},"geometry":{"type":"Point","coordinates":[-0.031741,51.548906]}},{"type":"Feature","properties":{"name":"MacColl Gardens","category":"parks","osm":"way/228191685"},"geometry":{"type":"Point","coordinates":[-0.062017,51.428453]}},{"type":"Feature","properties":{"name":"Major Road Open Space","category":"parks","osm":"way/448054157"},"geometry":{"type":"Point","coordinates":[-0.003182,51.549841]}},{"type":"Feature","properties":{"name":"Malan Square","category":"parks","osm":"way/556586689"},"geometry":{"type":"Point","coordinates":[0.198837,51.542859]}},{"type":"Feature","properties":{"name":"Malcolm Park","category":"parks","osm":"way/201053712"},"geometry":{"type":"Point","coordinates":[-0.2376,51.583463]}},{"type":"Feature","properties":{"name":"Mallon Gardens","category":"parks","osm":"way/1246062591"},"geometry":{"type":"Point","coordinates":[-0.072669,51.516658]}},{"type":"Feature","properties":{"name":"Malmesbury Road Park","category":"parks","osm":"way/34039724"},"geometry":{"type":"Point","coordinates":[0.007757,51.516861]}},{"type":"Feature","properties":{"name":"Manchester Estate Gardens","category":"parks","osm":"way/188045218"},"geometry":{"type":"Point","coordinates":[-0.00765,51.491511]}},{"type":"Feature","properties":{"name":"Manchester Gardens","category":"parks","osm":"way/4453871"},"geometry":{"type":"Point","coordinates":[-0.08319,51.576979]}},{"type":"Feature","properties":{"name":"Mandeville Parkway","category":"parks","osm":"way/4271516"},"geometry":{"type":"Point","coordinates":[-0.363746,51.55079]}},{"type":"Feature","properties":{"name":"Manor Farm","category":"parks","osm":"way/491592931"},"geometry":{"type":"Point","coordinates":[-0.427913,51.578501]}},{"type":"Feature","properties":{"name":"Manor House Gardens","category":"parks","osm":"way/32623495"},"geometry":{"type":"Point","coordinates":[0.005461,51.456069]}},{"type":"Feature","properties":{"name":"Manor House Grounds (Phoola Walla Park)","category":"parks","osm":"way/194557832"},"geometry":{"type":"Point","coordinates":[-0.380017,51.502487]}},{"type":"Feature","properties":{"name":"Manor Park","category":"parks","osm":"way/5490982"},"geometry":{"type":"Point","coordinates":[-0.190091,51.362806]}},{"type":"Feature","properties":{"name":"Manor Park","category":"parks","osm":"way/60707154"},"geometry":{"type":"Point","coordinates":[-0.002439,51.455764]}},{"type":"Feature","properties":{"name":"Manor Road Recreation Ground","category":"parks","osm":"way/45406090"},"geometry":{"type":"Point","coordinates":[-0.324748,51.43042]}},{"type":"Feature","properties":{"name":"Manorway Green","category":"parks","osm":"way/504486363"},"geometry":{"type":"Point","coordinates":[0.119741,51.508285]}},{"type":"Feature","properties":{"name":"Mansfield Park","category":"parks","osm":"way/23206415"},"geometry":{"type":"Point","coordinates":[-0.014955,51.628795]}},{"type":"Feature","properties":{"name":"Mapesbury Dell","category":"parks","osm":"way/229199157"},"geometry":{"type":"Point","coordinates":[-0.213541,51.552889]}},{"type":"Feature","properties":{"name":"Marble Hill Park","category":"parks","osm":"way/506025249"},"geometry":{"type":"Point","coordinates":[-0.313124,51.449485]}},{"type":"Feature","properties":{"name":"Marcus Garvey Park","category":"parks","osm":"way/98366239"},"geometry":{"type":"Point","coordinates":[-0.209476,51.494539]}},{"type":"Feature","properties":{"name":"Margaret McMillan Park","category":"parks","osm":"relation/8547691"},"geometry":{"type":"Point","coordinates":[-0.028751,51.477431]}},{"type":"Feature","properties":{"name":"Maribor Park","category":"parks","osm":"way/1526251650"},"geometry":{"type":"Point","coordinates":[0.068618,51.49253]}},{"type":"Feature","properties":{"name":"Marie Curie Cancer Care Garden of Hope","category":"parks","osm":"way/41421431"},"geometry":{"type":"Point","coordinates":[-0.184495,51.594441]}},{"type":"Feature","properties":{"name":"Mark Street Gardens","category":"parks","osm":"way/27887212"},"geometry":{"type":"Point","coordinates":[-0.083097,51.52425]}},{"type":"Feature","properties":{"name":"Market Road Garden","category":"parks","osm":"way/260459643"},"geometry":{"type":"Point","coordinates":[-0.120409,51.546413]}},{"type":"Feature","properties":{"name":"Markfield Park","category":"parks","osm":"way/11282817"},"geometry":{"type":"Point","coordinates":[-0.063119,51.581004]}},{"type":"Feature","properties":{"name":"Marlborough Park","category":"parks","osm":"way/966201323"},"geometry":{"type":"Point","coordinates":[0.105495,51.442039]}},{"type":"Feature","properties":{"name":"Marnham Fields","category":"parks","osm":"way/843957954"},"geometry":{"type":"Point","coordinates":[-0.363092,51.537555]}},{"type":"Feature","properties":{"name":"Marryat Gardens","category":"parks","osm":"way/1075413361"},"geometry":{"type":"Point","coordinates":[-0.016987,51.483103]}},{"type":"Feature","properties":{"name":"Martens Grove","category":"parks","osm":"way/1058978143"},"geometry":{"type":"Point","coordinates":[0.161588,51.456517]}},{"type":"Feature","properties":{"name":"Martin Luther King Adventure Playground","category":"parks","osm":"way/30843961"},"geometry":{"type":"Point","coordinates":[-0.110709,51.547971]}},{"type":"Feature","properties":{"name":"Mary Ann Gardens","category":"parks","osm":"way/228849250"},"geometry":{"type":"Point","coordinates":[-0.02417,51.480066]}},{"type":"Feature","properties":{"name":"Mary Rose Square","category":"parks","osm":"way/378464487"},"geometry":{"type":"Point","coordinates":[-0.036395,51.49125]}},{"type":"Feature","properties":{"name":"Mary Seacole Memorial Park","category":"parks","osm":"way/330777963"},"geometry":{"type":"Point","coordinates":[-0.234905,51.52622]}},{"type":"Feature","properties":{"name":"Maryon Park","category":"parks","osm":"relation/15658970"},"geometry":{"type":"Point","coordinates":[0.042558,51.489298]}},{"type":"Feature","properties":{"name":"Maryon Wilson Park","category":"parks","osm":"way/23118684"},"geometry":{"type":"Point","coordinates":[0.043243,51.484835]}},{"type":"Feature","properties":{"name":"Max Roach Park","category":"parks","osm":"relation/14069923"},"geometry":{"type":"Point","coordinates":[-0.111628,51.468328]}},{"type":"Feature","properties":{"name":"Maxilla Walk","category":"parks","osm":"way/34150601"},"geometry":{"type":"Point","coordinates":[-0.215063,51.516672]}},{"type":"Feature","properties":{"name":"Maybank Open Space","category":"parks","osm":"way/4392792"},"geometry":{"type":"Point","coordinates":[-0.321129,51.554306]}},{"type":"Feature","properties":{"name":"Mayesbrook Park","category":"parks","osm":"way/17456951"},"geometry":{"type":"Point","coordinates":[0.108806,51.544877]}},{"type":"Feature","properties":{"name":"Mayflower Park","category":"parks","osm":"way/24585005"},"geometry":{"type":"Point","coordinates":[-0.23234,51.38561]}},{"type":"Feature","properties":{"name":"Mayflower Park","category":"parks","osm":"way/682180951"},"geometry":{"type":"Point","coordinates":[-0.043685,51.504468]}},{"type":"Feature","properties":{"name":"Maygrove Peace Park","category":"parks","osm":"way/154589961"},"geometry":{"type":"Point","coordinates":[-0.198548,51.548593]}},{"type":"Feature","properties":{"name":"Mayow Park","category":"parks","osm":"way/4899546"},"geometry":{"type":"Point","coordinates":[-0.04906,51.42976]}},{"type":"Feature","properties":{"name":"Maytrees Rest Gardens","category":"parks","osm":"way/43626739"},"geometry":{"type":"Point","coordinates":[-0.305982,51.501759]}},{"type":"Feature","properties":{"name":"McAndrew's Recreation Ground","category":"parks","osm":"way/584962508"},"geometry":{"type":"Point","coordinates":[-0.011619,51.372937]}},{"type":"Feature","properties":{"name":"McKenna Green","category":"parks","osm":"way/584944065"},"geometry":{"type":"Point","coordinates":[-0.02999,51.533583]}},{"type":"Feature","properties":{"name":"Meanwhile Gardens","category":"parks","osm":"way/23600634"},"geometry":{"type":"Point","coordinates":[-0.203758,51.523758]}},{"type":"Feature","properties":{"name":"Meath Gardens","category":"parks","osm":"way/10811927"},"geometry":{"type":"Point","coordinates":[-0.043142,51.528103]}},{"type":"Feature","properties":{"name":"Medlar Fields","category":"parks","osm":"way/222376988"},"geometry":{"type":"Point","coordinates":[-0.381382,51.538283]}},{"type":"Feature","properties":{"name":"Melbourne Green","category":"parks","osm":"way/49940870"},"geometry":{"type":"Point","coordinates":[-0.038166,51.554768]}},{"type":"Feature","properties":{"name":"Mellows Park","category":"parks","osm":"way/646935168"},"geometry":{"type":"Point","coordinates":[-0.134026,51.360863]}},{"type":"Feature","properties":{"name":"Memorial Gardens","category":"parks","osm":"way/125008219"},"geometry":{"type":"Point","coordinates":[-0.082135,51.593494]}},{"type":"Feature","properties":{"name":"Memorial Park","category":"parks","osm":"way/921337863"},"geometry":{"type":"Point","coordinates":[-0.01539,51.613484]}},{"type":"Feature","properties":{"name":"Memorial Woodland","category":"parks","osm":"way/1080466526"},"geometry":{"type":"Point","coordinates":[0.202048,51.534931]}},{"type":"Feature","properties":{"name":"Mereway Nature Reserve","category":"parks","osm":"way/7945978"},"geometry":{"type":"Point","coordinates":[-0.345508,51.447467]}},{"type":"Feature","properties":{"name":"Merritt Gardens Park","category":"parks","osm":"way/377329485"},"geometry":{"type":"Point","coordinates":[-0.31661,51.361481]}},{"type":"Feature","properties":{"name":"Mid Summer Children's Park","category":"parks","osm":"way/10904629"},"geometry":{"type":"Point","coordinates":[-0.379446,51.464572]}},{"type":"Feature","properties":{"name":"Middle Green","category":"parks","osm":"way/186478875"},"geometry":{"type":"Point","coordinates":[-0.294272,51.390169]}},{"type":"Feature","properties":{"name":"Middleton Green","category":"parks","osm":"way/220362655"},"geometry":{"type":"Point","coordinates":[-0.059739,51.52924]}},{"type":"Feature","properties":{"name":"Mile End Park","category":"parks","osm":"relation/2172601"},"geometry":{"type":"Point","coordinates":[-0.036139,51.523164]}},{"type":"Feature","properties":{"name":"Miles Road Recreation Ground","category":"parks","osm":"way/28447372"},"geometry":{"type":"Point","coordinates":[-0.170253,51.404977]}},{"type":"Feature","properties":{"name":"Milkwood Community Park","category":"parks","osm":"way/27415463"},"geometry":{"type":"Point","coordinates":[-0.100818,51.460798]}},{"type":"Feature","properties":{"name":"Mill Hill Gardens","category":"parks","osm":"way/27524511"},"geometry":{"type":"Point","coordinates":[-0.277338,51.504247]}},{"type":"Feature","properties":{"name":"Mill Hill Park","category":"parks","osm":"way/9639546"},"geometry":{"type":"Point","coordinates":[-0.242616,51.610534]}},{"type":"Feature","properties":{"name":"Mill Hill Park","category":"parks","osm":"way/9640239"},"geometry":{"type":"Point","coordinates":[-0.239079,51.612495]}},{"type":"Feature","properties":{"name":"Mill Hill Park","category":"parks","osm":"way/27525075"},"geometry":{"type":"Point","coordinates":[-0.270609,51.504434]}},{"type":"Feature","properties":{"name":"Mill Lane Open Space","category":"parks","osm":"way/71887204"},"geometry":{"type":"Point","coordinates":[-0.19411,51.551381]}},{"type":"Feature","properties":{"name":"Millbank Gardens","category":"parks","osm":"way/4259902"},"geometry":{"type":"Point","coordinates":[-0.129084,51.491457]}},{"type":"Feature","properties":{"name":"Millennium Green","category":"parks","osm":"way/28117054"},"geometry":{"type":"Point","coordinates":[-0.008768,51.509478]}},{"type":"Feature","properties":{"name":"Millennium Green","category":"parks","osm":"way/108883345"},"geometry":{"type":"Point","coordinates":[-0.215175,51.562097]}},{"type":"Feature","properties":{"name":"Millennium Green","category":"parks","osm":"way/185905584"},"geometry":{"type":"Point","coordinates":[-0.139286,51.612662]}},{"type":"Feature","properties":{"name":"Millers Pond","category":"parks","osm":"way/171799190"},"geometry":{"type":"Point","coordinates":[-0.034626,51.373233]}},{"type":"Feature","properties":{"name":"Millfields Park","category":"parks","osm":"relation/16248108"},"geometry":{"type":"Point","coordinates":[-0.047294,51.560162]}},{"type":"Feature","properties":{"name":"Millwall Park","category":"parks","osm":"way/21365057"},"geometry":{"type":"Point","coordinates":[-0.01118,51.489781]}},{"type":"Feature","properties":{"name":"Milne Park","category":"parks","osm":"way/38991820"},"geometry":{"type":"Point","coordinates":[-0.008607,51.337282]}},{"type":"Feature","properties":{"name":"Milton Court","category":"parks","osm":"way/468747681"},"geometry":{"type":"Point","coordinates":[-0.44659,51.563113]}},{"type":"Feature","properties":{"name":"Minchenden Oak Garden","category":"parks","osm":"way/1156229663"},"geometry":{"type":"Point","coordinates":[-0.128878,51.624312]}},{"type":"Feature","properties":{"name":"Minet Country Park","category":"parks","osm":"way/37976745"},"geometry":{"type":"Point","coordinates":[-0.399749,51.509204]}},{"type":"Feature","properties":{"name":"Mint Street Park","category":"parks","osm":"way/1008677943"},"geometry":{"type":"Point","coordinates":[-0.09679,51.502242]}},{"type":"Feature","properties":{"name":"Mirabelle Gardens","category":"parks","osm":"way/160460157"},"geometry":{"type":"Point","coordinates":[-0.005456,51.546891]}},{"type":"Feature","properties":{"name":"Mitcham Common","category":"parks","osm":"relation/9409113"},"geometry":{"type":"Point","coordinates":[-0.144766,51.396045]}},{"type":"Feature","properties":{"name":"Mitcham Fair Green","category":"parks","osm":"relation/11963559"},"geometry":{"type":"Point","coordinates":[-0.164231,51.405704]}},{"type":"Feature","properties":{"name":"Mitchison Baxter Park","category":"parks","osm":"way/1370933174"},"geometry":{"type":"Point","coordinates":[-0.085326,51.544872]}},{"type":"Feature","properties":{"name":"Monken Hadley Common","category":"parks","osm":"way/4116247"},"geometry":{"type":"Point","coordinates":[-0.190813,51.661208]}},{"type":"Feature","properties":{"name":"Monkey Hill","category":"parks","osm":"way/684989291"},"geometry":{"type":"Point","coordinates":[-0.194492,51.598063]}},{"type":"Feature","properties":{"name":"Monks Farm Island","category":"parks","osm":"way/459803829"},"geometry":{"type":"Point","coordinates":[0.309001,51.56333]}},{"type":"Feature","properties":{"name":"Montagu Recreation Ground","category":"parks","osm":"way/4296028"},"geometry":{"type":"Point","coordinates":[-0.047203,51.621131]}},{"type":"Feature","properties":{"name":"Montague Square","category":"parks","osm":"way/230422056"},"geometry":{"type":"Point","coordinates":[-0.053372,51.477307]}},{"type":"Feature","properties":{"name":"Montefiore Gardens","category":"parks","osm":"way/108075703"},"geometry":{"type":"Point","coordinates":[-0.147942,51.469268]}},{"type":"Feature","properties":{"name":"Montesole Playing Fields","category":"parks","osm":"way/466204815"},"geometry":{"type":"Point","coordinates":[-0.392291,51.600908]}},{"type":"Feature","properties":{"name":"Montpelier Gardens","category":"parks","osm":"way/26538261"},"geometry":{"type":"Point","coordinates":[-0.134394,51.552845]}},{"type":"Feature","properties":{"name":"Montpelier Park","category":"parks","osm":"way/82609826"},"geometry":{"type":"Point","coordinates":[-0.30553,51.523318]}},{"type":"Feature","properties":{"name":"Montrose Playing Fields","category":"parks","osm":"way/10482586"},"geometry":{"type":"Point","coordinates":[-0.256237,51.597769]}},{"type":"Feature","properties":{"name":"Moorhall Recreation Ground","category":"parks","osm":"way/28968606"},"geometry":{"type":"Point","coordinates":[-0.483303,51.589382]}},{"type":"Feature","properties":{"name":"Moormead Park","category":"parks","osm":"way/12901170"},"geometry":{"type":"Point","coordinates":[-0.326115,51.453724]}},{"type":"Feature","properties":{"name":"Morden Hall Park","category":"parks","osm":"way/5268462"},"geometry":{"type":"Point","coordinates":[-0.186671,51.403674]}},{"type":"Feature","properties":{"name":"Morden Park","category":"parks","osm":"way/23680892"},"geometry":{"type":"Point","coordinates":[-0.210596,51.391235]}},{"type":"Feature","properties":{"name":"Moreton Green","category":"parks","osm":"way/28315786"},"geometry":{"type":"Point","coordinates":[-0.184226,51.390572]}},{"type":"Feature","properties":{"name":"Morley Park","category":"parks","osm":"way/249216565"},"geometry":{"type":"Point","coordinates":[-0.240114,51.416589]}},{"type":"Feature","properties":{"name":"Mortlake Green","category":"parks","osm":"way/4764027"},"geometry":{"type":"Point","coordinates":[-0.26761,51.469016]}},{"type":"Feature","properties":{"name":"Morton Road Park","category":"parks","osm":"way/40253205"},"geometry":{"type":"Point","coordinates":[-0.093143,51.540036]}},{"type":"Feature","properties":{"name":"Mostyn Gardens","category":"parks","osm":"way/33694193"},"geometry":{"type":"Point","coordinates":[-0.20241,51.403226]}},{"type":"Feature","properties":{"name":"Mottingham Sports Ground / Foxes Field","category":"parks","osm":"relation/13882444"},"geometry":{"type":"Point","coordinates":[0.039816,51.433255]}},{"type":"Feature","properties":{"name":"Mount Street Gardens","category":"parks","osm":"way/38318550"},"geometry":{"type":"Point","coordinates":[-0.150061,51.509311]}},{"type":"Feature","properties":{"name":"Mountsfield Park","category":"parks","osm":"way/4045842"},"geometry":{"type":"Point","coordinates":[-0.009326,51.447445]}},{"type":"Feature","properties":{"name":"Mudchute Park & Farm","category":"parks","osm":"way/24228419"},"geometry":{"type":"Point","coordinates":[-0.01128,51.492049]}},{"type":"Feature","properties":{"name":"Murray Park","category":"parks","osm":"way/6107744"},"geometry":{"type":"Point","coordinates":[-0.355923,51.457151]}},{"type":"Feature","properties":{"name":"Museum Gardens","category":"parks","osm":"way/14039211"},"geometry":{"type":"Point","coordinates":[-0.05468,51.528274]}},{"type":"Feature","properties":{"name":"Muswell Hill Playing Fields","category":"parks","osm":"way/41835712"},"geometry":{"type":"Point","coordinates":[-0.15807,51.601327]}},{"type":"Feature","properties":{"name":"Myatt's Fields Park","category":"parks","osm":"way/4357123"},"geometry":{"type":"Point","coordinates":[-0.103493,51.473692]}},{"type":"Feature","properties":{"name":"Myatt's Fields Park Roundabout","category":"parks","osm":"way/1008722866"},"geometry":{"type":"Point","coordinates":[-0.100651,51.474066]}},{"type":"Feature","properties":{"name":"Naseem's Garden","category":"parks","osm":"way/1017826025"},"geometry":{"type":"Point","coordinates":[-0.07504,51.527611]}},{"type":"Feature","properties":{"name":"Neasden Lane Park","category":"parks","osm":"way/393227558"},"geometry":{"type":"Point","coordinates":[-0.248804,51.550226]}},{"type":"Feature","properties":{"name":"Nelson Gardens","category":"parks","osm":"way/357278379"},"geometry":{"type":"Point","coordinates":[-0.192074,51.41338]}},{"type":"Feature","properties":{"name":"Nelson Square","category":"parks","osm":"way/58780085"},"geometry":{"type":"Point","coordinates":[-0.103401,51.502949]}},{"type":"Feature","properties":{"name":"Neptune Street Park","category":"parks","osm":"way/47297537"},"geometry":{"type":"Point","coordinates":[-0.053322,51.497442]}},{"type":"Feature","properties":{"name":"New Barnet Reservoir","category":"parks","osm":"way/175056750"},"geometry":{"type":"Point","coordinates":[-0.189291,51.650002]}},{"type":"Feature","properties":{"name":"New Beckton Park","category":"parks","osm":"way/48461154"},"geometry":{"type":"Point","coordinates":[0.058709,51.510893]}},{"type":"Feature","properties":{"name":"New Hill","category":"parks","osm":"way/181643019"},"geometry":{"type":"Point","coordinates":[-0.128701,51.304285]}},{"type":"Feature","properties":{"name":"New River Path","category":"parks","osm":"way/795751733"},"geometry":{"type":"Point","coordinates":[-0.115151,51.610926]}},{"type":"Feature","properties":{"name":"New River Path West Bank","category":"parks","osm":"way/1201659609"},"geometry":{"type":"Point","coordinates":[-0.108216,51.585149]}},{"type":"Feature","properties":{"name":"New River Walk","category":"parks","osm":"relation/7768846"},"geometry":{"type":"Point","coordinates":[-0.094999,51.544441]}},{"type":"Feature","properties":{"name":"New Southgate Recreation Ground","category":"parks","osm":"way/25092436"},"geometry":{"type":"Point","coordinates":[-0.146758,51.62123]}},{"type":"Feature","properties":{"name":"Newington Gardens","category":"parks","osm":"way/44425766"},"geometry":{"type":"Point","coordinates":[-0.096145,51.497629]}},{"type":"Feature","properties":{"name":"Newington Green","category":"parks","osm":"way/51166448"},"geometry":{"type":"Point","coordinates":[-0.085188,51.551503]}},{"type":"Feature","properties":{"name":"Newton Park West","category":"parks","osm":"way/667704602"},"geometry":{"type":"Point","coordinates":[-0.372291,51.567509]}},{"type":"Feature","properties":{"name":"Nightingale Gardens","category":"parks","osm":"way/220363361"},"geometry":{"type":"Point","coordinates":[-0.116929,51.599849]}},{"type":"Feature","properties":{"name":"Nightingale Gardens","category":"parks","osm":"way/836496526"},"geometry":{"type":"Point","coordinates":[-0.116691,51.602132]}},{"type":"Feature","properties":{"name":"Nightingale Green","category":"parks","osm":"way/163505835"},"geometry":{"type":"Point","coordinates":[0.028722,51.581301]}},{"type":"Feature","properties":{"name":"Nightingale Park","category":"parks","osm":"way/163810590"},"geometry":{"type":"Point","coordinates":[-0.09155,51.545085]}},{"type":"Feature","properties":{"name":"Nightingale Square","category":"parks","osm":"way/182664732"},"geometry":{"type":"Point","coordinates":[-0.15644,51.448205]}},{"type":"Feature","properties":{"name":"Norbury Hall Park","category":"parks","osm":"way/161820350"},"geometry":{"type":"Point","coordinates":[-0.118096,51.407025]}},{"type":"Feature","properties":{"name":"Norbury Park","category":"parks","osm":"way/13853994"},"geometry":{"type":"Point","coordinates":[-0.118925,51.413036]}},{"type":"Feature","properties":{"name":"Nordenfeldt Gardens","category":"parks","osm":"way/470259192"},"geometry":{"type":"Point","coordinates":[0.173008,51.484572]}},{"type":"Feature","properties":{"name":"Norland North Open Space","category":"parks","osm":"way/34227493"},"geometry":{"type":"Point","coordinates":[-0.217412,51.508702]}},{"type":"Feature","properties":{"name":"Norman Park","category":"parks","osm":"way/55751581"},"geometry":{"type":"Point","coordinates":[0.026638,51.388]}},{"type":"Feature","properties":{"name":"Normand Park","category":"parks","osm":"way/94221095"},"geometry":{"type":"Point","coordinates":[-0.206664,51.484644]}},{"type":"Feature","properties":{"name":"North Acton Playing Fields","category":"parks","osm":"way/23517717"},"geometry":{"type":"Point","coordinates":[-0.271008,51.520794]}},{"type":"Feature","properties":{"name":"North Acton Triangle","category":"parks","osm":"way/1021878993"},"geometry":{"type":"Point","coordinates":[-0.263078,51.522128]}},{"type":"Feature","properties":{"name":"North Downs Park","category":"parks","osm":"way/265879403"},"geometry":{"type":"Point","coordinates":[-0.023489,51.345338]}},{"type":"Feature","properties":{"name":"North Marsh","category":"parks","osm":"way/294263443"},"geometry":{"type":"Point","coordinates":[-0.031688,51.557654]}},{"type":"Feature","properties":{"name":"North Pole Open Space","category":"parks","osm":"relation/19008738"},"geometry":{"type":"Point","coordinates":[-0.227588,51.519584]}},{"type":"Feature","properties":{"name":"North Sheen Recreation Ground","category":"parks","osm":"way/140287858"},"geometry":{"type":"Point","coordinates":[-0.285106,51.471058]}},{"type":"Feature","properties":{"name":"North Verbena Garden","category":"parks","osm":"way/1365558777"},"geometry":{"type":"Point","coordinates":[-0.242532,51.491139]}},{"type":"Feature","properties":{"name":"Northala Fields","category":"parks","osm":"way/25035359"},"geometry":{"type":"Point","coordinates":[-0.375067,51.540047]}},{"type":"Feature","properties":{"name":"Northampton Park Triangle","category":"parks","osm":"way/151504065"},"geometry":{"type":"Point","coordinates":[-0.091166,51.547537]}},{"type":"Feature","properties":{"name":"Northampton Square","category":"parks","osm":"way/23809465"},"geometry":{"type":"Point","coordinates":[-0.102331,51.527359]}},{"type":"Feature","properties":{"name":"Northbrook Park","category":"parks","osm":"way/44683365"},"geometry":{"type":"Point","coordinates":[0.013716,51.44135]}},{"type":"Feature","properties":{"name":"Northern Square","category":"parks","osm":"way/893060561"},"geometry":{"type":"Point","coordinates":[0.076017,51.506917]}},{"type":"Feature","properties":{"name":"Northgate Park","category":"parks","osm":"way/1019098148"},"geometry":{"type":"Point","coordinates":[0.121508,51.524976]}},{"type":"Feature","properties":{"name":"Northway Gardens","category":"parks","osm":"way/59036469"},"geometry":{"type":"Point","coordinates":[-0.186921,51.585754]}},{"type":"Feature","properties":{"name":"Norwood Green","category":"parks","osm":"way/814616848"},"geometry":{"type":"Point","coordinates":[-0.369562,51.493878]}},{"type":"Feature","properties":{"name":"Norwood Grove","category":"parks","osm":"way/4898917"},"geometry":{"type":"Point","coordinates":[-0.114422,51.419005]}},{"type":"Feature","properties":{"name":"Norwood Park","category":"parks","osm":"way/13779737"},"geometry":{"type":"Point","coordinates":[-0.093956,51.424928]}},{"type":"Feature","properties":{"name":"Nunhead Green","category":"parks","osm":"way/25757099"},"geometry":{"type":"Point","coordinates":[-0.058511,51.465417]}},{"type":"Feature","properties":{"name":"Nursery Green","category":"parks","osm":"way/23551098"},"geometry":{"type":"Point","coordinates":[-0.378283,51.424758]}},{"type":"Feature","properties":{"name":"Nursery Row Park","category":"parks","osm":"way/22895152"},"geometry":{"type":"Point","coordinates":[-0.091039,51.49023]}},{"type":"Feature","properties":{"name":"Nuttal Street Gardens Play Area","category":"parks","osm":"way/588382065"},"geometry":{"type":"Point","coordinates":[-0.079402,51.53503]}},{"type":"Feature","properties":{"name":"Oak Hill Park","category":"parks","osm":"relation/8199759"},"geometry":{"type":"Point","coordinates":[-0.155372,51.638489]}},{"type":"Feature","properties":{"name":"Oak Lane Open Space","category":"parks","osm":"way/187124155"},"geometry":{"type":"Point","coordinates":[-0.175096,51.595571]}},{"type":"Feature","properties":{"name":"Oak Park Gardens","category":"parks","osm":"way/544765922"},"geometry":{"type":"Point","coordinates":[-0.220664,51.446335]}},{"type":"Feature","properties":{"name":"Oakdale Play Area","category":"parks","osm":"way/172447765"},"geometry":{"type":"Point","coordinates":[0.035048,51.593381]}},{"type":"Feature","properties":{"name":"Oakdene Park","category":"parks","osm":"relation/15101821"},"geometry":{"type":"Point","coordinates":[-0.197459,51.608505]}},{"type":"Feature","properties":{"name":"Oakleigh Way Recreation Ground","category":"parks","osm":"way/22676994"},"geometry":{"type":"Point","coordinates":[-0.147819,51.412035]}},{"type":"Feature","properties":{"name":"Oakley Square Gardens","category":"parks","osm":"way/26717682"},"geometry":{"type":"Point","coordinates":[-0.136321,51.534125]}},{"type":"Feature","properties":{"name":"Oakmore Gardens","category":"parks","osm":"way/791567766"},"geometry":{"type":"Point","coordinates":[0.119686,51.391887]}},{"type":"Feature","properties":{"name":"Oaks Park","category":"parks","osm":"way/8613902"},"geometry":{"type":"Point","coordinates":[-0.169074,51.338263]}},{"type":"Feature","properties":{"name":"Oakwood Park","category":"parks","osm":"way/2926821"},"geometry":{"type":"Point","coordinates":[-0.120525,51.641184]}},{"type":"Feature","properties":{"name":"Old Courthouse Recreation Ground","category":"parks","osm":"way/4477132"},"geometry":{"type":"Point","coordinates":[-0.202539,51.649631]}},{"type":"Feature","properties":{"name":"Old Dagenham Park","category":"parks","osm":"way/46673347"},"geometry":{"type":"Point","coordinates":[0.157819,51.536146]}},{"type":"Feature","properties":{"name":"Old Deer Park","category":"parks","osm":"way/4006015"},"geometry":{"type":"Point","coordinates":[-0.306764,51.467104]}},{"type":"Feature","properties":{"name":"Old Farm Park","category":"parks","osm":"way/241230744"},"geometry":{"type":"Point","coordinates":[0.090027,51.436249]}},{"type":"Feature","properties":{"name":"Old Lyonian Association Sports Ground","category":"parks","osm":"way/22311489"},"geometry":{"type":"Point","coordinates":[-0.352096,51.586333]}},{"type":"Feature","properties":{"name":"Old Paradise Gardens","category":"parks","osm":"way/96203338"},"geometry":{"type":"Point","coordinates":[-0.119048,51.49331]}},{"type":"Feature","properties":{"name":"Oldchurch Park","category":"parks","osm":"relation/19101920"},"geometry":{"type":"Point","coordinates":[0.180426,51.568665]}},{"type":"Feature","properties":{"name":"Olive Morris Gardens","category":"parks","osm":"way/955280154"},"geometry":{"type":"Point","coordinates":[-0.105555,51.475374]}},{"type":"Feature","properties":{"name":"Olympic Ring Park","category":"parks","osm":"way/1107080520"},"geometry":{"type":"Point","coordinates":[-0.127467,51.534338]}},{"type":"Feature","properties":{"name":"One Tree Hill Open Space","category":"parks","osm":"way/10507253"},"geometry":{"type":"Point","coordinates":[-0.303873,51.544579]}},{"type":"Feature","properties":{"name":"Onslow Gardens","category":"parks","osm":"way/587595599"},"geometry":{"type":"Point","coordinates":[0.036685,51.58812]}},{"type":"Feature","properties":{"name":"Orange Park","category":"parks","osm":"way/692551576"},"geometry":{"type":"Point","coordinates":[-0.174574,51.524659]}},{"type":"Feature","properties":{"name":"Orchard Avenue Recreation Ground","category":"parks","osm":"way/4862221"},"geometry":{"type":"Point","coordinates":[-0.159769,51.381203]}},{"type":"Feature","properties":{"name":"Orleans House Gardens","category":"parks","osm":"way/856367073"},"geometry":{"type":"Point","coordinates":[-0.319078,51.446615]}},{"type":"Feature","properties":{"name":"Ossulton Way Open Space","category":"parks","osm":"way/685985340"},"geometry":{"type":"Point","coordinates":[-0.179964,51.589622]}},{"type":"Feature","properties":{"name":"Osterley Park","category":"parks","osm":"relation/7144119"},"geometry":{"type":"Point","coordinates":[-0.350935,51.489438]}},{"type":"Feature","properties":{"name":"Outdoor Learning Area","category":"parks","osm":"way/684989292"},"geometry":{"type":"Point","coordinates":[-0.192889,51.597893]}},{"type":"Feature","properties":{"name":"Oval Triangle","category":"parks","osm":"way/1003715750"},"geometry":{"type":"Point","coordinates":[-0.111702,51.482107]}},{"type":"Feature","properties":{"name":"Owens Field","category":"parks","osm":"way/160533857"},"geometry":{"type":"Point","coordinates":[-0.104901,51.530657]}},{"type":"Feature","properties":{"name":"Oxleas Meadow","category":"parks","osm":"way/190922880"},"geometry":{"type":"Point","coordinates":[0.070692,51.464882]}},{"type":"Feature","properties":{"name":"Oystercatcher Park","category":"parks","osm":"way/1086450444"},"geometry":{"type":"Point","coordinates":[0.124714,51.526094]}},{"type":"Feature","properties":{"name":"Packington Square","category":"parks","osm":"way/475555011"},"geometry":{"type":"Point","coordinates":[-0.095613,51.535328]}},{"type":"Feature","properties":{"name":"Paddington Green","category":"parks","osm":"way/5082649"},"geometry":{"type":"Point","coordinates":[-0.174038,51.520573]}},{"type":"Feature","properties":{"name":"Paddington Recreation Ground","category":"parks","osm":"way/156510046"},"geometry":{"type":"Point","coordinates":[-0.190555,51.530268]}},{"type":"Feature","properties":{"name":"Paddington Street Gardens North","category":"parks","osm":"way/31435269"},"geometry":{"type":"Point","coordinates":[-0.154778,51.520931]}},{"type":"Feature","properties":{"name":"Paddington Street Gardens South","category":"parks","osm":"way/154116823"},"geometry":{"type":"Point","coordinates":[-0.154122,51.519903]}},{"type":"Feature","properties":{"name":"Paddocks","category":"parks","osm":"way/967251631"},"geometry":{"type":"Point","coordinates":[-0.479019,51.496435]}},{"type":"Feature","properties":{"name":"Page Green Common","category":"parks","osm":"way/229417159"},"geometry":{"type":"Point","coordinates":[-0.070886,51.583862]}},{"type":"Feature","properties":{"name":"Pages Wood","category":"parks","osm":"relation/7160280"},"geometry":{"type":"Point","coordinates":[0.246339,51.585505]}},{"type":"Feature","properties":{"name":"Paignton Park","category":"parks","osm":"way/38939467"},"geometry":{"type":"Point","coordinates":[-0.078653,51.577133]}},{"type":"Feature","properties":{"name":"Painters Lane Neighbourhood Park","category":"parks","osm":"way/226449430"},"geometry":{"type":"Point","coordinates":[-0.033692,51.67947]}},{"type":"Feature","properties":{"name":"Painters Lane Open Space","category":"parks","osm":"way/4452003"},"geometry":{"type":"Point","coordinates":[-0.030977,51.67831]}},{"type":"Feature","properties":{"name":"Palace Road Nature Gardens","category":"parks","osm":"way/26576462"},"geometry":{"type":"Point","coordinates":[-0.118659,51.441502]}},{"type":"Feature","properties":{"name":"Palewell Fields and Common","category":"parks","osm":"way/39839544"},"geometry":{"type":"Point","coordinates":[-0.259926,51.457832]}},{"type":"Feature","properties":{"name":"Panoramic Park","category":"parks","osm":"way/1421518623"},"geometry":{"type":"Point","coordinates":[-0.207771,51.61336]}},{"type":"Feature","properties":{"name":"Pantile Bridge Open Space","category":"parks","osm":"way/677494294"},"geometry":{"type":"Point","coordinates":[-0.359646,51.422145]}},{"type":"Feature","properties":{"name":"Papa's Park","category":"parks","osm":"way/810719031"},"geometry":{"type":"Point","coordinates":[-0.118456,51.464083]}},{"type":"Feature","properties":{"name":"Paradise Gardens","category":"parks","osm":"way/5930237"},"geometry":{"type":"Point","coordinates":[-0.055823,51.528005]}},{"type":"Feature","properties":{"name":"Paradise Park","category":"parks","osm":"way/16648893"},"geometry":{"type":"Point","coordinates":[-0.112178,51.548416]}},{"type":"Feature","properties":{"name":"Paragon Gardens","category":"parks","osm":"relation/18873680"},"geometry":{"type":"Point","coordinates":[-0.088503,51.493846]}},{"type":"Feature","properties":{"name":"Parish Wood","category":"parks","osm":"way/796069569"},"geometry":{"type":"Point","coordinates":[0.088986,51.447091]}},{"type":"Feature","properties":{"name":"Park Hill Recreation Ground","category":"parks","osm":"way/10148943"},"geometry":{"type":"Point","coordinates":[-0.091201,51.369311]}},{"type":"Feature","properties":{"name":"Park Lane Recreation Ground","category":"parks","osm":"way/5020144"},"geometry":{"type":"Point","coordinates":[0.192304,51.567499]}},{"type":"Feature","properties":{"name":"Park Road Green","category":"parks","osm":"way/321496805"},"geometry":{"type":"Point","coordinates":[-0.425638,51.524021]}},{"type":"Feature","properties":{"name":"Parkfields Recreation Ground","category":"parks","osm":"way/307058757"},"geometry":{"type":"Point","coordinates":[-0.039337,51.378851]}},{"type":"Feature","properties":{"name":"Parklands","category":"parks","osm":"way/56230293"},"geometry":{"type":"Point","coordinates":[0.245397,51.542873]}},{"type":"Feature","properties":{"name":"Parsons Green","category":"parks","osm":"way/4239815"},"geometry":{"type":"Point","coordinates":[-0.199492,51.47351]}},{"type":"Feature","properties":{"name":"Pasley Park","category":"parks","osm":"way/29360805"},"geometry":{"type":"Point","coordinates":[-0.100954,51.486245]}},{"type":"Feature","properties":{"name":"Paterson Park","category":"parks","osm":"way/55372700"},"geometry":{"type":"Point","coordinates":[-0.068664,51.489189]}},{"type":"Feature","properties":{"name":"Patrick Park","category":"parks","osm":"way/528878195"},"geometry":{"type":"Point","coordinates":[0.103321,51.521968]}},{"type":"Feature","properties":{"name":"Pauls Cray Hill Park","category":"parks","osm":"way/1034576199"},"geometry":{"type":"Point","coordinates":[0.129055,51.397912]}},{"type":"Feature","properties":{"name":"Paxton Parklet","category":"parks","osm":"way/1079251978"},"geometry":{"type":"Point","coordinates":[-0.087339,51.427516]}},{"type":"Feature","properties":{"name":"Peabody Hill Wood","category":"parks","osm":"way/25116746"},"geometry":{"type":"Point","coordinates":[-0.102377,51.445381]}},{"type":"Feature","properties":{"name":"Pear Tree Meadow","category":"parks","osm":"way/412915365"},"geometry":{"type":"Point","coordinates":[-0.028,51.519973]}},{"type":"Feature","properties":{"name":"Pear Tree Park","category":"parks","osm":"way/4941094"},"geometry":{"type":"Point","coordinates":[-0.33981,51.529472]}},{"type":"Feature","properties":{"name":"Pearl and Mizanur’s Memorial Garden","category":"parks","osm":"way/1230690111"},"geometry":{"type":"Point","coordinates":[-0.057084,51.511285]}},{"type":"Feature","properties":{"name":"Pearson Square","category":"parks","osm":"way/383999575"},"geometry":{"type":"Point","coordinates":[-0.13839,51.519128]}},{"type":"Feature","properties":{"name":"Pearsons Park","category":"parks","osm":"way/47312683"},"geometry":{"type":"Point","coordinates":[-0.034374,51.50387]}},{"type":"Feature","properties":{"name":"Peckham Rye Common","category":"parks","osm":"relation/3225813"},"geometry":{"type":"Point","coordinates":[-0.060976,51.461052]}},{"type":"Feature","properties":{"name":"Peckham Rye Park","category":"parks","osm":"relation/3225814"},"geometry":{"type":"Point","coordinates":[-0.059798,51.45639]}},{"type":"Feature","properties":{"name":"Peckwater Estate Natural Play Area","category":"parks","osm":"relation/12693449"},"geometry":{"type":"Point","coordinates":[-0.136369,51.549619]}},{"type":"Feature","properties":{"name":"Pedlar's Park","category":"parks","osm":"way/26760210"},"geometry":{"type":"Point","coordinates":[-0.120014,51.49095]}},{"type":"Feature","properties":{"name":"Pedlar's Park","category":"parks","osm":"way/26760404"},"geometry":{"type":"Point","coordinates":[-0.119331,51.491503]}},{"type":"Feature","properties":{"name":"Pelier Park","category":"parks","osm":"way/79739050"},"geometry":{"type":"Point","coordinates":[-0.096384,51.484662]}},{"type":"Feature","properties":{"name":"Pencil Park","category":"parks","osm":"way/192339958"},"geometry":{"type":"Point","coordinates":[-0.120837,51.452182]}},{"type":"Feature","properties":{"name":"Penge Recreation Ground","category":"parks","osm":"way/8114721"},"geometry":{"type":"Point","coordinates":[-0.056986,51.415395]}},{"type":"Feature","properties":{"name":"Penn Road Gardens","category":"parks","osm":"way/30248974"},"geometry":{"type":"Point","coordinates":[-0.118465,51.553768]}},{"type":"Feature","properties":{"name":"Pennyfields Park","category":"parks","osm":"way/196757423"},"geometry":{"type":"Point","coordinates":[-0.022868,51.509805]}},{"type":"Feature","properties":{"name":"Pepys Park","category":"parks","osm":"way/4488885"},"geometry":{"type":"Point","coordinates":[-0.032946,51.487807]}},{"type":"Feature","properties":{"name":"Peregrine Park","category":"parks","osm":"way/620615132"},"geometry":{"type":"Point","coordinates":[-0.106005,51.432091]}},{"type":"Feature","properties":{"name":"Perivale East Meadow","category":"parks","osm":"way/220859061"},"geometry":{"type":"Point","coordinates":[-0.328772,51.531451]}},{"type":"Feature","properties":{"name":"Perivale Park","category":"parks","osm":"way/24642284"},"geometry":{"type":"Point","coordinates":[-0.342076,51.530742]}},{"type":"Feature","properties":{"name":"Perrett's Field","category":"parks","osm":"way/1500170591"},"geometry":{"type":"Point","coordinates":[-0.211164,51.363514]}},{"type":"Feature","properties":{"name":"Pesthouse Common","category":"parks","osm":"way/316788901"},"geometry":{"type":"Point","coordinates":[-0.288605,51.45946]}},{"type":"Feature","properties":{"name":"Peter Pan's Park","category":"parks","osm":"way/553534350"},"geometry":{"type":"Point","coordinates":[-0.010501,51.426592]}},{"type":"Feature","properties":{"name":"Petergate Green","category":"parks","osm":"way/210746655"},"geometry":{"type":"Point","coordinates":[-0.180991,51.462545]}},{"type":"Feature","properties":{"name":"Petherton Green","category":"parks","osm":"relation/20149013"},"geometry":{"type":"Point","coordinates":[-0.090571,51.552946]}},{"type":"Feature","properties":{"name":"Pickhurst Green","category":"parks","osm":"way/61341391"},"geometry":{"type":"Point","coordinates":[0.004031,51.383663]}},{"type":"Feature","properties":{"name":"Piermont Green","category":"parks","osm":"way/24215243"},"geometry":{"type":"Point","coordinates":[-0.063774,51.454905]}},{"type":"Feature","properties":{"name":"Pimlico Gardens","category":"parks","osm":"way/44441656"},"geometry":{"type":"Point","coordinates":[-0.134128,51.485552]}},{"type":"Feature","properties":{"name":"Pimp Hall Park","category":"parks","osm":"way/38492709"},"geometry":{"type":"Point","coordinates":[0.005658,51.624988]}},{"type":"Feature","properties":{"name":"Pinemartin Acitivty Park","category":"parks","osm":"way/796283671"},"geometry":{"type":"Point","coordinates":[-0.223764,51.562247]}},{"type":"Feature","properties":{"name":"Pinkwell Park","category":"parks","osm":"way/8385328"},"geometry":{"type":"Point","coordinates":[-0.440155,51.499654]}},{"type":"Feature","properties":{"name":"Pinner Memorial Park","category":"parks","osm":"way/22377020"},"geometry":{"type":"Point","coordinates":[-0.384916,51.592698]}},{"type":"Feature","properties":{"name":"Pinner Village Gardens","category":"parks","osm":"way/11842463"},"geometry":{"type":"Point","coordinates":[-0.377875,51.587329]}},{"type":"Feature","properties":{"name":"Pitshanger Park","category":"parks","osm":"way/224131723"},"geometry":{"type":"Point","coordinates":[-0.31913,51.52789]}},{"type":"Feature","properties":{"name":"Plaistow Park","category":"parks","osm":"way/28588893"},"geometry":{"type":"Point","coordinates":[0.026384,51.526878]}},{"type":"Feature","properties":{"name":"Plashet Park","category":"parks","osm":"way/27826764"},"geometry":{"type":"Point","coordinates":[0.045855,51.541167]}},{"type":"Feature","properties":{"name":"Platford Green","category":"parks","osm":"way/23023372"},"geometry":{"type":"Point","coordinates":[0.227604,51.579805]}},{"type":"Feature","properties":{"name":"Pleasant Place Garden","category":"parks","osm":"way/42998926"},"geometry":{"type":"Point","coordinates":[-0.098847,51.539396]}},{"type":"Feature","properties":{"name":"Plumstead Common","category":"parks","osm":"way/262748978"},"geometry":{"type":"Point","coordinates":[0.08201,51.481562]}},{"type":"Feature","properties":{"name":"Plumstead Gardens","category":"parks","osm":"way/61434454"},"geometry":{"type":"Point","coordinates":[0.099256,51.489348]}},{"type":"Feature","properties":{"name":"Podium Garden","category":"parks","osm":"way/378462551"},"geometry":{"type":"Point","coordinates":[-0.038606,51.491137]}},{"type":"Feature","properties":{"name":"Podium Garden","category":"parks","osm":"way/378462553"},"geometry":{"type":"Point","coordinates":[-0.038226,51.490362]}},{"type":"Feature","properties":{"name":"Poets' Corner Community Garden","category":"parks","osm":"way/832397211"},"geometry":{"type":"Point","coordinates":[-0.265699,51.509459]}},{"type":"Feature","properties":{"name":"Polish War Memorial Garden","category":"parks","osm":"way/639411723"},"geometry":{"type":"Point","coordinates":[-0.400912,51.548821]}},{"type":"Feature","properties":{"name":"Pollard Square","category":"parks","osm":"way/5926843"},"geometry":{"type":"Point","coordinates":[-0.064373,51.527428]}},{"type":"Feature","properties":{"name":"Pollards Hill","category":"parks","osm":"way/22677309"},"geometry":{"type":"Point","coordinates":[-0.127688,51.403107]}},{"type":"Feature","properties":{"name":"Pond Square","category":"parks","osm":"way/61888547"},"geometry":{"type":"Point","coordinates":[-0.149134,51.570613]}},{"type":"Feature","properties":{"name":"Ponders End Park","category":"parks","osm":"way/4452352"},"geometry":{"type":"Point","coordinates":[-0.043629,51.644991]}},{"type":"Feature","properties":{"name":"Pool River Linear Park","category":"parks","osm":"relation/11889155"},"geometry":{"type":"Point","coordinates":[-0.029491,51.435321]}},{"type":"Feature","properties":{"name":"Poplar Recreation Ground","category":"parks","osm":"way/50258320"},"geometry":{"type":"Point","coordinates":[-0.016581,51.509959]}},{"type":"Feature","properties":{"name":"Portlands","category":"parks","osm":"relation/2147127"},"geometry":{"type":"Point","coordinates":[-0.011763,51.546714]}},{"type":"Feature","properties":{"name":"Portobello Green","category":"parks","osm":"way/38034111"},"geometry":{"type":"Point","coordinates":[-0.208445,51.518495]}},{"type":"Feature","properties":{"name":"Portsoken Street Garden","category":"parks","osm":"way/457771757"},"geometry":{"type":"Point","coordinates":[-0.074556,51.511478]}},{"type":"Feature","properties":{"name":"Postman's Park","category":"parks","osm":"way/170205758"},"geometry":{"type":"Point","coordinates":[-0.097713,51.516821]}},{"type":"Feature","properties":{"name":"Potters Fields Park","category":"parks","osm":"way/367694522"},"geometry":{"type":"Point","coordinates":[-0.078101,51.504161]}},{"type":"Feature","properties":{"name":"Poulter Park","category":"parks","osm":"way/156364193"},"geometry":{"type":"Point","coordinates":[-0.170197,51.389637]}},{"type":"Feature","properties":{"name":"Poverest Park","category":"parks","osm":"way/32730019"},"geometry":{"type":"Point","coordinates":[0.097431,51.384921]}},{"type":"Feature","properties":{"name":"Powis Square","category":"parks","osm":"way/23591864"},"geometry":{"type":"Point","coordinates":[-0.201342,51.516123]}},{"type":"Feature","properties":{"name":"Pratts Bottom Village Green","category":"parks","osm":"way/256586360"},"geometry":{"type":"Point","coordinates":[0.111764,51.339518]}},{"type":"Feature","properties":{"name":"Preston Park","category":"parks","osm":"way/4248612"},"geometry":{"type":"Point","coordinates":[-0.302724,51.570589]}},{"type":"Feature","properties":{"name":"Price's Park","category":"parks","osm":"way/280975513"},"geometry":{"type":"Point","coordinates":[-0.179817,51.467952]}},{"type":"Feature","properties":{"name":"Priestmead Recreation Ground","category":"parks","osm":"way/11845199"},"geometry":{"type":"Point","coordinates":[-0.316466,51.595907]}},{"type":"Feature","properties":{"name":"Primrose Gardens","category":"parks","osm":"way/121991247"},"geometry":{"type":"Point","coordinates":[-0.162967,51.547021]}},{"type":"Feature","properties":{"name":"Primrose Hill","category":"parks","osm":"way/4082666"},"geometry":{"type":"Point","coordinates":[-0.16164,51.539061]}},{"type":"Feature","properties":{"name":"Primrose Hill Court Open Space","category":"parks","osm":"way/1427175723"},"geometry":{"type":"Point","coordinates":[-0.159792,51.542011]}},{"type":"Feature","properties":{"name":"Primrose Meadow","category":"parks","osm":"way/412915367"},"geometry":{"type":"Point","coordinates":[-0.027335,51.520403]}},{"type":"Feature","properties":{"name":"Prince of Wales Open Space","category":"parks","osm":"way/801437406"},"geometry":{"type":"Point","coordinates":[-0.02119,51.665266]}},{"type":"Feature","properties":{"name":"Princes Park","category":"parks","osm":"way/34872166"},"geometry":{"type":"Point","coordinates":[-0.205951,51.58183]}},{"type":"Feature","properties":{"name":"Princess Alice Garden","category":"parks","osm":"way/1329883189"},"geometry":{"type":"Point","coordinates":[-0.100694,51.518033]}},{"type":"Feature","properties":{"name":"Priors Field","category":"parks","osm":"way/223040040"},"geometry":{"type":"Point","coordinates":[-0.383377,51.547904]}},{"type":"Feature","properties":{"name":"Priory Common","category":"parks","osm":"way/32863520"},"geometry":{"type":"Point","coordinates":[-0.127871,51.586919]}},{"type":"Feature","properties":{"name":"Priory Gardens","category":"parks","osm":"way/62202103"},"geometry":{"type":"Point","coordinates":[0.105837,51.380313]}},{"type":"Feature","properties":{"name":"Priory Park","category":"parks","osm":"way/4287154"},"geometry":{"type":"Point","coordinates":[-0.12491,51.585548]}},{"type":"Feature","properties":{"name":"Priory Park","category":"parks","osm":"way/29215847"},"geometry":{"type":"Point","coordinates":[0.041182,51.534336]}},{"type":"Feature","properties":{"name":"Prospect Park","category":"parks","osm":"way/50832598"},"geometry":{"type":"Point","coordinates":[-0.015973,51.523206]}},{"type":"Feature","properties":{"name":"Pullens Open Space","category":"parks","osm":"way/34203727"},"geometry":{"type":"Point","coordinates":[-0.099826,51.48914]}},{"type":"Feature","properties":{"name":"Purcell Crescent Open Space","category":"parks","osm":"way/1246126485"},"geometry":{"type":"Point","coordinates":[-0.215264,51.482337]}},{"type":"Feature","properties":{"name":"Purchese Street Open Space","category":"parks","osm":"way/26838538"},"geometry":{"type":"Point","coordinates":[-0.12926,51.532543]}},{"type":"Feature","properties":{"name":"Purley Way Playing Fields","category":"parks","osm":"way/28586304"},"geometry":{"type":"Point","coordinates":[-0.111256,51.353107]}},{"type":"Feature","properties":{"name":"Putney Embankment Foreshore","category":"parks","osm":"way/680919954"},"geometry":{"type":"Point","coordinates":[-0.215276,51.466827]}},{"type":"Feature","properties":{"name":"Putney Heath","category":"parks","osm":"relation/7333569"},"geometry":{"type":"Point","coordinates":[-0.237733,51.442876]}},{"type":"Feature","properties":{"name":"Putney Lower Common","category":"parks","osm":"relation/4205109"},"geometry":{"type":"Point","coordinates":[-0.228268,51.470106]}},{"type":"Feature","properties":{"name":"Pymmes Park","category":"parks","osm":"way/4078567"},"geometry":{"type":"Point","coordinates":[-0.06971,51.617638]}},{"type":"Feature","properties":{"name":"Quainton Street Open Space","category":"parks","osm":"way/27784934"},"geometry":{"type":"Point","coordinates":[-0.260678,51.56293]}},{"type":"Feature","properties":{"name":"Quaker Burial Ground","category":"parks","osm":"way/384661212"},"geometry":{"type":"Point","coordinates":[0.074484,51.539956]}},{"type":"Feature","properties":{"name":"Quarry Park","category":"parks","osm":"way/17715963"},"geometry":{"type":"Point","coordinates":[-0.211736,51.359264]}},{"type":"Feature","properties":{"name":"Queen Elizabeth Olympic Park","category":"parks","osm":"relation/2200771"},"geometry":{"type":"Point","coordinates":[-0.015058,51.54504]}},{"type":"Feature","properties":{"name":"Queen Square Gardens","category":"parks","osm":"way/4253646"},"geometry":{"type":"Point","coordinates":[-0.122445,51.521771]}},{"type":"Feature","properties":{"name":"Queen's Gardens","category":"parks","osm":"way/26600012"},"geometry":{"type":"Point","coordinates":[-0.097667,51.372049]}},{"type":"Feature","properties":{"name":"Queen's Gardens","category":"parks","osm":"way/1306364603"},"geometry":{"type":"Point","coordinates":[0.058199,51.43038]}},{"type":"Feature","properties":{"name":"Queen's Green","category":"parks","osm":"way/208218276"},"geometry":{"type":"Point","coordinates":[0.219276,51.564759]}},{"type":"Feature","properties":{"name":"Queen's Park Court Communal Gardens","category":"parks","osm":"way/77260560"},"geometry":{"type":"Point","coordinates":[-0.214694,51.529063]}},{"type":"Feature","properties":{"name":"Queen's Park Gardens","category":"parks","osm":"relation/10041044"},"geometry":{"type":"Point","coordinates":[-0.208812,51.528417]}},{"type":"Feature","properties":{"name":"Queens Park","category":"parks","osm":"way/4072806"},"geometry":{"type":"Point","coordinates":[-0.210736,51.536135]}},{"type":"Feature","properties":{"name":"Queens Walk Children's Playground","category":"parks","osm":"way/23497049"},"geometry":{"type":"Point","coordinates":[-0.394181,51.566719]}},{"type":"Feature","properties":{"name":"Queenscroft Recreation Ground","category":"parks","osm":"way/35323252"},"geometry":{"type":"Point","coordinates":[0.044333,51.45038]}},{"type":"Feature","properties":{"name":"Queenstown Green","category":"parks","osm":"way/321447857"},"geometry":{"type":"Point","coordinates":[-0.149629,51.470712]}},{"type":"Feature","properties":{"name":"Radley/Simon Lodge Communal Garden","category":"parks","osm":"way/583725594"},"geometry":{"type":"Point","coordinates":[-0.218066,51.442732]}},{"type":"Feature","properties":{"name":"Radnor Gardens","category":"parks","osm":"way/23084083"},"geometry":{"type":"Point","coordinates":[-0.331948,51.440521]}},{"type":"Feature","properties":{"name":"Radnor Street Open Space","category":"parks","osm":"way/34182313"},"geometry":{"type":"Point","coordinates":[-0.093125,51.526181]}},{"type":"Feature","properties":{"name":"Raisins Hill Open Space","category":"parks","osm":"way/1283260127"},"geometry":{"type":"Point","coordinates":[-0.39742,51.594697]}},{"type":"Feature","properties":{"name":"Raleigh Park","category":"parks","osm":"way/23545171"},"geometry":{"type":"Point","coordinates":[-0.428321,51.4424]}},{"type":"Feature","properties":{"name":"Raleigh Road Recreation Ground","category":"parks","osm":"way/32623855"},"geometry":{"type":"Point","coordinates":[-0.290353,51.468492]}},{"type":"Feature","properties":{"name":"Rammey Marsh","category":"parks","osm":"way/24005216"},"geometry":{"type":"Point","coordinates":[-0.016143,51.675091]}},{"type":"Feature","properties":{"name":"Ranelagh Gardens","category":"parks","osm":"way/851136558"},"geometry":{"type":"Point","coordinates":[-0.15315,51.486962]}},{"type":"Feature","properties":{"name":"Rangemoor Road Open Space","category":"parks","osm":"way/38820872"},"geometry":{"type":"Point","coordinates":[-0.069616,51.583193]}},{"type":"Feature","properties":{"name":"Raphael Park","category":"parks","osm":"way/584939420"},"geometry":{"type":"Point","coordinates":[0.18991,51.588304]}},{"type":"Feature","properties":{"name":"Ravenor Park","category":"parks","osm":"way/25020240"},"geometry":{"type":"Point","coordinates":[-0.358491,51.530435]}},{"type":"Feature","properties":{"name":"Ravensbourne Park Gardens","category":"parks","osm":"way/433847174"},"geometry":{"type":"Point","coordinates":[-0.030022,51.446128]}},{"type":"Feature","properties":{"name":"Ravensbury Park","category":"parks","osm":"way/169781014"},"geometry":{"type":"Point","coordinates":[-0.178684,51.396818]}},{"type":"Feature","properties":{"name":"Ravenscourt Park","category":"parks","osm":"way/17939312"},"geometry":{"type":"Point","coordinates":[-0.239444,51.497076]}},{"type":"Feature","properties":{"name":"Ravenscroft Park","category":"parks","osm":"way/22701133"},"geometry":{"type":"Point","coordinates":[-0.071214,51.529095]}},{"type":"Feature","properties":{"name":"Ravenscroft Park","category":"parks","osm":"way/22999866"},"geometry":{"type":"Point","coordinates":[-0.208853,51.653205]}},{"type":"Feature","properties":{"name":"Ray Park","category":"parks","osm":"way/25396575"},"geometry":{"type":"Point","coordinates":[0.046188,51.608678]}},{"type":"Feature","properties":{"name":"Rayners Mead","category":"parks","osm":"way/665960548"},"geometry":{"type":"Point","coordinates":[-0.368553,51.578865]}},{"type":"Feature","properties":{"name":"Rectory Gardens","category":"parks","osm":"way/197447141"},"geometry":{"type":"Point","coordinates":[-0.03242,51.512074]}},{"type":"Feature","properties":{"name":"Rectory Park","category":"parks","osm":"way/8916888"},"geometry":{"type":"Point","coordinates":[-0.383611,51.535597]}},{"type":"Feature","properties":{"name":"Rectory Square","category":"parks","osm":"way/275794385"},"geometry":{"type":"Point","coordinates":[-0.044656,51.519185]}},{"type":"Feature","properties":{"name":"Red Cross Garden","category":"parks","osm":"way/42784208"},"geometry":{"type":"Point","coordinates":[-0.094556,51.503141]}},{"type":"Feature","properties":{"name":"Red Lion Square Gardens","category":"parks","osm":"way/4253657"},"geometry":{"type":"Point","coordinates":[-0.118897,51.519189]}},{"type":"Feature","properties":{"name":"Redcliffe Square Gardens","category":"parks","osm":"way/32865592"},"geometry":{"type":"Point","coordinates":[-0.188346,51.48818]}},{"type":"Feature","properties":{"name":"Redlees Park","category":"parks","osm":"way/5217112"},"geometry":{"type":"Point","coordinates":[-0.332215,51.465933]}},{"type":"Feature","properties":{"name":"Reedworth Street Open Space","category":"parks","osm":"relation/13480640"},"geometry":{"type":"Point","coordinates":[-0.110746,51.491764]}},{"type":"Feature","properties":{"name":"Regent Square Gardens","category":"parks","osm":"way/803107582"},"geometry":{"type":"Point","coordinates":[-0.121612,51.526849]}},{"type":"Feature","properties":{"name":"Reigate Road Open Space","category":"parks","osm":"way/1034511032"},"geometry":{"type":"Point","coordinates":[0.01328,51.434584]}},{"type":"Feature","properties":{"name":"Rembrandt Gardens","category":"parks","osm":"way/40875983"},"geometry":{"type":"Point","coordinates":[-0.181361,51.521369]}},{"type":"Feature","properties":{"name":"Reminder Gardens","category":"parks","osm":"way/378928472"},"geometry":{"type":"Point","coordinates":[0.012029,51.496845]}},{"type":"Feature","properties":{"name":"Rennie Garden","category":"parks","osm":"way/444636130"},"geometry":{"type":"Point","coordinates":[-0.104123,51.508238]}},{"type":"Feature","properties":{"name":"Repton Gardens - Play Area","category":"parks","osm":"way/1341227733"},"geometry":{"type":"Point","coordinates":[-0.281493,51.560506]}},{"type":"Feature","properties":{"name":"Richardson Evans Memorial Playing Fields","category":"parks","osm":"way/185770360"},"geometry":{"type":"Point","coordinates":[-0.249244,51.435877]}},{"type":"Feature","properties":{"name":"Richmal Crompton Fields","category":"parks","osm":"way/482772880"},"geometry":{"type":"Point","coordinates":[0.050352,51.380086]}},{"type":"Feature","properties":{"name":"Richmond Green","category":"parks","osm":"relation/4264324"},"geometry":{"type":"Point","coordinates":[-0.306836,51.461543]}},{"type":"Feature","properties":{"name":"Richmond Park","category":"parks","osm":"way/51260440"},"geometry":{"type":"Point","coordinates":[-0.276915,51.438612]}},{"type":"Feature","properties":{"name":"Richmond Riverside","category":"parks","osm":"way/25839033"},"geometry":{"type":"Point","coordinates":[-0.307017,51.458329]}},{"type":"Feature","properties":{"name":"Ridding Lane Open Space","category":"parks","osm":"way/4392726"},"geometry":{"type":"Point","coordinates":[-0.332583,51.555463]}},{"type":"Feature","properties":{"name":"Riddlesdown","category":"parks","osm":"way/189068713"},"geometry":{"type":"Point","coordinates":[-0.094844,51.324386]}},{"type":"Feature","properties":{"name":"Ridgeway Park","category":"parks","osm":"way/23206441"},"geometry":{"type":"Point","coordinates":[-0.010531,51.625404]}},{"type":"Feature","properties":{"name":"Ridgeway Views Woodland Gardens","category":"parks","osm":"way/1202366482"},"geometry":{"type":"Point","coordinates":[-0.221233,51.620913]}},{"type":"Feature","properties":{"name":"Rise Park","category":"parks","osm":"way/197787758"},"geometry":{"type":"Point","coordinates":[0.185282,51.598774]}},{"type":"Feature","properties":{"name":"River Pool Walkway Open Space","category":"parks","osm":"way/41417347"},"geometry":{"type":"Point","coordinates":[-0.039153,51.418284]}},{"type":"Feature","properties":{"name":"River Side Walk","category":"parks","osm":"relation/15101090"},"geometry":{"type":"Point","coordinates":[-0.19148,51.61306]}},{"type":"Feature","properties":{"name":"Riversdale Gardens","category":"parks","osm":"way/38769623"},"geometry":{"type":"Point","coordinates":[-0.108907,51.601854]}},{"type":"Feature","properties":{"name":"Riverside Community Church","category":"parks","osm":"relation/11229524"},"geometry":{"type":"Point","coordinates":[-0.115141,51.611496]}},{"type":"Feature","properties":{"name":"Riverside gardens","category":"parks","osm":"way/791536724"},"geometry":{"type":"Point","coordinates":[0.108911,51.385863]}},{"type":"Feature","properties":{"name":"Riverside Gardens","category":"parks","osm":"way/330952390"},"geometry":{"type":"Point","coordinates":[-0.128957,51.484737]}},{"type":"Feature","properties":{"name":"Riverside Gardens","category":"parks","osm":"way/528707769"},"geometry":{"type":"Point","coordinates":[0.179371,51.482575]}},{"type":"Feature","properties":{"name":"Riverside Gardens","category":"parks","osm":"way/791443282"},"geometry":{"type":"Point","coordinates":[0.112347,51.389932]}},{"type":"Feature","properties":{"name":"Riverside Park","category":"parks","osm":"way/304520592"},"geometry":{"type":"Point","coordinates":[-0.079013,51.64414]}},{"type":"Feature","properties":{"name":"Riverside Walk Gardens","category":"parks","osm":"way/4259897"},"geometry":{"type":"Point","coordinates":[-0.127935,51.489166]}},{"type":"Feature","properties":{"name":"Riverside West","category":"parks","osm":"way/40308237"},"geometry":{"type":"Point","coordinates":[0.121968,51.442756]}},{"type":"Feature","properties":{"name":"Rochester Avenue Park","category":"parks","osm":"way/436544776"},"geometry":{"type":"Point","coordinates":[-0.415748,51.441234]}},{"type":"Feature","properties":{"name":"Rochester Terrace Gardens","category":"parks","osm":"way/26596101"},"geometry":{"type":"Point","coordinates":[-0.13878,51.544847]}},{"type":"Feature","properties":{"name":"Rockliffe Gardens","category":"parks","osm":"way/334098562"},"geometry":{"type":"Point","coordinates":[0.099556,51.477179]}},{"type":"Feature","properties":{"name":"Rocks Lane Sports Centre","category":"parks","osm":"way/216878194"},"geometry":{"type":"Point","coordinates":[-0.235192,51.471618]}},{"type":"Feature","properties":{"name":"Roding Valley Community Garden","category":"parks","osm":"way/235167211"},"geometry":{"type":"Point","coordinates":[0.047102,51.618724]}},{"type":"Feature","properties":{"name":"Roding Valley Park","category":"parks","osm":"way/569017790"},"geometry":{"type":"Point","coordinates":[0.039682,51.5856]}},{"type":"Feature","properties":{"name":"Rodney Green","category":"parks","osm":"way/544672424"},"geometry":{"type":"Point","coordinates":[-0.030503,51.595749]}},{"type":"Feature","properties":{"name":"Roe Green Park","category":"parks","osm":"way/30264407"},"geometry":{"type":"Point","coordinates":[-0.270129,51.586527]}},{"type":"Feature","properties":{"name":"Ropemakers Fields","category":"parks","osm":"way/23903865"},"geometry":{"type":"Point","coordinates":[-0.032867,51.50977]}},{"type":"Feature","properties":{"name":"Roper's Garden","category":"parks","osm":"way/60690867"},"geometry":{"type":"Point","coordinates":[-0.171793,51.482803]}},{"type":"Feature","properties":{"name":"Rose Gardens","category":"parks","osm":"way/13884985"},"geometry":{"type":"Point","coordinates":[-0.319478,51.480199]}},{"type":"Feature","properties":{"name":"Rosedale Park","category":"parks","osm":"way/248673642"},"geometry":{"type":"Point","coordinates":[-0.426542,51.522262]}},{"type":"Feature","properties":{"name":"Rosehill Park","category":"parks","osm":"way/580006950"},"geometry":{"type":"Point","coordinates":[-0.193617,51.379426]}},{"type":"Feature","properties":{"name":"Rosehill Park East","category":"parks","osm":"way/580006946"},"geometry":{"type":"Point","coordinates":[-0.188027,51.38016]}},{"type":"Feature","properties":{"name":"Rosemary Gardens","category":"parks","osm":"way/5122303"},"geometry":{"type":"Point","coordinates":[-0.087562,51.538412]}},{"type":"Feature","properties":{"name":"Rotary Field","category":"parks","osm":"way/42031286"},"geometry":{"type":"Point","coordinates":[-0.11219,51.342268]}},{"type":"Feature","properties":{"name":"Rotary Gardens","category":"parks","osm":"way/91044418"},"geometry":{"type":"Point","coordinates":[-0.305205,51.456989]}},{"type":"Feature","properties":{"name":"Roundshaw Downs","category":"parks","osm":"way/23007192"},"geometry":{"type":"Point","coordinates":[-0.124423,51.349791]}},{"type":"Feature","properties":{"name":"Roundshaw Park","category":"parks","osm":"way/22380971"},"geometry":{"type":"Point","coordinates":[-0.135318,51.350797]}},{"type":"Feature","properties":{"name":"Roundshaw Park Playing Fields","category":"parks","osm":"way/19792194"},"geometry":{"type":"Point","coordinates":[-0.123362,51.354764]}},{"type":"Feature","properties":{"name":"Roundwood Park","category":"parks","osm":"way/4242930"},"geometry":{"type":"Point","coordinates":[-0.240205,51.541337]}},{"type":"Feature","properties":{"name":"Rounton Park","category":"parks","osm":"way/51163666"},"geometry":{"type":"Point","coordinates":[-0.01961,51.523649]}},{"type":"Feature","properties":{"name":"Rowan Park informal recreation area","category":"parks","osm":"way/725779188"},"geometry":{"type":"Point","coordinates":[-0.142351,51.405306]}},{"type":"Feature","properties":{"name":"Rowan Road Recreation Ground","category":"parks","osm":"way/206602612"},"geometry":{"type":"Point","coordinates":[-0.140889,51.408196]}},{"type":"Feature","properties":{"name":"Rowberry Mead","category":"parks","osm":"way/572234850"},"geometry":{"type":"Point","coordinates":[-0.223267,51.479387]}},{"type":"Feature","properties":{"name":"Rowley Lodge Field","category":"parks","osm":"way/105496174"},"geometry":{"type":"Point","coordinates":[-0.241026,51.645532]}},{"type":"Feature","properties":{"name":"Royal Arsenal Thames Path Garden","category":"parks","osm":"way/810576962"},"geometry":{"type":"Point","coordinates":[0.073425,51.495455]}},{"type":"Feature","properties":{"name":"Royal Avenue","category":"parks","osm":"way/630720415"},"geometry":{"type":"Point","coordinates":[-0.161574,51.489423]}},{"type":"Feature","properties":{"name":"Royal Mint Green","category":"parks","osm":"way/55224227"},"geometry":{"type":"Point","coordinates":[-0.070385,51.509634]}},{"type":"Feature","properties":{"name":"Royal Northern Gardens","category":"parks","osm":"way/30049289"},"geometry":{"type":"Point","coordinates":[-0.12134,51.561081]}},{"type":"Feature","properties":{"name":"Royal Victoria Gardens","category":"parks","osm":"way/155241574"},"geometry":{"type":"Point","coordinates":[0.066337,51.499734]}},{"type":"Feature","properties":{"name":"Royal Victoria Square","category":"parks","osm":"way/192964701"},"geometry":{"type":"Point","coordinates":[0.024095,51.507721]}},{"type":"Feature","properties":{"name":"Royal Wharf Gardens","category":"parks","osm":"way/475959042"},"geometry":{"type":"Point","coordinates":[0.02794,51.499348]}},{"type":"Feature","properties":{"name":"Royston Park","category":"parks","osm":"way/10047535"},"geometry":{"type":"Point","coordinates":[-0.18032,51.372957]}},{"type":"Feature","properties":{"name":"Royston Playing Field","category":"parks","osm":"way/43339659"},"geometry":{"type":"Point","coordinates":[-0.051854,51.411495]}},{"type":"Feature","properties":{"name":"Rush Common","category":"parks","osm":"way/26464516"},"geometry":{"type":"Point","coordinates":[-0.123164,51.448344]}},{"type":"Feature","properties":{"name":"Rush Common","category":"parks","osm":"way/192339966"},"geometry":{"type":"Point","coordinates":[-0.121979,51.450272]}},{"type":"Feature","properties":{"name":"Rush Common","category":"parks","osm":"relation/9415372"},"geometry":{"type":"Point","coordinates":[-0.12017,51.453078]}},{"type":"Feature","properties":{"name":"Rush Common Woodland Walk","category":"parks","osm":"way/109935442"},"geometry":{"type":"Point","coordinates":[-0.117532,51.45744]}},{"type":"Feature","properties":{"name":"Rushgrove Park","category":"parks","osm":"way/199105704"},"geometry":{"type":"Point","coordinates":[-0.243511,51.588938]}},{"type":"Feature","properties":{"name":"Ruskin Park","category":"parks","osm":"way/300330159"},"geometry":{"type":"Point","coordinates":[-0.093946,51.464362]}},{"type":"Feature","properties":{"name":"Russell Park","category":"parks","osm":"way/6231080"},"geometry":{"type":"Point","coordinates":[-0.097762,51.595088]}},{"type":"Feature","properties":{"name":"Russell Park","category":"parks","osm":"way/114858560"},"geometry":{"type":"Point","coordinates":[0.149997,51.461845]}},{"type":"Feature","properties":{"name":"Russell Road Community Park","category":"parks","osm":"way/558251459"},"geometry":{"type":"Point","coordinates":[-0.114883,51.612331]}},{"type":"Feature","properties":{"name":"Russell Square","category":"parks","osm":"way/3241371"},"geometry":{"type":"Point","coordinates":[-0.126069,51.521694]}},{"type":"Feature","properties":{"name":"Russia Dock Woodland","category":"parks","osm":"relation/2049863"},"geometry":{"type":"Point","coordinates":[-0.038859,51.500762]}},{"type":"Feature","properties":{"name":"Saint Andrew's Square","category":"parks","osm":"way/67043105"},"geometry":{"type":"Point","coordinates":[-0.310504,51.393177]}},{"type":"Feature","properties":{"name":"Saint Dunstans Church area","category":"parks","osm":"way/1079301780"},"geometry":{"type":"Point","coordinates":[-0.25809,51.513034]}},{"type":"Feature","properties":{"name":"Saint George's Square","category":"parks","osm":"way/100814992"},"geometry":{"type":"Point","coordinates":[-0.032901,51.492747]}},{"type":"Feature","properties":{"name":"Saint John's Churchyard","category":"parks","osm":"way/147605754"},"geometry":{"type":"Point","coordinates":[-0.102624,51.523207]}},{"type":"Feature","properties":{"name":"Saint Mary's Garden","category":"parks","osm":"way/1123759017"},"geometry":{"type":"Point","coordinates":[0.059848,51.492837]}},{"type":"Feature","properties":{"name":"Saint Mary's Square","category":"parks","osm":"way/733761767"},"geometry":{"type":"Point","coordinates":[-0.176938,51.520363]}},{"type":"Feature","properties":{"name":"Saint Peter's Gardens","category":"parks","osm":"way/486675662"},"geometry":{"type":"Point","coordinates":[-0.092528,51.486612]}},{"type":"Feature","properties":{"name":"Salisbury Row","category":"parks","osm":"way/22604638"},"geometry":{"type":"Point","coordinates":[-0.087345,51.492295]}},{"type":"Feature","properties":{"name":"Samovar Space","category":"parks","osm":"way/1274500843"},"geometry":{"type":"Point","coordinates":[-0.280024,51.558911]}},{"type":"Feature","properties":{"name":"Sandal Street Play Area","category":"parks","osm":"way/31864947"},"geometry":{"type":"Point","coordinates":[0.004212,51.535674]}},{"type":"Feature","properties":{"name":"Sanderstead Recreation Ground","category":"parks","osm":"way/259393673"},"geometry":{"type":"Point","coordinates":[-0.078884,51.332496]}},{"type":"Feature","properties":{"name":"Sandpiper Community Garden","category":"parks","osm":"way/669021054"},"geometry":{"type":"Point","coordinates":[-0.363266,51.570163]}},{"type":"Feature","properties":{"name":"Sandway Park","category":"parks","osm":"way/791567764"},"geometry":{"type":"Point","coordinates":[0.1192,51.39365]}},{"type":"Feature","properties":{"name":"Sayes Court Park","category":"parks","osm":"way/163200530"},"geometry":{"type":"Point","coordinates":[-0.030977,51.484796]}},{"type":"Feature","properties":{"name":"Scadbury Park","category":"parks","osm":"way/35796476"},"geometry":{"type":"Point","coordinates":[0.094543,51.409753]}},{"type":"Feature","properties":{"name":"Scholefield Road Open Space","category":"parks","osm":"way/71245997"},"geometry":{"type":"Point","coordinates":[-0.127414,51.566773]}},{"type":"Feature","properties":{"name":"School House Lane Orchard","category":"parks","osm":"way/723739400"},"geometry":{"type":"Point","coordinates":[-0.319626,51.418079]}},{"type":"Feature","properties":{"name":"School Playing Fields","category":"parks","osm":"way/2956125"},"geometry":{"type":"Point","coordinates":[-0.006307,51.434472]}},{"type":"Feature","properties":{"name":"Scrapyard Meadow","category":"parks","osm":"way/397829486"},"geometry":{"type":"Point","coordinates":[-0.02662,51.521436]}},{"type":"Feature","properties":{"name":"Scratchwood Park","category":"parks","osm":"way/198508546"},"geometry":{"type":"Point","coordinates":[-0.257306,51.639283]}},{"type":"Feature","properties":{"name":"Scratchwood Park","category":"parks","osm":"way/198508551"},"geometry":{"type":"Point","coordinates":[-0.256491,51.639655]}},{"type":"Feature","properties":{"name":"Seears Park","category":"parks","osm":"way/5252533"},"geometry":{"type":"Point","coordinates":[-0.212341,51.361483]}},{"type":"Feature","properties":{"name":"Seething Lane Garden","category":"parks","osm":"way/180558309"},"geometry":{"type":"Point","coordinates":[-0.079006,51.510235]}},{"type":"Feature","properties":{"name":"Selby Green","category":"parks","osm":"way/25600490"},"geometry":{"type":"Point","coordinates":[-0.170533,51.38695]}},{"type":"Feature","properties":{"name":"Selsdon Recreation Ground","category":"parks","osm":"way/10052537"},"geometry":{"type":"Point","coordinates":[-0.055182,51.341752]}},{"type":"Feature","properties":{"name":"Selwyn Green","category":"parks","osm":"way/294890493"},"geometry":{"type":"Point","coordinates":[-0.032889,51.530414]}},{"type":"Feature","properties":{"name":"Sensory Gardens","category":"parks","osm":"way/94140939"},"geometry":{"type":"Point","coordinates":[-0.181691,51.472097]}},{"type":"Feature","properties":{"name":"Seven Kings Park","category":"parks","osm":"way/60905342"},"geometry":{"type":"Point","coordinates":[0.101976,51.573582]}},{"type":"Feature","properties":{"name":"Shacklewell Green","category":"parks","osm":"way/6148065"},"geometry":{"type":"Point","coordinates":[-0.06962,51.553122]}},{"type":"Feature","properties":{"name":"Shadbolt Park","category":"parks","osm":"way/28016242"},"geometry":{"type":"Point","coordinates":[-0.251304,51.376308]}},{"type":"Feature","properties":{"name":"Shaftesbury Park","category":"parks","osm":"way/24038071"},"geometry":{"type":"Point","coordinates":[0.009456,51.421131]}},{"type":"Feature","properties":{"name":"Shaftesbury Playing Fields","category":"parks","osm":"way/33460565"},"geometry":{"type":"Point","coordinates":[-0.378085,51.610668]}},{"type":"Feature","properties":{"name":"Shandy Park","category":"parks","osm":"way/51740956"},"geometry":{"type":"Point","coordinates":[-0.040063,51.520478]}},{"type":"Feature","properties":{"name":"Shenley Park","category":"parks","osm":"way/23614384"},"geometry":{"type":"Point","coordinates":[-0.414519,51.572448]}},{"type":"Feature","properties":{"name":"Shenstone Park","category":"parks","osm":"way/472153685"},"geometry":{"type":"Point","coordinates":[0.169537,51.453278]}},{"type":"Feature","properties":{"name":"Shepherdess Walk Park","category":"parks","osm":"way/39658932"},"geometry":{"type":"Point","coordinates":[-0.093867,51.532148]}},{"type":"Feature","properties":{"name":"Shepherds Bush Green","category":"parks","osm":"way/4244829"},"geometry":{"type":"Point","coordinates":[-0.221981,51.504248]}},{"type":"Feature","properties":{"name":"Shepherds Hill Gardens","category":"parks","osm":"way/185883145"},"geometry":{"type":"Point","coordinates":[-0.135042,51.57947]}},{"type":"Feature","properties":{"name":"Sherrins Farm Open Space","category":"parks","osm":"way/41832296"},"geometry":{"type":"Point","coordinates":[-0.276612,51.553621]}},{"type":"Feature","properties":{"name":"Sherwood Avenue Gardens","category":"parks","osm":"way/953740043"},"geometry":{"type":"Point","coordinates":[-0.131328,51.413815]}},{"type":"Feature","properties":{"name":"Shillington Park","category":"parks","osm":"way/4416363"},"geometry":{"type":"Point","coordinates":[-0.166155,51.468466]}},{"type":"Feature","properties":{"name":"Shirley Church Recreation Ground","category":"parks","osm":"way/203139963"},"geometry":{"type":"Point","coordinates":[-0.047219,51.370897]}},{"type":"Feature","properties":{"name":"Shirley Heath","category":"parks","osm":"way/171799293"},"geometry":{"type":"Point","coordinates":[-0.028761,51.364897]}},{"type":"Feature","properties":{"name":"Shore Gardens","category":"parks","osm":"way/55886879"},"geometry":{"type":"Point","coordinates":[-0.052098,51.54398]}},{"type":"Feature","properties":{"name":"Shoreditch Park","category":"parks","osm":"way/100610481"},"geometry":{"type":"Point","coordinates":[-0.086009,51.534611]}},{"type":"Feature","properties":{"name":"Shoulder of Mutton Green","category":"parks","osm":"way/39305849"},"geometry":{"type":"Point","coordinates":[0.092937,51.466608]}},{"type":"Feature","properties":{"name":"Shrewsbury Park","category":"parks","osm":"way/190922882"},"geometry":{"type":"Point","coordinates":[0.077221,51.475614]}},{"type":"Feature","properties":{"name":"Shuttleworth Park","category":"parks","osm":"way/26164660"},"geometry":{"type":"Point","coordinates":[-0.061061,51.491788]}},{"type":"Feature","properties":{"name":"Sidmouth Park","category":"parks","osm":"way/24317105"},"geometry":{"type":"Point","coordinates":[-0.007158,51.56117]}},{"type":"Feature","properties":{"name":"Sidney Square Gardens","category":"parks","osm":"way/4566319"},"geometry":{"type":"Point","coordinates":[-0.054915,51.516582]}},{"type":"Feature","properties":{"name":"Signal Park Garden","category":"parks","osm":"way/1309909508"},"geometry":{"type":"Point","coordinates":[-0.280864,51.377094]}},{"type":"Feature","properties":{"name":"Silk Stream Park","category":"parks","osm":"way/33888600"},"geometry":{"type":"Point","coordinates":[-0.26151,51.600205]}},{"type":"Feature","properties":{"name":"Silver Jubilee Park","category":"parks","osm":"way/586302192"},"geometry":{"type":"Point","coordinates":[-0.255353,51.581379]}},{"type":"Feature","properties":{"name":"Silverhall Park","category":"parks","osm":"way/5068504"},"geometry":{"type":"Point","coordinates":[-0.326838,51.470979]}},{"type":"Feature","properties":{"name":"Sir Francis Barker Recreation Ground","category":"parks","osm":"relation/1554609"},"geometry":{"type":"Point","coordinates":[-0.313808,51.355231]}},{"type":"Feature","properties":{"name":"Sir John McDougall Gardens","category":"parks","osm":"way/21361182"},"geometry":{"type":"Point","coordinates":[-0.026778,51.497038]}},{"type":"Feature","properties":{"name":"Sir Joseph Hood Memorial Playing Fields","category":"parks","osm":"way/24492053"},"geometry":{"type":"Point","coordinates":[-0.237624,51.391438]}},{"type":"Feature","properties":{"name":"Slade Gardens","category":"parks","osm":"relation/14880311"},"geometry":{"type":"Point","coordinates":[-0.114813,51.471203]}},{"type":"Feature","properties":{"name":"Smithfield Rotunda Garden","category":"parks","osm":"way/23992321"},"geometry":{"type":"Point","coordinates":[-0.101127,51.518477]}},{"type":"Feature","properties":{"name":"Smiths Farm","category":"parks","osm":"way/24642114"},"geometry":{"type":"Point","coordinates":[-0.368139,51.537596]}},{"type":"Feature","properties":{"name":"Soham Lane Open Space","category":"parks","osm":"way/4374361"},"geometry":{"type":"Point","coordinates":[-0.024271,51.669588]}},{"type":"Feature","properties":{"name":"Soho Square Gardens","category":"parks","osm":"way/368199014"},"geometry":{"type":"Point","coordinates":[-0.132211,51.515292]}},{"type":"Feature","properties":{"name":"Somerford Grove Open Space","category":"parks","osm":"way/1042461127"},"geometry":{"type":"Point","coordinates":[-0.060706,51.603235]}},{"type":"Feature","properties":{"name":"South Croydon Recreation Ground","category":"parks","osm":"way/13788594"},"geometry":{"type":"Point","coordinates":[-0.097886,51.349576]}},{"type":"Feature","properties":{"name":"South Kilburn Open Space","category":"parks","osm":"way/93308046"},"geometry":{"type":"Point","coordinates":[-0.198234,51.53148]}},{"type":"Feature","properties":{"name":"South Lawns","category":"parks","osm":"way/1176302039"},"geometry":{"type":"Point","coordinates":[0.16875,51.523779]}},{"type":"Feature","properties":{"name":"South Marsh","category":"parks","osm":"way/294263442"},"geometry":{"type":"Point","coordinates":[-0.026233,51.553174]}},{"type":"Feature","properties":{"name":"South Norwood Country Park","category":"parks","osm":"way/232067458"},"geometry":{"type":"Point","coordinates":[-0.057207,51.396466]}},{"type":"Feature","properties":{"name":"South Norwood Lake","category":"parks","osm":"relation/14895764"},"geometry":{"type":"Point","coordinates":[-0.076396,51.407974]}},{"type":"Feature","properties":{"name":"South Norwood Recreation Ground","category":"parks","osm":"way/15112446"},"geometry":{"type":"Point","coordinates":[-0.078283,51.395366]}},{"type":"Feature","properties":{"name":"South Park","category":"parks","osm":"way/4252532"},"geometry":{"type":"Point","coordinates":[-0.194284,51.469055]}},{"type":"Feature","properties":{"name":"South Park","category":"parks","osm":"way/73855538"},"geometry":{"type":"Point","coordinates":[0.091935,51.556905]}},{"type":"Feature","properties":{"name":"South Park","category":"parks","osm":"way/196841450"},"geometry":{"type":"Point","coordinates":[0.042505,51.360529]}},{"type":"Feature","properties":{"name":"South Park Gardens","category":"parks","osm":"way/34730598"},"geometry":{"type":"Point","coordinates":[-0.198842,51.422325]}},{"type":"Feature","properties":{"name":"Southall Park","category":"parks","osm":"way/234426884"},"geometry":{"type":"Point","coordinates":[-0.369901,51.509651]}},{"type":"Feature","properties":{"name":"Southend Park","category":"parks","osm":"way/22710165"},"geometry":{"type":"Point","coordinates":[-0.029612,51.426296]}},{"type":"Feature","properties":{"name":"Southern Park","category":"parks","osm":"way/593554511"},"geometry":{"type":"Point","coordinates":[0.01502,51.493513]}},{"type":"Feature","properties":{"name":"Southmere Park","category":"parks","osm":"way/212540483"},"geometry":{"type":"Point","coordinates":[0.132013,51.500129]}},{"type":"Feature","properties":{"name":"Southwark Park","category":"parks","osm":"way/556485860"},"geometry":{"type":"Point","coordinates":[-0.053905,51.495218]}},{"type":"Feature","properties":{"name":"Southwood","category":"parks","osm":"way/723156106"},"geometry":{"type":"Point","coordinates":[-0.267378,51.383883]}},{"type":"Feature","properties":{"name":"Southwood Garden","category":"parks","osm":"way/1414670408"},"geometry":{"type":"Point","coordinates":[-0.137156,51.508454]}},{"type":"Feature","properties":{"name":"Spa Fields","category":"parks","osm":"relation/2191175"},"geometry":{"type":"Point","coordinates":[-0.107438,51.525568]}},{"type":"Feature","properties":{"name":"Spa Green","category":"parks","osm":"way/45890874"},"geometry":{"type":"Point","coordinates":[-0.106335,51.528583]}},{"type":"Feature","properties":{"name":"Sparrows Den","category":"parks","osm":"way/293352968"},"geometry":{"type":"Point","coordinates":[-0.010288,51.36753]}},{"type":"Feature","properties":{"name":"Spring Farm Park","category":"parks","osm":"way/182091666"},"geometry":{"type":"Point","coordinates":[0.215674,51.519762]}},{"type":"Feature","properties":{"name":"Spring Green","category":"parks","osm":"way/962775222"},"geometry":{"type":"Point","coordinates":[-0.460526,51.506251]}},{"type":"Feature","properties":{"name":"Spring Park","category":"parks","osm":"way/293354611"},"geometry":{"type":"Point","coordinates":[-0.016985,51.366493]}},{"type":"Feature","properties":{"name":"Spring Park","category":"parks","osm":"relation/12813915"},"geometry":{"type":"Point","coordinates":[-0.09221,51.57012]}},{"type":"Feature","properties":{"name":"Springfield Gardens","category":"parks","osm":"way/26283654"},"geometry":{"type":"Point","coordinates":[-0.27187,51.51129]}},{"type":"Feature","properties":{"name":"Springfield Park","category":"parks","osm":"way/8140333"},"geometry":{"type":"Point","coordinates":[-0.058666,51.570729]}},{"type":"Feature","properties":{"name":"Springfield Park","category":"parks","osm":"way/1164354243"},"geometry":{"type":"Point","coordinates":[-0.175807,51.437866]}},{"type":"Feature","properties":{"name":"St Alfege Park","category":"parks","osm":"way/288305096"},"geometry":{"type":"Point","coordinates":[-0.011692,51.48068]}},{"type":"Feature","properties":{"name":"St Anne & St Agnes","category":"parks","osm":"way/116405294"},"geometry":{"type":"Point","coordinates":[-0.096157,51.516411]}},{"type":"Feature","properties":{"name":"St Anne's Churchyard","category":"parks","osm":"way/40879988"},"geometry":{"type":"Point","coordinates":[-0.132492,51.512282]}},{"type":"Feature","properties":{"name":"St Anne's Churchyard","category":"parks","osm":"way/102469671"},"geometry":{"type":"Point","coordinates":[-0.030459,51.511726]}},{"type":"Feature","properties":{"name":"St Dunstans Gardens","category":"parks","osm":"way/26365391"},"geometry":{"type":"Point","coordinates":[-0.262044,51.513411]}},{"type":"Feature","properties":{"name":"St Francis Park","category":"parks","osm":"way/4629310"},"geometry":{"type":"Point","coordinates":[-0.082119,51.462042]}},{"type":"Feature","properties":{"name":"St George's Churchyard Gardens","category":"parks","osm":"way/73703732"},"geometry":{"type":"Point","coordinates":[-0.091699,51.501496]}},{"type":"Feature","properties":{"name":"St George's Gardens","category":"parks","osm":"way/23231897"},"geometry":{"type":"Point","coordinates":[-0.121033,51.526163]}},{"type":"Feature","properties":{"name":"St George's Gardens","category":"parks","osm":"way/24348984"},"geometry":{"type":"Point","coordinates":[-0.059186,51.510175]}},{"type":"Feature","properties":{"name":"St Giles' Churchyard","category":"parks","osm":"way/5552548"},"geometry":{"type":"Point","coordinates":[-0.086909,51.472514]}},{"type":"Feature","properties":{"name":"St James Park","category":"parks","osm":"way/23063393"},"geometry":{"type":"Point","coordinates":[-0.037768,51.57707]}},{"type":"Feature","properties":{"name":"St James' Gardens","category":"parks","osm":"way/93465025"},"geometry":{"type":"Point","coordinates":[-0.040817,51.511162]}},{"type":"Feature","properties":{"name":"St James's Square Gardens","category":"parks","osm":"way/4358458"},"geometry":{"type":"Point","coordinates":[-0.135282,51.50718]}},{"type":"Feature","properties":{"name":"St John's Churchyard","category":"parks","osm":"way/23095678"},"geometry":{"type":"Point","coordinates":[-0.061744,51.503795]}},{"type":"Feature","properties":{"name":"St John's Gardens","category":"parks","osm":"way/4259726"},"geometry":{"type":"Point","coordinates":[-0.128026,51.494379]}},{"type":"Feature","properties":{"name":"St John's Park","category":"parks","osm":"way/24500839"},"geometry":{"type":"Point","coordinates":[-0.010389,51.497029]}},{"type":"Feature","properties":{"name":"St Johns Garden","category":"parks","osm":"way/37691109"},"geometry":{"type":"Point","coordinates":[-0.10405,51.520976]}},{"type":"Feature","properties":{"name":"St Katharine Cree Churchyard","category":"parks","osm":"way/526020404"},"geometry":{"type":"Point","coordinates":[-0.078553,51.513591]}},{"type":"Feature","properties":{"name":"St Leonard's Churchyard","category":"parks","osm":"way/51567543"},"geometry":{"type":"Point","coordinates":[-0.077094,51.526844]}},{"type":"Feature","properties":{"name":"St Luke's Garden","category":"parks","osm":"way/34182069"},"geometry":{"type":"Point","coordinates":[-0.094378,51.52593]}},{"type":"Feature","properties":{"name":"St Luke's Gardens","category":"parks","osm":"way/38215812"},"geometry":{"type":"Point","coordinates":[-0.169362,51.489632]}},{"type":"Feature","properties":{"name":"St Luke's Memorial Garden","category":"parks","osm":"way/184289118"},"geometry":{"type":"Point","coordinates":[-0.103514,51.432809]}},{"type":"Feature","properties":{"name":"St Luke's Open Space","category":"parks","osm":"way/751155116"},"geometry":{"type":"Point","coordinates":[-0.28696,51.475195]}},{"type":"Feature","properties":{"name":"St Margaret's Open Space","category":"parks","osm":"way/192698584"},"geometry":{"type":"Point","coordinates":[-0.342141,51.503447]}},{"type":"Feature","properties":{"name":"St Mark's Churchyard","category":"parks","osm":"way/32912553"},"geometry":{"type":"Point","coordinates":[-0.111946,51.481388]}},{"type":"Feature","properties":{"name":"St Mary Abbots Gardens","category":"parks","osm":"way/113748126"},"geometry":{"type":"Point","coordinates":[-0.192903,51.501955]}},{"type":"Feature","properties":{"name":"St Mary Frobisher Park","category":"parks","osm":"way/82105819"},"geometry":{"type":"Point","coordinates":[-0.053808,51.4715]}},{"type":"Feature","properties":{"name":"St Mary Magdalene Gardens","category":"parks","osm":"way/27815157"},"geometry":{"type":"Point","coordinates":[-0.108484,51.548075]}},{"type":"Feature","properties":{"name":"St Mary's Churchyard","category":"parks","osm":"way/5082648"},"geometry":{"type":"Point","coordinates":[-0.176189,51.521611]}},{"type":"Feature","properties":{"name":"St Mary's Churchyard","category":"parks","osm":"way/24397742"},"geometry":{"type":"Point","coordinates":[-0.101874,51.492792]}},{"type":"Feature","properties":{"name":"St Mary's Churchyard Hornsey","category":"parks","osm":"way/32853878"},"geometry":{"type":"Point","coordinates":[-0.115343,51.587123]}},{"type":"Feature","properties":{"name":"St Mary's Field","category":"parks","osm":"way/5038028"},"geometry":{"type":"Point","coordinates":[-0.148014,51.366146]}},{"type":"Feature","properties":{"name":"St Mary's Gardens","category":"parks","osm":"relation/3439360"},"geometry":{"type":"Point","coordinates":[-0.120132,51.494586]}},{"type":"Feature","properties":{"name":"St Mary's Glebe","category":"parks","osm":"way/611147441"},"geometry":{"type":"Point","coordinates":[-0.203367,51.409387]}},{"type":"Feature","properties":{"name":"St Marys Open Space","category":"parks","osm":"way/1314805199"},"geometry":{"type":"Point","coordinates":[-0.250569,51.540068]}},{"type":"Feature","properties":{"name":"St Michael's Green","category":"parks","osm":"way/2903368"},"geometry":{"type":"Point","coordinates":[-0.086087,51.662504]}},{"type":"Feature","properties":{"name":"St Norbert Green","category":"parks","osm":"way/1385752560"},"geometry":{"type":"Point","coordinates":[-0.039667,51.461531]}},{"type":"Feature","properties":{"name":"St Pancras and Islington Cemetery","category":"parks","osm":"way/4001293"},"geometry":{"type":"Point","coordinates":[-0.163856,51.60081]}},{"type":"Feature","properties":{"name":"St Paul's Churchyard","category":"parks","osm":"way/810719003"},"geometry":{"type":"Point","coordinates":[-0.140397,51.469002]}},{"type":"Feature","properties":{"name":"St Paul's Churchyard","category":"parks","osm":"way/1367424158"},"geometry":{"type":"Point","coordinates":[-0.097742,51.513773]}},{"type":"Feature","properties":{"name":"St Paul's Park","category":"parks","osm":"way/228005551"},"geometry":{"type":"Point","coordinates":[-0.088753,51.546058]}},{"type":"Feature","properties":{"name":"St Paul's Shrubbery","category":"parks","osm":"way/151394017"},"geometry":{"type":"Point","coordinates":[-0.089755,51.547572]}},{"type":"Feature","properties":{"name":"St Stephen's Green","category":"parks","osm":"way/629697120"},"geometry":{"type":"Point","coordinates":[-0.034103,51.534501]}},{"type":"Feature","properties":{"name":"St Thomas's Long Burial Ground","category":"parks","osm":"way/458943376"},"geometry":{"type":"Point","coordinates":[-0.053274,51.541055]}},{"type":"Feature","properties":{"name":"St Thomas's Recreation Ground","category":"parks","osm":"way/320778151"},"geometry":{"type":"Point","coordinates":[-0.054387,51.541487]}},{"type":"Feature","properties":{"name":"St Thomas's Square","category":"parks","osm":"way/102826743"},"geometry":{"type":"Point","coordinates":[-0.054478,51.542108]}},{"type":"Feature","properties":{"name":"St. Andrew's Park","category":"parks","osm":"way/5787571"},"geometry":{"type":"Point","coordinates":[0.229215,51.563352]}},{"type":"Feature","properties":{"name":"St. Barnabas Park","category":"parks","osm":"way/619447666"},"geometry":{"type":"Point","coordinates":[0.003712,51.426304]}},{"type":"Feature","properties":{"name":"St. Bartholomew's Gardens","category":"parks","osm":"way/52119540"},"geometry":{"type":"Point","coordinates":[-0.05624,51.522748]}},{"type":"Feature","properties":{"name":"St. Chad's Park","category":"parks","osm":"way/51097879"},"geometry":{"type":"Point","coordinates":[0.131471,51.575028]}},{"type":"Feature","properties":{"name":"St. Dunstans Churchyard","category":"parks","osm":"way/17368819"},"geometry":{"type":"Point","coordinates":[-0.041461,51.516586]}},{"type":"Feature","properties":{"name":"St. George's Square","category":"parks","osm":"way/23946211"},"geometry":{"type":"Point","coordinates":[-0.134583,51.487037]}},{"type":"Feature","properties":{"name":"St. James's Park","category":"parks","osm":"way/374960368"},"geometry":{"type":"Point","coordinates":[-0.13442,51.503113]}},{"type":"Feature","properties":{"name":"St. John's Church Gardens","category":"parks","osm":"way/46251142"},"geometry":{"type":"Point","coordinates":[-0.111888,51.504562]}},{"type":"Feature","properties":{"name":"St. John's Churchyard","category":"parks","osm":"way/25948069"},"geometry":{"type":"Point","coordinates":[-0.078597,51.502142]}},{"type":"Feature","properties":{"name":"St. John's Gardens","category":"parks","osm":"way/4253353"},"geometry":{"type":"Point","coordinates":[-0.331764,51.471925]}},{"type":"Feature","properties":{"name":"St. John's Wood Church Grounds","category":"parks","osm":"way/398337148"},"geometry":{"type":"Point","coordinates":[-0.169212,51.531157]}},{"type":"Feature","properties":{"name":"St. Leonard's Priory Park","category":"parks","osm":"way/51570103"},"geometry":{"type":"Point","coordinates":[-0.012926,51.528377]}},{"type":"Feature","properties":{"name":"St. Martin's Gardens","category":"parks","osm":"way/8364034"},"geometry":{"type":"Point","coordinates":[-0.139333,51.538592]}},{"type":"Feature","properties":{"name":"St. Matthew's Church Gardens","category":"parks","osm":"way/24938849"},"geometry":{"type":"Point","coordinates":[-0.116,51.459943]}},{"type":"Feature","properties":{"name":"St. Nicholas Gardens","category":"parks","osm":"way/464069225"},"geometry":{"type":"Point","coordinates":[0.100538,51.486428]}},{"type":"Feature","properties":{"name":"St. Paul's Cray Recreation Ground","category":"parks","osm":"way/680789331"},"geometry":{"type":"Point","coordinates":[0.115819,51.401716]}},{"type":"Feature","properties":{"name":"St. Paul's Recreation Ground","category":"parks","osm":"way/23777668"},"geometry":{"type":"Point","coordinates":[-0.304226,51.485534]}},{"type":"Feature","properties":{"name":"St. Peter's Square","category":"parks","osm":"way/22697284"},"geometry":{"type":"Point","coordinates":[-0.244011,51.491877]}},{"type":"Feature","properties":{"name":"Stamford Brook Common","category":"parks","osm":"way/9183927"},"geometry":{"type":"Point","coordinates":[-0.246816,51.497555]}},{"type":"Feature","properties":{"name":"Stanley Culross Open Space","category":"parks","osm":"way/30899218"},"geometry":{"type":"Point","coordinates":[-0.09586,51.586288]}},{"type":"Feature","properties":{"name":"Stanley Park","category":"parks","osm":"way/4085758"},"geometry":{"type":"Point","coordinates":[-0.163354,51.35649]}},{"type":"Feature","properties":{"name":"Stanley Road Open Space","category":"parks","osm":"way/30899212"},"geometry":{"type":"Point","coordinates":[-0.097675,51.585424]}},{"type":"Feature","properties":{"name":"Stanmore Marsh North","category":"parks","osm":"way/11845513"},"geometry":{"type":"Point","coordinates":[-0.300895,51.608656]}},{"type":"Feature","properties":{"name":"Stanmore Marsh South","category":"parks","osm":"way/602023606"},"geometry":{"type":"Point","coordinates":[-0.300146,51.606822]}},{"type":"Feature","properties":{"name":"Star Park","category":"parks","osm":"way/34039523"},"geometry":{"type":"Point","coordinates":[0.007337,51.519456]}},{"type":"Feature","properties":{"name":"Starch Green","category":"parks","osm":"relation/18796602"},"geometry":{"type":"Point","coordinates":[-0.239713,51.499848]}},{"type":"Feature","properties":{"name":"Stationers Park","category":"parks","osm":"way/4234648"},"geometry":{"type":"Point","coordinates":[-0.112211,51.57929]}},{"type":"Feature","properties":{"name":"Stave Hill Ecology Park","category":"parks","osm":"way/31179083"},"geometry":{"type":"Point","coordinates":[-0.039779,51.50197]}},{"type":"Feature","properties":{"name":"Stephens House & Grounds","category":"parks","osm":"way/2914274"},"geometry":{"type":"Point","coordinates":[-0.193575,51.597472]}},{"type":"Feature","properties":{"name":"Stepney Green Gardens","category":"parks","osm":"relation/14671559"},"geometry":{"type":"Point","coordinates":[-0.047205,51.519498]}},{"type":"Feature","properties":{"name":"Stepney Green Park","category":"parks","osm":"way/168227245"},"geometry":{"type":"Point","coordinates":[-0.046355,51.517784]}},{"type":"Feature","properties":{"name":"Stevenage Park","category":"parks","osm":"way/225383555"},"geometry":{"type":"Point","coordinates":[-0.222208,51.475854]}},{"type":"Feature","properties":{"name":"Stevens Park","category":"parks","osm":"way/681603151"},"geometry":{"type":"Point","coordinates":[0.121155,51.470717]}},{"type":"Feature","properties":{"name":"Stocker's Lake Local Nature Reserve","category":"parks","osm":"way/625285872"},"geometry":{"type":"Point","coordinates":[-0.487785,51.630555]}},{"type":"Feature","properties":{"name":"Stocker's Lake Local Nature Reserve","category":"parks","osm":"way/967641785"},"geometry":{"type":"Point","coordinates":[-0.486456,51.63409]}},{"type":"Feature","properties":{"name":"Stockley Country Park","category":"parks","osm":"relation/12353846"},"geometry":{"type":"Point","coordinates":[-0.448595,51.514379]}},{"type":"Feature","properties":{"name":"Stockwell Memorial Gardens","category":"parks","osm":"way/1006809273"},"geometry":{"type":"Point","coordinates":[-0.122085,51.472971]}},{"type":"Feature","properties":{"name":"Stoke Newington Common","category":"parks","osm":"relation/3079567"},"geometry":{"type":"Point","coordinates":[-0.069713,51.561473]}},{"type":"Feature","properties":{"name":"Stonebridge Common","category":"parks","osm":"way/6277964"},"geometry":{"type":"Point","coordinates":[-0.074813,51.53995]}},{"type":"Feature","properties":{"name":"Stonebridge Gardens","category":"parks","osm":"way/5070293"},"geometry":{"type":"Point","coordinates":[-0.074391,51.539296]}},{"type":"Feature","properties":{"name":"Stonebridge Wharf","category":"parks","osm":"way/248975367"},"geometry":{"type":"Point","coordinates":[-0.035414,51.514489]}},{"type":"Feature","properties":{"name":"Stonegrove Park","category":"parks","osm":"way/11846478"},"geometry":{"type":"Point","coordinates":[-0.283134,51.615973]}},{"type":"Feature","properties":{"name":"Stoneydown Park","category":"parks","osm":"way/12874003"},"geometry":{"type":"Point","coordinates":[-0.036979,51.585465]}},{"type":"Feature","properties":{"name":"Stoneyfields Park","category":"parks","osm":"way/23236957"},"geometry":{"type":"Point","coordinates":[-0.26301,51.623975]}},{"type":"Feature","properties":{"name":"Storey House Green","category":"parks","osm":"way/397440767"},"geometry":{"type":"Point","coordinates":[-0.014299,51.509757]}},{"type":"Feature","properties":{"name":"Stratford Park","category":"parks","osm":"way/24722251"},"geometry":{"type":"Point","coordinates":[0.007179,51.538322]}},{"type":"Feature","properties":{"name":"Streatham Common","category":"parks","osm":"way/4898913"},"geometry":{"type":"Point","coordinates":[-0.121215,51.4217]}},{"type":"Feature","properties":{"name":"Streatham Green","category":"parks","osm":"relation/12892558"},"geometry":{"type":"Point","coordinates":[-0.131537,51.428315]}},{"type":"Feature","properties":{"name":"Streatham Memorial Garden","category":"parks","osm":"way/165775782"},"geometry":{"type":"Point","coordinates":[-0.129264,51.423394]}},{"type":"Feature","properties":{"name":"Streatham Vale Park","category":"parks","osm":"way/551693023"},"geometry":{"type":"Point","coordinates":[-0.145004,51.413612]}},{"type":"Feature","properties":{"name":"Sturgess Park","category":"parks","osm":"way/4339203"},"geometry":{"type":"Point","coordinates":[-0.226815,51.577086]}},{"type":"Feature","properties":{"name":"Sudbrook Park","category":"parks","osm":"way/201639605"},"geometry":{"type":"Point","coordinates":[-0.298865,51.438774]}},{"type":"Feature","properties":{"name":"Sudbury Court","category":"parks","osm":"way/10523335"},"geometry":{"type":"Point","coordinates":[-0.318036,51.564832]}},{"type":"Feature","properties":{"name":"Sumatra Road Open Space","category":"parks","osm":"way/275138935"},"geometry":{"type":"Point","coordinates":[-0.196729,51.549661]}},{"type":"Feature","properties":{"name":"Summer Road Recreation Ground","category":"parks","osm":"way/123874886"},"geometry":{"type":"Point","coordinates":[-0.334947,51.395415]}},{"type":"Feature","properties":{"name":"Sumner Road Park","category":"parks","osm":"way/545367931"},"geometry":{"type":"Point","coordinates":[-0.072139,51.475908]}},{"type":"Feature","properties":{"name":"Sun Square","category":"parks","osm":"way/338497534"},"geometry":{"type":"Point","coordinates":[-0.24751,51.473211]}},{"type":"Feature","properties":{"name":"Sunbeam Gardens","category":"parks","osm":"way/23525773"},"geometry":{"type":"Point","coordinates":[-0.221335,51.523839]}},{"type":"Feature","properties":{"name":"Sunnyhill Park","category":"parks","osm":"way/2953350"},"geometry":{"type":"Point","coordinates":[-0.229307,51.595642]}},{"type":"Feature","properties":{"name":"Sunray Gardens","category":"parks","osm":"way/26487126"},"geometry":{"type":"Point","coordinates":[-0.091693,51.456689]}},{"type":"Feature","properties":{"name":"Surrey Square Park","category":"parks","osm":"way/156931394"},"geometry":{"type":"Point","coordinates":[-0.082059,51.488146]}},{"type":"Feature","properties":{"name":"Sussex Way Gardens","category":"parks","osm":"way/536521445"},"geometry":{"type":"Point","coordinates":[-0.123508,51.566577]}},{"type":"Feature","properties":{"name":"Sutcliffe Park","category":"parks","osm":"way/258000513"},"geometry":{"type":"Point","coordinates":[0.029735,51.455002]}},{"type":"Feature","properties":{"name":"Sutton Green","category":"parks","osm":"way/24532905"},"geometry":{"type":"Point","coordinates":[-0.195229,51.370948]}},{"type":"Feature","properties":{"name":"Swakeleys Park","category":"parks","osm":"way/39658344"},"geometry":{"type":"Point","coordinates":[-0.45485,51.561125]}},{"type":"Feature","properties":{"name":"Swan Lane Open Space","category":"parks","osm":"relation/17078311"},"geometry":{"type":"Point","coordinates":[-0.178144,51.624902]}},{"type":"Feature","properties":{"name":"Swedenborg Gardens","category":"parks","osm":"way/26013867"},"geometry":{"type":"Point","coordinates":[-0.063692,51.509874]}},{"type":"Feature","properties":{"name":"Swiftsden Green","category":"parks","osm":"way/588464393"},"geometry":{"type":"Point","coordinates":[0.003343,51.419738]}},{"type":"Feature","properties":{"name":"Swiss Cottage Open Space","category":"parks","osm":"way/102375226"},"geometry":{"type":"Point","coordinates":[-0.173302,51.54338]}},{"type":"Feature","properties":{"name":"Sydenham Wells Park","category":"parks","osm":"way/13085344"},"geometry":{"type":"Point","coordinates":[-0.068067,51.429644]}},{"type":"Feature","properties":{"name":"Tabard Gardens","category":"parks","osm":"way/26248229"},"geometry":{"type":"Point","coordinates":[-0.089085,51.498611]}},{"type":"Feature","properties":{"name":"Talacre Gardens","category":"parks","osm":"way/4680796"},"geometry":{"type":"Point","coordinates":[-0.148116,51.546972]}},{"type":"Feature","properties":{"name":"Tamplin Mews Gardens","category":"parks","osm":"way/156865648"},"geometry":{"type":"Point","coordinates":[-0.197958,51.526374]}},{"type":"Feature","properties":{"name":"Tangier Green","category":"parks","osm":"way/4764916"},"geometry":{"type":"Point","coordinates":[-0.277096,51.466122]}},{"type":"Feature","properties":{"name":"Tanner Street Park","category":"parks","osm":"way/25948352"},"geometry":{"type":"Point","coordinates":[-0.080491,51.500035]}},{"type":"Feature","properties":{"name":"Tate Park","category":"parks","osm":"way/51782321"},"geometry":{"type":"Point","coordinates":[0.047796,51.502044]}},{"type":"Feature","properties":{"name":"Tatem Park","category":"parks","osm":"way/4280573"},"geometry":{"type":"Point","coordinates":[-0.087588,51.618745]}},{"type":"Feature","properties":{"name":"Tavistock Road Gardens","category":"parks","osm":"way/85861850"},"geometry":{"type":"Point","coordinates":[-0.205257,51.518853]}},{"type":"Feature","properties":{"name":"Tavistock Square","category":"parks","osm":"way/3241840"},"geometry":{"type":"Point","coordinates":[-0.129024,51.525041]}},{"type":"Feature","properties":{"name":"Telegraph Hill Lower Park","category":"parks","osm":"way/8099271"},"geometry":{"type":"Point","coordinates":[-0.04515,51.469228]}},{"type":"Feature","properties":{"name":"Telegraph Hill Upper Park","category":"parks","osm":"way/10213435"},"geometry":{"type":"Point","coordinates":[-0.046044,51.467149]}},{"type":"Feature","properties":{"name":"Temple grounds","category":"parks","osm":"way/8384289"},"geometry":{"type":"Point","coordinates":[-0.220571,51.430791]}},{"type":"Feature","properties":{"name":"Tempsford Green","category":"parks","osm":"way/46120936"},"geometry":{"type":"Point","coordinates":[-0.251524,51.654439]}},{"type":"Feature","properties":{"name":"Tenterden Sports Ground","category":"parks","osm":"way/238807833"},"geometry":{"type":"Point","coordinates":[-0.296949,51.574581]}},{"type":"Feature","properties":{"name":"Terrace Field","category":"parks","osm":"way/4799491"},"geometry":{"type":"Point","coordinates":[-0.299919,51.45241]}},{"type":"Feature","properties":{"name":"Terrace Gardens","category":"parks","osm":"way/4799493"},"geometry":{"type":"Point","coordinates":[-0.301045,51.454053]}},{"type":"Feature","properties":{"name":"Terrace Gardens","category":"parks","osm":"way/384978929"},"geometry":{"type":"Point","coordinates":[-0.3516,51.409977]}},{"type":"Feature","properties":{"name":"Thames Barrier Park","category":"parks","osm":"way/23018529"},"geometry":{"type":"Point","coordinates":[0.034114,51.500743]}},{"type":"Feature","properties":{"name":"The Butts","category":"parks","osm":"way/23116647"},"geometry":{"type":"Point","coordinates":[-0.309304,51.484301]}},{"type":"Feature","properties":{"name":"The Canons","category":"parks","osm":"relation/17348509"},"geometry":{"type":"Point","coordinates":[-0.163799,51.399965]}},{"type":"Feature","properties":{"name":"The Cedars","category":"parks","osm":"way/667708553"},"geometry":{"type":"Point","coordinates":[-0.353563,51.608816]}},{"type":"Feature","properties":{"name":"The Circus","category":"parks","osm":"way/1019098159"},"geometry":{"type":"Point","coordinates":[0.126125,51.522392]}},{"type":"Feature","properties":{"name":"The Closes Recreation Ground","category":"parks","osm":"way/114200472"},"geometry":{"type":"Point","coordinates":[-0.473416,51.501677]}},{"type":"Feature","properties":{"name":"The Course","category":"parks","osm":"way/1033220954"},"geometry":{"type":"Point","coordinates":[0.061236,51.432003]}},{"type":"Feature","properties":{"name":"The Gardens","category":"parks","osm":"way/533155169"},"geometry":{"type":"Point","coordinates":[-0.120475,51.587466]}},{"type":"Feature","properties":{"name":"The Glade","category":"parks","osm":"way/27368405"},"geometry":{"type":"Point","coordinates":[0.257895,51.518489]}},{"type":"Feature","properties":{"name":"The Glade","category":"parks","osm":"way/210101193"},"geometry":{"type":"Point","coordinates":[-0.114417,51.330877]}},{"type":"Feature","properties":{"name":"The Glade","category":"parks","osm":"way/1208656324"},"geometry":{"type":"Point","coordinates":[0.067938,51.571729]}},{"type":"Feature","properties":{"name":"The Glens","category":"parks","osm":"way/60124629"},"geometry":{"type":"Point","coordinates":[0.191106,51.549721]}},{"type":"Feature","properties":{"name":"The Green","category":"parks","osm":"way/25786204"},"geometry":{"type":"Point","coordinates":[0.020681,51.606125]}},{"type":"Feature","properties":{"name":"The Green","category":"parks","osm":"way/186574050"},"geometry":{"type":"Point","coordinates":[0.063674,51.507109]}},{"type":"Feature","properties":{"name":"The Green","category":"parks","osm":"way/379587317"},"geometry":{"type":"Point","coordinates":[0.106595,51.359983]}},{"type":"Feature","properties":{"name":"The Green","category":"parks","osm":"way/468909123"},"geometry":{"type":"Point","coordinates":[-0.269014,51.406967]}},{"type":"Feature","properties":{"name":"The Green","category":"parks","osm":"way/487832585"},"geometry":{"type":"Point","coordinates":[0.094008,51.456441]}},{"type":"Feature","properties":{"name":"The Green Hackbridge","category":"parks","osm":"way/4344560"},"geometry":{"type":"Point","coordinates":[-0.158704,51.378143]}},{"type":"Feature","properties":{"name":"The Green Park","category":"parks","osm":"way/863554956"},"geometry":{"type":"Point","coordinates":[-0.144173,51.50452]}},{"type":"Feature","properties":{"name":"The Green, East Acton","category":"parks","osm":"way/25338102"},"geometry":{"type":"Point","coordinates":[-0.25216,51.517852]}},{"type":"Feature","properties":{"name":"The Grove","category":"parks","osm":"way/558948481"},"geometry":{"type":"Point","coordinates":[-0.161005,51.366932]}},{"type":"Feature","properties":{"name":"The Grove Open Space","category":"parks","osm":"way/4268233"},"geometry":{"type":"Point","coordinates":[-0.336867,51.577015]}},{"type":"Feature","properties":{"name":"The Highams Park","category":"parks","osm":"way/23198774"},"geometry":{"type":"Point","coordinates":[0.013743,51.611538]}},{"type":"Feature","properties":{"name":"The Highlands Open Space","category":"parks","osm":"way/1120988046"},"geometry":{"type":"Point","coordinates":[-0.36384,51.476424]}},{"type":"Feature","properties":{"name":"The Knoll","category":"parks","osm":"way/24546834"},"geometry":{"type":"Point","coordinates":[0.014191,51.376472]}},{"type":"Feature","properties":{"name":"The Lawns","category":"parks","osm":"way/24776691"},"geometry":{"type":"Point","coordinates":[-0.091232,51.411163]}},{"type":"Feature","properties":{"name":"The Meadow","category":"parks","osm":"way/941604870"},"geometry":{"type":"Point","coordinates":[-0.182743,51.539702]}},{"type":"Feature","properties":{"name":"The Mill Field","category":"parks","osm":"way/28290002"},"geometry":{"type":"Point","coordinates":[-0.236389,51.621853]}},{"type":"Feature","properties":{"name":"The Park","category":"parks","osm":"way/469232036"},"geometry":{"type":"Point","coordinates":[-0.423691,51.511549]}},{"type":"Feature","properties":{"name":"The Pitts","category":"parks","osm":"way/22963998"},"geometry":{"type":"Point","coordinates":[-0.427542,51.445442]}},{"type":"Feature","properties":{"name":"The Pleasance","category":"parks","osm":"way/3690598"},"geometry":{"type":"Point","coordinates":[-0.236126,51.461451]}},{"type":"Feature","properties":{"name":"The Poets' Park","category":"parks","osm":"way/1098763494"},"geometry":{"type":"Point","coordinates":[-0.136633,51.521064]}},{"type":"Feature","properties":{"name":"The Regent's Park","category":"parks","osm":"relation/1384127"},"geometry":{"type":"Point","coordinates":[-0.155555,51.530145]}},{"type":"Feature","properties":{"name":"The Robinson - Play Area","category":"parks","osm":"relation/12943883"},"geometry":{"type":"Point","coordinates":[-0.276203,51.556653]}},{"type":"Feature","properties":{"name":"The Rookery","category":"parks","osm":"way/953818152"},"geometry":{"type":"Point","coordinates":[-0.118034,51.421343]}},{"type":"Feature","properties":{"name":"The Spit","category":"parks","osm":"way/291730631"},"geometry":{"type":"Point","coordinates":[-0.19462,51.461587]}},{"type":"Feature","properties":{"name":"The Tarn","category":"parks","osm":"relation/12737640"},"geometry":{"type":"Point","coordinates":[0.053262,51.440717]}},{"type":"Feature","properties":{"name":"The Tide","category":"parks","osm":"relation/12607384"},"geometry":{"type":"Point","coordinates":[0.00624,51.501696]}},{"type":"Feature","properties":{"name":"The Walled Garden","category":"parks","osm":"way/37705979"},"geometry":{"type":"Point","coordinates":[-0.052982,51.548619]}},{"type":"Feature","properties":{"name":"The Warren","category":"parks","osm":"way/1061364675"},"geometry":{"type":"Point","coordinates":[0.146298,51.450402]}},{"type":"Feature","properties":{"name":"The Wharf Park","category":"parks","osm":"way/455077451"},"geometry":{"type":"Point","coordinates":[-0.046295,51.562728]}},{"type":"Feature","properties":{"name":"The Wood","category":"parks","osm":"way/466201391"},"geometry":{"type":"Point","coordinates":[-0.302396,51.390401]}},{"type":"Feature","properties":{"name":"The Woodlands","category":"parks","osm":"way/27524734"},"geometry":{"type":"Point","coordinates":[-0.274609,51.507465]}},{"type":"Feature","properties":{"name":"The Woodlands Dell","category":"parks","osm":"way/1126238052"},"geometry":{"type":"Point","coordinates":[0.016779,51.480936]}},{"type":"Feature","properties":{"name":"Thomas Gamuel Park","category":"parks","osm":"way/861200885"},"geometry":{"type":"Point","coordinates":[-0.022558,51.575747]}},{"type":"Feature","properties":{"name":"Thornbury Park","category":"parks","osm":"way/4953327"},"geometry":{"type":"Point","coordinates":[-0.343772,51.472103]}},{"type":"Feature","properties":{"name":"Thorney Country Park","category":"parks","osm":"way/922242711"},"geometry":{"type":"Point","coordinates":[-0.493046,51.50064]}},{"type":"Feature","properties":{"name":"Thornhill Bridge Community Gardens","category":"parks","osm":"way/433158481"},"geometry":{"type":"Point","coordinates":[-0.117178,51.535224]}},{"type":"Feature","properties":{"name":"Thornhill Road Gardens","category":"parks","osm":"way/30073418"},"geometry":{"type":"Point","coordinates":[-0.110443,51.538964]}},{"type":"Feature","properties":{"name":"Thornhill Square","category":"parks","osm":"way/16320738"},"geometry":{"type":"Point","coordinates":[-0.115245,51.540159]}},{"type":"Feature","properties":{"name":"Thornton Green","category":"parks","osm":"way/602672422"},"geometry":{"type":"Point","coordinates":[-0.025712,51.407461]}},{"type":"Feature","properties":{"name":"Thornton Heath Recreation Ground","category":"parks","osm":"way/178871564"},"geometry":{"type":"Point","coordinates":[-0.10815,51.401767]}},{"type":"Feature","properties":{"name":"Thorparch Road Pocket Park","category":"parks","osm":"way/1009563387"},"geometry":{"type":"Point","coordinates":[-0.13337,51.476358]}},{"type":"Feature","properties":{"name":"Three Bridges Park","category":"parks","osm":"way/235474237"},"geometry":{"type":"Point","coordinates":[-0.355802,51.504038]}},{"type":"Feature","properties":{"name":"Three Kings Piece","category":"parks","osm":"way/154750364"},"geometry":{"type":"Point","coordinates":[-0.159416,51.401544]}},{"type":"Feature","properties":{"name":"Tibby Place","category":"parks","osm":"way/68506853"},"geometry":{"type":"Point","coordinates":[-0.096504,51.539683]}},{"type":"Feature","properties":{"name":"Tile Kiln Lane Open Space","category":"parks","osm":"way/235053650"},"geometry":{"type":"Point","coordinates":[-0.089384,51.615398]}},{"type":"Feature","properties":{"name":"Tivoli Park","category":"parks","osm":"way/178701388"},"geometry":{"type":"Point","coordinates":[-0.103352,51.424866]}},{"type":"Feature","properties":{"name":"Tivoli Road Community Garden","category":"parks","osm":"way/1009566070"},"geometry":{"type":"Point","coordinates":[-0.101678,51.423389]}},{"type":"Feature","properties":{"name":"Tommy's Park","category":"parks","osm":"way/943069314"},"geometry":{"type":"Point","coordinates":[-0.036813,51.501498]}},{"type":"Feature","properties":{"name":"Tooting Bec Common","category":"parks","osm":"relation/4509080"},"geometry":{"type":"Point","coordinates":[-0.144427,51.43447]}},{"type":"Feature","properties":{"name":"Tooting Gardens","category":"parks","osm":"way/448584972"},"geometry":{"type":"Point","coordinates":[-0.175016,51.428504]}},{"type":"Feature","properties":{"name":"Torcross Green","category":"parks","osm":"way/762111122"},"geometry":{"type":"Point","coordinates":[-0.399118,51.5655]}},{"type":"Feature","properties":{"name":"Tortoise Green","category":"parks","osm":"way/204903775"},"geometry":{"type":"Point","coordinates":[-0.308806,51.516907]}},{"type":"Feature","properties":{"name":"Tottenhall Recreation Ground","category":"parks","osm":"way/12545328"},"geometry":{"type":"Point","coordinates":[-0.094913,51.610253]}},{"type":"Feature","properties":{"name":"Tottenham Green","category":"parks","osm":"way/51065736"},"geometry":{"type":"Point","coordinates":[-0.071605,51.587573]}},{"type":"Feature","properties":{"name":"Tottenham Marshes","category":"parks","osm":"relation/13766339"},"geometry":{"type":"Point","coordinates":[-0.049072,51.597087]}},{"type":"Feature","properties":{"name":"Tower Bridge Piazza","category":"parks","osm":"way/55224234"},"geometry":{"type":"Point","coordinates":[-0.074817,51.509302]}},{"type":"Feature","properties":{"name":"Tower Gardens Park","category":"parks","osm":"relation/16755635"},"geometry":{"type":"Point","coordinates":[-0.08398,51.599067]}},{"type":"Feature","properties":{"name":"Tower Hill Garden","category":"parks","osm":"way/55421655"},"geometry":{"type":"Point","coordinates":[-0.075548,51.509934]}},{"type":"Feature","properties":{"name":"Trafalgar Garden","category":"parks","osm":"way/150797650"},"geometry":{"type":"Point","coordinates":[-0.185593,51.417255]}},{"type":"Feature","properties":{"name":"Trafalgar Gardens","category":"parks","osm":"way/275794378"},"geometry":{"type":"Point","coordinates":[-0.042888,51.519432]}},{"type":"Feature","properties":{"name":"Tredegar Square","category":"parks","osm":"way/10812573"},"geometry":{"type":"Point","coordinates":[-0.032184,51.527125]}},{"type":"Feature","properties":{"name":"Tree Space","category":"parks","osm":"way/479855877"},"geometry":{"type":"Point","coordinates":[-0.126027,51.404327]}},{"type":"Feature","properties":{"name":"Trent Park","category":"parks","osm":"way/1030729521"},"geometry":{"type":"Point","coordinates":[-0.137264,51.658191]}},{"type":"Feature","properties":{"name":"Tresham Gardens","category":"parks","osm":"way/80877034"},"geometry":{"type":"Point","coordinates":[-0.167551,51.52602]}},{"type":"Feature","properties":{"name":"Trinity Gardens","category":"parks","osm":"way/292657959"},"geometry":{"type":"Point","coordinates":[-0.118962,51.461593]}},{"type":"Feature","properties":{"name":"Trinity Gardens","category":"parks","osm":"relation/15536751"},"geometry":{"type":"Point","coordinates":[-0.115967,51.600942]}},{"type":"Feature","properties":{"name":"Trinity Square Gardens","category":"parks","osm":"way/142680571"},"geometry":{"type":"Point","coordinates":[-0.077522,51.509833]}},{"type":"Feature","properties":{"name":"Trinity Way Open Space","category":"parks","osm":"way/23518753"},"geometry":{"type":"Point","coordinates":[-0.248765,51.510906]}},{"type":"Feature","properties":{"name":"Trumpers Field","category":"parks","osm":"way/326380090"},"geometry":{"type":"Point","coordinates":[-0.34199,51.502347]}},{"type":"Feature","properties":{"name":"Tubbs Road Pocket Park","category":"parks","osm":"way/27719591"},"geometry":{"type":"Point","coordinates":[-0.244948,51.532934]}},{"type":"Feature","properties":{"name":"Tugmutton Common","category":"parks","osm":"way/143076541"},"geometry":{"type":"Point","coordinates":[0.061844,51.367458]}},{"type":"Feature","properties":{"name":"Turnham Green","category":"parks","osm":"relation/18033155"},"geometry":{"type":"Point","coordinates":[-0.265757,51.491866]}},{"type":"Feature","properties":{"name":"Twickenham Green","category":"parks","osm":"way/584698519"},"geometry":{"type":"Point","coordinates":[-0.342505,51.443678]}},{"type":"Feature","properties":{"name":"Twinkle Park","category":"parks","osm":"way/37981437"},"geometry":{"type":"Point","coordinates":[-0.024434,51.48445]}},{"type":"Feature","properties":{"name":"Twyford Crescent Gardens","category":"parks","osm":"way/24420227"},"geometry":{"type":"Point","coordinates":[-0.281113,51.508736]}},{"type":"Feature","properties":{"name":"Tyburn Quay","category":"parks","osm":"way/1457342558"},"geometry":{"type":"Point","coordinates":[-0.122466,51.50551]}},{"type":"Feature","properties":{"name":"Tyler's Common","category":"parks","osm":"way/4891717"},"geometry":{"type":"Point","coordinates":[0.25913,51.592091]}},{"type":"Feature","properties":{"name":"Udney Hall Gardens","category":"parks","osm":"way/277915544"},"geometry":{"type":"Point","coordinates":[-0.324349,51.427454]}},{"type":"Feature","properties":{"name":"Udney Park Playing Fields","category":"parks","osm":"way/723730149"},"geometry":{"type":"Point","coordinates":[-0.326225,51.424701]}},{"type":"Feature","properties":{"name":"Ufford Street Gardens","category":"parks","osm":"way/1006306413"},"geometry":{"type":"Point","coordinates":[-0.107798,51.501968]}},{"type":"Feature","properties":{"name":"Ufton Gardens","category":"parks","osm":"way/500288911"},"geometry":{"type":"Point","coordinates":[-0.084057,51.539681]}},{"type":"Feature","properties":{"name":"Unigate Wood","category":"parks","osm":"way/958631090"},"geometry":{"type":"Point","coordinates":[-0.118085,51.428604]}},{"type":"Feature","properties":{"name":"Union Park","category":"parks","osm":"way/1239739663"},"geometry":{"type":"Point","coordinates":[-0.277216,51.557982]}},{"type":"Feature","properties":{"name":"Union Park","category":"parks","osm":"way/1347752530"},"geometry":{"type":"Point","coordinates":[-0.276739,51.559356]}},{"type":"Feature","properties":{"name":"Union Square","category":"parks","osm":"way/163735245"},"geometry":{"type":"Point","coordinates":[-0.094694,51.535866]}},{"type":"Feature","properties":{"name":"United Nations Green","category":"parks","osm":"way/256486119"},"geometry":{"type":"Point","coordinates":[-0.129025,51.499913]}},{"type":"Feature","properties":{"name":"Uphall Recreation Ground","category":"parks","osm":"way/31316009"},"geometry":{"type":"Point","coordinates":[0.069342,51.553194]}},{"type":"Feature","properties":{"name":"Upminster Hall Playing Fields","category":"parks","osm":"way/18523366"},"geometry":{"type":"Point","coordinates":[0.26042,51.567822]}},{"type":"Feature","properties":{"name":"Upminster Park","category":"parks","osm":"way/571632839"},"geometry":{"type":"Point","coordinates":[0.245755,51.554981]}},{"type":"Feature","properties":{"name":"Upminster Windmill Field","category":"parks","osm":"way/855186955"},"geometry":{"type":"Point","coordinates":[0.244721,51.557618]}},{"type":"Feature","properties":{"name":"Upper Norwood Recreation Ground","category":"parks","osm":"way/23875651"},"geometry":{"type":"Point","coordinates":[-0.092343,51.417293]}},{"type":"Feature","properties":{"name":"Upper Pepys Park","category":"parks","osm":"way/44060322"},"geometry":{"type":"Point","coordinates":[-0.030724,51.488488]}},{"type":"Feature","properties":{"name":"Upperton Road Park","category":"parks","osm":"way/24707534"},"geometry":{"type":"Point","coordinates":[0.035459,51.527654]}},{"type":"Feature","properties":{"name":"Uxbridge Common","category":"parks","osm":"way/4407951"},"geometry":{"type":"Point","coordinates":[-0.472211,51.553229]}},{"type":"Feature","properties":{"name":"Vale Street MUGA","category":"parks","osm":"way/177218545"},"geometry":{"type":"Point","coordinates":[-0.094021,51.432099]}},{"type":"Feature","properties":{"name":"Valence Park","category":"parks","osm":"way/46694049"},"geometry":{"type":"Point","coordinates":[0.136027,51.557424]}},{"type":"Feature","properties":{"name":"Valentines Park","category":"parks","osm":"relation/16341813"},"geometry":{"type":"Point","coordinates":[0.070845,51.569007]}},{"type":"Feature","properties":{"name":"Vallance Gardens","category":"parks","osm":"way/244659179"},"geometry":{"type":"Point","coordinates":[-0.062949,51.520053]}},{"type":"Feature","properties":{"name":"Valley Road playing fields","category":"parks","osm":"way/177387726"},"geometry":{"type":"Point","coordinates":[-0.117859,51.430521]}},{"type":"Feature","properties":{"name":"Van Gogh Walk","category":"parks","osm":"way/1007385109"},"geometry":{"type":"Point","coordinates":[-0.116305,51.475123]}},{"type":"Feature","properties":{"name":"Vauxhall Park","category":"parks","osm":"relation/14755741"},"geometry":{"type":"Point","coordinates":[-0.12205,51.482857]}},{"type":"Feature","properties":{"name":"Vauxhall Pleasure Gardens","category":"parks","osm":"way/4256264"},"geometry":{"type":"Point","coordinates":[-0.120724,51.48747]}},{"type":"Feature","properties":{"name":"Vectis Gardens","category":"parks","osm":"way/796875678"},"geometry":{"type":"Point","coordinates":[-0.151743,51.419471]}},{"type":"Feature","properties":{"name":"Vernon Square","category":"parks","osm":"way/1374375175"},"geometry":{"type":"Point","coordinates":[-0.11547,51.529891]}},{"type":"Feature","properties":{"name":"Vestry Green","category":"parks","osm":"way/96041872"},"geometry":{"type":"Point","coordinates":[-0.168661,51.402126]}},{"type":"Feature","properties":{"name":"Vicarage Gardens","category":"parks","osm":"way/445994829"},"geometry":{"type":"Point","coordinates":[-0.177067,51.473697]}},{"type":"Feature","properties":{"name":"Vicarage Lane Play Park","category":"parks","osm":"way/226894511"},"geometry":{"type":"Point","coordinates":[0.08794,51.566479]}},{"type":"Feature","properties":{"name":"Victoria Embankment Gardens","category":"parks","osm":"way/4254099"},"geometry":{"type":"Point","coordinates":[-0.121026,51.508619]}},{"type":"Feature","properties":{"name":"Victoria Embankment Gardens","category":"parks","osm":"way/161024051"},"geometry":{"type":"Point","coordinates":[-0.112872,51.511202]}},{"type":"Feature","properties":{"name":"Victoria Gardens","category":"parks","osm":"way/1364810101"},"geometry":{"type":"Point","coordinates":[-0.253015,51.526897]}},{"type":"Feature","properties":{"name":"Victoria Park","category":"parks","osm":"way/24420948"},"geometry":{"type":"Point","coordinates":[-0.183961,51.60316]}},{"type":"Feature","properties":{"name":"Victoria Park","category":"parks","osm":"way/24420949"},"geometry":{"type":"Point","coordinates":[-0.184985,51.605584]}},{"type":"Feature","properties":{"name":"Victoria Park","category":"parks","osm":"way/180386131"},"geometry":{"type":"Point","coordinates":[-0.31465,51.388968]}},{"type":"Feature","properties":{"name":"Victoria Park","category":"parks","osm":"relation/11127855"},"geometry":{"type":"Point","coordinates":[-0.040138,51.538354]}},{"type":"Feature","properties":{"name":"Victoria Recreation Ground","category":"parks","osm":"way/2939140"},"geometry":{"type":"Point","coordinates":[-0.17028,51.652613]}},{"type":"Feature","properties":{"name":"Victoria Tower Gardens","category":"parks","osm":"way/4259687"},"geometry":{"type":"Point","coordinates":[-0.124866,51.49646]}},{"type":"Feature","properties":{"name":"Victoria Tower Gardens South","category":"parks","osm":"way/34932774"},"geometry":{"type":"Point","coordinates":[-0.124897,51.493938]}},{"type":"Feature","properties":{"name":"Victory Community Park","category":"parks","osm":"way/22982459"},"geometry":{"type":"Point","coordinates":[-0.092698,51.493148]}},{"type":"Feature","properties":{"name":"Victory Park","category":"parks","osm":"relation/9046305"},"geometry":{"type":"Point","coordinates":[-0.009466,51.546901]}},{"type":"Feature","properties":{"name":"Village Green","category":"parks","osm":"way/678151691"},"geometry":{"type":"Point","coordinates":[0.114418,51.393725]}},{"type":"Feature","properties":{"name":"Village Park Rec.","category":"parks","osm":"way/39679911"},"geometry":{"type":"Point","coordinates":[-0.303124,51.500922]}},{"type":"Feature","properties":{"name":"Violet Hill Park","category":"parks","osm":"way/366220253"},"geometry":{"type":"Point","coordinates":[-0.18238,51.532945]}},{"type":"Feature","properties":{"name":"Virginia Gardens","category":"parks","osm":"way/638296867"},"geometry":{"type":"Point","coordinates":[-0.073342,51.527211]}},{"type":"Feature","properties":{"name":"Waddon Ponds","category":"parks","osm":"way/218949580"},"geometry":{"type":"Point","coordinates":[-0.120318,51.370115]}},{"type":"Feature","properties":{"name":"Walden Recreation Ground","category":"parks","osm":"way/596944150"},"geometry":{"type":"Point","coordinates":[0.058734,51.420396]}},{"type":"Feature","properties":{"name":"Walker Ground","category":"parks","osm":"way/9396628"},"geometry":{"type":"Point","coordinates":[-0.128712,51.6259]}},{"type":"Feature","properties":{"name":"Wallington Green","category":"parks","osm":"way/5050150"},"geometry":{"type":"Point","coordinates":[-0.154182,51.367127]}},{"type":"Feature","properties":{"name":"Walmer Gardens","category":"parks","osm":"way/493000594"},"geometry":{"type":"Point","coordinates":[-0.325762,51.502288]}},{"type":"Feature","properties":{"name":"Walpole Park","category":"parks","osm":"way/4251186"},"geometry":{"type":"Point","coordinates":[-0.309728,51.509068]}},{"type":"Feature","properties":{"name":"Waltham Cross Playing Fields","category":"parks","osm":"way/24002855"},"geometry":{"type":"Point","coordinates":[-0.028298,51.684482]}},{"type":"Feature","properties":{"name":"Walthamstow Marsh","category":"parks","osm":"way/399259442"},"geometry":{"type":"Point","coordinates":[-0.044856,51.569499]}},{"type":"Feature","properties":{"name":"Waltheof Gardens","category":"parks","osm":"way/7663020"},"geometry":{"type":"Point","coordinates":[-0.08711,51.600934]}},{"type":"Feature","properties":{"name":"Wandle Meadow Nature Park","category":"parks","osm":"way/114393546"},"geometry":{"type":"Point","coordinates":[-0.182614,51.423024]}},{"type":"Feature","properties":{"name":"Wandle Park","category":"parks","osm":"way/13869841"},"geometry":{"type":"Point","coordinates":[-0.179653,51.418644]}},{"type":"Feature","properties":{"name":"Wandle Park","category":"parks","osm":"way/23195980"},"geometry":{"type":"Point","coordinates":[-0.111881,51.374763]}},{"type":"Feature","properties":{"name":"Wandsworth Common","category":"parks","osm":"relation/2841550"},"geometry":{"type":"Point","coordinates":[-0.171323,51.45172]}},{"type":"Feature","properties":{"name":"Wandsworth Park","category":"parks","osm":"relation/13931825"},"geometry":{"type":"Point","coordinates":[-0.204111,51.462312]}},{"type":"Feature","properties":{"name":"Wansey Gardens","category":"parks","osm":"way/694846444"},"geometry":{"type":"Point","coordinates":[-0.094229,51.491943]}},{"type":"Feature","properties":{"name":"Wanstead Flats","category":"parks","osm":"way/4962498"},"geometry":{"type":"Point","coordinates":[0.021889,51.55968]}},{"type":"Feature","properties":{"name":"Wanstead Flats","category":"parks","osm":"way/11300063"},"geometry":{"type":"Point","coordinates":[0.019417,51.564209]}},{"type":"Feature","properties":{"name":"Wanstead Flats","category":"parks","osm":"way/28849449"},"geometry":{"type":"Point","coordinates":[0.019689,51.570939]}},{"type":"Feature","properties":{"name":"Wanstead Park","category":"parks","osm":"way/4962554"},"geometry":{"type":"Point","coordinates":[0.038657,51.567966]}},{"type":"Feature","properties":{"name":"Wapping Gardens","category":"parks","osm":"way/23095184"},"geometry":{"type":"Point","coordinates":[-0.060481,51.504673]}},{"type":"Feature","properties":{"name":"Wapping Green","category":"parks","osm":"way/23094901"},"geometry":{"type":"Point","coordinates":[-0.058807,51.505599]}},{"type":"Feature","properties":{"name":"Wapping Rose Gardens","category":"parks","osm":"way/207299104"},"geometry":{"type":"Point","coordinates":[-0.058881,51.503798]}},{"type":"Feature","properties":{"name":"Wapping Woods","category":"parks","osm":"way/19621775"},"geometry":{"type":"Point","coordinates":[-0.056819,51.507961]}},{"type":"Feature","properties":{"name":"Waring Park","category":"parks","osm":"way/35874046"},"geometry":{"type":"Point","coordinates":[0.110355,51.431549]}},{"type":"Feature","properties":{"name":"Warner Green","category":"parks","osm":"way/246286782"},"geometry":{"type":"Point","coordinates":[-0.065488,51.528866]}},{"type":"Feature","properties":{"name":"Warren Park","category":"parks","osm":"way/24773081"},"geometry":{"type":"Point","coordinates":[-0.179075,51.36083]}},{"type":"Feature","properties":{"name":"Warrender Park","category":"parks","osm":"way/84235618"},"geometry":{"type":"Point","coordinates":[-0.406255,51.57783]}},{"type":"Feature","properties":{"name":"Warrren Park","category":"parks","osm":"way/929095015"},"geometry":{"type":"Point","coordinates":[-0.399707,51.519513]}},{"type":"Feature","properties":{"name":"Warwick Dene","category":"parks","osm":"way/26797632"},"geometry":{"type":"Point","coordinates":[-0.295244,51.507915]}},{"type":"Feature","properties":{"name":"Warwick Gardens","category":"parks","osm":"relation/77740"},"geometry":{"type":"Point","coordinates":[-0.075769,51.469496]}},{"type":"Feature","properties":{"name":"Watercress Park","category":"parks","osm":"way/486664948"},"geometry":{"type":"Point","coordinates":[-0.162724,51.382943]}},{"type":"Feature","properties":{"name":"Waterloo Millennium Green","category":"parks","osm":"way/23486372"},"geometry":{"type":"Point","coordinates":[-0.109748,51.501586]}},{"type":"Feature","properties":{"name":"Waterlow Park","category":"parks","osm":"way/11019215"},"geometry":{"type":"Point","coordinates":[-0.144869,51.568525]}},{"type":"Feature","properties":{"name":"Waterman's Green","category":"parks","osm":"way/24448371"},"geometry":{"type":"Point","coordinates":[-0.2146,51.466317]}},{"type":"Feature","properties":{"name":"Watermans Park","category":"parks","osm":"way/505414703"},"geometry":{"type":"Point","coordinates":[-0.295247,51.486727]}},{"type":"Feature","properties":{"name":"Waterside Gardens","category":"parks","osm":"way/40517811"},"geometry":{"type":"Point","coordinates":[0.178965,51.452136]}},{"type":"Feature","properties":{"name":"Waterside Gardens","category":"parks","osm":"way/43644511"},"geometry":{"type":"Point","coordinates":[-0.059415,51.503001]}},{"type":"Feature","properties":{"name":"WaterWorks Centre Field","category":"parks","osm":"way/24420121"},"geometry":{"type":"Point","coordinates":[-0.0331,51.562764]}},{"type":"Feature","properties":{"name":"Watling Park","category":"parks","osm":"way/10482343"},"geometry":{"type":"Point","coordinates":[-0.260332,51.605956]}},{"type":"Feature","properties":{"name":"Waye Avenue Park","category":"parks","osm":"relation/3691817"},"geometry":{"type":"Point","coordinates":[-0.413915,51.476037]}},{"type":"Feature","properties":{"name":"Waynflete Square Garden","category":"parks","osm":"way/402992325"},"geometry":{"type":"Point","coordinates":[-0.218535,51.514319]}},{"type":"Feature","properties":{"name":"Wayside Green Open Space","category":"parks","osm":"relation/13901871"},"geometry":{"type":"Point","coordinates":[0.051983,51.425674]}},{"type":"Feature","properties":{"name":"Weaver's Fields","category":"parks","osm":"way/506841261"},"geometry":{"type":"Point","coordinates":[-0.061965,51.52528]}},{"type":"Feature","properties":{"name":"Well Hall Pleasaunce","category":"parks","osm":"way/47147676"},"geometry":{"type":"Point","coordinates":[0.048528,51.456565]}},{"type":"Feature","properties":{"name":"Well Street Common","category":"parks","osm":"way/6147620"},"geometry":{"type":"Point","coordinates":[-0.042273,51.541154]}},{"type":"Feature","properties":{"name":"Wellesley Road Playground","category":"parks","osm":"way/538327627"},"geometry":{"type":"Point","coordinates":[-0.280303,51.490223]}},{"type":"Feature","properties":{"name":"Wellington Park","category":"parks","osm":"way/4996350"},"geometry":{"type":"Point","coordinates":[-0.377644,51.47361]}},{"type":"Feature","properties":{"name":"Wellington Park","category":"parks","osm":"way/26987465"},"geometry":{"type":"Point","coordinates":[0.073809,51.493528]}},{"type":"Feature","properties":{"name":"Wellington Road Open Space","category":"parks","osm":"way/28458041"},"geometry":{"type":"Point","coordinates":[0.018223,51.550597]}},{"type":"Feature","properties":{"name":"Wendell Park","category":"parks","osm":"way/165236259"},"geometry":{"type":"Point","coordinates":[-0.248308,51.502322]}},{"type":"Feature","properties":{"name":"Wennington Green","category":"parks","osm":"way/996069400"},"geometry":{"type":"Point","coordinates":[-0.041767,51.531236]}},{"type":"Feature","properties":{"name":"Wesley Playing Fields","category":"parks","osm":"way/23518364"},"geometry":{"type":"Point","coordinates":[-0.259052,51.532246]}},{"type":"Feature","properties":{"name":"West End Green","category":"parks","osm":"way/4364605"},"geometry":{"type":"Point","coordinates":[-0.192502,51.55228]}},{"type":"Feature","properties":{"name":"West Hackney Recreation Ground","category":"parks","osm":"way/253359435"},"geometry":{"type":"Point","coordinates":[-0.072368,51.556985]}},{"type":"Feature","properties":{"name":"West Ham Park","category":"parks","osm":"way/13868329"},"geometry":{"type":"Point","coordinates":[0.017862,51.539199]}},{"type":"Feature","properties":{"name":"West Harrow Recreation Ground","category":"parks","osm":"way/11843368"},"geometry":{"type":"Point","coordinates":[-0.355727,51.5771]}},{"type":"Feature","properties":{"name":"West Hendon Playing Fields","category":"parks","osm":"way/10425456"},"geometry":{"type":"Point","coordinates":[-0.251573,51.579104]}},{"type":"Feature","properties":{"name":"West Norwood Health & Leisure Centre Grounds","category":"parks","osm":"way/1011224340"},"geometry":{"type":"Point","coordinates":[-0.105365,51.432469]}},{"type":"Feature","properties":{"name":"West Park","category":"parks","osm":"way/613688657"},"geometry":{"type":"Point","coordinates":[-0.199851,51.645192]}},{"type":"Feature","properties":{"name":"West Park","category":"parks","osm":"way/910050447"},"geometry":{"type":"Point","coordinates":[-0.276226,51.501381]}},{"type":"Feature","properties":{"name":"West Square Gardens","category":"parks","osm":"way/4253527"},"geometry":{"type":"Point","coordinates":[-0.105527,51.495185]}},{"type":"Feature","properties":{"name":"Westbourne Green Open Space","category":"parks","osm":"relation/10090476"},"geometry":{"type":"Point","coordinates":[-0.189479,51.521374]}},{"type":"Feature","properties":{"name":"Westerly Ware","category":"parks","osm":"way/222712430"},"geometry":{"type":"Point","coordinates":[-0.28631,51.485927]}},{"type":"Feature","properties":{"name":"Westferry Circus","category":"parks","osm":"way/704814096"},"geometry":{"type":"Point","coordinates":[-0.026876,51.505757]}},{"type":"Feature","properties":{"name":"Westfield Park","category":"parks","osm":"way/4488669"},"geometry":{"type":"Point","coordinates":[-0.184089,51.479881]}},{"type":"Feature","properties":{"name":"Westmore Green","category":"parks","osm":"relation/8198335"},"geometry":{"type":"Point","coordinates":[0.02424,51.293889]}},{"type":"Feature","properties":{"name":"Westow Park","category":"parks","osm":"way/45917210"},"geometry":{"type":"Point","coordinates":[-0.084812,51.416765]}},{"type":"Feature","properties":{"name":"Westway Garden","category":"parks","osm":"way/199558834"},"geometry":{"type":"Point","coordinates":[-0.21957,51.515149]}},{"type":"Feature","properties":{"name":"Weymouth Terrace","category":"parks","osm":"way/26304549"},"geometry":{"type":"Point","coordinates":[-0.072271,51.533302]}},{"type":"Feature","properties":{"name":"Wharf Road Gardens","category":"parks","osm":"way/581001320"},"geometry":{"type":"Point","coordinates":[-0.123506,51.535612]}},{"type":"Feature","properties":{"name":"Wharf Road Park","category":"parks","osm":"node/13760684102"},"geometry":{"type":"Point","coordinates":[-0.028666,51.641396]}},{"type":"Feature","properties":{"name":"Whetstone Stray","category":"parks","osm":"way/2955990"},"geometry":{"type":"Point","coordinates":[-0.18268,51.626849]}},{"type":"Feature","properties":{"name":"Whitbread Playing Fields","category":"parks","osm":"way/25396845"},"geometry":{"type":"Point","coordinates":[0.04664,51.613375]}},{"type":"Feature","properties":{"name":"White Hart Lane Recreation Ground","category":"parks","osm":"way/797168745"},"geometry":{"type":"Point","coordinates":[-0.10611,51.602743]}},{"type":"Feature","properties":{"name":"Whitefoot Lane Playing Fields","category":"parks","osm":"way/4412733"},"geometry":{"type":"Point","coordinates":[0.001151,51.430884]}},{"type":"Feature","properties":{"name":"Whitehall Garden","category":"parks","osm":"way/4256950"},"geometry":{"type":"Point","coordinates":[-0.123375,51.505643]}},{"type":"Feature","properties":{"name":"Whitehall Garden","category":"parks","osm":"way/4256953"},"geometry":{"type":"Point","coordinates":[-0.12391,51.503922]}},{"type":"Feature","properties":{"name":"Whitehorse Meadow","category":"parks","osm":"way/15111048"},"geometry":{"type":"Point","coordinates":[-0.088424,51.400006]}},{"type":"Feature","properties":{"name":"Whitehorse Open Space","category":"parks","osm":"way/19605455"},"geometry":{"type":"Point","coordinates":[-0.039824,51.516277]}},{"type":"Feature","properties":{"name":"Whitehorse Road Recreation Ground","category":"parks","osm":"way/13873564"},"geometry":{"type":"Point","coordinates":[-0.095981,51.389894]}},{"type":"Feature","properties":{"name":"Whitelands Park","category":"parks","osm":"way/1090859398"},"geometry":{"type":"Point","coordinates":[-0.209643,51.450701]}},{"type":"Feature","properties":{"name":"Whitfield Gardens","category":"parks","osm":"way/30131571"},"geometry":{"type":"Point","coordinates":[-0.135146,51.520902]}},{"type":"Feature","properties":{"name":"Whitings Hill Open Space","category":"parks","osm":"way/4412255"},"geometry":{"type":"Point","coordinates":[-0.223235,51.64374]}},{"type":"Feature","properties":{"name":"Whitings Hill Wood","category":"parks","osm":"way/104338986"},"geometry":{"type":"Point","coordinates":[-0.225712,51.640097]}},{"type":"Feature","properties":{"name":"Whitmore Estate Gardens Play Area","category":"parks","osm":"way/588382064"},"geometry":{"type":"Point","coordinates":[-0.079791,51.534659]}},{"type":"Feature","properties":{"name":"Whittington Park","category":"parks","osm":"way/329742885"},"geometry":{"type":"Point","coordinates":[-0.12881,51.561877]}},{"type":"Feature","properties":{"name":"Whybridge Close Playsite","category":"parks","osm":"way/675068379"},"geometry":{"type":"Point","coordinates":[0.183598,51.531167]}},{"type":"Feature","properties":{"name":"Whyteleafe Parish Council Garden","category":"parks","osm":"way/632337706"},"geometry":{"type":"Point","coordinates":[-0.082191,51.308608]}},{"type":"Feature","properties":{"name":"Whyteleafe Recreation Ground","category":"parks","osm":"way/189068720"},"geometry":{"type":"Point","coordinates":[-0.076018,51.311756]}},{"type":"Feature","properties":{"name":"Wick Green","category":"parks","osm":"way/1429255930"},"geometry":{"type":"Point","coordinates":[-0.029602,51.545527]}},{"type":"Feature","properties":{"name":"Wilbury Open Space","category":"parks","osm":"way/50981558"},"geometry":{"type":"Point","coordinates":[-0.082725,51.614381]}},{"type":"Feature","properties":{"name":"Wildberry Nature Reserve","category":"parks","osm":"way/882367920"},"geometry":{"type":"Point","coordinates":[-0.325529,51.497382]}},{"type":"Feature","properties":{"name":"Wilford Road Recreation Ground","category":"parks","osm":"way/13873566"},"geometry":{"type":"Point","coordinates":[-0.099828,51.387033]}},{"type":"Feature","properties":{"name":"Willersley Park","category":"parks","osm":"way/40305735"},"geometry":{"type":"Point","coordinates":[0.10077,51.442776]}},{"type":"Feature","properties":{"name":"Willesden Community Gardens","category":"parks","osm":"way/729836517"},"geometry":{"type":"Point","coordinates":[-0.242389,51.551416]}},{"type":"Feature","properties":{"name":"William Barefoot Gardens","category":"parks","osm":"way/1204414076"},"geometry":{"type":"Point","coordinates":[0.104714,51.476124]}},{"type":"Feature","properties":{"name":"William Byrd Park","category":"parks","osm":"way/23140389"},"geometry":{"type":"Point","coordinates":[-0.439068,51.489018]}},{"type":"Feature","properties":{"name":"William Harvey Community Garden","category":"parks","osm":"way/547616068"},"geometry":{"type":"Point","coordinates":[-0.212746,51.445493]}},{"type":"Feature","properties":{"name":"William Parnell Park","category":"parks","osm":"way/4422151"},"geometry":{"type":"Point","coordinates":[-0.18914,51.473553]}},{"type":"Feature","properties":{"name":"William Smith Park","category":"parks","osm":"way/698238416"},"geometry":{"type":"Point","coordinates":[-0.419637,51.438873]}},{"type":"Feature","properties":{"name":"Willifield Green","category":"parks","osm":"way/622737979"},"geometry":{"type":"Point","coordinates":[-0.196323,51.585094]}},{"type":"Feature","properties":{"name":"Willifield Way Open Space","category":"parks","osm":"way/685985601"},"geometry":{"type":"Point","coordinates":[-0.192588,51.579987]}},{"type":"Feature","properties":{"name":"Willow Tree Open Space","category":"parks","osm":"way/328406470"},"geometry":{"type":"Point","coordinates":[-0.380309,51.523552]}},{"type":"Feature","properties":{"name":"Wilmington Square","category":"parks","osm":"way/100190846"},"geometry":{"type":"Point","coordinates":[-0.110525,51.526777]}},{"type":"Feature","properties":{"name":"Wilton Square","category":"parks","osm":"way/230372467"},"geometry":{"type":"Point","coordinates":[-0.089766,51.537227]}},{"type":"Feature","properties":{"name":"Wimbledon Common","category":"parks","osm":"relation/4285108"},"geometry":{"type":"Point","coordinates":[-0.238937,51.427066]}},{"type":"Feature","properties":{"name":"Wimbledon Park","category":"parks","osm":"way/4111166"},"geometry":{"type":"Point","coordinates":[-0.205757,51.438264]}},{"type":"Feature","properties":{"name":"Windmill Gardens","category":"parks","osm":"way/25818589"},"geometry":{"type":"Point","coordinates":[-0.123967,51.453553]}},{"type":"Feature","properties":{"name":"Windrush Square","category":"parks","osm":"way/1006716473"},"geometry":{"type":"Point","coordinates":[-0.115214,51.460778]}},{"type":"Feature","properties":{"name":"Windsor Open Space","category":"parks","osm":"way/23238674"},"geometry":{"type":"Point","coordinates":[-0.208265,51.598842]}},{"type":"Feature","properties":{"name":"Wingfield Park","category":"parks","osm":"way/205324656"},"geometry":{"type":"Point","coordinates":[-0.013061,51.580262]}},{"type":"Feature","properties":{"name":"Winns Common","category":"parks","osm":"way/262748981"},"geometry":{"type":"Point","coordinates":[0.094653,51.482209]}},{"type":"Feature","properties":{"name":"Winsford Gardens","category":"parks","osm":"way/26538012"},"geometry":{"type":"Point","coordinates":[-0.056363,51.409359]}},{"type":"Feature","properties":{"name":"Woburn Square","category":"parks","osm":"way/4253286"},"geometry":{"type":"Point","coordinates":[-0.129642,51.523325]}},{"type":"Feature","properties":{"name":"Wolf Fields Park","category":"parks","osm":"way/24750963"},"geometry":{"type":"Point","coordinates":[-0.37482,51.495207]}},{"type":"Feature","properties":{"name":"Wood End East Recreation Ground","category":"parks","osm":"way/4040975"},"geometry":{"type":"Point","coordinates":[-0.351708,51.557029]}},{"type":"Feature","properties":{"name":"Wood End Wireless Station","category":"parks","osm":"relation/2954903"},"geometry":{"type":"Point","coordinates":[-0.358063,51.55108]}},{"type":"Feature","properties":{"name":"Wood Green Common","category":"parks","osm":"way/27833625"},"geometry":{"type":"Point","coordinates":[-0.116477,51.596355]}},{"type":"Feature","properties":{"name":"Woodcock Hill Village Green","category":"parks","osm":"way/582522165"},"geometry":{"type":"Point","coordinates":[-0.271845,51.646411]}},{"type":"Feature","properties":{"name":"Woodcock Park","category":"parks","osm":"way/9823456"},"geometry":{"type":"Point","coordinates":[-0.30302,51.583954]}},{"type":"Feature","properties":{"name":"Woodcote Green","category":"parks","osm":"way/1357830802"},"geometry":{"type":"Point","coordinates":[-0.146683,51.347913]}},{"type":"Feature","properties":{"name":"Woodcote Village Green","category":"parks","osm":"way/493339932"},"geometry":{"type":"Point","coordinates":[-0.137436,51.334541]}},{"type":"Feature","properties":{"name":"Woodcroft Park","category":"parks","osm":"way/4395951"},"geometry":{"type":"Point","coordinates":[-0.2474,51.608529]}},{"type":"Feature","properties":{"name":"Woodcroft Wildspace","category":"parks","osm":"way/139423823"},"geometry":{"type":"Point","coordinates":[-0.106316,51.631354]}},{"type":"Feature","properties":{"name":"Woodfall Park","category":"parks","osm":"way/828607376"},"geometry":{"type":"Point","coordinates":[-0.110349,51.566527]}},{"type":"Feature","properties":{"name":"Woodfield Recreation Ground","category":"parks","osm":"way/815641569"},"geometry":{"type":"Point","coordinates":[-0.138926,51.43713]}},{"type":"Feature","properties":{"name":"Woodford Green","category":"parks","osm":"way/24798133"},"geometry":{"type":"Point","coordinates":[0.02469,51.611969]}},{"type":"Feature","properties":{"name":"Woodgate Avenue Playground","category":"parks","osm":"way/487138156"},"geometry":{"type":"Point","coordinates":[-0.311838,51.366309]}},{"type":"Feature","properties":{"name":"Woodhouse Open Space","category":"parks","osm":"way/7724595"},"geometry":{"type":"Point","coordinates":[-0.166448,51.609955]}},{"type":"Feature","properties":{"name":"Woodhouse Urban Park","category":"parks","osm":"way/418541874"},"geometry":{"type":"Point","coordinates":[-0.201203,51.533705]}},{"type":"Feature","properties":{"name":"Woodland Way","category":"parks","osm":"way/557066161"},"geometry":{"type":"Point","coordinates":[0.14542,51.49633]}},{"type":"Feature","properties":{"name":"Woodside Green","category":"parks","osm":"way/698406742"},"geometry":{"type":"Point","coordinates":[-0.068846,51.387983]}},{"type":"Feature","properties":{"name":"Woodside Green","category":"parks","osm":"way/710893937"},"geometry":{"type":"Point","coordinates":[-0.068149,51.388842]}},{"type":"Feature","properties":{"name":"Woodside Green","category":"parks","osm":"way/710893938"},"geometry":{"type":"Point","coordinates":[-0.067262,51.389091]}},{"type":"Feature","properties":{"name":"Woodside Park","category":"parks","osm":"way/448224301"},"geometry":{"type":"Point","coordinates":[-0.110398,51.604156]}},{"type":"Feature","properties":{"name":"Woolwich Common","category":"parks","osm":"way/49865206"},"geometry":{"type":"Point","coordinates":[0.054503,51.477068]}},{"type":"Feature","properties":{"name":"Wormholt Park","category":"parks","osm":"way/17941004"},"geometry":{"type":"Point","coordinates":[-0.23729,51.510832]}},{"type":"Feature","properties":{"name":"Wormwood Scrubs","category":"parks","osm":"relation/17097363"},"geometry":{"type":"Point","coordinates":[-0.239747,51.521404]}},{"type":"Feature","properties":{"name":"Wray Crescent","category":"parks","osm":"way/30901942"},"geometry":{"type":"Point","coordinates":[-0.118038,51.566373]}},{"type":"Feature","properties":{"name":"Wrythe Green","category":"parks","osm":"way/151086291"},"geometry":{"type":"Point","coordinates":[-0.168599,51.371226]}},{"type":"Feature","properties":{"name":"Wrythe Recreation Ground","category":"parks","osm":"way/5235508"},"geometry":{"type":"Point","coordinates":[-0.171589,51.370759]}},{"type":"Feature","properties":{"name":"Wyatts Farm Open Space","category":"parks","osm":"way/198677511"},"geometry":{"type":"Point","coordinates":[-0.186505,51.639415]}},{"type":"Feature","properties":{"name":"Wyck Gardens","category":"parks","osm":"way/299292350"},"geometry":{"type":"Point","coordinates":[-0.10568,51.465302]}},{"type":"Feature","properties":{"name":"Wynford Park","category":"parks","osm":"way/404558437"},"geometry":{"type":"Point","coordinates":[0.052918,51.434111]}},{"type":"Feature","properties":{"name":"York Gardens","category":"parks","osm":"way/4416384"},"geometry":{"type":"Point","coordinates":[-0.177198,51.467347]}},{"type":"Feature","properties":{"name":"York House Gardens","category":"parks","osm":"way/32866114"},"geometry":{"type":"Point","coordinates":[-0.323535,51.447468]}},{"type":"Feature","properties":{"name":"York House Gardens","category":"parks","osm":"way/121516957"},"geometry":{"type":"Point","coordinates":[-0.323462,51.446806]}},{"type":"Feature","properties":{"name":"York Square Gardens","category":"parks","osm":"way/5949366"},"geometry":{"type":"Point","coordinates":[-0.039379,51.513621]}},{"type":"Feature","properties":{"name":"Zoffany Park","category":"parks","osm":"way/71246068"},"geometry":{"type":"Point","coordinates":[-0.127433,51.567391]}}]}